2026-04-05 19:17:02,958 [INFO] ============================================================
2026-04-05 19:17:02,958 [INFO] STEP: Extract Features
2026-04-05 19:17:02,958 [INFO] ============================================================
2026-04-05 19:17:04,012 [INFO] LP-PDBBind: 19443 records
2026-04-05 19:17:06,079 [INFO] Already processed: 4302 PDBs
[19:17:06] DEPRECATION WARNING: please use MorganGenerator
[19:17:06] DEPRECATION WARNING: please use MorganGenerator
[19:17:06] DEPRECATION WARNING: please use MorganGenerator
[19:17:06] DEPRECATION WARNING: please use MorganGenerator
[19:17:06] DEPRECATION WARNING: please use MorganGenerator
[19:17:06] DEPRECATION WARNING: please use MorganGenerator
[19:17:06] DEPRECATION WARNING: please use MorganGenerator
[19:17:06] DEPRECATION WARNING: please use MorganGenerator
[19:17:06] DEPRECATION WARNING: please use MorganGenerator
[19:17:06] DEPRECATION WARNING: please use MorganGenerator
[19:17:06] DEPRECATION WARNING: please use MorganGenerator
[19:17:06] DEPRECATION WARNING: please use MorganGenerator
[19:17:06] DEPRECATION WARNING: please use MorganGenerator
[19:17:06] DEPRECATION WARNING: please use MorganGenerator
[19:17:06] DEPRECATION WARNING: please use MorganGenerator
[19:17:06] DEPRECATION WARNING: please use MorganGenerator
[19:17:06] DEPRECATION WARNING: please use MorganGenerator
[19:17:06] DEPRECATION WARNING: please use MorganGenerator
[19:17:06] DEPRECATION WARNING: please use MorganGenerator
[19:17:06] DEPRECATION WARNING: please use MorganGenerator
[19:17:06] DEPRECATION WARNING: please use MorganGenerator
[19:17:06] DEPRECATION WARNING: please use MorganGenerator
[19:17:06] DEPRECATION WARNING: please use MorganGenerator
[19:17:07] DEPRECATION WARNING: please use MorganGenerator
[19:17:07] DEPRECATION WARNING: please use MorganGenerator
[19:17:07] DEPRECATION WARNING: please use MorganGenerator
[19:17:07] DEPRECATION WARNING: please use MorganGenerator
[19:17:07] DEPRECATION WARNING: please use MorganGenerator
[19:17:07] DEPRECATION WARNING: please use MorganGenerator
[19:17:07] DEPRECATION WARNING: please use MorganGenerator
[19:17:07] DEPRECATION WARNING: please use MorganGenerator
[19:17:07] DEPRECATION WARNING: please use MorganGenerator
[19:17:07] DEPRECATION WARNING: please use MorganGenerator
[19:17:07] DEPRECATION WARNING: please use MorganGenerator
[19:17:07] DEPRECATION WARNING: please use MorganGenerator
[19:17:07] DEPRECATION WARNING: please use MorganGenerator
[19:17:07] DEPRECATION WARNING: please use MorganGenerator
[19:17:07] DEPRECATION WARNING: please use MorganGenerator
[19:17:07] DEPRECATION WARNING: please use MorganGenerator
[19:17:07] DEPRECATION WARNING: please use MorganGenerator
[19:17:07] DEPRECATION WARNING: please use MorganGenerator
[19:17:07] DEPRECATION WARNING: please use MorganGenerator
[19:17:07] DEPRECATION WARNING: please use MorganGenerator
[19:17:07] DEPRECATION WARNING: please use MorganGenerator
[19:17:07] Explicit valence for atom # 1 N, 5, is greater than permitted
[19:17:07] DEPRECATION WARNING: please use MorganGenerator
[19:17:07] DEPRECATION WARNING: please use MorganGenerator
[19:17:07] DEPRECATION WARNING: please use MorganGenerator
[19:17:07] DEPRECATION WARNING: please use MorganGenerator
[19:17:07] DEPRECATION WARNING: please use MorganGenerator
[19:17:07] DEPRECATION WARNING: please use MorganGenerator
[19:17:07] DEPRECATION WARNING: please use MorganGenerator
[19:17:07] DEPRECATION WARNING: please use MorganGenerator
[19:17:07] DEPRECATION WARNING: please use MorganGenerator
[19:17:07] DEPRECATION WARNING: please use MorganGenerator
[19:17:07] DEPRECATION WARNING: please use MorganGenerator
[19:17:07] DEPRECATION WARNING: please use MorganGenerator
[19:17:07] DEPRECATION WARNING: please use MorganGenerator
[19:17:07] DEPRECATION WARNING: please use MorganGenerator
[19:17:07] DEPRECATION WARNING: please use MorganGenerator
[19:17:07] DEPRECATION WARNING: please use MorganGenerator
[19:17:07] DEPRECATION WARNING: please use MorganGenerator
[19:17:07] DEPRECATION WARNING: please use MorganGenerator
[19:17:07] DEPRECATION WARNING: please use MorganGenerator
[19:17:07] DEPRECATION WARNING: please use MorganGenerator
[19:17:07] DEPRECATION WARNING: please use MorganGenerator
[19:17:07] DEPRECATION WARNING: please use MorganGenerator
[19:17:07] DEPRECATION WARNING: please use MorganGenerator
[19:17:07] DEPRECATION WARNING: please use MorganGenerator
[19:17:07] DEPRECATION WARNING: please use MorganGenerator
[19:17:07] DEPRECATION WARNING: please use MorganGenerator
[19:17:07] DEPRECATION WARNING: please use MorganGenerator
[19:17:07] DEPRECATION WARNING: please use MorganGenerator
[19:17:07] DEPRECATION WARNING: please use MorganGenerator
[19:17:07] DEPRECATION WARNING: please use MorganGenerator
[19:17:07] DEPRECATION WARNING: please use MorganGenerator
[19:17:07] DEPRECATION WARNING: please use MorganGenerator
[19:17:07] DEPRECATION WARNING: please use MorganGenerator
[19:17:07] DEPRECATION WARNING: please use MorganGenerator
[19:17:07] DEPRECATION WARNING: please use MorganGenerator
[19:17:07] DEPRECATION WARNING: please use MorganGenerator
[19:17:07] DEPRECATION WARNING: please use MorganGenerator
[19:17:07] DEPRECATION WARNING: please use MorganGenerator
[19:17:07] DEPRECATION WARNING: please use MorganGenerator
[19:17:07] DEPRECATION WARNING: please use MorganGenerator
[19:17:07] DEPRECATION WARNING: please use MorganGenerator
[19:17:07] DEPRECATION WARNING: please use MorganGenerator
[19:17:07] DEPRECATION WARNING: please use MorganGenerator
[19:17:07] DEPRECATION WARNING: please use MorganGenerator
[19:17:07] DEPRECATION WARNING: please use MorganGenerator
[19:17:07] DEPRECATION WARNING: please use MorganGenerator
[19:17:07] DEPRECATION WARNING: please use MorganGenerator
[19:17:07] DEPRECATION WARNING: please use MorganGenerator
[19:17:07] DEPRECATION WARNING: please use MorganGenerator
[19:17:07] DEPRECATION WARNING: please use MorganGenerator
[19:17:07] DEPRECATION WARNING: please use MorganGenerator
[19:17:07] DEPRECATION WARNING: please use MorganGenerator
[19:17:07] DEPRECATION WARNING: please use MorganGenerator
[19:17:07] DEPRECATION WARNING: please use MorganGenerator
[19:17:07] DEPRECATION WARNING: please use MorganGenerator
[19:17:07] DEPRECATION WARNING: please use MorganGenerator
[19:17:07] DEPRECATION WARNING: please use MorganGenerator
[19:17:07] DEPRECATION WARNING: please use MorganGenerator
[19:17:07] DEPRECATION WARNING: please use MorganGenerator
[19:17:08] DEPRECATION WARNING: please use MorganGenerator
[19:17:08] DEPRECATION WARNING: please use MorganGenerator
[19:17:08] DEPRECATION WARNING: please use MorganGenerator
[19:17:08] DEPRECATION WARNING: please use MorganGenerator
[19:17:08] DEPRECATION WARNING: please use MorganGenerator
[19:17:08] DEPRECATION WARNING: please use MorganGenerator
[19:17:08] DEPRECATION WARNING: please use MorganGenerator
[19:17:08] DEPRECATION WARNING: please use MorganGenerator
[19:17:08] DEPRECATION WARNING: please use MorganGenerator
[19:17:08] DEPRECATION WARNING: please use MorganGenerator
[19:17:08] DEPRECATION WARNING: please use MorganGenerator
[19:17:08] DEPRECATION WARNING: please use MorganGenerator
[19:17:08] DEPRECATION WARNING: please use MorganGenerator
[19:17:08] DEPRECATION WARNING: please use MorganGenerator
[19:17:08] DEPRECATION WARNING: please use MorganGenerator
[19:17:08] DEPRECATION WARNING: please use MorganGenerator
[19:17:08] DEPRECATION WARNING: please use MorganGenerator
[19:17:08] DEPRECATION WARNING: please use MorganGenerator
[19:17:08] DEPRECATION WARNING: please use MorganGenerator
[19:17:08] DEPRECATION WARNING: please use MorganGenerator
[19:17:08] DEPRECATION WARNING: please use MorganGenerator
[19:17:08] DEPRECATION WARNING: please use MorganGenerator
[19:17:08] DEPRECATION WARNING: please use MorganGenerator
[19:17:08] DEPRECATION WARNING: please use MorganGenerator
[19:17:08] DEPRECATION WARNING: please use MorganGenerator
[19:17:08] DEPRECATION WARNING: please use MorganGenerator
[19:17:08] DEPRECATION WARNING: please use MorganGenerator
[19:17:08] DEPRECATION WARNING: please use MorganGenerator
[19:17:08] DEPRECATION WARNING: please use MorganGenerator
[19:17:08] DEPRECATION WARNING: please use MorganGenerator
[19:17:08] DEPRECATION WARNING: please use MorganGenerator
[19:17:08] DEPRECATION WARNING: please use MorganGenerator
[19:17:08] DEPRECATION WARNING: please use MorganGenerator
[19:17:08] DEPRECATION WARNING: please use MorganGenerator
[19:17:08] DEPRECATION WARNING: please use MorganGenerator
[19:17:08] DEPRECATION WARNING: please use MorganGenerator
[19:17:08] DEPRECATION WARNING: please use MorganGenerator
[19:17:08] DEPRECATION WARNING: please use MorganGenerator
[19:17:08] DEPRECATION WARNING: please use MorganGenerator
[19:17:08] DEPRECATION WARNING: please use MorganGenerator
[19:17:08] DEPRECATION WARNING: please use MorganGenerator
[19:17:08] DEPRECATION WARNING: please use MorganGenerator
[19:17:08] DEPRECATION WARNING: please use MorganGenerator
[19:17:08] DEPRECATION WARNING: please use MorganGenerator
[19:17:08] DEPRECATION WARNING: please use MorganGenerator
[19:17:08] DEPRECATION WARNING: please use MorganGenerator
[19:17:08] DEPRECATION WARNING: please use MorganGenerator
[19:17:08] DEPRECATION WARNING: please use MorganGenerator
[19:17:08] DEPRECATION WARNING: please use MorganGenerator
[19:17:08] DEPRECATION WARNING: please use MorganGenerator
[19:17:08] DEPRECATION WARNING: please use MorganGenerator
[19:17:08] DEPRECATION WARNING: please use MorganGenerator
[19:17:08] DEPRECATION WARNING: please use MorganGenerator
[19:17:08] DEPRECATION WARNING: please use MorganGenerator
[19:17:08] DEPRECATION WARNING: please use MorganGenerator
[19:17:08] DEPRECATION WARNING: please use MorganGenerator
[19:17:08] DEPRECATION WARNING: please use MorganGenerator
[19:17:08] DEPRECATION WARNING: please use MorganGenerator
[19:17:08] DEPRECATION WARNING: please use MorganGenerator
[19:17:08] DEPRECATION WARNING: please use MorganGenerator
[19:17:08] DEPRECATION WARNING: please use MorganGenerator
[19:17:08] DEPRECATION WARNING: please use MorganGenerator
[19:17:08] DEPRECATION WARNING: please use MorganGenerator
[19:17:08] DEPRECATION WARNING: please use MorganGenerator
[19:17:08] DEPRECATION WARNING: please use MorganGenerator
[19:17:08] DEPRECATION WARNING: please use MorganGenerator
[19:17:08] DEPRECATION WARNING: please use MorganGenerator
[19:17:08] DEPRECATION WARNING: please use MorganGenerator
[19:17:08] DEPRECATION WARNING: please use MorganGenerator
[19:17:08] DEPRECATION WARNING: please use MorganGenerator
[19:17:08] DEPRECATION WARNING: please use MorganGenerator
[19:17:08] DEPRECATION WARNING: please use MorganGenerator
[19:17:08] DEPRECATION WARNING: please use MorganGenerator
[19:17:08] DEPRECATION WARNING: please use MorganGenerator
[19:17:08] DEPRECATION WARNING: please use MorganGenerator
[19:17:08] DEPRECATION WARNING: please use MorganGenerator
[19:17:08] DEPRECATION WARNING: please use MorganGenerator
[19:17:08] DEPRECATION WARNING: please use MorganGenerator
[19:17:08] DEPRECATION WARNING: please use MorganGenerator
[19:17:08] DEPRECATION WARNING: please use MorganGenerator
[19:17:08] DEPRECATION WARNING: please use MorganGenerator
[19:17:08] DEPRECATION WARNING: please use MorganGenerator
[19:17:08] DEPRECATION WARNING: please use MorganGenerator
[19:17:08] DEPRECATION WARNING: please use MorganGenerator
[19:17:08] DEPRECATION WARNING: please use MorganGenerator
[19:17:08] DEPRECATION WARNING: please use MorganGenerator
[19:17:08] DEPRECATION WARNING: please use MorganGenerator
[19:17:08] DEPRECATION WARNING: please use MorganGenerator
[19:17:08] DEPRECATION WARNING: please use MorganGenerator
[19:17:08] DEPRECATION WARNING: please use MorganGenerator
[19:17:08] DEPRECATION WARNING: please use MorganGenerator
[19:17:08] DEPRECATION WARNING: please use MorganGenerator
[19:17:08] DEPRECATION WARNING: please use MorganGenerator
[19:17:08] DEPRECATION WARNING: please use MorganGenerator
[19:17:08] DEPRECATION WARNING: please use MorganGenerator
[19:17:08] DEPRECATION WARNING: please use MorganGenerator
[19:17:08] DEPRECATION WARNING: please use MorganGenerator
[19:17:08] DEPRECATION WARNING: please use MorganGenerator
[19:17:08] DEPRECATION WARNING: please use MorganGenerator
[19:17:08] DEPRECATION WARNING: please use MorganGenerator
[19:17:08] DEPRECATION WARNING: please use MorganGenerator
[19:17:08] DEPRECATION WARNING: please use MorganGenerator
[19:17:08] DEPRECATION WARNING: please use MorganGenerator
[19:17:08] DEPRECATION WARNING: please use MorganGenerator
[19:17:08] DEPRECATION WARNING: please use MorganGenerator
[19:17:08] DEPRECATION WARNING: please use MorganGenerator
[19:17:08] DEPRECATION WARNING: please use MorganGenerator
[19:17:08] DEPRECATION WARNING: please use MorganGenerator
[19:17:08] DEPRECATION WARNING: please use MorganGenerator
[19:17:08] DEPRECATION WARNING: please use MorganGenerator
[19:17:08] DEPRECATION WARNING: please use MorganGenerator
[19:17:08] DEPRECATION WARNING: please use MorganGenerator
[19:17:08] DEPRECATION WARNING: please use MorganGenerator
[19:17:08] DEPRECATION WARNING: please use MorganGenerator
[19:17:09] DEPRECATION WARNING: please use MorganGenerator
[19:17:09] DEPRECATION WARNING: please use MorganGenerator
[19:17:09] DEPRECATION WARNING: please use MorganGenerator
[19:17:09] DEPRECATION WARNING: please use MorganGenerator
[19:17:09] DEPRECATION WARNING: please use MorganGenerator
[19:17:09] DEPRECATION WARNING: please use MorganGenerator
[19:17:09] DEPRECATION WARNING: please use MorganGenerator
[19:17:09] DEPRECATION WARNING: please use MorganGenerator
[19:17:09] DEPRECATION WARNING: please use MorganGenerator
[19:17:09] DEPRECATION WARNING: please use MorganGenerator
[19:17:09] DEPRECATION WARNING: please use MorganGenerator
[19:17:09] DEPRECATION WARNING: please use MorganGenerator
[19:17:09] DEPRECATION WARNING: please use MorganGenerator
[19:17:09] DEPRECATION WARNING: please use MorganGenerator
[19:17:09] DEPRECATION WARNING: please use MorganGenerator
[19:17:09] DEPRECATION WARNING: please use MorganGenerator
[19:17:09] DEPRECATION WARNING: please use MorganGenerator
[19:17:09] DEPRECATION WARNING: please use MorganGenerator
[19:17:09] DEPRECATION WARNING: please use MorganGenerator
[19:17:09] DEPRECATION WARNING: please use MorganGenerator
[19:17:09] DEPRECATION WARNING: please use MorganGenerator
[19:17:09] DEPRECATION WARNING: please use MorganGenerator
[19:17:09] DEPRECATION WARNING: please use MorganGenerator
[19:17:09] DEPRECATION WARNING: please use MorganGenerator
[19:17:09] DEPRECATION WARNING: please use MorganGenerator
[19:17:09] DEPRECATION WARNING: please use MorganGenerator
[19:17:09] DEPRECATION WARNING: please use MorganGenerator
[19:17:09] DEPRECATION WARNING: please use MorganGenerator
[19:17:09] DEPRECATION WARNING: please use MorganGenerator
[19:17:09] DEPRECATION WARNING: please use MorganGenerator
[19:17:09] DEPRECATION WARNING: please use MorganGenerator
[19:17:09] DEPRECATION WARNING: please use MorganGenerator
[19:17:09] DEPRECATION WARNING: please use MorganGenerator
[19:17:09] DEPRECATION WARNING: please use MorganGenerator
[19:17:09] DEPRECATION WARNING: please use MorganGenerator
[19:17:09] DEPRECATION WARNING: please use MorganGenerator
[19:17:09] DEPRECATION WARNING: please use MorganGenerator
[19:17:09] DEPRECATION WARNING: please use MorganGenerator
[19:17:09] DEPRECATION WARNING: please use MorganGenerator
[19:17:09] DEPRECATION WARNING: please use MorganGenerator
[19:17:09] DEPRECATION WARNING: please use MorganGenerator
[19:17:09] DEPRECATION WARNING: please use MorganGenerator
[19:17:09] DEPRECATION WARNING: please use MorganGenerator
[19:17:09] DEPRECATION WARNING: please use MorganGenerator
[19:17:09] DEPRECATION WARNING: please use MorganGenerator
[19:17:09] DEPRECATION WARNING: please use MorganGenerator
[19:17:09] DEPRECATION WARNING: please use MorganGenerator
[19:17:09] DEPRECATION WARNING: please use MorganGenerator
[19:17:09] DEPRECATION WARNING: please use MorganGenerator
[19:17:09] DEPRECATION WARNING: please use MorganGenerator
[19:17:09] DEPRECATION WARNING: please use MorganGenerator
[19:17:09] DEPRECATION WARNING: please use MorganGenerator
[19:17:09] DEPRECATION WARNING: please use MorganGenerator
[19:17:09] DEPRECATION WARNING: please use MorganGenerator
[19:17:09] DEPRECATION WARNING: please use MorganGenerator
[19:17:09] DEPRECATION WARNING: please use MorganGenerator
[19:17:09] DEPRECATION WARNING: please use MorganGenerator
[19:17:09] DEPRECATION WARNING: please use MorganGenerator
[19:17:09] DEPRECATION WARNING: please use MorganGenerator
[19:17:09] DEPRECATION WARNING: please use MorganGenerator
[19:17:09] DEPRECATION WARNING: please use MorganGenerator
[19:17:09] DEPRECATION WARNING: please use MorganGenerator
[19:17:09] DEPRECATION WARNING: please use MorganGenerator
[19:17:09] DEPRECATION WARNING: please use MorganGenerator
[19:17:09] DEPRECATION WARNING: please use MorganGenerator
[19:17:09] DEPRECATION WARNING: please use MorganGenerator
[19:17:09] DEPRECATION WARNING: please use MorganGenerator
[19:17:09] DEPRECATION WARNING: please use MorganGenerator
[19:17:09] DEPRECATION WARNING: please use MorganGenerator
[19:17:09] DEPRECATION WARNING: please use MorganGenerator
[19:17:09] DEPRECATION WARNING: please use MorganGenerator
[19:17:09] DEPRECATION WARNING: please use MorganGenerator
[19:17:09] DEPRECATION WARNING: please use MorganGenerator
[19:17:09] DEPRECATION WARNING: please use MorganGenerator
[19:17:09] DEPRECATION WARNING: please use MorganGenerator
[19:17:09] DEPRECATION WARNING: please use MorganGenerator
[19:17:09] DEPRECATION WARNING: please use MorganGenerator
[19:17:09] DEPRECATION WARNING: please use MorganGenerator
[19:17:09] DEPRECATION WARNING: please use MorganGenerator
[19:17:09] DEPRECATION WARNING: please use MorganGenerator
[19:17:09] DEPRECATION WARNING: please use MorganGenerator
[19:17:09] DEPRECATION WARNING: please use MorganGenerator
[19:17:09] DEPRECATION WARNING: please use MorganGenerator
[19:17:09] DEPRECATION WARNING: please use MorganGenerator
[19:17:09] DEPRECATION WARNING: please use MorganGenerator
[19:17:09] DEPRECATION WARNING: please use MorganGenerator
[19:17:09] DEPRECATION WARNING: please use MorganGenerator
[19:17:09] DEPRECATION WARNING: please use MorganGenerator
[19:17:09] DEPRECATION WARNING: please use MorganGenerator
[19:17:09] DEPRECATION WARNING: please use MorganGenerator
[19:17:09] DEPRECATION WARNING: please use MorganGenerator
[19:17:09] DEPRECATION WARNING: please use MorganGenerator
[19:17:09] DEPRECATION WARNING: please use MorganGenerator
[19:17:09] DEPRECATION WARNING: please use MorganGenerator
[19:17:09] DEPRECATION WARNING: please use MorganGenerator
[19:17:09] DEPRECATION WARNING: please use MorganGenerator
[19:17:09] DEPRECATION WARNING: please use MorganGenerator
[19:17:09] DEPRECATION WARNING: please use MorganGenerator
[19:17:09] DEPRECATION WARNING: please use MorganGenerator
[19:17:09] DEPRECATION WARNING: please use MorganGenerator
[19:17:09] DEPRECATION WARNING: please use MorganGenerator
[19:17:09] DEPRECATION WARNING: please use MorganGenerator
[19:17:09] DEPRECATION WARNING: please use MorganGenerator
[19:17:09] DEPRECATION WARNING: please use MorganGenerator
[19:17:09] DEPRECATION WARNING: please use MorganGenerator
[19:17:09] DEPRECATION WARNING: please use MorganGenerator
[19:17:09] DEPRECATION WARNING: please use MorganGenerator
[19:17:10] DEPRECATION WARNING: please use MorganGenerator
[19:17:10] DEPRECATION WARNING: please use MorganGenerator
[19:17:10] DEPRECATION WARNING: please use MorganGenerator
[19:17:10] DEPRECATION WARNING: please use MorganGenerator
[19:17:10] DEPRECATION WARNING: please use MorganGenerator
[19:17:10] DEPRECATION WARNING: please use MorganGenerator
[19:17:10] DEPRECATION WARNING: please use MorganGenerator
[19:17:10] DEPRECATION WARNING: please use MorganGenerator
[19:17:10] DEPRECATION WARNING: please use MorganGenerator
[19:17:10] DEPRECATION WARNING: please use MorganGenerator
[19:17:10] DEPRECATION WARNING: please use MorganGenerator
[19:17:10] DEPRECATION WARNING: please use MorganGenerator
[19:17:10] DEPRECATION WARNING: please use MorganGenerator
[19:17:10] DEPRECATION WARNING: please use MorganGenerator
[19:17:10] DEPRECATION WARNING: please use MorganGenerator
[19:17:10] DEPRECATION WARNING: please use MorganGenerator
[19:17:10] DEPRECATION WARNING: please use MorganGenerator
[19:17:10] DEPRECATION WARNING: please use MorganGenerator
[19:17:10] DEPRECATION WARNING: please use MorganGenerator
[19:17:10] DEPRECATION WARNING: please use MorganGenerator
[19:17:10] DEPRECATION WARNING: please use MorganGenerator
[19:17:10] DEPRECATION WARNING: please use MorganGenerator
[19:17:10] DEPRECATION WARNING: please use MorganGenerator
[19:17:10] DEPRECATION WARNING: please use MorganGenerator
[19:17:10] DEPRECATION WARNING: please use MorganGenerator
[19:17:10] DEPRECATION WARNING: please use MorganGenerator
[19:17:10] DEPRECATION WARNING: please use MorganGenerator
[19:17:10] DEPRECATION WARNING: please use MorganGenerator
[19:17:10] DEPRECATION WARNING: please use MorganGenerator
[19:17:10] DEPRECATION WARNING: please use MorganGenerator
[19:17:10] DEPRECATION WARNING: please use MorganGenerator
[19:17:10] DEPRECATION WARNING: please use MorganGenerator
[19:17:10] DEPRECATION WARNING: please use MorganGenerator
[19:17:10] DEPRECATION WARNING: please use MorganGenerator
[19:17:10] DEPRECATION WARNING: please use MorganGenerator
[19:17:10] DEPRECATION WARNING: please use MorganGenerator
[19:17:10] DEPRECATION WARNING: please use MorganGenerator
[19:17:10] DEPRECATION WARNING: please use MorganGenerator
[19:17:10] DEPRECATION WARNING: please use MorganGenerator
[19:17:10] DEPRECATION WARNING: please use MorganGenerator
[19:17:10] DEPRECATION WARNING: please use MorganGenerator
[19:17:10] DEPRECATION WARNING: please use MorganGenerator
[19:17:10] DEPRECATION WARNING: please use MorganGenerator
[19:17:10] DEPRECATION WARNING: please use MorganGenerator
[19:17:11] DEPRECATION WARNING: please use MorganGenerator
[19:17:11] DEPRECATION WARNING: please use MorganGenerator
[19:17:11] DEPRECATION WARNING: please use MorganGenerator
[19:17:11] DEPRECATION WARNING: please use MorganGenerator
[19:17:11] DEPRECATION WARNING: please use MorganGenerator
[19:17:11] DEPRECATION WARNING: please use MorganGenerator
[19:17:11] DEPRECATION WARNING: please use MorganGenerator
[19:17:11] DEPRECATION WARNING: please use MorganGenerator
[19:17:11] DEPRECATION WARNING: please use MorganGenerator
[19:17:11] DEPRECATION WARNING: please use MorganGenerator
[19:17:11] DEPRECATION WARNING: please use MorganGenerator
[19:17:11] DEPRECATION WARNING: please use MorganGenerator
[19:17:11] DEPRECATION WARNING: please use MorganGenerator
[19:17:11] DEPRECATION WARNING: please use MorganGenerator
[19:17:11] DEPRECATION WARNING: please use MorganGenerator
[19:17:11] DEPRECATION WARNING: please use MorganGenerator
[19:17:11] DEPRECATION WARNING: please use MorganGenerator
[19:17:11] DEPRECATION WARNING: please use MorganGenerator
[19:17:11] DEPRECATION WARNING: please use MorganGenerator
[19:17:11] DEPRECATION WARNING: please use MorganGenerator
[19:17:11] DEPRECATION WARNING: please use MorganGenerator
[19:17:11] DEPRECATION WARNING: please use MorganGenerator
[19:17:11] DEPRECATION WARNING: please use MorganGenerator
[19:17:11] DEPRECATION WARNING: please use MorganGenerator
[19:17:11] DEPRECATION WARNING: please use MorganGenerator
[19:17:11] DEPRECATION WARNING: please use MorganGenerator
[19:17:11] DEPRECATION WARNING: please use MorganGenerator
[19:17:11] DEPRECATION WARNING: please use MorganGenerator
[19:17:11] DEPRECATION WARNING: please use MorganGenerator
[19:17:11] DEPRECATION WARNING: please use MorganGenerator
[19:17:11] DEPRECATION WARNING: please use MorganGenerator
[19:17:11] DEPRECATION WARNING: please use MorganGenerator
[19:17:11] DEPRECATION WARNING: please use MorganGenerator
[19:17:11] DEPRECATION WARNING: please use MorganGenerator
[19:17:11] DEPRECATION WARNING: please use MorganGenerator
[19:17:11] DEPRECATION WARNING: please use MorganGenerator
[19:17:11] DEPRECATION WARNING: please use MorganGenerator
[19:17:11] DEPRECATION WARNING: please use MorganGenerator
[19:17:11] DEPRECATION WARNING: please use MorganGenerator
[19:17:11] DEPRECATION WARNING: please use MorganGenerator
[19:17:11] DEPRECATION WARNING: please use MorganGenerator
[19:17:11] DEPRECATION WARNING: please use MorganGenerator
[19:17:11] DEPRECATION WARNING: please use MorganGenerator
[19:17:11] DEPRECATION WARNING: please use MorganGenerator
[19:17:11] DEPRECATION WARNING: please use MorganGenerator
[19:17:11] DEPRECATION WARNING: please use MorganGenerator
[19:17:11] DEPRECATION WARNING: please use MorganGenerator
[19:17:11] DEPRECATION WARNING: please use MorganGenerator
[19:17:11] DEPRECATION WARNING: please use MorganGenerator
[19:17:11] DEPRECATION WARNING: please use MorganGenerator
[19:17:11] DEPRECATION WARNING: please use MorganGenerator
[19:17:11] DEPRECATION WARNING: please use MorganGenerator
[19:17:11] DEPRECATION WARNING: please use MorganGenerator
[19:17:11] DEPRECATION WARNING: please use MorganGenerator
[19:17:11] DEPRECATION WARNING: please use MorganGenerator
[19:17:11] DEPRECATION WARNING: please use MorganGenerator
[19:17:11] DEPRECATION WARNING: please use MorganGenerator
[19:17:11] DEPRECATION WARNING: please use MorganGenerator
[19:17:11] DEPRECATION WARNING: please use MorganGenerator
[19:17:11] DEPRECATION WARNING: please use MorganGenerator
[19:17:11] DEPRECATION WARNING: please use MorganGenerator
[19:17:11] DEPRECATION WARNING: please use MorganGenerator
[19:17:11] DEPRECATION WARNING: please use MorganGenerator
[19:17:11] DEPRECATION WARNING: please use MorganGenerator
[19:17:11] DEPRECATION WARNING: please use MorganGenerator
[19:17:11] DEPRECATION WARNING: please use MorganGenerator
[19:17:11] DEPRECATION WARNING: please use MorganGenerator
[19:17:11] DEPRECATION WARNING: please use MorganGenerator
[19:17:11] DEPRECATION WARNING: please use MorganGenerator
[19:17:11] DEPRECATION WARNING: please use MorganGenerator
[19:17:11] DEPRECATION WARNING: please use MorganGenerator
[19:17:11] DEPRECATION WARNING: please use MorganGenerator
[19:17:11] DEPRECATION WARNING: please use MorganGenerator
[19:17:11] DEPRECATION WARNING: please use MorganGenerator
[19:17:11] DEPRECATION WARNING: please use MorganGenerator
[19:17:11] DEPRECATION WARNING: please use MorganGenerator
[19:17:11] DEPRECATION WARNING: please use MorganGenerator
[19:17:11] DEPRECATION WARNING: please use MorganGenerator
[19:17:11] DEPRECATION WARNING: please use MorganGenerator
[19:17:11] DEPRECATION WARNING: please use MorganGenerator
[19:17:11] DEPRECATION WARNING: please use MorganGenerator
[19:17:11] DEPRECATION WARNING: please use MorganGenerator
[19:17:11] DEPRECATION WARNING: please use MorganGenerator
[19:17:11] DEPRECATION WARNING: please use MorganGenerator
[19:17:12] DEPRECATION WARNING: please use MorganGenerator
[19:17:12] DEPRECATION WARNING: please use MorganGenerator
[19:17:12] DEPRECATION WARNING: please use MorganGenerator
[19:17:12] DEPRECATION WARNING: please use MorganGenerator
[19:17:12] DEPRECATION WARNING: please use MorganGenerator
[19:17:12] DEPRECATION WARNING: please use MorganGenerator
[19:17:12] DEPRECATION WARNING: please use MorganGenerator
[19:17:12] DEPRECATION WARNING: please use MorganGenerator
[19:17:12] DEPRECATION WARNING: please use MorganGenerator
[19:17:12] DEPRECATION WARNING: please use MorganGenerator
[19:17:12] DEPRECATION WARNING: please use MorganGenerator
[19:17:12] DEPRECATION WARNING: please use MorganGenerator
[19:17:12] DEPRECATION WARNING: please use MorganGenerator
[19:17:12] DEPRECATION WARNING: please use MorganGenerator
[19:17:12] DEPRECATION WARNING: please use MorganGenerator
[19:17:12] DEPRECATION WARNING: please use MorganGenerator
[19:17:12] DEPRECATION WARNING: please use MorganGenerator
[19:17:12] DEPRECATION WARNING: please use MorganGenerator
[19:17:12] DEPRECATION WARNING: please use MorganGenerator
[19:17:12] DEPRECATION WARNING: please use MorganGenerator
[19:17:12] DEPRECATION WARNING: please use MorganGenerator
[19:17:12] DEPRECATION WARNING: please use MorganGenerator
[19:17:12] DEPRECATION WARNING: please use MorganGenerator
[19:17:12] DEPRECATION WARNING: please use MorganGenerator
[19:17:12] DEPRECATION WARNING: please use MorganGenerator
[19:17:12] DEPRECATION WARNING: please use MorganGenerator
[19:17:12] DEPRECATION WARNING: please use MorganGenerator
[19:17:12] DEPRECATION WARNING: please use MorganGenerator
[19:17:12] DEPRECATION WARNING: please use MorganGenerator
[19:17:12] DEPRECATION WARNING: please use MorganGenerator
[19:17:12] DEPRECATION WARNING: please use MorganGenerator
[19:17:12] DEPRECATION WARNING: please use MorganGenerator
[19:17:12] DEPRECATION WARNING: please use MorganGenerator
[19:17:12] DEPRECATION WARNING: please use MorganGenerator
[19:17:12] DEPRECATION WARNING: please use MorganGenerator
[19:17:12] DEPRECATION WARNING: please use MorganGenerator
[19:17:12] DEPRECATION WARNING: please use MorganGenerator
[19:17:12] DEPRECATION WARNING: please use MorganGenerator
[19:17:12] DEPRECATION WARNING: please use MorganGenerator
[19:17:12] DEPRECATION WARNING: please use MorganGenerator
[19:17:12] DEPRECATION WARNING: please use MorganGenerator
[19:17:12] DEPRECATION WARNING: please use MorganGenerator
[19:17:12] DEPRECATION WARNING: please use MorganGenerator
[19:17:12] DEPRECATION WARNING: please use MorganGenerator
[19:17:12] DEPRECATION WARNING: please use MorganGenerator
[19:17:12] DEPRECATION WARNING: please use MorganGenerator
[19:17:12] DEPRECATION WARNING: please use MorganGenerator
[19:17:12] DEPRECATION WARNING: please use MorganGenerator
[19:17:12] DEPRECATION WARNING: please use MorganGenerator
[19:17:12] DEPRECATION WARNING: please use MorganGenerator
[19:17:12] DEPRECATION WARNING: please use MorganGenerator
[19:17:12] DEPRECATION WARNING: please use MorganGenerator
[19:17:12] DEPRECATION WARNING: please use MorganGenerator
[19:17:12] DEPRECATION WARNING: please use MorganGenerator
[19:17:12] DEPRECATION WARNING: please use MorganGenerator
[19:17:12] DEPRECATION WARNING: please use MorganGenerator
[19:17:12] DEPRECATION WARNING: please use MorganGenerator
[19:17:12] DEPRECATION WARNING: please use MorganGenerator
[19:17:12] DEPRECATION WARNING: please use MorganGenerator
[19:17:12] DEPRECATION WARNING: please use MorganGenerator
[19:17:12] DEPRECATION WARNING: please use MorganGenerator
[19:17:12] DEPRECATION WARNING: please use MorganGenerator
[19:17:12] DEPRECATION WARNING: please use MorganGenerator
[19:17:12] DEPRECATION WARNING: please use MorganGenerator
[19:17:12] DEPRECATION WARNING: please use MorganGenerator
[19:17:12] DEPRECATION WARNING: please use MorganGenerator
[19:17:12] DEPRECATION WARNING: please use MorganGenerator
[19:17:12] DEPRECATION WARNING: please use MorganGenerator
[19:17:12] DEPRECATION WARNING: please use MorganGenerator
[19:17:12] DEPRECATION WARNING: please use MorganGenerator
[19:17:12] DEPRECATION WARNING: please use MorganGenerator
[19:17:12] DEPRECATION WARNING: please use MorganGenerator
[19:17:12] DEPRECATION WARNING: please use MorganGenerator
[19:17:12] DEPRECATION WARNING: please use MorganGenerator
[19:17:12] DEPRECATION WARNING: please use MorganGenerator
[19:17:12] DEPRECATION WARNING: please use MorganGenerator
[19:17:12] DEPRECATION WARNING: please use MorganGenerator
[19:17:12] DEPRECATION WARNING: please use MorganGenerator
[19:17:12] DEPRECATION WARNING: please use MorganGenerator
[19:17:12] DEPRECATION WARNING: please use MorganGenerator
[19:17:12] DEPRECATION WARNING: please use MorganGenerator
[19:17:12] DEPRECATION WARNING: please use MorganGenerator
[19:17:12] DEPRECATION WARNING: please use MorganGenerator
[19:17:12] DEPRECATION WARNING: please use MorganGenerator
[19:17:12] DEPRECATION WARNING: please use MorganGenerator
[19:17:12] DEPRECATION WARNING: please use MorganGenerator
[19:17:12] DEPRECATION WARNING: please use MorganGenerator
[19:17:12] DEPRECATION WARNING: please use MorganGenerator
[19:17:12] DEPRECATION WARNING: please use MorganGenerator
[19:17:12] DEPRECATION WARNING: please use MorganGenerator
[19:17:12] DEPRECATION WARNING: please use MorganGenerator
[19:17:12] DEPRECATION WARNING: please use MorganGenerator
[19:17:12] DEPRECATION WARNING: please use MorganGenerator
[19:17:12] DEPRECATION WARNING: please use MorganGenerator
[19:17:12] DEPRECATION WARNING: please use MorganGenerator
[19:17:12] DEPRECATION WARNING: please use MorganGenerator
[19:17:12] DEPRECATION WARNING: please use MorganGenerator
[19:17:12] DEPRECATION WARNING: please use MorganGenerator
[19:17:12] DEPRECATION WARNING: please use MorganGenerator
[19:17:12] DEPRECATION WARNING: please use MorganGenerator
[19:17:12] DEPRECATION WARNING: please use MorganGenerator
[19:17:12] DEPRECATION WARNING: please use MorganGenerator
[19:17:12] DEPRECATION WARNING: please use MorganGenerator
[19:17:12] DEPRECATION WARNING: please use MorganGenerator
[19:17:12] DEPRECATION WARNING: please use MorganGenerator
[19:17:12] DEPRECATION WARNING: please use MorganGenerator
[19:17:12] DEPRECATION WARNING: please use MorganGenerator
[19:17:12] DEPRECATION WARNING: please use MorganGenerator
[19:17:12] DEPRECATION WARNING: please use MorganGenerator
[19:17:12] DEPRECATION WARNING: please use MorganGenerator
[19:17:12] DEPRECATION WARNING: please use MorganGenerator
[19:17:13] DEPRECATION WARNING: please use MorganGenerator
[19:17:13] DEPRECATION WARNING: please use MorganGenerator
[19:17:13] DEPRECATION WARNING: please use MorganGenerator
[19:17:13] DEPRECATION WARNING: please use MorganGenerator
[19:17:13] DEPRECATION WARNING: please use MorganGenerator
[19:17:13] DEPRECATION WARNING: please use MorganGenerator
[19:17:13] DEPRECATION WARNING: please use MorganGenerator
[19:17:13] DEPRECATION WARNING: please use MorganGenerator
[19:17:13] DEPRECATION WARNING: please use MorganGenerator
[19:17:13] DEPRECATION WARNING: please use MorganGenerator
[19:17:13] DEPRECATION WARNING: please use MorganGenerator
[19:17:13] DEPRECATION WARNING: please use MorganGenerator
[19:17:13] DEPRECATION WARNING: please use MorganGenerator
[19:17:13] DEPRECATION WARNING: please use MorganGenerator
[19:17:13] DEPRECATION WARNING: please use MorganGenerator
[19:17:13] DEPRECATION WARNING: please use MorganGenerator
[19:17:13] DEPRECATION WARNING: please use MorganGenerator
[19:17:13] DEPRECATION WARNING: please use MorganGenerator
[19:17:13] DEPRECATION WARNING: please use MorganGenerator
[19:17:13] DEPRECATION WARNING: please use MorganGenerator
[19:17:13] DEPRECATION WARNING: please use MorganGenerator
[19:17:13] DEPRECATION WARNING: please use MorganGenerator
[19:17:13] DEPRECATION WARNING: please use MorganGenerator
[19:17:13] DEPRECATION WARNING: please use MorganGenerator
[19:17:13] DEPRECATION WARNING: please use MorganGenerator
[19:17:13] DEPRECATION WARNING: please use MorganGenerator
[19:17:13] DEPRECATION WARNING: please use MorganGenerator
[19:17:13] DEPRECATION WARNING: please use MorganGenerator
[19:17:13] DEPRECATION WARNING: please use MorganGenerator
[19:17:13] DEPRECATION WARNING: please use MorganGenerator
[19:17:13] DEPRECATION WARNING: please use MorganGenerator
[19:17:13] DEPRECATION WARNING: please use MorganGenerator
[19:17:13] DEPRECATION WARNING: please use MorganGenerator
[19:17:13] DEPRECATION WARNING: please use MorganGenerator
[19:17:13] DEPRECATION WARNING: please use MorganGenerator
[19:17:13] DEPRECATION WARNING: please use MorganGenerator
[19:17:13] DEPRECATION WARNING: please use MorganGenerator
[19:17:13] DEPRECATION WARNING: please use MorganGenerator
[19:17:13] DEPRECATION WARNING: please use MorganGenerator
[19:17:13] DEPRECATION WARNING: please use MorganGenerator
[19:17:13] DEPRECATION WARNING: please use MorganGenerator
[19:17:13] DEPRECATION WARNING: please use MorganGenerator
[19:17:13] DEPRECATION WARNING: please use MorganGenerator
[19:17:13] DEPRECATION WARNING: please use MorganGenerator
[19:17:13] DEPRECATION WARNING: please use MorganGenerator
[19:17:13] DEPRECATION WARNING: please use MorganGenerator
[19:17:13] DEPRECATION WARNING: please use MorganGenerator
[19:17:13] DEPRECATION WARNING: please use MorganGenerator
[19:17:13] DEPRECATION WARNING: please use MorganGenerator
[19:17:13] DEPRECATION WARNING: please use MorganGenerator
[19:17:13] DEPRECATION WARNING: please use MorganGenerator
[19:17:13] DEPRECATION WARNING: please use MorganGenerator
[19:17:13] DEPRECATION WARNING: please use MorganGenerator
[19:17:13] DEPRECATION WARNING: please use MorganGenerator
[19:17:13] DEPRECATION WARNING: please use MorganGenerator
[19:17:13] DEPRECATION WARNING: please use MorganGenerator
[19:17:13] DEPRECATION WARNING: please use MorganGenerator
[19:17:13] DEPRECATION WARNING: please use MorganGenerator
[19:17:13] DEPRECATION WARNING: please use MorganGenerator
[19:17:13] DEPRECATION WARNING: please use MorganGenerator
[19:17:13] DEPRECATION WARNING: please use MorganGenerator
[19:17:13] DEPRECATION WARNING: please use MorganGenerator
[19:17:13] DEPRECATION WARNING: please use MorganGenerator
[19:17:13] DEPRECATION WARNING: please use MorganGenerator
[19:17:13] DEPRECATION WARNING: please use MorganGenerator
[19:17:13] DEPRECATION WARNING: please use MorganGenerator
[19:17:13] DEPRECATION WARNING: please use MorganGenerator
[19:17:13] DEPRECATION WARNING: please use MorganGenerator
[19:17:13] DEPRECATION WARNING: please use MorganGenerator
[19:17:13] DEPRECATION WARNING: please use MorganGenerator
[19:17:13] DEPRECATION WARNING: please use MorganGenerator
[19:17:13] DEPRECATION WARNING: please use MorganGenerator
[19:17:13] DEPRECATION WARNING: please use MorganGenerator
[19:17:13] DEPRECATION WARNING: please use MorganGenerator
[19:17:13] DEPRECATION WARNING: please use MorganGenerator
[19:17:13] DEPRECATION WARNING: please use MorganGenerator
[19:17:13] DEPRECATION WARNING: please use MorganGenerator
[19:17:13] DEPRECATION WARNING: please use MorganGenerator
[19:17:13] DEPRECATION WARNING: please use MorganGenerator
[19:17:13] DEPRECATION WARNING: please use MorganGenerator
[19:17:13] DEPRECATION WARNING: please use MorganGenerator
[19:17:13] DEPRECATION WARNING: please use MorganGenerator
[19:17:13] DEPRECATION WARNING: please use MorganGenerator
[19:17:13] DEPRECATION WARNING: please use MorganGenerator
[19:17:13] DEPRECATION WARNING: please use MorganGenerator
[19:17:13] DEPRECATION WARNING: please use MorganGenerator
[19:17:13] DEPRECATION WARNING: please use MorganGenerator
[19:17:13] DEPRECATION WARNING: please use MorganGenerator
[19:17:13] DEPRECATION WARNING: please use MorganGenerator
[19:17:13] DEPRECATION WARNING: please use MorganGenerator
[19:17:13] DEPRECATION WARNING: please use MorganGenerator
[19:17:13] DEPRECATION WARNING: please use MorganGenerator
[19:17:13] DEPRECATION WARNING: please use MorganGenerator
[19:17:13] DEPRECATION WARNING: please use MorganGenerator
[19:17:13] DEPRECATION WARNING: please use MorganGenerator
[19:17:13] DEPRECATION WARNING: please use MorganGenerator
[19:17:13] DEPRECATION WARNING: please use MorganGenerator
[19:17:13] DEPRECATION WARNING: please use MorganGenerator
[19:17:13] DEPRECATION WARNING: please use MorganGenerator
[19:17:13] DEPRECATION WARNING: please use MorganGenerator
[19:17:13] DEPRECATION WARNING: please use MorganGenerator
[19:17:13] DEPRECATION WARNING: please use MorganGenerator
[19:17:13] DEPRECATION WARNING: please use MorganGenerator
[19:17:13] DEPRECATION WARNING: please use MorganGenerator
[19:17:13] DEPRECATION WARNING: please use MorganGenerator
[19:17:13] DEPRECATION WARNING: please use MorganGenerator
[19:17:13] DEPRECATION WARNING: please use MorganGenerator
[19:17:13] DEPRECATION WARNING: please use MorganGenerator
[19:17:13] DEPRECATION WARNING: please use MorganGenerator
[19:17:13] DEPRECATION WARNING: please use MorganGenerator
[19:17:13] DEPRECATION WARNING: please use MorganGenerator
[19:17:13] DEPRECATION WARNING: please use MorganGenerator
[19:17:13] DEPRECATION WARNING: please use MorganGenerator
[19:17:13] DEPRECATION WARNING: please use MorganGenerator
[19:17:13] DEPRECATION WARNING: please use MorganGenerator
[19:17:13] DEPRECATION WARNING: please use MorganGenerator
[19:17:13] DEPRECATION WARNING: please use MorganGenerator
[19:17:13] DEPRECATION WARNING: please use MorganGenerator
[19:17:13] DEPRECATION WARNING: please use MorganGenerator
[19:17:13] DEPRECATION WARNING: please use MorganGenerator
[19:17:13] DEPRECATION WARNING: please use MorganGenerator
[19:17:13] DEPRECATION WARNING: please use MorganGenerator
[19:17:13] DEPRECATION WARNING: please use MorganGenerator
[19:17:14] DEPRECATION WARNING: please use MorganGenerator
[19:17:14] DEPRECATION WARNING: please use MorganGenerator
[19:17:14] DEPRECATION WARNING: please use MorganGenerator
[19:17:14] DEPRECATION WARNING: please use MorganGenerator
[19:17:14] DEPRECATION WARNING: please use MorganGenerator
[19:17:14] DEPRECATION WARNING: please use MorganGenerator
[19:17:14] DEPRECATION WARNING: please use MorganGenerator
[19:17:14] DEPRECATION WARNING: please use MorganGenerator
[19:17:14] DEPRECATION WARNING: please use MorganGenerator
[19:17:14] DEPRECATION WARNING: please use MorganGenerator
[19:17:14] DEPRECATION WARNING: please use MorganGenerator
[19:17:14] DEPRECATION WARNING: please use MorganGenerator
[19:17:14] DEPRECATION WARNING: please use MorganGenerator
[19:17:14] DEPRECATION WARNING: please use MorganGenerator
[19:17:14] DEPRECATION WARNING: please use MorganGenerator
[19:17:14] DEPRECATION WARNING: please use MorganGenerator
[19:17:14] DEPRECATION WARNING: please use MorganGenerator
[19:17:14] DEPRECATION WARNING: please use MorganGenerator
[19:17:14] Explicit valence for atom # 1 N, 5, is greater than permitted
[19:17:14] DEPRECATION WARNING: please use MorganGenerator
[19:17:14] DEPRECATION WARNING: please use MorganGenerator
[19:17:14] DEPRECATION WARNING: please use MorganGenerator
[19:17:14] DEPRECATION WARNING: please use MorganGenerator
[19:17:14] DEPRECATION WARNING: please use MorganGenerator
[19:17:14] DEPRECATION WARNING: please use MorganGenerator
[19:17:14] DEPRECATION WARNING: please use MorganGenerator
[19:17:14] DEPRECATION WARNING: please use MorganGenerator
[19:17:14] DEPRECATION WARNING: please use MorganGenerator
[19:17:14] DEPRECATION WARNING: please use MorganGenerator
[19:17:14] DEPRECATION WARNING: please use MorganGenerator
[19:17:14] DEPRECATION WARNING: please use MorganGenerator
[19:17:14] DEPRECATION WARNING: please use MorganGenerator
[19:17:14] DEPRECATION WARNING: please use MorganGenerator
[19:17:14] DEPRECATION WARNING: please use MorganGenerator
[19:17:14] DEPRECATION WARNING: please use MorganGenerator
[19:17:14] DEPRECATION WARNING: please use MorganGenerator
[19:17:14] DEPRECATION WARNING: please use MorganGenerator
[19:17:14] DEPRECATION WARNING: please use MorganGenerator
[19:17:14] DEPRECATION WARNING: please use MorganGenerator
[19:17:14] DEPRECATION WARNING: please use MorganGenerator
[19:17:14] DEPRECATION WARNING: please use MorganGenerator
[19:17:14] DEPRECATION WARNING: please use MorganGenerator
[19:17:14] DEPRECATION WARNING: please use MorganGenerator
[19:17:14] DEPRECATION WARNING: please use MorganGenerator
[19:17:14] DEPRECATION WARNING: please use MorganGenerator
[19:17:14] DEPRECATION WARNING: please use MorganGenerator
[19:17:14] DEPRECATION WARNING: please use MorganGenerator
[19:17:14] DEPRECATION WARNING: please use MorganGenerator
[19:17:14] DEPRECATION WARNING: please use MorganGenerator
[19:17:14] DEPRECATION WARNING: please use MorganGenerator
[19:17:14] DEPRECATION WARNING: please use MorganGenerator
[19:17:14] DEPRECATION WARNING: please use MorganGenerator
[19:17:14] DEPRECATION WARNING: please use MorganGenerator
[19:17:14] DEPRECATION WARNING: please use MorganGenerator
[19:17:14] DEPRECATION WARNING: please use MorganGenerator
[19:17:14] DEPRECATION WARNING: please use MorganGenerator
[19:17:14] DEPRECATION WARNING: please use MorganGenerator
[19:17:14] DEPRECATION WARNING: please use MorganGenerator
[19:17:14] DEPRECATION WARNING: please use MorganGenerator
[19:17:14] DEPRECATION WARNING: please use MorganGenerator
[19:17:14] DEPRECATION WARNING: please use MorganGenerator
[19:17:14] DEPRECATION WARNING: please use MorganGenerator
[19:17:14] DEPRECATION WARNING: please use MorganGenerator
[19:17:14] DEPRECATION WARNING: please use MorganGenerator
[19:17:14] DEPRECATION WARNING: please use MorganGenerator
[19:17:14] DEPRECATION WARNING: please use MorganGenerator
[19:17:14] DEPRECATION WARNING: please use MorganGenerator
[19:17:14] DEPRECATION WARNING: please use MorganGenerator
[19:17:14] DEPRECATION WARNING: please use MorganGenerator
[19:17:14] DEPRECATION WARNING: please use MorganGenerator
[19:17:14] DEPRECATION WARNING: please use MorganGenerator
[19:17:14] DEPRECATION WARNING: please use MorganGenerator
[19:17:14] DEPRECATION WARNING: please use MorganGenerator
[19:17:14] DEPRECATION WARNING: please use MorganGenerator
[19:17:14] DEPRECATION WARNING: please use MorganGenerator
[19:17:14] DEPRECATION WARNING: please use MorganGenerator
[19:17:14] DEPRECATION WARNING: please use MorganGenerator
[19:17:14] DEPRECATION WARNING: please use MorganGenerator
[19:17:14] DEPRECATION WARNING: please use MorganGenerator
[19:17:14] DEPRECATION WARNING: please use MorganGenerator
[19:17:14] DEPRECATION WARNING: please use MorganGenerator
[19:17:14] DEPRECATION WARNING: please use MorganGenerator
[19:17:14] DEPRECATION WARNING: please use MorganGenerator
[19:17:14] DEPRECATION WARNING: please use MorganGenerator
[19:17:14] DEPRECATION WARNING: please use MorganGenerator
[19:17:14] DEPRECATION WARNING: please use MorganGenerator
[19:17:14] DEPRECATION WARNING: please use MorganGenerator
[19:17:14] DEPRECATION WARNING: please use MorganGenerator
[19:17:15] DEPRECATION WARNING: please use MorganGenerator
[19:17:15] DEPRECATION WARNING: please use MorganGenerator
[19:17:15] DEPRECATION WARNING: please use MorganGenerator
[19:17:15] DEPRECATION WARNING: please use MorganGenerator
[19:17:15] DEPRECATION WARNING: please use MorganGenerator
[19:17:15] DEPRECATION WARNING: please use MorganGenerator
[19:17:15] DEPRECATION WARNING: please use MorganGenerator
[19:17:15] DEPRECATION WARNING: please use MorganGenerator
[19:17:15] DEPRECATION WARNING: please use MorganGenerator
[19:17:15] DEPRECATION WARNING: please use MorganGenerator
[19:17:15] DEPRECATION WARNING: please use MorganGenerator
[19:17:15] DEPRECATION WARNING: please use MorganGenerator
[19:17:15] DEPRECATION WARNING: please use MorganGenerator
[19:17:15] DEPRECATION WARNING: please use MorganGenerator
[19:17:15] DEPRECATION WARNING: please use MorganGenerator
[19:17:15] DEPRECATION WARNING: please use MorganGenerator
[19:17:15] DEPRECATION WARNING: please use MorganGenerator
[19:17:15] DEPRECATION WARNING: please use MorganGenerator
[19:17:15] DEPRECATION WARNING: please use MorganGenerator
[19:17:15] DEPRECATION WARNING: please use MorganGenerator
[19:17:15] DEPRECATION WARNING: please use MorganGenerator
[19:17:15] DEPRECATION WARNING: please use MorganGenerator
[19:17:15] DEPRECATION WARNING: please use MorganGenerator
[19:17:15] DEPRECATION WARNING: please use MorganGenerator
[19:17:15] DEPRECATION WARNING: please use MorganGenerator
[19:17:15] DEPRECATION WARNING: please use MorganGenerator
[19:17:15] DEPRECATION WARNING: please use MorganGenerator
[19:17:15] DEPRECATION WARNING: please use MorganGenerator
[19:17:15] DEPRECATION WARNING: please use MorganGenerator
[19:17:15] DEPRECATION WARNING: please use MorganGenerator
[19:17:15] DEPRECATION WARNING: please use MorganGenerator
[19:17:15] DEPRECATION WARNING: please use MorganGenerator
[19:17:15] DEPRECATION WARNING: please use MorganGenerator
[19:17:15] DEPRECATION WARNING: please use MorganGenerator
[19:17:15] DEPRECATION WARNING: please use MorganGenerator
[19:17:15] DEPRECATION WARNING: please use MorganGenerator
[19:17:15] DEPRECATION WARNING: please use MorganGenerator
[19:17:15] DEPRECATION WARNING: please use MorganGenerator
[19:17:15] DEPRECATION WARNING: please use MorganGenerator
[19:17:15] DEPRECATION WARNING: please use MorganGenerator
[19:17:15] DEPRECATION WARNING: please use MorganGenerator
[19:17:15] DEPRECATION WARNING: please use MorganGenerator
[19:17:15] DEPRECATION WARNING: please use MorganGenerator
[19:17:15] DEPRECATION WARNING: please use MorganGenerator
[19:17:15] DEPRECATION WARNING: please use MorganGenerator
[19:17:15] DEPRECATION WARNING: please use MorganGenerator
[19:17:15] DEPRECATION WARNING: please use MorganGenerator
[19:17:15] DEPRECATION WARNING: please use MorganGenerator
[19:17:15] DEPRECATION WARNING: please use MorganGenerator
[19:17:15] DEPRECATION WARNING: please use MorganGenerator
[19:17:15] DEPRECATION WARNING: please use MorganGenerator
[19:17:15] DEPRECATION WARNING: please use MorganGenerator
[19:17:15] DEPRECATION WARNING: please use MorganGenerator
[19:17:15] DEPRECATION WARNING: please use MorganGenerator
[19:17:15] DEPRECATION WARNING: please use MorganGenerator
[19:17:15] DEPRECATION WARNING: please use MorganGenerator
[19:17:15] DEPRECATION WARNING: please use MorganGenerator
[19:17:15] DEPRECATION WARNING: please use MorganGenerator
[19:17:15] DEPRECATION WARNING: please use MorganGenerator
[19:17:15] DEPRECATION WARNING: please use MorganGenerator
[19:17:15] DEPRECATION WARNING: please use MorganGenerator
[19:17:15] DEPRECATION WARNING: please use MorganGenerator
[19:17:15] DEPRECATION WARNING: please use MorganGenerator
[19:17:15] DEPRECATION WARNING: please use MorganGenerator
[19:17:15] DEPRECATION WARNING: please use MorganGenerator
[19:17:15] DEPRECATION WARNING: please use MorganGenerator
[19:17:15] DEPRECATION WARNING: please use MorganGenerator
[19:17:15] DEPRECATION WARNING: please use MorganGenerator
[19:17:15] DEPRECATION WARNING: please use MorganGenerator
[19:17:15] DEPRECATION WARNING: please use MorganGenerator
[19:17:15] DEPRECATION WARNING: please use MorganGenerator
[19:17:15] DEPRECATION WARNING: please use MorganGenerator
[19:17:15] DEPRECATION WARNING: please use MorganGenerator
[19:17:15] DEPRECATION WARNING: please use MorganGenerator
[19:17:15] DEPRECATION WARNING: please use MorganGenerator
[19:17:15] DEPRECATION WARNING: please use MorganGenerator
[19:17:15] DEPRECATION WARNING: please use MorganGenerator
[19:17:15] DEPRECATION WARNING: please use MorganGenerator
[19:17:15] DEPRECATION WARNING: please use MorganGenerator
[19:17:15] DEPRECATION WARNING: please use MorganGenerator
[19:17:15] DEPRECATION WARNING: please use MorganGenerator
[19:17:15] DEPRECATION WARNING: please use MorganGenerator
[19:17:15] DEPRECATION WARNING: please use MorganGenerator
[19:17:15] DEPRECATION WARNING: please use MorganGenerator
[19:17:15] DEPRECATION WARNING: please use MorganGenerator
[19:17:15] Explicit valence for atom # 8 N, 5, is greater than permitted
[19:17:15] DEPRECATION WARNING: please use MorganGenerator
[19:17:15] DEPRECATION WARNING: please use MorganGenerator
[19:17:15] DEPRECATION WARNING: please use MorganGenerator
[19:17:15] DEPRECATION WARNING: please use MorganGenerator
[19:17:15] DEPRECATION WARNING: please use MorganGenerator
[19:17:15] DEPRECATION WARNING: please use MorganGenerator
[19:17:15] DEPRECATION WARNING: please use MorganGenerator
[19:17:15] DEPRECATION WARNING: please use MorganGenerator
[19:17:15] DEPRECATION WARNING: please use MorganGenerator
[19:17:15] DEPRECATION WARNING: please use MorganGenerator
[19:17:15] DEPRECATION WARNING: please use MorganGenerator
[19:17:15] DEPRECATION WARNING: please use MorganGenerator
[19:17:15] DEPRECATION WARNING: please use MorganGenerator
[19:17:15] DEPRECATION WARNING: please use MorganGenerator
[19:17:15] DEPRECATION WARNING: please use MorganGenerator
[19:17:15] DEPRECATION WARNING: please use MorganGenerator
[19:17:15] DEPRECATION WARNING: please use MorganGenerator
[19:17:15] DEPRECATION WARNING: please use MorganGenerator
[19:17:15] DEPRECATION WARNING: please use MorganGenerator
[19:17:15] DEPRECATION WARNING: please use MorganGenerator
[19:17:15] DEPRECATION WARNING: please use MorganGenerator
[19:17:15] DEPRECATION WARNING: please use MorganGenerator
[19:17:15] DEPRECATION WARNING: please use MorganGenerator
[19:17:15] DEPRECATION WARNING: please use MorganGenerator
[19:17:15] DEPRECATION WARNING: please use MorganGenerator
[19:17:15] DEPRECATION WARNING: please use MorganGenerator
[19:17:15] DEPRECATION WARNING: please use MorganGenerator
[19:17:15] DEPRECATION WARNING: please use MorganGenerator
[19:17:15] DEPRECATION WARNING: please use MorganGenerator
[19:17:15] DEPRECATION WARNING: please use MorganGenerator
[19:17:15] DEPRECATION WARNING: please use MorganGenerator
[19:17:15] DEPRECATION WARNING: please use MorganGenerator
[19:17:15] DEPRECATION WARNING: please use MorganGenerator
[19:17:15] DEPRECATION WARNING: please use MorganGenerator
[19:17:15] DEPRECATION WARNING: please use MorganGenerator
[19:17:15] DEPRECATION WARNING: please use MorganGenerator
[19:17:15] DEPRECATION WARNING: please use MorganGenerator
[19:17:15] DEPRECATION WARNING: please use MorganGenerator
[19:17:15] DEPRECATION WARNING: please use MorganGenerator
[19:17:15] DEPRECATION WARNING: please use MorganGenerator
[19:17:16] DEPRECATION WARNING: please use MorganGenerator
[19:17:16] DEPRECATION WARNING: please use MorganGenerator
[19:17:16] DEPRECATION WARNING: please use MorganGenerator
[19:17:16] DEPRECATION WARNING: please use MorganGenerator
[19:17:16] DEPRECATION WARNING: please use MorganGenerator
[19:17:16] DEPRECATION WARNING: please use MorganGenerator
[19:17:16] DEPRECATION WARNING: please use MorganGenerator
[19:17:16] DEPRECATION WARNING: please use MorganGenerator
[19:17:16] DEPRECATION WARNING: please use MorganGenerator
[19:17:16] DEPRECATION WARNING: please use MorganGenerator
[19:17:16] DEPRECATION WARNING: please use MorganGenerator
[19:17:16] DEPRECATION WARNING: please use MorganGenerator
[19:17:16] DEPRECATION WARNING: please use MorganGenerator
[19:17:16] DEPRECATION WARNING: please use MorganGenerator
[19:17:16] DEPRECATION WARNING: please use MorganGenerator
[19:17:16] DEPRECATION WARNING: please use MorganGenerator
[19:17:16] DEPRECATION WARNING: please use MorganGenerator
[19:17:16] DEPRECATION WARNING: please use MorganGenerator
[19:17:16] DEPRECATION WARNING: please use MorganGenerator
[19:17:16] DEPRECATION WARNING: please use MorganGenerator
[19:17:16] DEPRECATION WARNING: please use MorganGenerator
[19:17:16] DEPRECATION WARNING: please use MorganGenerator
[19:17:16] DEPRECATION WARNING: please use MorganGenerator
[19:17:16] DEPRECATION WARNING: please use MorganGenerator
[19:17:16] DEPRECATION WARNING: please use MorganGenerator
[19:17:16] DEPRECATION WARNING: please use MorganGenerator
[19:17:16] DEPRECATION WARNING: please use MorganGenerator
[19:17:16] DEPRECATION WARNING: please use MorganGenerator
[19:17:16] DEPRECATION WARNING: please use MorganGenerator
[19:17:16] DEPRECATION WARNING: please use MorganGenerator
[19:17:16] DEPRECATION WARNING: please use MorganGenerator
[19:17:16] DEPRECATION WARNING: please use MorganGenerator
[19:17:16] DEPRECATION WARNING: please use MorganGenerator
[19:17:16] DEPRECATION WARNING: please use MorganGenerator
[19:17:16] DEPRECATION WARNING: please use MorganGenerator
[19:17:16] DEPRECATION WARNING: please use MorganGenerator
[19:17:16] DEPRECATION WARNING: please use MorganGenerator
[19:17:16] DEPRECATION WARNING: please use MorganGenerator
[19:17:16] DEPRECATION WARNING: please use MorganGenerator
[19:17:16] DEPRECATION WARNING: please use MorganGenerator
[19:17:16] DEPRECATION WARNING: please use MorganGenerator
[19:17:16] DEPRECATION WARNING: please use MorganGenerator
[19:17:16] DEPRECATION WARNING: please use MorganGenerator
[19:17:16] DEPRECATION WARNING: please use MorganGenerator
[19:17:16] DEPRECATION WARNING: please use MorganGenerator
[19:17:16] DEPRECATION WARNING: please use MorganGenerator
[19:17:16] DEPRECATION WARNING: please use MorganGenerator
[19:17:16] DEPRECATION WARNING: please use MorganGenerator
[19:17:16] DEPRECATION WARNING: please use MorganGenerator
[19:17:16] DEPRECATION WARNING: please use MorganGenerator
[19:17:16] DEPRECATION WARNING: please use MorganGenerator
[19:17:16] DEPRECATION WARNING: please use MorganGenerator
[19:17:16] Explicit valence for atom # 15 P, 7, is greater than permitted
[19:17:16] DEPRECATION WARNING: please use MorganGenerator
[19:17:16] DEPRECATION WARNING: please use MorganGenerator
[19:17:16] DEPRECATION WARNING: please use MorganGenerator
[19:17:16] DEPRECATION WARNING: please use MorganGenerator
[19:17:16] DEPRECATION WARNING: please use MorganGenerator
[19:17:16] DEPRECATION WARNING: please use MorganGenerator
[19:17:16] DEPRECATION WARNING: please use MorganGenerator
[19:17:16] DEPRECATION WARNING: please use MorganGenerator
[19:17:16] DEPRECATION WARNING: please use MorganGenerator
[19:17:16] DEPRECATION WARNING: please use MorganGenerator
[19:17:16] DEPRECATION WARNING: please use MorganGenerator
[19:17:16] DEPRECATION WARNING: please use MorganGenerator
[19:17:16] DEPRECATION WARNING: please use MorganGenerator
[19:17:16] DEPRECATION WARNING: please use MorganGenerator
[19:17:16] DEPRECATION WARNING: please use MorganGenerator
[19:17:16] DEPRECATION WARNING: please use MorganGenerator
[19:17:16] DEPRECATION WARNING: please use MorganGenerator
[19:17:16] DEPRECATION WARNING: please use MorganGenerator
[19:17:16] DEPRECATION WARNING: please use MorganGenerator
[19:17:16] DEPRECATION WARNING: please use MorganGenerator
[19:17:16] DEPRECATION WARNING: please use MorganGenerator
[19:17:16] DEPRECATION WARNING: please use MorganGenerator
[19:17:16] DEPRECATION WARNING: please use MorganGenerator
[19:17:16] DEPRECATION WARNING: please use MorganGenerator
[19:17:16] DEPRECATION WARNING: please use MorganGenerator
[19:17:16] DEPRECATION WARNING: please use MorganGenerator
[19:17:16] DEPRECATION WARNING: please use MorganGenerator
[19:17:16] DEPRECATION WARNING: please use MorganGenerator
[19:17:16] DEPRECATION WARNING: please use MorganGenerator
[19:17:16] DEPRECATION WARNING: please use MorganGenerator
[19:17:16] DEPRECATION WARNING: please use MorganGenerator
[19:17:16] DEPRECATION WARNING: please use MorganGenerator
[19:17:16] DEPRECATION WARNING: please use MorganGenerator
[19:17:16] DEPRECATION WARNING: please use MorganGenerator
[19:17:16] DEPRECATION WARNING: please use MorganGenerator
[19:17:16] DEPRECATION WARNING: please use MorganGenerator
[19:17:16] DEPRECATION WARNING: please use MorganGenerator
[19:17:16] DEPRECATION WARNING: please use MorganGenerator
[19:17:16] DEPRECATION WARNING: please use MorganGenerator
[19:17:16] DEPRECATION WARNING: please use MorganGenerator
[19:17:16] DEPRECATION WARNING: please use MorganGenerator
[19:17:16] DEPRECATION WARNING: please use MorganGenerator
[19:17:16] DEPRECATION WARNING: please use MorganGenerator
[19:17:16] DEPRECATION WARNING: please use MorganGenerator
[19:17:16] DEPRECATION WARNING: please use MorganGenerator
[19:17:16] DEPRECATION WARNING: please use MorganGenerator
[19:17:16] DEPRECATION WARNING: please use MorganGenerator
[19:17:16] DEPRECATION WARNING: please use MorganGenerator
[19:17:16] DEPRECATION WARNING: please use MorganGenerator
[19:17:16] DEPRECATION WARNING: please use MorganGenerator
2026-04-05 19:17:16,938 [INFO]   Processed: 1000 new records
[19:17:16] DEPRECATION WARNING: please use MorganGenerator
[19:17:16] DEPRECATION WARNING: please use MorganGenerator
[19:17:16] DEPRECATION WARNING: please use MorganGenerator
[19:17:16] DEPRECATION WARNING: please use MorganGenerator
[19:17:16] DEPRECATION WARNING: please use MorganGenerator
[19:17:16] DEPRECATION WARNING: please use MorganGenerator
[19:17:16] DEPRECATION WARNING: please use MorganGenerator
[19:17:16] DEPRECATION WARNING: please use MorganGenerator
[19:17:17] DEPRECATION WARNING: please use MorganGenerator
[19:17:17] DEPRECATION WARNING: please use MorganGenerator
[19:17:17] DEPRECATION WARNING: please use MorganGenerator
[19:17:17] DEPRECATION WARNING: please use MorganGenerator
[19:17:17] DEPRECATION WARNING: please use MorganGenerator
[19:17:17] DEPRECATION WARNING: please use MorganGenerator
[19:17:17] DEPRECATION WARNING: please use MorganGenerator
[19:17:17] DEPRECATION WARNING: please use MorganGenerator
[19:17:17] DEPRECATION WARNING: please use MorganGenerator
[19:17:17] DEPRECATION WARNING: please use MorganGenerator
[19:17:17] DEPRECATION WARNING: please use MorganGenerator
[19:17:17] DEPRECATION WARNING: please use MorganGenerator
[19:17:17] DEPRECATION WARNING: please use MorganGenerator
[19:17:17] DEPRECATION WARNING: please use MorganGenerator
[19:17:17] DEPRECATION WARNING: please use MorganGenerator
[19:17:17] DEPRECATION WARNING: please use MorganGenerator
[19:17:17] DEPRECATION WARNING: please use MorganGenerator
[19:17:17] DEPRECATION WARNING: please use MorganGenerator
[19:17:17] DEPRECATION WARNING: please use MorganGenerator
[19:17:17] DEPRECATION WARNING: please use MorganGenerator
[19:17:17] DEPRECATION WARNING: please use MorganGenerator
[19:17:17] DEPRECATION WARNING: please use MorganGenerator
[19:17:17] DEPRECATION WARNING: please use MorganGenerator
[19:17:17] DEPRECATION WARNING: please use MorganGenerator
[19:17:17] DEPRECATION WARNING: please use MorganGenerator
[19:17:17] DEPRECATION WARNING: please use MorganGenerator
[19:17:17] DEPRECATION WARNING: please use MorganGenerator
[19:17:17] DEPRECATION WARNING: please use MorganGenerator
[19:17:17] DEPRECATION WARNING: please use MorganGenerator
[19:17:17] DEPRECATION WARNING: please use MorganGenerator
[19:17:17] DEPRECATION WARNING: please use MorganGenerator
[19:17:17] DEPRECATION WARNING: please use MorganGenerator
[19:17:17] DEPRECATION WARNING: please use MorganGenerator
[19:17:17] DEPRECATION WARNING: please use MorganGenerator
[19:17:17] DEPRECATION WARNING: please use MorganGenerator
[19:17:17] DEPRECATION WARNING: please use MorganGenerator
[19:17:17] DEPRECATION WARNING: please use MorganGenerator
[19:17:17] DEPRECATION WARNING: please use MorganGenerator
[19:17:17] DEPRECATION WARNING: please use MorganGenerator
[19:17:17] DEPRECATION WARNING: please use MorganGenerator
[19:17:17] DEPRECATION WARNING: please use MorganGenerator
[19:17:17] DEPRECATION WARNING: please use MorganGenerator
[19:17:17] DEPRECATION WARNING: please use MorganGenerator
[19:17:17] DEPRECATION WARNING: please use MorganGenerator
[19:17:17] DEPRECATION WARNING: please use MorganGenerator
[19:17:17] DEPRECATION WARNING: please use MorganGenerator
[19:17:17] DEPRECATION WARNING: please use MorganGenerator
[19:17:17] DEPRECATION WARNING: please use MorganGenerator
[19:17:17] DEPRECATION WARNING: please use MorganGenerator
[19:17:17] DEPRECATION WARNING: please use MorganGenerator
[19:17:17] DEPRECATION WARNING: please use MorganGenerator
[19:17:17] DEPRECATION WARNING: please use MorganGenerator
[19:17:17] DEPRECATION WARNING: please use MorganGenerator
[19:17:17] DEPRECATION WARNING: please use MorganGenerator
[19:17:17] DEPRECATION WARNING: please use MorganGenerator
[19:17:17] DEPRECATION WARNING: please use MorganGenerator
[19:17:17] DEPRECATION WARNING: please use MorganGenerator
[19:17:17] DEPRECATION WARNING: please use MorganGenerator
[19:17:17] DEPRECATION WARNING: please use MorganGenerator
[19:17:17] DEPRECATION WARNING: please use MorganGenerator
[19:17:17] DEPRECATION WARNING: please use MorganGenerator
[19:17:17] DEPRECATION WARNING: please use MorganGenerator
[19:17:17] DEPRECATION WARNING: please use MorganGenerator
[19:17:17] DEPRECATION WARNING: please use MorganGenerator
[19:17:17] DEPRECATION WARNING: please use MorganGenerator
[19:17:17] DEPRECATION WARNING: please use MorganGenerator
[19:17:17] DEPRECATION WARNING: please use MorganGenerator
[19:17:17] DEPRECATION WARNING: please use MorganGenerator
[19:17:17] DEPRECATION WARNING: please use MorganGenerator
[19:17:17] DEPRECATION WARNING: please use MorganGenerator
[19:17:17] DEPRECATION WARNING: please use MorganGenerator
[19:17:17] DEPRECATION WARNING: please use MorganGenerator
[19:17:17] DEPRECATION WARNING: please use MorganGenerator
[19:17:17] DEPRECATION WARNING: please use MorganGenerator
[19:17:17] DEPRECATION WARNING: please use MorganGenerator
[19:17:17] DEPRECATION WARNING: please use MorganGenerator
[19:17:17] DEPRECATION WARNING: please use MorganGenerator
[19:17:18] DEPRECATION WARNING: please use MorganGenerator
[19:17:18] DEPRECATION WARNING: please use MorganGenerator
[19:17:18] DEPRECATION WARNING: please use MorganGenerator
[19:17:18] DEPRECATION WARNING: please use MorganGenerator
[19:17:18] DEPRECATION WARNING: please use MorganGenerator
[19:17:18] DEPRECATION WARNING: please use MorganGenerator
[19:17:18] DEPRECATION WARNING: please use MorganGenerator
[19:17:18] DEPRECATION WARNING: please use MorganGenerator
[19:17:18] DEPRECATION WARNING: please use MorganGenerator
[19:17:18] DEPRECATION WARNING: please use MorganGenerator
[19:17:18] DEPRECATION WARNING: please use MorganGenerator
[19:17:18] DEPRECATION WARNING: please use MorganGenerator
[19:17:18] DEPRECATION WARNING: please use MorganGenerator
[19:17:18] DEPRECATION WARNING: please use MorganGenerator
[19:17:18] DEPRECATION WARNING: please use MorganGenerator
[19:17:18] DEPRECATION WARNING: please use MorganGenerator
[19:17:18] DEPRECATION WARNING: please use MorganGenerator
[19:17:18] DEPRECATION WARNING: please use MorganGenerator
[19:17:18] DEPRECATION WARNING: please use MorganGenerator
[19:17:18] DEPRECATION WARNING: please use MorganGenerator
[19:17:18] DEPRECATION WARNING: please use MorganGenerator
[19:17:18] DEPRECATION WARNING: please use MorganGenerator
[19:17:18] DEPRECATION WARNING: please use MorganGenerator
[19:17:18] DEPRECATION WARNING: please use MorganGenerator
[19:17:18] DEPRECATION WARNING: please use MorganGenerator
[19:17:18] DEPRECATION WARNING: please use MorganGenerator
[19:17:18] DEPRECATION WARNING: please use MorganGenerator
[19:17:18] DEPRECATION WARNING: please use MorganGenerator
[19:17:18] DEPRECATION WARNING: please use MorganGenerator
[19:17:18] DEPRECATION WARNING: please use MorganGenerator
[19:17:18] DEPRECATION WARNING: please use MorganGenerator
[19:17:18] DEPRECATION WARNING: please use MorganGenerator
[19:17:18] DEPRECATION WARNING: please use MorganGenerator
[19:17:18] DEPRECATION WARNING: please use MorganGenerator
[19:17:18] DEPRECATION WARNING: please use MorganGenerator
[19:17:18] DEPRECATION WARNING: please use MorganGenerator
[19:17:18] DEPRECATION WARNING: please use MorganGenerator
[19:17:18] DEPRECATION WARNING: please use MorganGenerator
[19:17:18] DEPRECATION WARNING: please use MorganGenerator
[19:17:18] DEPRECATION WARNING: please use MorganGenerator
[19:17:18] DEPRECATION WARNING: please use MorganGenerator
[19:17:18] DEPRECATION WARNING: please use MorganGenerator
[19:17:18] DEPRECATION WARNING: please use MorganGenerator
[19:17:18] DEPRECATION WARNING: please use MorganGenerator
[19:17:18] DEPRECATION WARNING: please use MorganGenerator
[19:17:18] DEPRECATION WARNING: please use MorganGenerator
[19:17:18] DEPRECATION WARNING: please use MorganGenerator
[19:17:18] DEPRECATION WARNING: please use MorganGenerator
[19:17:18] DEPRECATION WARNING: please use MorganGenerator
[19:17:18] DEPRECATION WARNING: please use MorganGenerator
[19:17:18] DEPRECATION WARNING: please use MorganGenerator
[19:17:18] DEPRECATION WARNING: please use MorganGenerator
[19:17:18] DEPRECATION WARNING: please use MorganGenerator
[19:17:18] DEPRECATION WARNING: please use MorganGenerator
[19:17:18] DEPRECATION WARNING: please use MorganGenerator
[19:17:18] DEPRECATION WARNING: please use MorganGenerator
[19:17:18] DEPRECATION WARNING: please use MorganGenerator
[19:17:18] DEPRECATION WARNING: please use MorganGenerator
[19:17:18] DEPRECATION WARNING: please use MorganGenerator
[19:17:18] DEPRECATION WARNING: please use MorganGenerator
[19:17:18] DEPRECATION WARNING: please use MorganGenerator
[19:17:18] DEPRECATION WARNING: please use MorganGenerator
[19:17:18] DEPRECATION WARNING: please use MorganGenerator
[19:17:18] DEPRECATION WARNING: please use MorganGenerator
[19:17:18] DEPRECATION WARNING: please use MorganGenerator
[19:17:18] DEPRECATION WARNING: please use MorganGenerator
[19:17:18] DEPRECATION WARNING: please use MorganGenerator
[19:17:18] DEPRECATION WARNING: please use MorganGenerator
[19:17:18] DEPRECATION WARNING: please use MorganGenerator
[19:17:18] DEPRECATION WARNING: please use MorganGenerator
[19:17:18] DEPRECATION WARNING: please use MorganGenerator
[19:17:18] DEPRECATION WARNING: please use MorganGenerator
[19:17:18] DEPRECATION WARNING: please use MorganGenerator
[19:17:18] DEPRECATION WARNING: please use MorganGenerator
[19:17:18] DEPRECATION WARNING: please use MorganGenerator
[19:17:18] DEPRECATION WARNING: please use MorganGenerator
[19:17:18] DEPRECATION WARNING: please use MorganGenerator
[19:17:18] DEPRECATION WARNING: please use MorganGenerator
[19:17:18] DEPRECATION WARNING: please use MorganGenerator
[19:17:18] DEPRECATION WARNING: please use MorganGenerator
[19:17:18] DEPRECATION WARNING: please use MorganGenerator
[19:17:18] DEPRECATION WARNING: please use MorganGenerator
[19:17:18] DEPRECATION WARNING: please use MorganGenerator
[19:17:18] DEPRECATION WARNING: please use MorganGenerator
[19:17:18] DEPRECATION WARNING: please use MorganGenerator
[19:17:18] DEPRECATION WARNING: please use MorganGenerator
[19:17:18] DEPRECATION WARNING: please use MorganGenerator
[19:17:18] DEPRECATION WARNING: please use MorganGenerator
[19:17:18] DEPRECATION WARNING: please use MorganGenerator
[19:17:18] DEPRECATION WARNING: please use MorganGenerator
[19:17:18] DEPRECATION WARNING: please use MorganGenerator
[19:17:18] DEPRECATION WARNING: please use MorganGenerator
[19:17:18] DEPRECATION WARNING: please use MorganGenerator
[19:17:18] DEPRECATION WARNING: please use MorganGenerator
[19:17:18] DEPRECATION WARNING: please use MorganGenerator
[19:17:18] DEPRECATION WARNING: please use MorganGenerator
[19:17:18] DEPRECATION WARNING: please use MorganGenerator
[19:17:18] DEPRECATION WARNING: please use MorganGenerator
[19:17:18] DEPRECATION WARNING: please use MorganGenerator
[19:17:18] DEPRECATION WARNING: please use MorganGenerator
[19:17:18] DEPRECATION WARNING: please use MorganGenerator
[19:17:18] DEPRECATION WARNING: please use MorganGenerator
[19:17:18] DEPRECATION WARNING: please use MorganGenerator
[19:17:18] DEPRECATION WARNING: please use MorganGenerator
[19:17:18] DEPRECATION WARNING: please use MorganGenerator
[19:17:19] DEPRECATION WARNING: please use MorganGenerator
[19:17:19] DEPRECATION WARNING: please use MorganGenerator
[19:17:19] DEPRECATION WARNING: please use MorganGenerator
[19:17:19] DEPRECATION WARNING: please use MorganGenerator
[19:17:19] DEPRECATION WARNING: please use MorganGenerator
[19:17:19] DEPRECATION WARNING: please use MorganGenerator
[19:17:19] DEPRECATION WARNING: please use MorganGenerator
[19:17:19] DEPRECATION WARNING: please use MorganGenerator
[19:17:19] DEPRECATION WARNING: please use MorganGenerator
[19:17:19] DEPRECATION WARNING: please use MorganGenerator
[19:17:19] DEPRECATION WARNING: please use MorganGenerator
[19:17:19] DEPRECATION WARNING: please use MorganGenerator
[19:17:19] DEPRECATION WARNING: please use MorganGenerator
[19:17:19] DEPRECATION WARNING: please use MorganGenerator
[19:17:19] DEPRECATION WARNING: please use MorganGenerator
[19:17:19] DEPRECATION WARNING: please use MorganGenerator
[19:17:19] DEPRECATION WARNING: please use MorganGenerator
[19:17:19] DEPRECATION WARNING: please use MorganGenerator
[19:17:19] DEPRECATION WARNING: please use MorganGenerator
[19:17:19] DEPRECATION WARNING: please use MorganGenerator
[19:17:19] DEPRECATION WARNING: please use MorganGenerator
[19:17:19] DEPRECATION WARNING: please use MorganGenerator
[19:17:19] DEPRECATION WARNING: please use MorganGenerator
[19:17:19] DEPRECATION WARNING: please use MorganGenerator
[19:17:19] DEPRECATION WARNING: please use MorganGenerator
[19:17:19] DEPRECATION WARNING: please use MorganGenerator
[19:17:19] DEPRECATION WARNING: please use MorganGenerator
[19:17:19] DEPRECATION WARNING: please use MorganGenerator
[19:17:19] DEPRECATION WARNING: please use MorganGenerator
[19:17:19] DEPRECATION WARNING: please use MorganGenerator
[19:17:19] DEPRECATION WARNING: please use MorganGenerator
[19:17:19] DEPRECATION WARNING: please use MorganGenerator
[19:17:19] DEPRECATION WARNING: please use MorganGenerator
[19:17:19] DEPRECATION WARNING: please use MorganGenerator
[19:17:19] DEPRECATION WARNING: please use MorganGenerator
[19:17:19] DEPRECATION WARNING: please use MorganGenerator
[19:17:19] DEPRECATION WARNING: please use MorganGenerator
[19:17:19] DEPRECATION WARNING: please use MorganGenerator
[19:17:19] DEPRECATION WARNING: please use MorganGenerator
[19:17:19] DEPRECATION WARNING: please use MorganGenerator
[19:17:19] DEPRECATION WARNING: please use MorganGenerator
[19:17:19] DEPRECATION WARNING: please use MorganGenerator
[19:17:19] DEPRECATION WARNING: please use MorganGenerator
[19:17:19] DEPRECATION WARNING: please use MorganGenerator
[19:17:19] DEPRECATION WARNING: please use MorganGenerator
[19:17:19] DEPRECATION WARNING: please use MorganGenerator
[19:17:19] DEPRECATION WARNING: please use MorganGenerator
[19:17:19] DEPRECATION WARNING: please use MorganGenerator
[19:17:19] DEPRECATION WARNING: please use MorganGenerator
[19:17:19] DEPRECATION WARNING: please use MorganGenerator
[19:17:19] DEPRECATION WARNING: please use MorganGenerator
[19:17:19] DEPRECATION WARNING: please use MorganGenerator
[19:17:19] DEPRECATION WARNING: please use MorganGenerator
[19:17:19] DEPRECATION WARNING: please use MorganGenerator
[19:17:19] DEPRECATION WARNING: please use MorganGenerator
[19:17:19] DEPRECATION WARNING: please use MorganGenerator
[19:17:19] DEPRECATION WARNING: please use MorganGenerator
[19:17:19] DEPRECATION WARNING: please use MorganGenerator
[19:17:19] DEPRECATION WARNING: please use MorganGenerator
[19:17:19] DEPRECATION WARNING: please use MorganGenerator
[19:17:19] DEPRECATION WARNING: please use MorganGenerator
[19:17:19] DEPRECATION WARNING: please use MorganGenerator
[19:17:19] DEPRECATION WARNING: please use MorganGenerator
[19:17:19] DEPRECATION WARNING: please use MorganGenerator
[19:17:19] DEPRECATION WARNING: please use MorganGenerator
[19:17:19] DEPRECATION WARNING: please use MorganGenerator
[19:17:19] DEPRECATION WARNING: please use MorganGenerator
[19:17:19] DEPRECATION WARNING: please use MorganGenerator
[19:17:19] DEPRECATION WARNING: please use MorganGenerator
[19:17:19] DEPRECATION WARNING: please use MorganGenerator
[19:17:19] DEPRECATION WARNING: please use MorganGenerator
[19:17:19] DEPRECATION WARNING: please use MorganGenerator
[19:17:19] DEPRECATION WARNING: please use MorganGenerator
[19:17:19] DEPRECATION WARNING: please use MorganGenerator
[19:17:19] DEPRECATION WARNING: please use MorganGenerator
[19:17:19] DEPRECATION WARNING: please use MorganGenerator
[19:17:19] DEPRECATION WARNING: please use MorganGenerator
[19:17:19] DEPRECATION WARNING: please use MorganGenerator
[19:17:19] DEPRECATION WARNING: please use MorganGenerator
[19:17:19] DEPRECATION WARNING: please use MorganGenerator
[19:17:19] DEPRECATION WARNING: please use MorganGenerator
[19:17:19] DEPRECATION WARNING: please use MorganGenerator
[19:17:19] DEPRECATION WARNING: please use MorganGenerator
[19:17:19] DEPRECATION WARNING: please use MorganGenerator
[19:17:19] DEPRECATION WARNING: please use MorganGenerator
[19:17:19] DEPRECATION WARNING: please use MorganGenerator
[19:17:19] DEPRECATION WARNING: please use MorganGenerator
[19:17:19] DEPRECATION WARNING: please use MorganGenerator
[19:17:19] DEPRECATION WARNING: please use MorganGenerator
[19:17:19] DEPRECATION WARNING: please use MorganGenerator
[19:17:19] DEPRECATION WARNING: please use MorganGenerator
[19:17:19] DEPRECATION WARNING: please use MorganGenerator
[19:17:19] DEPRECATION WARNING: please use MorganGenerator
[19:17:19] DEPRECATION WARNING: please use MorganGenerator
[19:17:19] DEPRECATION WARNING: please use MorganGenerator
[19:17:19] DEPRECATION WARNING: please use MorganGenerator
[19:17:19] DEPRECATION WARNING: please use MorganGenerator
[19:17:19] DEPRECATION WARNING: please use MorganGenerator
[19:17:19] DEPRECATION WARNING: please use MorganGenerator
[19:17:19] DEPRECATION WARNING: please use MorganGenerator
[19:17:19] DEPRECATION WARNING: please use MorganGenerator
[19:17:19] DEPRECATION WARNING: please use MorganGenerator
[19:17:19] DEPRECATION WARNING: please use MorganGenerator
[19:17:19] DEPRECATION WARNING: please use MorganGenerator
[19:17:19] DEPRECATION WARNING: please use MorganGenerator
[19:17:19] DEPRECATION WARNING: please use MorganGenerator
[19:17:19] DEPRECATION WARNING: please use MorganGenerator
[19:17:19] DEPRECATION WARNING: please use MorganGenerator
[19:17:19] DEPRECATION WARNING: please use MorganGenerator
[19:17:19] DEPRECATION WARNING: please use MorganGenerator
[19:17:19] DEPRECATION WARNING: please use MorganGenerator
[19:17:19] DEPRECATION WARNING: please use MorganGenerator
[19:17:19] DEPRECATION WARNING: please use MorganGenerator
[19:17:19] DEPRECATION WARNING: please use MorganGenerator
[19:17:19] DEPRECATION WARNING: please use MorganGenerator
[19:17:19] DEPRECATION WARNING: please use MorganGenerator
[19:17:19] DEPRECATION WARNING: please use MorganGenerator
[19:17:19] DEPRECATION WARNING: please use MorganGenerator
[19:17:19] DEPRECATION WARNING: please use MorganGenerator
[19:17:20] DEPRECATION WARNING: please use MorganGenerator
[19:17:20] DEPRECATION WARNING: please use MorganGenerator
[19:17:20] DEPRECATION WARNING: please use MorganGenerator
[19:17:20] DEPRECATION WARNING: please use MorganGenerator
[19:17:20] DEPRECATION WARNING: please use MorganGenerator
[19:17:20] DEPRECATION WARNING: please use MorganGenerator
[19:17:20] DEPRECATION WARNING: please use MorganGenerator
[19:17:20] DEPRECATION WARNING: please use MorganGenerator
[19:17:20] DEPRECATION WARNING: please use MorganGenerator
[19:17:20] DEPRECATION WARNING: please use MorganGenerator
[19:17:20] DEPRECATION WARNING: please use MorganGenerator
[19:17:20] DEPRECATION WARNING: please use MorganGenerator
[19:17:20] DEPRECATION WARNING: please use MorganGenerator
[19:17:20] DEPRECATION WARNING: please use MorganGenerator
[19:17:20] DEPRECATION WARNING: please use MorganGenerator
[19:17:20] DEPRECATION WARNING: please use MorganGenerator
[19:17:20] DEPRECATION WARNING: please use MorganGenerator
[19:17:20] DEPRECATION WARNING: please use MorganGenerator
[19:17:20] DEPRECATION WARNING: please use MorganGenerator
[19:17:20] DEPRECATION WARNING: please use MorganGenerator
[19:17:20] DEPRECATION WARNING: please use MorganGenerator
[19:17:20] DEPRECATION WARNING: please use MorganGenerator
[19:17:20] DEPRECATION WARNING: please use MorganGenerator
[19:17:20] DEPRECATION WARNING: please use MorganGenerator
[19:17:20] DEPRECATION WARNING: please use MorganGenerator
[19:17:20] DEPRECATION WARNING: please use MorganGenerator
[19:17:20] DEPRECATION WARNING: please use MorganGenerator
[19:17:20] DEPRECATION WARNING: please use MorganGenerator
[19:17:20] DEPRECATION WARNING: please use MorganGenerator
[19:17:20] DEPRECATION WARNING: please use MorganGenerator
[19:17:20] DEPRECATION WARNING: please use MorganGenerator
[19:17:20] DEPRECATION WARNING: please use MorganGenerator
[19:17:20] DEPRECATION WARNING: please use MorganGenerator
[19:17:20] DEPRECATION WARNING: please use MorganGenerator
[19:17:20] DEPRECATION WARNING: please use MorganGenerator
[19:17:20] DEPRECATION WARNING: please use MorganGenerator
[19:17:20] DEPRECATION WARNING: please use MorganGenerator
[19:17:20] DEPRECATION WARNING: please use MorganGenerator
[19:17:20] DEPRECATION WARNING: please use MorganGenerator
[19:17:20] DEPRECATION WARNING: please use MorganGenerator
[19:17:20] DEPRECATION WARNING: please use MorganGenerator
[19:17:20] DEPRECATION WARNING: please use MorganGenerator
[19:17:20] DEPRECATION WARNING: please use MorganGenerator
[19:17:20] DEPRECATION WARNING: please use MorganGenerator
[19:17:20] DEPRECATION WARNING: please use MorganGenerator
[19:17:20] DEPRECATION WARNING: please use MorganGenerator
[19:17:20] DEPRECATION WARNING: please use MorganGenerator
[19:17:20] DEPRECATION WARNING: please use MorganGenerator
[19:17:20] DEPRECATION WARNING: please use MorganGenerator
[19:17:20] DEPRECATION WARNING: please use MorganGenerator
[19:17:20] DEPRECATION WARNING: please use MorganGenerator
[19:17:20] DEPRECATION WARNING: please use MorganGenerator
[19:17:20] DEPRECATION WARNING: please use MorganGenerator
[19:17:20] DEPRECATION WARNING: please use MorganGenerator
[19:17:20] DEPRECATION WARNING: please use MorganGenerator
[19:17:20] DEPRECATION WARNING: please use MorganGenerator
[19:17:20] DEPRECATION WARNING: please use MorganGenerator
[19:17:20] DEPRECATION WARNING: please use MorganGenerator
[19:17:20] DEPRECATION WARNING: please use MorganGenerator
[19:17:20] DEPRECATION WARNING: please use MorganGenerator
[19:17:20] DEPRECATION WARNING: please use MorganGenerator
[19:17:20] DEPRECATION WARNING: please use MorganGenerator
[19:17:20] DEPRECATION WARNING: please use MorganGenerator
[19:17:20] DEPRECATION WARNING: please use MorganGenerator
[19:17:20] DEPRECATION WARNING: please use MorganGenerator
[19:17:20] DEPRECATION WARNING: please use MorganGenerator
[19:17:20] DEPRECATION WARNING: please use MorganGenerator
[19:17:20] DEPRECATION WARNING: please use MorganGenerator
[19:17:20] DEPRECATION WARNING: please use MorganGenerator
[19:17:20] DEPRECATION WARNING: please use MorganGenerator
[19:17:20] DEPRECATION WARNING: please use MorganGenerator
[19:17:20] DEPRECATION WARNING: please use MorganGenerator
[19:17:20] DEPRECATION WARNING: please use MorganGenerator
[19:17:20] DEPRECATION WARNING: please use MorganGenerator
[19:17:20] DEPRECATION WARNING: please use MorganGenerator
[19:17:20] DEPRECATION WARNING: please use MorganGenerator
[19:17:20] DEPRECATION WARNING: please use MorganGenerator
[19:17:20] DEPRECATION WARNING: please use MorganGenerator
[19:17:20] DEPRECATION WARNING: please use MorganGenerator
[19:17:20] DEPRECATION WARNING: please use MorganGenerator
[19:17:20] DEPRECATION WARNING: please use MorganGenerator
[19:17:20] DEPRECATION WARNING: please use MorganGenerator
[19:17:20] DEPRECATION WARNING: please use MorganGenerator
[19:17:20] DEPRECATION WARNING: please use MorganGenerator
[19:17:20] DEPRECATION WARNING: please use MorganGenerator
[19:17:20] DEPRECATION WARNING: please use MorganGenerator
[19:17:20] DEPRECATION WARNING: please use MorganGenerator
[19:17:20] DEPRECATION WARNING: please use MorganGenerator
[19:17:20] DEPRECATION WARNING: please use MorganGenerator
[19:17:20] DEPRECATION WARNING: please use MorganGenerator
[19:17:20] DEPRECATION WARNING: please use MorganGenerator
[19:17:20] DEPRECATION WARNING: please use MorganGenerator
[19:17:20] DEPRECATION WARNING: please use MorganGenerator
[19:17:20] DEPRECATION WARNING: please use MorganGenerator
[19:17:20] DEPRECATION WARNING: please use MorganGenerator
[19:17:20] DEPRECATION WARNING: please use MorganGenerator
[19:17:20] DEPRECATION WARNING: please use MorganGenerator
[19:17:20] DEPRECATION WARNING: please use MorganGenerator
[19:17:20] DEPRECATION WARNING: please use MorganGenerator
[19:17:20] DEPRECATION WARNING: please use MorganGenerator
[19:17:20] DEPRECATION WARNING: please use MorganGenerator
[19:17:20] DEPRECATION WARNING: please use MorganGenerator
[19:17:20] DEPRECATION WARNING: please use MorganGenerator
[19:17:20] DEPRECATION WARNING: please use MorganGenerator
[19:17:20] DEPRECATION WARNING: please use MorganGenerator
[19:17:20] DEPRECATION WARNING: please use MorganGenerator
[19:17:20] DEPRECATION WARNING: please use MorganGenerator
[19:17:20] DEPRECATION WARNING: please use MorganGenerator
[19:17:20] DEPRECATION WARNING: please use MorganGenerator
[19:17:20] DEPRECATION WARNING: please use MorganGenerator
[19:17:20] DEPRECATION WARNING: please use MorganGenerator
[19:17:20] DEPRECATION WARNING: please use MorganGenerator
[19:17:20] DEPRECATION WARNING: please use MorganGenerator
[19:17:20] DEPRECATION WARNING: please use MorganGenerator
[19:17:20] DEPRECATION WARNING: please use MorganGenerator
[19:17:20] DEPRECATION WARNING: please use MorganGenerator
[19:17:20] DEPRECATION WARNING: please use MorganGenerator
[19:17:20] DEPRECATION WARNING: please use MorganGenerator
[19:17:20] DEPRECATION WARNING: please use MorganGenerator
[19:17:20] DEPRECATION WARNING: please use MorganGenerator
[19:17:20] DEPRECATION WARNING: please use MorganGenerator
[19:17:20] DEPRECATION WARNING: please use MorganGenerator
[19:17:20] DEPRECATION WARNING: please use MorganGenerator
[19:17:20] DEPRECATION WARNING: please use MorganGenerator
[19:17:21] DEPRECATION WARNING: please use MorganGenerator
[19:17:21] DEPRECATION WARNING: please use MorganGenerator
[19:17:21] DEPRECATION WARNING: please use MorganGenerator
[19:17:21] DEPRECATION WARNING: please use MorganGenerator
[19:17:21] DEPRECATION WARNING: please use MorganGenerator
[19:17:21] DEPRECATION WARNING: please use MorganGenerator
[19:17:21] DEPRECATION WARNING: please use MorganGenerator
[19:17:21] DEPRECATION WARNING: please use MorganGenerator
[19:17:21] DEPRECATION WARNING: please use MorganGenerator
[19:17:21] DEPRECATION WARNING: please use MorganGenerator
[19:17:21] DEPRECATION WARNING: please use MorganGenerator
[19:17:21] DEPRECATION WARNING: please use MorganGenerator
[19:17:21] DEPRECATION WARNING: please use MorganGenerator
[19:17:21] DEPRECATION WARNING: please use MorganGenerator
[19:17:21] DEPRECATION WARNING: please use MorganGenerator
[19:17:21] DEPRECATION WARNING: please use MorganGenerator
[19:17:21] DEPRECATION WARNING: please use MorganGenerator
[19:17:21] DEPRECATION WARNING: please use MorganGenerator
[19:17:21] DEPRECATION WARNING: please use MorganGenerator
[19:17:21] DEPRECATION WARNING: please use MorganGenerator
[19:17:21] DEPRECATION WARNING: please use MorganGenerator
[19:17:21] DEPRECATION WARNING: please use MorganGenerator
[19:17:21] DEPRECATION WARNING: please use MorganGenerator
[19:17:21] DEPRECATION WARNING: please use MorganGenerator
[19:17:21] DEPRECATION WARNING: please use MorganGenerator
[19:17:21] DEPRECATION WARNING: please use MorganGenerator
[19:17:21] DEPRECATION WARNING: please use MorganGenerator
[19:17:21] DEPRECATION WARNING: please use MorganGenerator
[19:17:21] DEPRECATION WARNING: please use MorganGenerator
[19:17:21] DEPRECATION WARNING: please use MorganGenerator
[19:17:21] DEPRECATION WARNING: please use MorganGenerator
[19:17:21] DEPRECATION WARNING: please use MorganGenerator
[19:17:21] DEPRECATION WARNING: please use MorganGenerator
[19:17:21] DEPRECATION WARNING: please use MorganGenerator
[19:17:21] DEPRECATION WARNING: please use MorganGenerator
[19:17:21] DEPRECATION WARNING: please use MorganGenerator
[19:17:21] DEPRECATION WARNING: please use MorganGenerator
[19:17:21] DEPRECATION WARNING: please use MorganGenerator
[19:17:21] DEPRECATION WARNING: please use MorganGenerator
[19:17:21] DEPRECATION WARNING: please use MorganGenerator
[19:17:21] DEPRECATION WARNING: please use MorganGenerator
[19:17:21] DEPRECATION WARNING: please use MorganGenerator
[19:17:21] DEPRECATION WARNING: please use MorganGenerator
[19:17:21] DEPRECATION WARNING: please use MorganGenerator
[19:17:21] DEPRECATION WARNING: please use MorganGenerator
[19:17:21] DEPRECATION WARNING: please use MorganGenerator
[19:17:21] DEPRECATION WARNING: please use MorganGenerator
[19:17:21] DEPRECATION WARNING: please use MorganGenerator
[19:17:21] DEPRECATION WARNING: please use MorganGenerator
[19:17:21] DEPRECATION WARNING: please use MorganGenerator
[19:17:21] DEPRECATION WARNING: please use MorganGenerator
[19:17:21] DEPRECATION WARNING: please use MorganGenerator
[19:17:21] DEPRECATION WARNING: please use MorganGenerator
[19:17:21] DEPRECATION WARNING: please use MorganGenerator
[19:17:21] DEPRECATION WARNING: please use MorganGenerator
[19:17:21] DEPRECATION WARNING: please use MorganGenerator
[19:17:21] DEPRECATION WARNING: please use MorganGenerator
[19:17:21] DEPRECATION WARNING: please use MorganGenerator
[19:17:21] DEPRECATION WARNING: please use MorganGenerator
[19:17:21] DEPRECATION WARNING: please use MorganGenerator
[19:17:21] DEPRECATION WARNING: please use MorganGenerator
[19:17:21] DEPRECATION WARNING: please use MorganGenerator
[19:17:21] DEPRECATION WARNING: please use MorganGenerator
[19:17:21] DEPRECATION WARNING: please use MorganGenerator
[19:17:21] DEPRECATION WARNING: please use MorganGenerator
[19:17:21] DEPRECATION WARNING: please use MorganGenerator
[19:17:21] DEPRECATION WARNING: please use MorganGenerator
[19:17:21] DEPRECATION WARNING: please use MorganGenerator
[19:17:21] DEPRECATION WARNING: please use MorganGenerator
[19:17:21] DEPRECATION WARNING: please use MorganGenerator
[19:17:21] DEPRECATION WARNING: please use MorganGenerator
[19:17:21] DEPRECATION WARNING: please use MorganGenerator
[19:17:21] DEPRECATION WARNING: please use MorganGenerator
[19:17:21] DEPRECATION WARNING: please use MorganGenerator
[19:17:21] DEPRECATION WARNING: please use MorganGenerator
[19:17:21] DEPRECATION WARNING: please use MorganGenerator
[19:17:21] DEPRECATION WARNING: please use MorganGenerator
[19:17:21] DEPRECATION WARNING: please use MorganGenerator
[19:17:21] DEPRECATION WARNING: please use MorganGenerator
[19:17:21] DEPRECATION WARNING: please use MorganGenerator
[19:17:21] DEPRECATION WARNING: please use MorganGenerator
[19:17:21] DEPRECATION WARNING: please use MorganGenerator
[19:17:21] DEPRECATION WARNING: please use MorganGenerator
[19:17:21] DEPRECATION WARNING: please use MorganGenerator
[19:17:21] DEPRECATION WARNING: please use MorganGenerator
[19:17:21] DEPRECATION WARNING: please use MorganGenerator
[19:17:21] DEPRECATION WARNING: please use MorganGenerator
[19:17:21] DEPRECATION WARNING: please use MorganGenerator
[19:17:21] DEPRECATION WARNING: please use MorganGenerator
[19:17:21] DEPRECATION WARNING: please use MorganGenerator
[19:17:21] DEPRECATION WARNING: please use MorganGenerator
[19:17:21] DEPRECATION WARNING: please use MorganGenerator
[19:17:21] DEPRECATION WARNING: please use MorganGenerator
[19:17:21] DEPRECATION WARNING: please use MorganGenerator
[19:17:21] DEPRECATION WARNING: please use MorganGenerator
[19:17:21] DEPRECATION WARNING: please use MorganGenerator
[19:17:21] DEPRECATION WARNING: please use MorganGenerator
[19:17:21] DEPRECATION WARNING: please use MorganGenerator
[19:17:21] DEPRECATION WARNING: please use MorganGenerator
[19:17:21] DEPRECATION WARNING: please use MorganGenerator
[19:17:21] DEPRECATION WARNING: please use MorganGenerator
[19:17:21] DEPRECATION WARNING: please use MorganGenerator
[19:17:21] DEPRECATION WARNING: please use MorganGenerator
[19:17:21] DEPRECATION WARNING: please use MorganGenerator
[19:17:21] DEPRECATION WARNING: please use MorganGenerator
[19:17:21] DEPRECATION WARNING: please use MorganGenerator
[19:17:21] DEPRECATION WARNING: please use MorganGenerator
[19:17:21] DEPRECATION WARNING: please use MorganGenerator
[19:17:21] DEPRECATION WARNING: please use MorganGenerator
[19:17:21] DEPRECATION WARNING: please use MorganGenerator
[19:17:21] DEPRECATION WARNING: please use MorganGenerator
[19:17:22] DEPRECATION WARNING: please use MorganGenerator
[19:17:22] DEPRECATION WARNING: please use MorganGenerator
[19:17:22] DEPRECATION WARNING: please use MorganGenerator
[19:17:22] DEPRECATION WARNING: please use MorganGenerator
[19:17:22] DEPRECATION WARNING: please use MorganGenerator
[19:17:22] DEPRECATION WARNING: please use MorganGenerator
[19:17:22] DEPRECATION WARNING: please use MorganGenerator
[19:17:22] DEPRECATION WARNING: please use MorganGenerator
[19:17:22] DEPRECATION WARNING: please use MorganGenerator
[19:17:22] DEPRECATION WARNING: please use MorganGenerator
[19:17:22] DEPRECATION WARNING: please use MorganGenerator
[19:17:22] DEPRECATION WARNING: please use MorganGenerator
[19:17:22] DEPRECATION WARNING: please use MorganGenerator
[19:17:22] DEPRECATION WARNING: please use MorganGenerator
[19:17:22] DEPRECATION WARNING: please use MorganGenerator
[19:17:22] DEPRECATION WARNING: please use MorganGenerator
[19:17:22] DEPRECATION WARNING: please use MorganGenerator
[19:17:22] DEPRECATION WARNING: please use MorganGenerator
[19:17:22] DEPRECATION WARNING: please use MorganGenerator
[19:17:22] DEPRECATION WARNING: please use MorganGenerator
[19:17:22] DEPRECATION WARNING: please use MorganGenerator
[19:17:22] DEPRECATION WARNING: please use MorganGenerator
[19:17:22] DEPRECATION WARNING: please use MorganGenerator
[19:17:22] DEPRECATION WARNING: please use MorganGenerator
[19:17:22] DEPRECATION WARNING: please use MorganGenerator
[19:17:22] DEPRECATION WARNING: please use MorganGenerator
[19:17:22] DEPRECATION WARNING: please use MorganGenerator
[19:17:22] DEPRECATION WARNING: please use MorganGenerator
[19:17:22] DEPRECATION WARNING: please use MorganGenerator
[19:17:22] DEPRECATION WARNING: please use MorganGenerator
[19:17:22] DEPRECATION WARNING: please use MorganGenerator
[19:17:22] DEPRECATION WARNING: please use MorganGenerator
[19:17:22] DEPRECATION WARNING: please use MorganGenerator
[19:17:22] DEPRECATION WARNING: please use MorganGenerator
[19:17:22] DEPRECATION WARNING: please use MorganGenerator
[19:17:22] DEPRECATION WARNING: please use MorganGenerator
[19:17:22] DEPRECATION WARNING: please use MorganGenerator
[19:17:22] DEPRECATION WARNING: please use MorganGenerator
[19:17:22] DEPRECATION WARNING: please use MorganGenerator
[19:17:22] DEPRECATION WARNING: please use MorganGenerator
[19:17:22] DEPRECATION WARNING: please use MorganGenerator
[19:17:22] DEPRECATION WARNING: please use MorganGenerator
[19:17:22] DEPRECATION WARNING: please use MorganGenerator
[19:17:22] DEPRECATION WARNING: please use MorganGenerator
[19:17:22] DEPRECATION WARNING: please use MorganGenerator
[19:17:22] DEPRECATION WARNING: please use MorganGenerator
[19:17:22] DEPRECATION WARNING: please use MorganGenerator
[19:17:22] DEPRECATION WARNING: please use MorganGenerator
[19:17:22] DEPRECATION WARNING: please use MorganGenerator
[19:17:22] DEPRECATION WARNING: please use MorganGenerator
[19:17:22] DEPRECATION WARNING: please use MorganGenerator
[19:17:22] DEPRECATION WARNING: please use MorganGenerator
[19:17:22] DEPRECATION WARNING: please use MorganGenerator
[19:17:22] DEPRECATION WARNING: please use MorganGenerator
[19:17:22] DEPRECATION WARNING: please use MorganGenerator
[19:17:22] DEPRECATION WARNING: please use MorganGenerator
[19:17:22] DEPRECATION WARNING: please use MorganGenerator
[19:17:22] DEPRECATION WARNING: please use MorganGenerator
[19:17:22] DEPRECATION WARNING: please use MorganGenerator
[19:17:22] DEPRECATION WARNING: please use MorganGenerator
[19:17:22] DEPRECATION WARNING: please use MorganGenerator
[19:17:22] DEPRECATION WARNING: please use MorganGenerator
[19:17:22] DEPRECATION WARNING: please use MorganGenerator
[19:17:22] DEPRECATION WARNING: please use MorganGenerator
[19:17:22] DEPRECATION WARNING: please use MorganGenerator
[19:17:22] DEPRECATION WARNING: please use MorganGenerator
[19:17:22] DEPRECATION WARNING: please use MorganGenerator
[19:17:22] DEPRECATION WARNING: please use MorganGenerator
[19:17:22] DEPRECATION WARNING: please use MorganGenerator
[19:17:22] DEPRECATION WARNING: please use MorganGenerator
[19:17:22] DEPRECATION WARNING: please use MorganGenerator
[19:17:22] DEPRECATION WARNING: please use MorganGenerator
[19:17:22] DEPRECATION WARNING: please use MorganGenerator
[19:17:22] DEPRECATION WARNING: please use MorganGenerator
[19:17:22] DEPRECATION WARNING: please use MorganGenerator
[19:17:22] DEPRECATION WARNING: please use MorganGenerator
[19:17:22] DEPRECATION WARNING: please use MorganGenerator
[19:17:22] DEPRECATION WARNING: please use MorganGenerator
[19:17:22] DEPRECATION WARNING: please use MorganGenerator
[19:17:22] DEPRECATION WARNING: please use MorganGenerator
[19:17:22] DEPRECATION WARNING: please use MorganGenerator
[19:17:22] DEPRECATION WARNING: please use MorganGenerator
[19:17:22] DEPRECATION WARNING: please use MorganGenerator
[19:17:22] DEPRECATION WARNING: please use MorganGenerator
[19:17:22] DEPRECATION WARNING: please use MorganGenerator
[19:17:22] DEPRECATION WARNING: please use MorganGenerator
[19:17:22] DEPRECATION WARNING: please use MorganGenerator
[19:17:22] DEPRECATION WARNING: please use MorganGenerator
[19:17:22] DEPRECATION WARNING: please use MorganGenerator
[19:17:22] DEPRECATION WARNING: please use MorganGenerator
[19:17:22] DEPRECATION WARNING: please use MorganGenerator
[19:17:22] DEPRECATION WARNING: please use MorganGenerator
[19:17:22] DEPRECATION WARNING: please use MorganGenerator
[19:17:22] DEPRECATION WARNING: please use MorganGenerator
[19:17:22] DEPRECATION WARNING: please use MorganGenerator
[19:17:22] DEPRECATION WARNING: please use MorganGenerator
[19:17:22] DEPRECATION WARNING: please use MorganGenerator
[19:17:22] DEPRECATION WARNING: please use MorganGenerator
[19:17:22] DEPRECATION WARNING: please use MorganGenerator
[19:17:22] DEPRECATION WARNING: please use MorganGenerator
[19:17:22] DEPRECATION WARNING: please use MorganGenerator
[19:17:22] DEPRECATION WARNING: please use MorganGenerator
[19:17:22] DEPRECATION WARNING: please use MorganGenerator
[19:17:22] DEPRECATION WARNING: please use MorganGenerator
[19:17:22] DEPRECATION WARNING: please use MorganGenerator
[19:17:22] DEPRECATION WARNING: please use MorganGenerator
[19:17:22] DEPRECATION WARNING: please use MorganGenerator
[19:17:22] DEPRECATION WARNING: please use MorganGenerator
[19:17:22] DEPRECATION WARNING: please use MorganGenerator
[19:17:22] DEPRECATION WARNING: please use MorganGenerator
[19:17:22] DEPRECATION WARNING: please use MorganGenerator
[19:17:22] DEPRECATION WARNING: please use MorganGenerator
[19:17:22] DEPRECATION WARNING: please use MorganGenerator
[19:17:22] DEPRECATION WARNING: please use MorganGenerator
[19:17:22] DEPRECATION WARNING: please use MorganGenerator
[19:17:22] DEPRECATION WARNING: please use MorganGenerator
[19:17:22] DEPRECATION WARNING: please use MorganGenerator
[19:17:22] DEPRECATION WARNING: please use MorganGenerator
[19:17:22] DEPRECATION WARNING: please use MorganGenerator
[19:17:22] DEPRECATION WARNING: please use MorganGenerator
[19:17:22] DEPRECATION WARNING: please use MorganGenerator
[19:17:22] DEPRECATION WARNING: please use MorganGenerator
[19:17:22] DEPRECATION WARNING: please use MorganGenerator
[19:17:22] DEPRECATION WARNING: please use MorganGenerator
[19:17:22] DEPRECATION WARNING: please use MorganGenerator
[19:17:23] DEPRECATION WARNING: please use MorganGenerator
[19:17:23] DEPRECATION WARNING: please use MorganGenerator
[19:17:23] DEPRECATION WARNING: please use MorganGenerator
[19:17:23] DEPRECATION WARNING: please use MorganGenerator
[19:17:23] DEPRECATION WARNING: please use MorganGenerator
[19:17:23] DEPRECATION WARNING: please use MorganGenerator
[19:17:23] DEPRECATION WARNING: please use MorganGenerator
[19:17:23] DEPRECATION WARNING: please use MorganGenerator
[19:17:23] DEPRECATION WARNING: please use MorganGenerator
[19:17:23] DEPRECATION WARNING: please use MorganGenerator
[19:17:23] DEPRECATION WARNING: please use MorganGenerator
[19:17:23] DEPRECATION WARNING: please use MorganGenerator
[19:17:23] DEPRECATION WARNING: please use MorganGenerator
[19:17:23] DEPRECATION WARNING: please use MorganGenerator
[19:17:23] DEPRECATION WARNING: please use MorganGenerator
[19:17:23] DEPRECATION WARNING: please use MorganGenerator
[19:17:23] DEPRECATION WARNING: please use MorganGenerator
[19:17:23] DEPRECATION WARNING: please use MorganGenerator
[19:17:23] DEPRECATION WARNING: please use MorganGenerator
[19:17:23] DEPRECATION WARNING: please use MorganGenerator
[19:17:23] DEPRECATION WARNING: please use MorganGenerator
[19:17:23] DEPRECATION WARNING: please use MorganGenerator
[19:17:23] DEPRECATION WARNING: please use MorganGenerator
[19:17:23] DEPRECATION WARNING: please use MorganGenerator
[19:17:23] DEPRECATION WARNING: please use MorganGenerator
[19:17:23] DEPRECATION WARNING: please use MorganGenerator
[19:17:23] DEPRECATION WARNING: please use MorganGenerator
[19:17:23] DEPRECATION WARNING: please use MorganGenerator
[19:17:23] DEPRECATION WARNING: please use MorganGenerator
[19:17:23] DEPRECATION WARNING: please use MorganGenerator
[19:17:23] DEPRECATION WARNING: please use MorganGenerator
[19:17:23] DEPRECATION WARNING: please use MorganGenerator
[19:17:23] DEPRECATION WARNING: please use MorganGenerator
[19:17:23] DEPRECATION WARNING: please use MorganGenerator
[19:17:23] DEPRECATION WARNING: please use MorganGenerator
[19:17:23] DEPRECATION WARNING: please use MorganGenerator
[19:17:23] DEPRECATION WARNING: please use MorganGenerator
[19:17:23] DEPRECATION WARNING: please use MorganGenerator
[19:17:23] DEPRECATION WARNING: please use MorganGenerator
[19:17:23] DEPRECATION WARNING: please use MorganGenerator
[19:17:23] DEPRECATION WARNING: please use MorganGenerator
[19:17:23] DEPRECATION WARNING: please use MorganGenerator
[19:17:23] DEPRECATION WARNING: please use MorganGenerator
[19:17:23] DEPRECATION WARNING: please use MorganGenerator
[19:17:23] DEPRECATION WARNING: please use MorganGenerator
[19:17:23] DEPRECATION WARNING: please use MorganGenerator
[19:17:23] DEPRECATION WARNING: please use MorganGenerator
[19:17:23] DEPRECATION WARNING: please use MorganGenerator
[19:17:23] DEPRECATION WARNING: please use MorganGenerator
[19:17:23] DEPRECATION WARNING: please use MorganGenerator
[19:17:23] DEPRECATION WARNING: please use MorganGenerator
[19:17:23] DEPRECATION WARNING: please use MorganGenerator
[19:17:23] DEPRECATION WARNING: please use MorganGenerator
[19:17:23] DEPRECATION WARNING: please use MorganGenerator
[19:17:23] DEPRECATION WARNING: please use MorganGenerator
[19:17:23] DEPRECATION WARNING: please use MorganGenerator
[19:17:23] DEPRECATION WARNING: please use MorganGenerator
[19:17:23] DEPRECATION WARNING: please use MorganGenerator
[19:17:23] DEPRECATION WARNING: please use MorganGenerator
[19:17:23] DEPRECATION WARNING: please use MorganGenerator
[19:17:23] DEPRECATION WARNING: please use MorganGenerator
[19:17:23] DEPRECATION WARNING: please use MorganGenerator
[19:17:23] DEPRECATION WARNING: please use MorganGenerator
[19:17:23] DEPRECATION WARNING: please use MorganGenerator
[19:17:23] DEPRECATION WARNING: please use MorganGenerator
[19:17:23] DEPRECATION WARNING: please use MorganGenerator
[19:17:23] DEPRECATION WARNING: please use MorganGenerator
[19:17:23] DEPRECATION WARNING: please use MorganGenerator
[19:17:23] DEPRECATION WARNING: please use MorganGenerator
[19:17:23] DEPRECATION WARNING: please use MorganGenerator
[19:17:23] DEPRECATION WARNING: please use MorganGenerator
[19:17:23] DEPRECATION WARNING: please use MorganGenerator
[19:17:23] DEPRECATION WARNING: please use MorganGenerator
[19:17:23] DEPRECATION WARNING: please use MorganGenerator
[19:17:23] DEPRECATION WARNING: please use MorganGenerator
[19:17:23] DEPRECATION WARNING: please use MorganGenerator
[19:17:23] DEPRECATION WARNING: please use MorganGenerator
[19:17:23] DEPRECATION WARNING: please use MorganGenerator
[19:17:23] DEPRECATION WARNING: please use MorganGenerator
[19:17:23] DEPRECATION WARNING: please use MorganGenerator
[19:17:23] DEPRECATION WARNING: please use MorganGenerator
[19:17:23] DEPRECATION WARNING: please use MorganGenerator
[19:17:23] DEPRECATION WARNING: please use MorganGenerator
[19:17:23] DEPRECATION WARNING: please use MorganGenerator
[19:17:23] DEPRECATION WARNING: please use MorganGenerator
[19:17:23] DEPRECATION WARNING: please use MorganGenerator
[19:17:23] DEPRECATION WARNING: please use MorganGenerator
[19:17:23] DEPRECATION WARNING: please use MorganGenerator
[19:17:23] DEPRECATION WARNING: please use MorganGenerator
[19:17:23] DEPRECATION WARNING: please use MorganGenerator
[19:17:23] DEPRECATION WARNING: please use MorganGenerator
[19:17:23] DEPRECATION WARNING: please use MorganGenerator
[19:17:23] DEPRECATION WARNING: please use MorganGenerator
[19:17:23] DEPRECATION WARNING: please use MorganGenerator
[19:17:23] DEPRECATION WARNING: please use MorganGenerator
[19:17:23] DEPRECATION WARNING: please use MorganGenerator
[19:17:23] DEPRECATION WARNING: please use MorganGenerator
[19:17:23] DEPRECATION WARNING: please use MorganGenerator
[19:17:23] DEPRECATION WARNING: please use MorganGenerator
[19:17:23] DEPRECATION WARNING: please use MorganGenerator
[19:17:23] DEPRECATION WARNING: please use MorganGenerator
[19:17:23] DEPRECATION WARNING: please use MorganGenerator
[19:17:23] DEPRECATION WARNING: please use MorganGenerator
[19:17:23] DEPRECATION WARNING: please use MorganGenerator
[19:17:23] DEPRECATION WARNING: please use MorganGenerator
[19:17:23] DEPRECATION WARNING: please use MorganGenerator
[19:17:23] DEPRECATION WARNING: please use MorganGenerator
[19:17:23] DEPRECATION WARNING: please use MorganGenerator
[19:17:24] DEPRECATION WARNING: please use MorganGenerator
[19:17:24] DEPRECATION WARNING: please use MorganGenerator
[19:17:24] DEPRECATION WARNING: please use MorganGenerator
[19:17:24] DEPRECATION WARNING: please use MorganGenerator
[19:17:24] DEPRECATION WARNING: please use MorganGenerator
[19:17:24] DEPRECATION WARNING: please use MorganGenerator
[19:17:24] DEPRECATION WARNING: please use MorganGenerator
[19:17:24] DEPRECATION WARNING: please use MorganGenerator
[19:17:24] DEPRECATION WARNING: please use MorganGenerator
[19:17:24] DEPRECATION WARNING: please use MorganGenerator
[19:17:24] DEPRECATION WARNING: please use MorganGenerator
[19:17:24] DEPRECATION WARNING: please use MorganGenerator
[19:17:24] DEPRECATION WARNING: please use MorganGenerator
[19:17:24] DEPRECATION WARNING: please use MorganGenerator
[19:17:24] DEPRECATION WARNING: please use MorganGenerator
[19:17:24] DEPRECATION WARNING: please use MorganGenerator
[19:17:24] DEPRECATION WARNING: please use MorganGenerator
[19:17:24] DEPRECATION WARNING: please use MorganGenerator
[19:17:24] DEPRECATION WARNING: please use MorganGenerator
[19:17:24] DEPRECATION WARNING: please use MorganGenerator
[19:17:24] DEPRECATION WARNING: please use MorganGenerator
[19:17:24] DEPRECATION WARNING: please use MorganGenerator
[19:17:24] DEPRECATION WARNING: please use MorganGenerator
[19:17:24] DEPRECATION WARNING: please use MorganGenerator
[19:17:24] DEPRECATION WARNING: please use MorganGenerator
[19:17:24] DEPRECATION WARNING: please use MorganGenerator
[19:17:24] DEPRECATION WARNING: please use MorganGenerator
[19:17:24] DEPRECATION WARNING: please use MorganGenerator
[19:17:24] DEPRECATION WARNING: please use MorganGenerator
[19:17:24] DEPRECATION WARNING: please use MorganGenerator
[19:17:24] DEPRECATION WARNING: please use MorganGenerator
[19:17:24] DEPRECATION WARNING: please use MorganGenerator
[19:17:24] DEPRECATION WARNING: please use MorganGenerator
[19:17:24] DEPRECATION WARNING: please use MorganGenerator
[19:17:24] DEPRECATION WARNING: please use MorganGenerator
[19:17:24] DEPRECATION WARNING: please use MorganGenerator
[19:17:24] DEPRECATION WARNING: please use MorganGenerator
[19:17:24] DEPRECATION WARNING: please use MorganGenerator
[19:17:24] DEPRECATION WARNING: please use MorganGenerator
[19:17:24] DEPRECATION WARNING: please use MorganGenerator
[19:17:24] DEPRECATION WARNING: please use MorganGenerator
[19:17:24] DEPRECATION WARNING: please use MorganGenerator
[19:17:24] DEPRECATION WARNING: please use MorganGenerator
[19:17:24] DEPRECATION WARNING: please use MorganGenerator
[19:17:24] DEPRECATION WARNING: please use MorganGenerator
[19:17:24] DEPRECATION WARNING: please use MorganGenerator
[19:17:24] DEPRECATION WARNING: please use MorganGenerator
[19:17:24] DEPRECATION WARNING: please use MorganGenerator
[19:17:24] DEPRECATION WARNING: please use MorganGenerator
[19:17:24] DEPRECATION WARNING: please use MorganGenerator
[19:17:24] DEPRECATION WARNING: please use MorganGenerator
[19:17:24] DEPRECATION WARNING: please use MorganGenerator
[19:17:24] DEPRECATION WARNING: please use MorganGenerator
[19:17:24] DEPRECATION WARNING: please use MorganGenerator
[19:17:24] DEPRECATION WARNING: please use MorganGenerator
[19:17:24] DEPRECATION WARNING: please use MorganGenerator
[19:17:24] DEPRECATION WARNING: please use MorganGenerator
[19:17:24] DEPRECATION WARNING: please use MorganGenerator
[19:17:24] DEPRECATION WARNING: please use MorganGenerator
[19:17:24] DEPRECATION WARNING: please use MorganGenerator
[19:17:24] DEPRECATION WARNING: please use MorganGenerator
[19:17:24] DEPRECATION WARNING: please use MorganGenerator
[19:17:24] DEPRECATION WARNING: please use MorganGenerator
[19:17:24] DEPRECATION WARNING: please use MorganGenerator
[19:17:24] DEPRECATION WARNING: please use MorganGenerator
[19:17:24] DEPRECATION WARNING: please use MorganGenerator
[19:17:24] DEPRECATION WARNING: please use MorganGenerator
[19:17:24] DEPRECATION WARNING: please use MorganGenerator
[19:17:24] DEPRECATION WARNING: please use MorganGenerator
[19:17:24] DEPRECATION WARNING: please use MorganGenerator
[19:17:24] DEPRECATION WARNING: please use MorganGenerator
[19:17:24] DEPRECATION WARNING: please use MorganGenerator
[19:17:24] DEPRECATION WARNING: please use MorganGenerator
[19:17:24] DEPRECATION WARNING: please use MorganGenerator
[19:17:24] DEPRECATION WARNING: please use MorganGenerator
[19:17:24] DEPRECATION WARNING: please use MorganGenerator
[19:17:24] DEPRECATION WARNING: please use MorganGenerator
[19:17:24] DEPRECATION WARNING: please use MorganGenerator
[19:17:24] DEPRECATION WARNING: please use MorganGenerator
[19:17:24] DEPRECATION WARNING: please use MorganGenerator
[19:17:24] DEPRECATION WARNING: please use MorganGenerator
[19:17:24] DEPRECATION WARNING: please use MorganGenerator
[19:17:24] DEPRECATION WARNING: please use MorganGenerator
[19:17:24] DEPRECATION WARNING: please use MorganGenerator
[19:17:24] DEPRECATION WARNING: please use MorganGenerator
[19:17:24] DEPRECATION WARNING: please use MorganGenerator
[19:17:24] DEPRECATION WARNING: please use MorganGenerator
[19:17:24] DEPRECATION WARNING: please use MorganGenerator
[19:17:24] DEPRECATION WARNING: please use MorganGenerator
[19:17:24] DEPRECATION WARNING: please use MorganGenerator
[19:17:24] DEPRECATION WARNING: please use MorganGenerator
[19:17:24] DEPRECATION WARNING: please use MorganGenerator
[19:17:24] DEPRECATION WARNING: please use MorganGenerator
[19:17:24] DEPRECATION WARNING: please use MorganGenerator
[19:17:24] DEPRECATION WARNING: please use MorganGenerator
[19:17:24] DEPRECATION WARNING: please use MorganGenerator
[19:17:24] DEPRECATION WARNING: please use MorganGenerator
[19:17:24] DEPRECATION WARNING: please use MorganGenerator
[19:17:24] DEPRECATION WARNING: please use MorganGenerator
[19:17:24] DEPRECATION WARNING: please use MorganGenerator
[19:17:24] DEPRECATION WARNING: please use MorganGenerator
[19:17:24] DEPRECATION WARNING: please use MorganGenerator
[19:17:24] DEPRECATION WARNING: please use MorganGenerator
[19:17:24] DEPRECATION WARNING: please use MorganGenerator
[19:17:24] DEPRECATION WARNING: please use MorganGenerator
[19:17:24] DEPRECATION WARNING: please use MorganGenerator
[19:17:24] DEPRECATION WARNING: please use MorganGenerator
[19:17:24] DEPRECATION WARNING: please use MorganGenerator
[19:17:25] DEPRECATION WARNING: please use MorganGenerator
[19:17:25] DEPRECATION WARNING: please use MorganGenerator
[19:17:25] DEPRECATION WARNING: please use MorganGenerator
[19:17:25] DEPRECATION WARNING: please use MorganGenerator
[19:17:25] DEPRECATION WARNING: please use MorganGenerator
[19:17:25] DEPRECATION WARNING: please use MorganGenerator
[19:17:25] DEPRECATION WARNING: please use MorganGenerator
[19:17:25] DEPRECATION WARNING: please use MorganGenerator
[19:17:25] DEPRECATION WARNING: please use MorganGenerator
[19:17:25] DEPRECATION WARNING: please use MorganGenerator
[19:17:25] DEPRECATION WARNING: please use MorganGenerator
[19:17:25] DEPRECATION WARNING: please use MorganGenerator
[19:17:25] DEPRECATION WARNING: please use MorganGenerator
[19:17:25] DEPRECATION WARNING: please use MorganGenerator
[19:17:25] DEPRECATION WARNING: please use MorganGenerator
[19:17:25] DEPRECATION WARNING: please use MorganGenerator
[19:17:25] DEPRECATION WARNING: please use MorganGenerator
[19:17:25] DEPRECATION WARNING: please use MorganGenerator
[19:17:25] DEPRECATION WARNING: please use MorganGenerator
[19:17:25] DEPRECATION WARNING: please use MorganGenerator
[19:17:25] DEPRECATION WARNING: please use MorganGenerator
[19:17:25] DEPRECATION WARNING: please use MorganGenerator
[19:17:25] DEPRECATION WARNING: please use MorganGenerator
[19:17:25] DEPRECATION WARNING: please use MorganGenerator
[19:17:25] DEPRECATION WARNING: please use MorganGenerator
[19:17:25] DEPRECATION WARNING: please use MorganGenerator
[19:17:25] DEPRECATION WARNING: please use MorganGenerator
[19:17:25] DEPRECATION WARNING: please use MorganGenerator
[19:17:25] DEPRECATION WARNING: please use MorganGenerator
[19:17:25] DEPRECATION WARNING: please use MorganGenerator
[19:17:25] DEPRECATION WARNING: please use MorganGenerator
[19:17:25] DEPRECATION WARNING: please use MorganGenerator
[19:17:25] DEPRECATION WARNING: please use MorganGenerator
[19:17:25] DEPRECATION WARNING: please use MorganGenerator
[19:17:25] DEPRECATION WARNING: please use MorganGenerator
[19:17:25] DEPRECATION WARNING: please use MorganGenerator
[19:17:25] DEPRECATION WARNING: please use MorganGenerator
[19:17:25] DEPRECATION WARNING: please use MorganGenerator
[19:17:25] DEPRECATION WARNING: please use MorganGenerator
[19:17:25] DEPRECATION WARNING: please use MorganGenerator
[19:17:25] DEPRECATION WARNING: please use MorganGenerator
[19:17:25] DEPRECATION WARNING: please use MorganGenerator
[19:17:25] DEPRECATION WARNING: please use MorganGenerator
[19:17:25] DEPRECATION WARNING: please use MorganGenerator
[19:17:25] DEPRECATION WARNING: please use MorganGenerator
[19:17:25] DEPRECATION WARNING: please use MorganGenerator
[19:17:25] DEPRECATION WARNING: please use MorganGenerator
[19:17:25] DEPRECATION WARNING: please use MorganGenerator
[19:17:25] DEPRECATION WARNING: please use MorganGenerator
[19:17:25] DEPRECATION WARNING: please use MorganGenerator
[19:17:25] DEPRECATION WARNING: please use MorganGenerator
[19:17:25] DEPRECATION WARNING: please use MorganGenerator
[19:17:25] DEPRECATION WARNING: please use MorganGenerator
[19:17:25] DEPRECATION WARNING: please use MorganGenerator
[19:17:25] DEPRECATION WARNING: please use MorganGenerator
[19:17:25] DEPRECATION WARNING: please use MorganGenerator
[19:17:25] DEPRECATION WARNING: please use MorganGenerator
[19:17:25] DEPRECATION WARNING: please use MorganGenerator
[19:17:25] DEPRECATION WARNING: please use MorganGenerator
[19:17:25] DEPRECATION WARNING: please use MorganGenerator
[19:17:25] DEPRECATION WARNING: please use MorganGenerator
[19:17:25] DEPRECATION WARNING: please use MorganGenerator
[19:17:25] DEPRECATION WARNING: please use MorganGenerator
[19:17:25] DEPRECATION WARNING: please use MorganGenerator
[19:17:25] DEPRECATION WARNING: please use MorganGenerator
[19:17:25] DEPRECATION WARNING: please use MorganGenerator
[19:17:25] DEPRECATION WARNING: please use MorganGenerator
[19:17:25] DEPRECATION WARNING: please use MorganGenerator
[19:17:25] DEPRECATION WARNING: please use MorganGenerator
[19:17:25] DEPRECATION WARNING: please use MorganGenerator
[19:17:25] DEPRECATION WARNING: please use MorganGenerator
[19:17:25] DEPRECATION WARNING: please use MorganGenerator
[19:17:25] DEPRECATION WARNING: please use MorganGenerator
[19:17:25] DEPRECATION WARNING: please use MorganGenerator
[19:17:25] DEPRECATION WARNING: please use MorganGenerator
[19:17:25] DEPRECATION WARNING: please use MorganGenerator
[19:17:25] DEPRECATION WARNING: please use MorganGenerator
[19:17:25] DEPRECATION WARNING: please use MorganGenerator
[19:17:25] DEPRECATION WARNING: please use MorganGenerator
[19:17:25] DEPRECATION WARNING: please use MorganGenerator
[19:17:25] DEPRECATION WARNING: please use MorganGenerator
[19:17:25] DEPRECATION WARNING: please use MorganGenerator
[19:17:25] DEPRECATION WARNING: please use MorganGenerator
[19:17:25] DEPRECATION WARNING: please use MorganGenerator
[19:17:25] DEPRECATION WARNING: please use MorganGenerator
[19:17:25] DEPRECATION WARNING: please use MorganGenerator
[19:17:25] DEPRECATION WARNING: please use MorganGenerator
[19:17:25] DEPRECATION WARNING: please use MorganGenerator
[19:17:25] DEPRECATION WARNING: please use MorganGenerator
[19:17:25] DEPRECATION WARNING: please use MorganGenerator
[19:17:25] DEPRECATION WARNING: please use MorganGenerator
[19:17:25] DEPRECATION WARNING: please use MorganGenerator
[19:17:25] DEPRECATION WARNING: please use MorganGenerator
[19:17:25] DEPRECATION WARNING: please use MorganGenerator
[19:17:25] DEPRECATION WARNING: please use MorganGenerator
[19:17:25] DEPRECATION WARNING: please use MorganGenerator
[19:17:25] DEPRECATION WARNING: please use MorganGenerator
[19:17:25] DEPRECATION WARNING: please use MorganGenerator
[19:17:25] DEPRECATION WARNING: please use MorganGenerator
[19:17:25] DEPRECATION WARNING: please use MorganGenerator
[19:17:25] DEPRECATION WARNING: please use MorganGenerator
[19:17:25] DEPRECATION WARNING: please use MorganGenerator
[19:17:25] DEPRECATION WARNING: please use MorganGenerator
[19:17:25] DEPRECATION WARNING: please use MorganGenerator
[19:17:25] DEPRECATION WARNING: please use MorganGenerator
[19:17:25] DEPRECATION WARNING: please use MorganGenerator
[19:17:25] DEPRECATION WARNING: please use MorganGenerator
[19:17:25] DEPRECATION WARNING: please use MorganGenerator
[19:17:25] DEPRECATION WARNING: please use MorganGenerator
[19:17:25] DEPRECATION WARNING: please use MorganGenerator
[19:17:25] DEPRECATION WARNING: please use MorganGenerator
[19:17:25] DEPRECATION WARNING: please use MorganGenerator
[19:17:25] DEPRECATION WARNING: please use MorganGenerator
[19:17:25] Explicit valence for atom # 1 N, 5, is greater than permitted
[19:17:25] DEPRECATION WARNING: please use MorganGenerator
[19:17:25] DEPRECATION WARNING: please use MorganGenerator
2026-04-05 19:17:25,975 [INFO]   Processed: 2000 new records
[19:17:25] DEPRECATION WARNING: please use MorganGenerator
[19:17:25] DEPRECATION WARNING: please use MorganGenerator
[19:17:25] DEPRECATION WARNING: please use MorganGenerator
[19:17:25] DEPRECATION WARNING: please use MorganGenerator
[19:17:25] DEPRECATION WARNING: please use MorganGenerator
[19:17:26] DEPRECATION WARNING: please use MorganGenerator
[19:17:26] DEPRECATION WARNING: please use MorganGenerator
[19:17:26] DEPRECATION WARNING: please use MorganGenerator
[19:17:26] DEPRECATION WARNING: please use MorganGenerator
[19:17:26] DEPRECATION WARNING: please use MorganGenerator
[19:17:26] DEPRECATION WARNING: please use MorganGenerator
[19:17:26] DEPRECATION WARNING: please use MorganGenerator
[19:17:26] DEPRECATION WARNING: please use MorganGenerator
[19:17:26] DEPRECATION WARNING: please use MorganGenerator
[19:17:26] DEPRECATION WARNING: please use MorganGenerator
[19:17:26] DEPRECATION WARNING: please use MorganGenerator
[19:17:26] DEPRECATION WARNING: please use MorganGenerator
[19:17:26] DEPRECATION WARNING: please use MorganGenerator
[19:17:26] DEPRECATION WARNING: please use MorganGenerator
[19:17:26] DEPRECATION WARNING: please use MorganGenerator
[19:17:26] DEPRECATION WARNING: please use MorganGenerator
[19:17:26] DEPRECATION WARNING: please use MorganGenerator
[19:17:26] DEPRECATION WARNING: please use MorganGenerator
[19:17:26] DEPRECATION WARNING: please use MorganGenerator
[19:17:26] DEPRECATION WARNING: please use MorganGenerator
[19:17:26] DEPRECATION WARNING: please use MorganGenerator
[19:17:26] DEPRECATION WARNING: please use MorganGenerator
[19:17:26] DEPRECATION WARNING: please use MorganGenerator
[19:17:26] DEPRECATION WARNING: please use MorganGenerator
[19:17:26] DEPRECATION WARNING: please use MorganGenerator
[19:17:26] DEPRECATION WARNING: please use MorganGenerator
[19:17:26] DEPRECATION WARNING: please use MorganGenerator
[19:17:26] DEPRECATION WARNING: please use MorganGenerator
[19:17:26] DEPRECATION WARNING: please use MorganGenerator
[19:17:26] DEPRECATION WARNING: please use MorganGenerator
[19:17:26] DEPRECATION WARNING: please use MorganGenerator
[19:17:26] DEPRECATION WARNING: please use MorganGenerator
[19:17:26] DEPRECATION WARNING: please use MorganGenerator
[19:17:26] DEPRECATION WARNING: please use MorganGenerator
[19:17:26] DEPRECATION WARNING: please use MorganGenerator
[19:17:26] DEPRECATION WARNING: please use MorganGenerator
[19:17:26] DEPRECATION WARNING: please use MorganGenerator
[19:17:26] DEPRECATION WARNING: please use MorganGenerator
[19:17:26] DEPRECATION WARNING: please use MorganGenerator
[19:17:26] DEPRECATION WARNING: please use MorganGenerator
[19:17:26] DEPRECATION WARNING: please use MorganGenerator
[19:17:26] DEPRECATION WARNING: please use MorganGenerator
[19:17:26] DEPRECATION WARNING: please use MorganGenerator
[19:17:26] DEPRECATION WARNING: please use MorganGenerator
[19:17:26] DEPRECATION WARNING: please use MorganGenerator
[19:17:26] DEPRECATION WARNING: please use MorganGenerator
[19:17:26] DEPRECATION WARNING: please use MorganGenerator
[19:17:26] DEPRECATION WARNING: please use MorganGenerator
[19:17:26] DEPRECATION WARNING: please use MorganGenerator
[19:17:26] DEPRECATION WARNING: please use MorganGenerator
[19:17:26] DEPRECATION WARNING: please use MorganGenerator
[19:17:26] DEPRECATION WARNING: please use MorganGenerator
[19:17:26] DEPRECATION WARNING: please use MorganGenerator
[19:17:26] DEPRECATION WARNING: please use MorganGenerator
[19:17:26] DEPRECATION WARNING: please use MorganGenerator
[19:17:26] DEPRECATION WARNING: please use MorganGenerator
[19:17:26] DEPRECATION WARNING: please use MorganGenerator
[19:17:26] DEPRECATION WARNING: please use MorganGenerator
[19:17:26] DEPRECATION WARNING: please use MorganGenerator
[19:17:26] DEPRECATION WARNING: please use MorganGenerator
[19:17:26] DEPRECATION WARNING: please use MorganGenerator
[19:17:26] DEPRECATION WARNING: please use MorganGenerator
[19:17:26] DEPRECATION WARNING: please use MorganGenerator
[19:17:26] DEPRECATION WARNING: please use MorganGenerator
[19:17:26] DEPRECATION WARNING: please use MorganGenerator
[19:17:26] DEPRECATION WARNING: please use MorganGenerator
[19:17:26] DEPRECATION WARNING: please use MorganGenerator
[19:17:26] DEPRECATION WARNING: please use MorganGenerator
[19:17:26] DEPRECATION WARNING: please use MorganGenerator
[19:17:26] DEPRECATION WARNING: please use MorganGenerator
[19:17:26] DEPRECATION WARNING: please use MorganGenerator
[19:17:26] DEPRECATION WARNING: please use MorganGenerator
[19:17:26] DEPRECATION WARNING: please use MorganGenerator
[19:17:26] DEPRECATION WARNING: please use MorganGenerator
[19:17:27] DEPRECATION WARNING: please use MorganGenerator
[19:17:27] DEPRECATION WARNING: please use MorganGenerator
[19:17:27] DEPRECATION WARNING: please use MorganGenerator
[19:17:27] DEPRECATION WARNING: please use MorganGenerator
[19:17:27] DEPRECATION WARNING: please use MorganGenerator
[19:17:27] DEPRECATION WARNING: please use MorganGenerator
[19:17:27] DEPRECATION WARNING: please use MorganGenerator
[19:17:27] DEPRECATION WARNING: please use MorganGenerator
[19:17:27] DEPRECATION WARNING: please use MorganGenerator
[19:17:27] DEPRECATION WARNING: please use MorganGenerator
[19:17:27] DEPRECATION WARNING: please use MorganGenerator
[19:17:27] DEPRECATION WARNING: please use MorganGenerator
[19:17:27] DEPRECATION WARNING: please use MorganGenerator
[19:17:27] DEPRECATION WARNING: please use MorganGenerator
[19:17:27] DEPRECATION WARNING: please use MorganGenerator
[19:17:27] DEPRECATION WARNING: please use MorganGenerator
[19:17:27] DEPRECATION WARNING: please use MorganGenerator
[19:17:27] DEPRECATION WARNING: please use MorganGenerator
[19:17:27] DEPRECATION WARNING: please use MorganGenerator
[19:17:27] DEPRECATION WARNING: please use MorganGenerator
[19:17:27] DEPRECATION WARNING: please use MorganGenerator
[19:17:27] DEPRECATION WARNING: please use MorganGenerator
[19:17:27] DEPRECATION WARNING: please use MorganGenerator
[19:17:27] DEPRECATION WARNING: please use MorganGenerator
[19:17:27] DEPRECATION WARNING: please use MorganGenerator
[19:17:27] DEPRECATION WARNING: please use MorganGenerator
[19:17:27] DEPRECATION WARNING: please use MorganGenerator
[19:17:27] DEPRECATION WARNING: please use MorganGenerator
[19:17:27] DEPRECATION WARNING: please use MorganGenerator
[19:17:27] DEPRECATION WARNING: please use MorganGenerator
[19:17:27] DEPRECATION WARNING: please use MorganGenerator
[19:17:27] DEPRECATION WARNING: please use MorganGenerator
[19:17:27] DEPRECATION WARNING: please use MorganGenerator
[19:17:27] DEPRECATION WARNING: please use MorganGenerator
[19:17:27] DEPRECATION WARNING: please use MorganGenerator
[19:17:27] DEPRECATION WARNING: please use MorganGenerator
[19:17:27] DEPRECATION WARNING: please use MorganGenerator
[19:17:27] DEPRECATION WARNING: please use MorganGenerator
[19:17:27] DEPRECATION WARNING: please use MorganGenerator
[19:17:27] DEPRECATION WARNING: please use MorganGenerator
[19:17:27] DEPRECATION WARNING: please use MorganGenerator
[19:17:27] DEPRECATION WARNING: please use MorganGenerator
[19:17:27] DEPRECATION WARNING: please use MorganGenerator
[19:17:27] DEPRECATION WARNING: please use MorganGenerator
[19:17:27] DEPRECATION WARNING: please use MorganGenerator
[19:17:27] DEPRECATION WARNING: please use MorganGenerator
[19:17:27] DEPRECATION WARNING: please use MorganGenerator
[19:17:27] DEPRECATION WARNING: please use MorganGenerator
[19:17:27] DEPRECATION WARNING: please use MorganGenerator
[19:17:27] DEPRECATION WARNING: please use MorganGenerator
[19:17:27] DEPRECATION WARNING: please use MorganGenerator
[19:17:27] DEPRECATION WARNING: please use MorganGenerator
[19:17:27] DEPRECATION WARNING: please use MorganGenerator
[19:17:27] DEPRECATION WARNING: please use MorganGenerator
[19:17:27] DEPRECATION WARNING: please use MorganGenerator
[19:17:27] DEPRECATION WARNING: please use MorganGenerator
[19:17:27] DEPRECATION WARNING: please use MorganGenerator
[19:17:27] DEPRECATION WARNING: please use MorganGenerator
[19:17:27] DEPRECATION WARNING: please use MorganGenerator
[19:17:27] DEPRECATION WARNING: please use MorganGenerator
[19:17:27] DEPRECATION WARNING: please use MorganGenerator
[19:17:27] DEPRECATION WARNING: please use MorganGenerator
[19:17:27] DEPRECATION WARNING: please use MorganGenerator
[19:17:27] DEPRECATION WARNING: please use MorganGenerator
[19:17:27] DEPRECATION WARNING: please use MorganGenerator
[19:17:27] DEPRECATION WARNING: please use MorganGenerator
[19:17:27] DEPRECATION WARNING: please use MorganGenerator
[19:17:27] DEPRECATION WARNING: please use MorganGenerator
[19:17:27] DEPRECATION WARNING: please use MorganGenerator
[19:17:27] DEPRECATION WARNING: please use MorganGenerator
[19:17:27] DEPRECATION WARNING: please use MorganGenerator
[19:17:27] DEPRECATION WARNING: please use MorganGenerator
[19:17:27] DEPRECATION WARNING: please use MorganGenerator
[19:17:27] DEPRECATION WARNING: please use MorganGenerator
[19:17:27] DEPRECATION WARNING: please use MorganGenerator
[19:17:27] DEPRECATION WARNING: please use MorganGenerator
[19:17:27] DEPRECATION WARNING: please use MorganGenerator
[19:17:27] DEPRECATION WARNING: please use MorganGenerator
[19:17:27] DEPRECATION WARNING: please use MorganGenerator
[19:17:27] DEPRECATION WARNING: please use MorganGenerator
[19:17:27] DEPRECATION WARNING: please use MorganGenerator
[19:17:27] DEPRECATION WARNING: please use MorganGenerator
[19:17:27] DEPRECATION WARNING: please use MorganGenerator
[19:17:27] DEPRECATION WARNING: please use MorganGenerator
[19:17:27] DEPRECATION WARNING: please use MorganGenerator
[19:17:27] DEPRECATION WARNING: please use MorganGenerator
[19:17:27] DEPRECATION WARNING: please use MorganGenerator
[19:17:27] DEPRECATION WARNING: please use MorganGenerator
[19:17:27] DEPRECATION WARNING: please use MorganGenerator
[19:17:27] DEPRECATION WARNING: please use MorganGenerator
[19:17:27] DEPRECATION WARNING: please use MorganGenerator
[19:17:27] DEPRECATION WARNING: please use MorganGenerator
[19:17:27] DEPRECATION WARNING: please use MorganGenerator
[19:17:27] DEPRECATION WARNING: please use MorganGenerator
[19:17:27] DEPRECATION WARNING: please use MorganGenerator
[19:17:27] DEPRECATION WARNING: please use MorganGenerator
[19:17:27] DEPRECATION WARNING: please use MorganGenerator
[19:17:27] DEPRECATION WARNING: please use MorganGenerator
[19:17:27] DEPRECATION WARNING: please use MorganGenerator
[19:17:27] DEPRECATION WARNING: please use MorganGenerator
[19:17:27] DEPRECATION WARNING: please use MorganGenerator
[19:17:27] DEPRECATION WARNING: please use MorganGenerator
[19:17:27] DEPRECATION WARNING: please use MorganGenerator
[19:17:27] DEPRECATION WARNING: please use MorganGenerator
[19:17:27] DEPRECATION WARNING: please use MorganGenerator
[19:17:27] DEPRECATION WARNING: please use MorganGenerator
[19:17:27] DEPRECATION WARNING: please use MorganGenerator
[19:17:28] DEPRECATION WARNING: please use MorganGenerator
[19:17:28] DEPRECATION WARNING: please use MorganGenerator
[19:17:28] DEPRECATION WARNING: please use MorganGenerator
[19:17:28] DEPRECATION WARNING: please use MorganGenerator
[19:17:28] DEPRECATION WARNING: please use MorganGenerator
[19:17:28] DEPRECATION WARNING: please use MorganGenerator
[19:17:28] DEPRECATION WARNING: please use MorganGenerator
[19:17:28] DEPRECATION WARNING: please use MorganGenerator
[19:17:28] DEPRECATION WARNING: please use MorganGenerator
[19:17:28] DEPRECATION WARNING: please use MorganGenerator
[19:17:28] DEPRECATION WARNING: please use MorganGenerator
[19:17:28] DEPRECATION WARNING: please use MorganGenerator
[19:17:28] DEPRECATION WARNING: please use MorganGenerator
[19:17:28] DEPRECATION WARNING: please use MorganGenerator
[19:17:28] DEPRECATION WARNING: please use MorganGenerator
[19:17:28] DEPRECATION WARNING: please use MorganGenerator
[19:17:28] DEPRECATION WARNING: please use MorganGenerator
[19:17:28] DEPRECATION WARNING: please use MorganGenerator
[19:17:28] DEPRECATION WARNING: please use MorganGenerator
[19:17:28] DEPRECATION WARNING: please use MorganGenerator
[19:17:28] DEPRECATION WARNING: please use MorganGenerator
[19:17:28] DEPRECATION WARNING: please use MorganGenerator
[19:17:28] DEPRECATION WARNING: please use MorganGenerator
[19:17:28] DEPRECATION WARNING: please use MorganGenerator
[19:17:28] DEPRECATION WARNING: please use MorganGenerator
[19:17:28] DEPRECATION WARNING: please use MorganGenerator
[19:17:28] DEPRECATION WARNING: please use MorganGenerator
[19:17:28] DEPRECATION WARNING: please use MorganGenerator
[19:17:28] DEPRECATION WARNING: please use MorganGenerator
[19:17:28] DEPRECATION WARNING: please use MorganGenerator
[19:17:28] DEPRECATION WARNING: please use MorganGenerator
[19:17:28] DEPRECATION WARNING: please use MorganGenerator
[19:17:28] DEPRECATION WARNING: please use MorganGenerator
[19:17:28] DEPRECATION WARNING: please use MorganGenerator
[19:17:28] DEPRECATION WARNING: please use MorganGenerator
[19:17:28] DEPRECATION WARNING: please use MorganGenerator
[19:17:28] DEPRECATION WARNING: please use MorganGenerator
[19:17:28] DEPRECATION WARNING: please use MorganGenerator
[19:17:28] DEPRECATION WARNING: please use MorganGenerator
[19:17:28] DEPRECATION WARNING: please use MorganGenerator
[19:17:28] DEPRECATION WARNING: please use MorganGenerator
[19:17:28] DEPRECATION WARNING: please use MorganGenerator
[19:17:28] DEPRECATION WARNING: please use MorganGenerator
[19:17:28] DEPRECATION WARNING: please use MorganGenerator
[19:17:28] DEPRECATION WARNING: please use MorganGenerator
[19:17:28] DEPRECATION WARNING: please use MorganGenerator
[19:17:28] DEPRECATION WARNING: please use MorganGenerator
[19:17:28] DEPRECATION WARNING: please use MorganGenerator
[19:17:28] DEPRECATION WARNING: please use MorganGenerator
[19:17:28] DEPRECATION WARNING: please use MorganGenerator
[19:17:28] DEPRECATION WARNING: please use MorganGenerator
[19:17:28] DEPRECATION WARNING: please use MorganGenerator
[19:17:28] DEPRECATION WARNING: please use MorganGenerator
[19:17:28] DEPRECATION WARNING: please use MorganGenerator
[19:17:28] DEPRECATION WARNING: please use MorganGenerator
[19:17:28] DEPRECATION WARNING: please use MorganGenerator
[19:17:28] DEPRECATION WARNING: please use MorganGenerator
[19:17:28] DEPRECATION WARNING: please use MorganGenerator
[19:17:28] DEPRECATION WARNING: please use MorganGenerator
[19:17:28] DEPRECATION WARNING: please use MorganGenerator
[19:17:28] DEPRECATION WARNING: please use MorganGenerator
[19:17:28] DEPRECATION WARNING: please use MorganGenerator
[19:17:28] DEPRECATION WARNING: please use MorganGenerator
[19:17:28] DEPRECATION WARNING: please use MorganGenerator
[19:17:28] Explicit valence for atom # 1 N, 5, is greater than permitted
[19:17:28] DEPRECATION WARNING: please use MorganGenerator
[19:17:28] DEPRECATION WARNING: please use MorganGenerator
[19:17:28] DEPRECATION WARNING: please use MorganGenerator
[19:17:28] DEPRECATION WARNING: please use MorganGenerator
[19:17:28] DEPRECATION WARNING: please use MorganGenerator
[19:17:28] DEPRECATION WARNING: please use MorganGenerator
[19:17:28] DEPRECATION WARNING: please use MorganGenerator
[19:17:28] DEPRECATION WARNING: please use MorganGenerator
[19:17:28] DEPRECATION WARNING: please use MorganGenerator
[19:17:28] DEPRECATION WARNING: please use MorganGenerator
[19:17:28] DEPRECATION WARNING: please use MorganGenerator
[19:17:28] DEPRECATION WARNING: please use MorganGenerator
[19:17:28] DEPRECATION WARNING: please use MorganGenerator
[19:17:28] DEPRECATION WARNING: please use MorganGenerator
[19:17:28] DEPRECATION WARNING: please use MorganGenerator
[19:17:28] DEPRECATION WARNING: please use MorganGenerator
[19:17:28] DEPRECATION WARNING: please use MorganGenerator
[19:17:28] DEPRECATION WARNING: please use MorganGenerator
[19:17:28] DEPRECATION WARNING: please use MorganGenerator
[19:17:28] DEPRECATION WARNING: please use MorganGenerator
[19:17:28] DEPRECATION WARNING: please use MorganGenerator
[19:17:28] DEPRECATION WARNING: please use MorganGenerator
[19:17:28] DEPRECATION WARNING: please use MorganGenerator
[19:17:28] DEPRECATION WARNING: please use MorganGenerator
[19:17:28] DEPRECATION WARNING: please use MorganGenerator
[19:17:28] DEPRECATION WARNING: please use MorganGenerator
[19:17:28] DEPRECATION WARNING: please use MorganGenerator
[19:17:28] DEPRECATION WARNING: please use MorganGenerator
[19:17:28] DEPRECATION WARNING: please use MorganGenerator
[19:17:28] DEPRECATION WARNING: please use MorganGenerator
[19:17:28] DEPRECATION WARNING: please use MorganGenerator
[19:17:28] DEPRECATION WARNING: please use MorganGenerator
[19:17:28] DEPRECATION WARNING: please use MorganGenerator
[19:17:28] DEPRECATION WARNING: please use MorganGenerator
[19:17:28] DEPRECATION WARNING: please use MorganGenerator
[19:17:28] DEPRECATION WARNING: please use MorganGenerator
[19:17:28] DEPRECATION WARNING: please use MorganGenerator
[19:17:28] DEPRECATION WARNING: please use MorganGenerator
[19:17:28] DEPRECATION WARNING: please use MorganGenerator
[19:17:28] DEPRECATION WARNING: please use MorganGenerator
[19:17:28] DEPRECATION WARNING: please use MorganGenerator
[19:17:28] DEPRECATION WARNING: please use MorganGenerator
[19:17:28] DEPRECATION WARNING: please use MorganGenerator
[19:17:28] DEPRECATION WARNING: please use MorganGenerator
[19:17:28] DEPRECATION WARNING: please use MorganGenerator
[19:17:28] DEPRECATION WARNING: please use MorganGenerator
[19:17:28] DEPRECATION WARNING: please use MorganGenerator
[19:17:28] DEPRECATION WARNING: please use MorganGenerator
[19:17:28] DEPRECATION WARNING: please use MorganGenerator
[19:17:28] DEPRECATION WARNING: please use MorganGenerator
[19:17:28] DEPRECATION WARNING: please use MorganGenerator
[19:17:28] DEPRECATION WARNING: please use MorganGenerator
[19:17:28] DEPRECATION WARNING: please use MorganGenerator
[19:17:28] DEPRECATION WARNING: please use MorganGenerator
[19:17:28] DEPRECATION WARNING: please use MorganGenerator
[19:17:28] DEPRECATION WARNING: please use MorganGenerator
[19:17:28] DEPRECATION WARNING: please use MorganGenerator
[19:17:28] DEPRECATION WARNING: please use MorganGenerator
[19:17:28] DEPRECATION WARNING: please use MorganGenerator
[19:17:28] DEPRECATION WARNING: please use MorganGenerator
[19:17:28] DEPRECATION WARNING: please use MorganGenerator
[19:17:28] DEPRECATION WARNING: please use MorganGenerator
[19:17:28] DEPRECATION WARNING: please use MorganGenerator
[19:17:29] DEPRECATION WARNING: please use MorganGenerator
[19:17:29] DEPRECATION WARNING: please use MorganGenerator
[19:17:29] DEPRECATION WARNING: please use MorganGenerator
[19:17:29] DEPRECATION WARNING: please use MorganGenerator
[19:17:29] DEPRECATION WARNING: please use MorganGenerator
[19:17:29] DEPRECATION WARNING: please use MorganGenerator
[19:17:29] DEPRECATION WARNING: please use MorganGenerator
[19:17:29] DEPRECATION WARNING: please use MorganGenerator
[19:17:29] DEPRECATION WARNING: please use MorganGenerator
[19:17:29] DEPRECATION WARNING: please use MorganGenerator
[19:17:29] DEPRECATION WARNING: please use MorganGenerator
[19:17:29] DEPRECATION WARNING: please use MorganGenerator
[19:17:29] DEPRECATION WARNING: please use MorganGenerator
[19:17:29] DEPRECATION WARNING: please use MorganGenerator
[19:17:29] DEPRECATION WARNING: please use MorganGenerator
[19:17:29] DEPRECATION WARNING: please use MorganGenerator
[19:17:29] DEPRECATION WARNING: please use MorganGenerator
[19:17:29] DEPRECATION WARNING: please use MorganGenerator
[19:17:29] DEPRECATION WARNING: please use MorganGenerator
[19:17:29] DEPRECATION WARNING: please use MorganGenerator
[19:17:29] DEPRECATION WARNING: please use MorganGenerator
[19:17:29] DEPRECATION WARNING: please use MorganGenerator
[19:17:29] DEPRECATION WARNING: please use MorganGenerator
[19:17:29] DEPRECATION WARNING: please use MorganGenerator
[19:17:29] DEPRECATION WARNING: please use MorganGenerator
[19:17:29] DEPRECATION WARNING: please use MorganGenerator
[19:17:29] DEPRECATION WARNING: please use MorganGenerator
[19:17:29] DEPRECATION WARNING: please use MorganGenerator
[19:17:29] DEPRECATION WARNING: please use MorganGenerator
[19:17:29] DEPRECATION WARNING: please use MorganGenerator
[19:17:29] DEPRECATION WARNING: please use MorganGenerator
[19:17:29] DEPRECATION WARNING: please use MorganGenerator
[19:17:29] DEPRECATION WARNING: please use MorganGenerator
[19:17:29] DEPRECATION WARNING: please use MorganGenerator
[19:17:29] DEPRECATION WARNING: please use MorganGenerator
[19:17:29] DEPRECATION WARNING: please use MorganGenerator
[19:17:29] DEPRECATION WARNING: please use MorganGenerator
[19:17:29] DEPRECATION WARNING: please use MorganGenerator
[19:17:29] DEPRECATION WARNING: please use MorganGenerator
[19:17:29] DEPRECATION WARNING: please use MorganGenerator
[19:17:29] DEPRECATION WARNING: please use MorganGenerator
[19:17:29] DEPRECATION WARNING: please use MorganGenerator
[19:17:29] DEPRECATION WARNING: please use MorganGenerator
[19:17:29] DEPRECATION WARNING: please use MorganGenerator
[19:17:29] DEPRECATION WARNING: please use MorganGenerator
[19:17:29] DEPRECATION WARNING: please use MorganGenerator
[19:17:29] DEPRECATION WARNING: please use MorganGenerator
[19:17:29] DEPRECATION WARNING: please use MorganGenerator
[19:17:29] DEPRECATION WARNING: please use MorganGenerator
[19:17:29] DEPRECATION WARNING: please use MorganGenerator
[19:17:29] DEPRECATION WARNING: please use MorganGenerator
[19:17:29] DEPRECATION WARNING: please use MorganGenerator
[19:17:29] DEPRECATION WARNING: please use MorganGenerator
[19:17:29] DEPRECATION WARNING: please use MorganGenerator
[19:17:29] DEPRECATION WARNING: please use MorganGenerator
[19:17:29] DEPRECATION WARNING: please use MorganGenerator
[19:17:29] DEPRECATION WARNING: please use MorganGenerator
[19:17:29] DEPRECATION WARNING: please use MorganGenerator
[19:17:29] DEPRECATION WARNING: please use MorganGenerator
[19:17:29] DEPRECATION WARNING: please use MorganGenerator
[19:17:29] DEPRECATION WARNING: please use MorganGenerator
[19:17:29] DEPRECATION WARNING: please use MorganGenerator
[19:17:29] DEPRECATION WARNING: please use MorganGenerator
[19:17:29] DEPRECATION WARNING: please use MorganGenerator
[19:17:29] DEPRECATION WARNING: please use MorganGenerator
[19:17:29] DEPRECATION WARNING: please use MorganGenerator
[19:17:29] DEPRECATION WARNING: please use MorganGenerator
[19:17:29] DEPRECATION WARNING: please use MorganGenerator
[19:17:29] DEPRECATION WARNING: please use MorganGenerator
[19:17:29] DEPRECATION WARNING: please use MorganGenerator
[19:17:29] DEPRECATION WARNING: please use MorganGenerator
[19:17:29] DEPRECATION WARNING: please use MorganGenerator
[19:17:29] DEPRECATION WARNING: please use MorganGenerator
[19:17:29] DEPRECATION WARNING: please use MorganGenerator
[19:17:29] DEPRECATION WARNING: please use MorganGenerator
[19:17:29] DEPRECATION WARNING: please use MorganGenerator
[19:17:29] DEPRECATION WARNING: please use MorganGenerator
[19:17:29] DEPRECATION WARNING: please use MorganGenerator
[19:17:29] DEPRECATION WARNING: please use MorganGenerator
[19:17:29] DEPRECATION WARNING: please use MorganGenerator
[19:17:29] DEPRECATION WARNING: please use MorganGenerator
[19:17:29] DEPRECATION WARNING: please use MorganGenerator
[19:17:29] DEPRECATION WARNING: please use MorganGenerator
[19:17:29] DEPRECATION WARNING: please use MorganGenerator
[19:17:29] DEPRECATION WARNING: please use MorganGenerator
[19:17:29] DEPRECATION WARNING: please use MorganGenerator
[19:17:29] DEPRECATION WARNING: please use MorganGenerator
[19:17:29] DEPRECATION WARNING: please use MorganGenerator
[19:17:29] DEPRECATION WARNING: please use MorganGenerator
[19:17:29] DEPRECATION WARNING: please use MorganGenerator
[19:17:29] DEPRECATION WARNING: please use MorganGenerator
[19:17:29] DEPRECATION WARNING: please use MorganGenerator
[19:17:29] DEPRECATION WARNING: please use MorganGenerator
[19:17:29] DEPRECATION WARNING: please use MorganGenerator
[19:17:29] DEPRECATION WARNING: please use MorganGenerator
[19:17:29] DEPRECATION WARNING: please use MorganGenerator
[19:17:29] DEPRECATION WARNING: please use MorganGenerator
[19:17:29] DEPRECATION WARNING: please use MorganGenerator
[19:17:29] DEPRECATION WARNING: please use MorganGenerator
[19:17:29] DEPRECATION WARNING: please use MorganGenerator
[19:17:29] DEPRECATION WARNING: please use MorganGenerator
[19:17:29] DEPRECATION WARNING: please use MorganGenerator
[19:17:29] DEPRECATION WARNING: please use MorganGenerator
[19:17:29] DEPRECATION WARNING: please use MorganGenerator
[19:17:29] DEPRECATION WARNING: please use MorganGenerator
[19:17:29] DEPRECATION WARNING: please use MorganGenerator
[19:17:29] DEPRECATION WARNING: please use MorganGenerator
[19:17:29] DEPRECATION WARNING: please use MorganGenerator
[19:17:29] DEPRECATION WARNING: please use MorganGenerator
[19:17:29] DEPRECATION WARNING: please use MorganGenerator
[19:17:29] DEPRECATION WARNING: please use MorganGenerator
[19:17:29] DEPRECATION WARNING: please use MorganGenerator
[19:17:29] DEPRECATION WARNING: please use MorganGenerator
[19:17:29] DEPRECATION WARNING: please use MorganGenerator
[19:17:29] DEPRECATION WARNING: please use MorganGenerator
[19:17:29] DEPRECATION WARNING: please use MorganGenerator
[19:17:29] DEPRECATION WARNING: please use MorganGenerator
[19:17:29] DEPRECATION WARNING: please use MorganGenerator
[19:17:29] DEPRECATION WARNING: please use MorganGenerator
[19:17:30] DEPRECATION WARNING: please use MorganGenerator
[19:17:30] DEPRECATION WARNING: please use MorganGenerator
[19:17:30] DEPRECATION WARNING: please use MorganGenerator
[19:17:30] DEPRECATION WARNING: please use MorganGenerator
[19:17:30] DEPRECATION WARNING: please use MorganGenerator
[19:17:30] DEPRECATION WARNING: please use MorganGenerator
[19:17:30] DEPRECATION WARNING: please use MorganGenerator
[19:17:30] DEPRECATION WARNING: please use MorganGenerator
[19:17:30] DEPRECATION WARNING: please use MorganGenerator
[19:17:30] DEPRECATION WARNING: please use MorganGenerator
[19:17:30] DEPRECATION WARNING: please use MorganGenerator
[19:17:30] DEPRECATION WARNING: please use MorganGenerator
[19:17:30] DEPRECATION WARNING: please use MorganGenerator
[19:17:30] DEPRECATION WARNING: please use MorganGenerator
[19:17:30] DEPRECATION WARNING: please use MorganGenerator
[19:17:30] DEPRECATION WARNING: please use MorganGenerator
[19:17:30] DEPRECATION WARNING: please use MorganGenerator
[19:17:30] DEPRECATION WARNING: please use MorganGenerator
[19:17:30] DEPRECATION WARNING: please use MorganGenerator
[19:17:30] DEPRECATION WARNING: please use MorganGenerator
[19:17:30] DEPRECATION WARNING: please use MorganGenerator
[19:17:30] DEPRECATION WARNING: please use MorganGenerator
[19:17:30] DEPRECATION WARNING: please use MorganGenerator
[19:17:30] DEPRECATION WARNING: please use MorganGenerator
[19:17:30] DEPRECATION WARNING: please use MorganGenerator
[19:17:30] DEPRECATION WARNING: please use MorganGenerator
[19:17:30] DEPRECATION WARNING: please use MorganGenerator
[19:17:30] DEPRECATION WARNING: please use MorganGenerator
[19:17:30] DEPRECATION WARNING: please use MorganGenerator
[19:17:30] DEPRECATION WARNING: please use MorganGenerator
[19:17:30] DEPRECATION WARNING: please use MorganGenerator
[19:17:30] DEPRECATION WARNING: please use MorganGenerator
[19:17:30] DEPRECATION WARNING: please use MorganGenerator
[19:17:30] DEPRECATION WARNING: please use MorganGenerator
[19:17:30] DEPRECATION WARNING: please use MorganGenerator
[19:17:30] DEPRECATION WARNING: please use MorganGenerator
[19:17:30] DEPRECATION WARNING: please use MorganGenerator
[19:17:30] DEPRECATION WARNING: please use MorganGenerator
[19:17:30] DEPRECATION WARNING: please use MorganGenerator
[19:17:30] DEPRECATION WARNING: please use MorganGenerator
[19:17:30] DEPRECATION WARNING: please use MorganGenerator
[19:17:30] DEPRECATION WARNING: please use MorganGenerator
[19:17:30] DEPRECATION WARNING: please use MorganGenerator
[19:17:30] DEPRECATION WARNING: please use MorganGenerator
[19:17:30] DEPRECATION WARNING: please use MorganGenerator
[19:17:30] DEPRECATION WARNING: please use MorganGenerator
[19:17:30] DEPRECATION WARNING: please use MorganGenerator
[19:17:30] DEPRECATION WARNING: please use MorganGenerator
[19:17:30] DEPRECATION WARNING: please use MorganGenerator
[19:17:30] DEPRECATION WARNING: please use MorganGenerator
[19:17:30] DEPRECATION WARNING: please use MorganGenerator
[19:17:30] DEPRECATION WARNING: please use MorganGenerator
[19:17:30] DEPRECATION WARNING: please use MorganGenerator
[19:17:30] DEPRECATION WARNING: please use MorganGenerator
[19:17:30] DEPRECATION WARNING: please use MorganGenerator
[19:17:30] DEPRECATION WARNING: please use MorganGenerator
[19:17:30] DEPRECATION WARNING: please use MorganGenerator
[19:17:30] DEPRECATION WARNING: please use MorganGenerator
[19:17:30] DEPRECATION WARNING: please use MorganGenerator
[19:17:30] DEPRECATION WARNING: please use MorganGenerator
[19:17:30] DEPRECATION WARNING: please use MorganGenerator
[19:17:30] DEPRECATION WARNING: please use MorganGenerator
[19:17:30] DEPRECATION WARNING: please use MorganGenerator
[19:17:30] DEPRECATION WARNING: please use MorganGenerator
[19:17:30] DEPRECATION WARNING: please use MorganGenerator
[19:17:30] DEPRECATION WARNING: please use MorganGenerator
[19:17:30] DEPRECATION WARNING: please use MorganGenerator
[19:17:30] DEPRECATION WARNING: please use MorganGenerator
[19:17:30] DEPRECATION WARNING: please use MorganGenerator
[19:17:30] DEPRECATION WARNING: please use MorganGenerator
[19:17:30] DEPRECATION WARNING: please use MorganGenerator
[19:17:30] DEPRECATION WARNING: please use MorganGenerator
[19:17:30] DEPRECATION WARNING: please use MorganGenerator
[19:17:30] DEPRECATION WARNING: please use MorganGenerator
[19:17:30] DEPRECATION WARNING: please use MorganGenerator
[19:17:30] DEPRECATION WARNING: please use MorganGenerator
[19:17:30] DEPRECATION WARNING: please use MorganGenerator
[19:17:30] DEPRECATION WARNING: please use MorganGenerator
[19:17:30] DEPRECATION WARNING: please use MorganGenerator
[19:17:30] DEPRECATION WARNING: please use MorganGenerator
[19:17:30] DEPRECATION WARNING: please use MorganGenerator
[19:17:30] DEPRECATION WARNING: please use MorganGenerator
[19:17:30] DEPRECATION WARNING: please use MorganGenerator
[19:17:30] DEPRECATION WARNING: please use MorganGenerator
[19:17:30] DEPRECATION WARNING: please use MorganGenerator
[19:17:30] DEPRECATION WARNING: please use MorganGenerator
[19:17:30] DEPRECATION WARNING: please use MorganGenerator
[19:17:30] DEPRECATION WARNING: please use MorganGenerator
[19:17:30] DEPRECATION WARNING: please use MorganGenerator
[19:17:30] DEPRECATION WARNING: please use MorganGenerator
[19:17:30] DEPRECATION WARNING: please use MorganGenerator
[19:17:30] DEPRECATION WARNING: please use MorganGenerator
[19:17:30] DEPRECATION WARNING: please use MorganGenerator
[19:17:30] DEPRECATION WARNING: please use MorganGenerator
[19:17:30] DEPRECATION WARNING: please use MorganGenerator
[19:17:30] DEPRECATION WARNING: please use MorganGenerator
[19:17:30] DEPRECATION WARNING: please use MorganGenerator
[19:17:30] DEPRECATION WARNING: please use MorganGenerator
[19:17:30] DEPRECATION WARNING: please use MorganGenerator
[19:17:30] DEPRECATION WARNING: please use MorganGenerator
[19:17:30] DEPRECATION WARNING: please use MorganGenerator
[19:17:30] DEPRECATION WARNING: please use MorganGenerator
[19:17:30] DEPRECATION WARNING: please use MorganGenerator
[19:17:30] DEPRECATION WARNING: please use MorganGenerator
[19:17:30] DEPRECATION WARNING: please use MorganGenerator
[19:17:30] DEPRECATION WARNING: please use MorganGenerator
[19:17:30] DEPRECATION WARNING: please use MorganGenerator
[19:17:30] DEPRECATION WARNING: please use MorganGenerator
[19:17:30] DEPRECATION WARNING: please use MorganGenerator
[19:17:30] DEPRECATION WARNING: please use MorganGenerator
[19:17:30] DEPRECATION WARNING: please use MorganGenerator
[19:17:30] DEPRECATION WARNING: please use MorganGenerator
[19:17:30] DEPRECATION WARNING: please use MorganGenerator
[19:17:30] DEPRECATION WARNING: please use MorganGenerator
[19:17:30] DEPRECATION WARNING: please use MorganGenerator
[19:17:30] DEPRECATION WARNING: please use MorganGenerator
[19:17:30] DEPRECATION WARNING: please use MorganGenerator
[19:17:30] DEPRECATION WARNING: please use MorganGenerator
[19:17:30] DEPRECATION WARNING: please use MorganGenerator
[19:17:30] DEPRECATION WARNING: please use MorganGenerator
[19:17:30] DEPRECATION WARNING: please use MorganGenerator
[19:17:30] DEPRECATION WARNING: please use MorganGenerator
[19:17:30] DEPRECATION WARNING: please use MorganGenerator
[19:17:30] DEPRECATION WARNING: please use MorganGenerator
[19:17:30] DEPRECATION WARNING: please use MorganGenerator
[19:17:31] DEPRECATION WARNING: please use MorganGenerator
[19:17:31] DEPRECATION WARNING: please use MorganGenerator
[19:17:31] DEPRECATION WARNING: please use MorganGenerator
[19:17:31] DEPRECATION WARNING: please use MorganGenerator
[19:17:31] DEPRECATION WARNING: please use MorganGenerator
[19:17:31] DEPRECATION WARNING: please use MorganGenerator
[19:17:31] DEPRECATION WARNING: please use MorganGenerator
[19:17:31] DEPRECATION WARNING: please use MorganGenerator
[19:17:31] DEPRECATION WARNING: please use MorganGenerator
[19:17:31] DEPRECATION WARNING: please use MorganGenerator
[19:17:31] DEPRECATION WARNING: please use MorganGenerator
[19:17:31] DEPRECATION WARNING: please use MorganGenerator
[19:17:31] DEPRECATION WARNING: please use MorganGenerator
[19:17:31] DEPRECATION WARNING: please use MorganGenerator
[19:17:31] DEPRECATION WARNING: please use MorganGenerator
[19:17:31] DEPRECATION WARNING: please use MorganGenerator
[19:17:31] DEPRECATION WARNING: please use MorganGenerator
[19:17:31] DEPRECATION WARNING: please use MorganGenerator
[19:17:31] DEPRECATION WARNING: please use MorganGenerator
[19:17:31] DEPRECATION WARNING: please use MorganGenerator
[19:17:31] DEPRECATION WARNING: please use MorganGenerator
[19:17:31] DEPRECATION WARNING: please use MorganGenerator
[19:17:31] DEPRECATION WARNING: please use MorganGenerator
[19:17:31] DEPRECATION WARNING: please use MorganGenerator
[19:17:31] DEPRECATION WARNING: please use MorganGenerator
[19:17:31] DEPRECATION WARNING: please use MorganGenerator
[19:17:31] DEPRECATION WARNING: please use MorganGenerator
[19:17:31] DEPRECATION WARNING: please use MorganGenerator
[19:17:31] DEPRECATION WARNING: please use MorganGenerator
[19:17:31] DEPRECATION WARNING: please use MorganGenerator
[19:17:31] DEPRECATION WARNING: please use MorganGenerator
[19:17:31] DEPRECATION WARNING: please use MorganGenerator
[19:17:31] DEPRECATION WARNING: please use MorganGenerator
[19:17:31] DEPRECATION WARNING: please use MorganGenerator
[19:17:31] DEPRECATION WARNING: please use MorganGenerator
[19:17:31] DEPRECATION WARNING: please use MorganGenerator
[19:17:31] DEPRECATION WARNING: please use MorganGenerator
[19:17:31] DEPRECATION WARNING: please use MorganGenerator
[19:17:31] DEPRECATION WARNING: please use MorganGenerator
[19:17:31] DEPRECATION WARNING: please use MorganGenerator
[19:17:31] DEPRECATION WARNING: please use MorganGenerator
[19:17:31] DEPRECATION WARNING: please use MorganGenerator
[19:17:31] DEPRECATION WARNING: please use MorganGenerator
[19:17:31] DEPRECATION WARNING: please use MorganGenerator
[19:17:31] DEPRECATION WARNING: please use MorganGenerator
[19:17:31] DEPRECATION WARNING: please use MorganGenerator
[19:17:31] DEPRECATION WARNING: please use MorganGenerator
[19:17:31] DEPRECATION WARNING: please use MorganGenerator
[19:17:31] DEPRECATION WARNING: please use MorganGenerator
[19:17:31] DEPRECATION WARNING: please use MorganGenerator
[19:17:31] DEPRECATION WARNING: please use MorganGenerator
[19:17:31] DEPRECATION WARNING: please use MorganGenerator
[19:17:31] DEPRECATION WARNING: please use MorganGenerator
[19:17:31] DEPRECATION WARNING: please use MorganGenerator
[19:17:31] DEPRECATION WARNING: please use MorganGenerator
[19:17:31] DEPRECATION WARNING: please use MorganGenerator
[19:17:31] DEPRECATION WARNING: please use MorganGenerator
[19:17:31] DEPRECATION WARNING: please use MorganGenerator
[19:17:31] DEPRECATION WARNING: please use MorganGenerator
[19:17:31] DEPRECATION WARNING: please use MorganGenerator
[19:17:31] DEPRECATION WARNING: please use MorganGenerator
[19:17:31] DEPRECATION WARNING: please use MorganGenerator
[19:17:31] DEPRECATION WARNING: please use MorganGenerator
[19:17:31] DEPRECATION WARNING: please use MorganGenerator
[19:17:31] DEPRECATION WARNING: please use MorganGenerator
[19:17:31] DEPRECATION WARNING: please use MorganGenerator
[19:17:31] DEPRECATION WARNING: please use MorganGenerator
[19:17:31] DEPRECATION WARNING: please use MorganGenerator
[19:17:31] DEPRECATION WARNING: please use MorganGenerator
[19:17:31] DEPRECATION WARNING: please use MorganGenerator
[19:17:31] DEPRECATION WARNING: please use MorganGenerator
[19:17:31] DEPRECATION WARNING: please use MorganGenerator
[19:17:31] DEPRECATION WARNING: please use MorganGenerator
[19:17:31] DEPRECATION WARNING: please use MorganGenerator
[19:17:31] DEPRECATION WARNING: please use MorganGenerator
[19:17:31] DEPRECATION WARNING: please use MorganGenerator
[19:17:31] DEPRECATION WARNING: please use MorganGenerator
[19:17:31] DEPRECATION WARNING: please use MorganGenerator
[19:17:31] DEPRECATION WARNING: please use MorganGenerator
[19:17:31] DEPRECATION WARNING: please use MorganGenerator
[19:17:31] DEPRECATION WARNING: please use MorganGenerator
[19:17:31] DEPRECATION WARNING: please use MorganGenerator
[19:17:31] DEPRECATION WARNING: please use MorganGenerator
[19:17:31] DEPRECATION WARNING: please use MorganGenerator
[19:17:31] DEPRECATION WARNING: please use MorganGenerator
[19:17:31] DEPRECATION WARNING: please use MorganGenerator
[19:17:31] DEPRECATION WARNING: please use MorganGenerator
[19:17:31] DEPRECATION WARNING: please use MorganGenerator
[19:17:31] DEPRECATION WARNING: please use MorganGenerator
[19:17:31] DEPRECATION WARNING: please use MorganGenerator
[19:17:31] DEPRECATION WARNING: please use MorganGenerator
[19:17:31] DEPRECATION WARNING: please use MorganGenerator
[19:17:31] DEPRECATION WARNING: please use MorganGenerator
[19:17:31] DEPRECATION WARNING: please use MorganGenerator
[19:17:31] DEPRECATION WARNING: please use MorganGenerator
[19:17:31] DEPRECATION WARNING: please use MorganGenerator
[19:17:31] DEPRECATION WARNING: please use MorganGenerator
[19:17:31] DEPRECATION WARNING: please use MorganGenerator
[19:17:31] DEPRECATION WARNING: please use MorganGenerator
[19:17:31] DEPRECATION WARNING: please use MorganGenerator
[19:17:31] DEPRECATION WARNING: please use MorganGenerator
[19:17:31] DEPRECATION WARNING: please use MorganGenerator
[19:17:32] DEPRECATION WARNING: please use MorganGenerator
[19:17:32] DEPRECATION WARNING: please use MorganGenerator
[19:17:32] DEPRECATION WARNING: please use MorganGenerator
[19:17:32] DEPRECATION WARNING: please use MorganGenerator
[19:17:32] DEPRECATION WARNING: please use MorganGenerator
[19:17:32] DEPRECATION WARNING: please use MorganGenerator
[19:17:32] DEPRECATION WARNING: please use MorganGenerator
[19:17:32] DEPRECATION WARNING: please use MorganGenerator
[19:17:32] DEPRECATION WARNING: please use MorganGenerator
[19:17:32] DEPRECATION WARNING: please use MorganGenerator
[19:17:32] DEPRECATION WARNING: please use MorganGenerator
[19:17:32] DEPRECATION WARNING: please use MorganGenerator
[19:17:32] DEPRECATION WARNING: please use MorganGenerator
[19:17:32] DEPRECATION WARNING: please use MorganGenerator
[19:17:32] DEPRECATION WARNING: please use MorganGenerator
[19:17:32] DEPRECATION WARNING: please use MorganGenerator
[19:17:32] DEPRECATION WARNING: please use MorganGenerator
[19:17:32] DEPRECATION WARNING: please use MorganGenerator
[19:17:32] DEPRECATION WARNING: please use MorganGenerator
[19:17:32] DEPRECATION WARNING: please use MorganGenerator
[19:17:32] DEPRECATION WARNING: please use MorganGenerator
[19:17:32] DEPRECATION WARNING: please use MorganGenerator
[19:17:32] DEPRECATION WARNING: please use MorganGenerator
[19:17:32] DEPRECATION WARNING: please use MorganGenerator
[19:17:32] DEPRECATION WARNING: please use MorganGenerator
[19:17:32] DEPRECATION WARNING: please use MorganGenerator
[19:17:32] DEPRECATION WARNING: please use MorganGenerator
[19:17:32] DEPRECATION WARNING: please use MorganGenerator
[19:17:32] DEPRECATION WARNING: please use MorganGenerator
[19:17:32] DEPRECATION WARNING: please use MorganGenerator
[19:17:32] DEPRECATION WARNING: please use MorganGenerator
[19:17:32] DEPRECATION WARNING: please use MorganGenerator
[19:17:32] DEPRECATION WARNING: please use MorganGenerator
[19:17:32] DEPRECATION WARNING: please use MorganGenerator
[19:17:32] DEPRECATION WARNING: please use MorganGenerator
[19:17:32] DEPRECATION WARNING: please use MorganGenerator
[19:17:32] DEPRECATION WARNING: please use MorganGenerator
[19:17:32] DEPRECATION WARNING: please use MorganGenerator
[19:17:32] DEPRECATION WARNING: please use MorganGenerator
[19:17:32] DEPRECATION WARNING: please use MorganGenerator
[19:17:32] DEPRECATION WARNING: please use MorganGenerator
[19:17:32] DEPRECATION WARNING: please use MorganGenerator
[19:17:32] DEPRECATION WARNING: please use MorganGenerator
[19:17:32] DEPRECATION WARNING: please use MorganGenerator
[19:17:32] DEPRECATION WARNING: please use MorganGenerator
[19:17:32] DEPRECATION WARNING: please use MorganGenerator
[19:17:32] DEPRECATION WARNING: please use MorganGenerator
[19:17:32] DEPRECATION WARNING: please use MorganGenerator
[19:17:32] DEPRECATION WARNING: please use MorganGenerator
[19:17:32] DEPRECATION WARNING: please use MorganGenerator
[19:17:32] DEPRECATION WARNING: please use MorganGenerator
[19:17:32] DEPRECATION WARNING: please use MorganGenerator
[19:17:32] DEPRECATION WARNING: please use MorganGenerator
[19:17:32] DEPRECATION WARNING: please use MorganGenerator
[19:17:32] DEPRECATION WARNING: please use MorganGenerator
[19:17:32] DEPRECATION WARNING: please use MorganGenerator
[19:17:32] DEPRECATION WARNING: please use MorganGenerator
[19:17:32] DEPRECATION WARNING: please use MorganGenerator
[19:17:32] DEPRECATION WARNING: please use MorganGenerator
[19:17:32] DEPRECATION WARNING: please use MorganGenerator
[19:17:32] DEPRECATION WARNING: please use MorganGenerator
[19:17:32] DEPRECATION WARNING: please use MorganGenerator
[19:17:32] DEPRECATION WARNING: please use MorganGenerator
[19:17:32] DEPRECATION WARNING: please use MorganGenerator
[19:17:32] DEPRECATION WARNING: please use MorganGenerator
[19:17:32] DEPRECATION WARNING: please use MorganGenerator
[19:17:32] DEPRECATION WARNING: please use MorganGenerator
[19:17:32] DEPRECATION WARNING: please use MorganGenerator
[19:17:32] DEPRECATION WARNING: please use MorganGenerator
[19:17:32] DEPRECATION WARNING: please use MorganGenerator
[19:17:32] DEPRECATION WARNING: please use MorganGenerator
[19:17:32] DEPRECATION WARNING: please use MorganGenerator
[19:17:32] DEPRECATION WARNING: please use MorganGenerator
[19:17:32] DEPRECATION WARNING: please use MorganGenerator
[19:17:32] DEPRECATION WARNING: please use MorganGenerator
[19:17:32] DEPRECATION WARNING: please use MorganGenerator
[19:17:32] DEPRECATION WARNING: please use MorganGenerator
[19:17:32] DEPRECATION WARNING: please use MorganGenerator
[19:17:32] DEPRECATION WARNING: please use MorganGenerator
[19:17:32] DEPRECATION WARNING: please use MorganGenerator
[19:17:32] DEPRECATION WARNING: please use MorganGenerator
[19:17:32] DEPRECATION WARNING: please use MorganGenerator
[19:17:32] DEPRECATION WARNING: please use MorganGenerator
[19:17:32] DEPRECATION WARNING: please use MorganGenerator
[19:17:32] DEPRECATION WARNING: please use MorganGenerator
[19:17:32] DEPRECATION WARNING: please use MorganGenerator
[19:17:32] DEPRECATION WARNING: please use MorganGenerator
[19:17:32] DEPRECATION WARNING: please use MorganGenerator
[19:17:32] DEPRECATION WARNING: please use MorganGenerator
[19:17:32] DEPRECATION WARNING: please use MorganGenerator
[19:17:32] DEPRECATION WARNING: please use MorganGenerator
[19:17:32] DEPRECATION WARNING: please use MorganGenerator
[19:17:32] DEPRECATION WARNING: please use MorganGenerator
[19:17:32] DEPRECATION WARNING: please use MorganGenerator
[19:17:32] DEPRECATION WARNING: please use MorganGenerator
[19:17:32] DEPRECATION WARNING: please use MorganGenerator
[19:17:32] DEPRECATION WARNING: please use MorganGenerator
[19:17:32] DEPRECATION WARNING: please use MorganGenerator
[19:17:32] DEPRECATION WARNING: please use MorganGenerator
[19:17:32] DEPRECATION WARNING: please use MorganGenerator
[19:17:32] DEPRECATION WARNING: please use MorganGenerator
[19:17:33] DEPRECATION WARNING: please use MorganGenerator
[19:17:33] DEPRECATION WARNING: please use MorganGenerator
[19:17:33] DEPRECATION WARNING: please use MorganGenerator
[19:17:33] DEPRECATION WARNING: please use MorganGenerator
[19:17:33] DEPRECATION WARNING: please use MorganGenerator
[19:17:33] DEPRECATION WARNING: please use MorganGenerator
[19:17:33] DEPRECATION WARNING: please use MorganGenerator
[19:17:33] DEPRECATION WARNING: please use MorganGenerator
[19:17:33] DEPRECATION WARNING: please use MorganGenerator
[19:17:33] DEPRECATION WARNING: please use MorganGenerator
[19:17:33] DEPRECATION WARNING: please use MorganGenerator
[19:17:33] DEPRECATION WARNING: please use MorganGenerator
[19:17:33] DEPRECATION WARNING: please use MorganGenerator
[19:17:33] DEPRECATION WARNING: please use MorganGenerator
[19:17:33] DEPRECATION WARNING: please use MorganGenerator
[19:17:33] DEPRECATION WARNING: please use MorganGenerator
[19:17:33] DEPRECATION WARNING: please use MorganGenerator
[19:17:33] DEPRECATION WARNING: please use MorganGenerator
[19:17:33] DEPRECATION WARNING: please use MorganGenerator
[19:17:33] DEPRECATION WARNING: please use MorganGenerator
[19:17:33] DEPRECATION WARNING: please use MorganGenerator
[19:17:33] DEPRECATION WARNING: please use MorganGenerator
[19:17:33] DEPRECATION WARNING: please use MorganGenerator
[19:17:33] DEPRECATION WARNING: please use MorganGenerator
[19:17:33] DEPRECATION WARNING: please use MorganGenerator
[19:17:33] DEPRECATION WARNING: please use MorganGenerator
[19:17:33] DEPRECATION WARNING: please use MorganGenerator
[19:17:33] DEPRECATION WARNING: please use MorganGenerator
[19:17:33] DEPRECATION WARNING: please use MorganGenerator
[19:17:33] DEPRECATION WARNING: please use MorganGenerator
[19:17:33] DEPRECATION WARNING: please use MorganGenerator
[19:17:33] DEPRECATION WARNING: please use MorganGenerator
[19:17:33] DEPRECATION WARNING: please use MorganGenerator
[19:17:33] DEPRECATION WARNING: please use MorganGenerator
[19:17:33] DEPRECATION WARNING: please use MorganGenerator
[19:17:33] DEPRECATION WARNING: please use MorganGenerator
[19:17:33] DEPRECATION WARNING: please use MorganGenerator
[19:17:33] DEPRECATION WARNING: please use MorganGenerator
[19:17:33] DEPRECATION WARNING: please use MorganGenerator
[19:17:33] DEPRECATION WARNING: please use MorganGenerator
[19:17:33] DEPRECATION WARNING: please use MorganGenerator
[19:17:33] DEPRECATION WARNING: please use MorganGenerator
[19:17:33] DEPRECATION WARNING: please use MorganGenerator
[19:17:33] DEPRECATION WARNING: please use MorganGenerator
[19:17:33] DEPRECATION WARNING: please use MorganGenerator
[19:17:33] DEPRECATION WARNING: please use MorganGenerator
[19:17:33] DEPRECATION WARNING: please use MorganGenerator
[19:17:33] DEPRECATION WARNING: please use MorganGenerator
[19:17:33] DEPRECATION WARNING: please use MorganGenerator
[19:17:33] DEPRECATION WARNING: please use MorganGenerator
[19:17:33] DEPRECATION WARNING: please use MorganGenerator
[19:17:33] DEPRECATION WARNING: please use MorganGenerator
[19:17:33] DEPRECATION WARNING: please use MorganGenerator
[19:17:33] DEPRECATION WARNING: please use MorganGenerator
[19:17:33] DEPRECATION WARNING: please use MorganGenerator
[19:17:33] DEPRECATION WARNING: please use MorganGenerator
[19:17:33] DEPRECATION WARNING: please use MorganGenerator
[19:17:33] DEPRECATION WARNING: please use MorganGenerator
[19:17:33] DEPRECATION WARNING: please use MorganGenerator
[19:17:33] DEPRECATION WARNING: please use MorganGenerator
[19:17:33] DEPRECATION WARNING: please use MorganGenerator
[19:17:33] DEPRECATION WARNING: please use MorganGenerator
[19:17:33] DEPRECATION WARNING: please use MorganGenerator
[19:17:33] DEPRECATION WARNING: please use MorganGenerator
[19:17:33] DEPRECATION WARNING: please use MorganGenerator
[19:17:33] DEPRECATION WARNING: please use MorganGenerator
[19:17:33] DEPRECATION WARNING: please use MorganGenerator
[19:17:33] DEPRECATION WARNING: please use MorganGenerator
[19:17:33] DEPRECATION WARNING: please use MorganGenerator
[19:17:33] DEPRECATION WARNING: please use MorganGenerator
[19:17:33] DEPRECATION WARNING: please use MorganGenerator
[19:17:33] DEPRECATION WARNING: please use MorganGenerator
[19:17:33] DEPRECATION WARNING: please use MorganGenerator
[19:17:33] DEPRECATION WARNING: please use MorganGenerator
[19:17:33] DEPRECATION WARNING: please use MorganGenerator
[19:17:33] DEPRECATION WARNING: please use MorganGenerator
[19:17:33] DEPRECATION WARNING: please use MorganGenerator
[19:17:33] DEPRECATION WARNING: please use MorganGenerator
[19:17:33] DEPRECATION WARNING: please use MorganGenerator
[19:17:33] DEPRECATION WARNING: please use MorganGenerator
[19:17:33] DEPRECATION WARNING: please use MorganGenerator
[19:17:33] DEPRECATION WARNING: please use MorganGenerator
[19:17:33] DEPRECATION WARNING: please use MorganGenerator
[19:17:33] DEPRECATION WARNING: please use MorganGenerator
[19:17:33] DEPRECATION WARNING: please use MorganGenerator
[19:17:33] DEPRECATION WARNING: please use MorganGenerator
[19:17:33] DEPRECATION WARNING: please use MorganGenerator
[19:17:33] DEPRECATION WARNING: please use MorganGenerator
[19:17:33] DEPRECATION WARNING: please use MorganGenerator
[19:17:33] DEPRECATION WARNING: please use MorganGenerator
[19:17:33] DEPRECATION WARNING: please use MorganGenerator
[19:17:33] DEPRECATION WARNING: please use MorganGenerator
[19:17:33] DEPRECATION WARNING: please use MorganGenerator
[19:17:33] DEPRECATION WARNING: please use MorganGenerator
[19:17:33] DEPRECATION WARNING: please use MorganGenerator
[19:17:33] DEPRECATION WARNING: please use MorganGenerator
[19:17:33] DEPRECATION WARNING: please use MorganGenerator
[19:17:33] DEPRECATION WARNING: please use MorganGenerator
[19:17:33] DEPRECATION WARNING: please use MorganGenerator
[19:17:33] DEPRECATION WARNING: please use MorganGenerator
[19:17:33] DEPRECATION WARNING: please use MorganGenerator
[19:17:33] DEPRECATION WARNING: please use MorganGenerator
[19:17:33] DEPRECATION WARNING: please use MorganGenerator
[19:17:33] DEPRECATION WARNING: please use MorganGenerator
[19:17:33] DEPRECATION WARNING: please use MorganGenerator
[19:17:33] DEPRECATION WARNING: please use MorganGenerator
[19:17:33] DEPRECATION WARNING: please use MorganGenerator
[19:17:33] DEPRECATION WARNING: please use MorganGenerator
[19:17:33] DEPRECATION WARNING: please use MorganGenerator
[19:17:33] DEPRECATION WARNING: please use MorganGenerator
[19:17:33] DEPRECATION WARNING: please use MorganGenerator
[19:17:33] DEPRECATION WARNING: please use MorganGenerator
[19:17:33] DEPRECATION WARNING: please use MorganGenerator
[19:17:33] DEPRECATION WARNING: please use MorganGenerator
[19:17:33] DEPRECATION WARNING: please use MorganGenerator
[19:17:33] DEPRECATION WARNING: please use MorganGenerator
[19:17:33] DEPRECATION WARNING: please use MorganGenerator
[19:17:33] DEPRECATION WARNING: please use MorganGenerator
[19:17:33] DEPRECATION WARNING: please use MorganGenerator
[19:17:33] DEPRECATION WARNING: please use MorganGenerator
[19:17:33] DEPRECATION WARNING: please use MorganGenerator
[19:17:33] DEPRECATION WARNING: please use MorganGenerator
[19:17:33] DEPRECATION WARNING: please use MorganGenerator
[19:17:33] DEPRECATION WARNING: please use MorganGenerator
[19:17:33] DEPRECATION WARNING: please use MorganGenerator
[19:17:33] DEPRECATION WARNING: please use MorganGenerator
[19:17:33] DEPRECATION WARNING: please use MorganGenerator
[19:17:33] DEPRECATION WARNING: please use MorganGenerator
[19:17:33] DEPRECATION WARNING: please use MorganGenerator
[19:17:33] DEPRECATION WARNING: please use MorganGenerator
[19:17:34] DEPRECATION WARNING: please use MorganGenerator
[19:17:34] DEPRECATION WARNING: please use MorganGenerator
[19:17:34] DEPRECATION WARNING: please use MorganGenerator
[19:17:34] DEPRECATION WARNING: please use MorganGenerator
[19:17:34] DEPRECATION WARNING: please use MorganGenerator
[19:17:34] DEPRECATION WARNING: please use MorganGenerator
[19:17:34] DEPRECATION WARNING: please use MorganGenerator
[19:17:34] DEPRECATION WARNING: please use MorganGenerator
[19:17:34] DEPRECATION WARNING: please use MorganGenerator
[19:17:34] DEPRECATION WARNING: please use MorganGenerator
[19:17:34] DEPRECATION WARNING: please use MorganGenerator
[19:17:34] DEPRECATION WARNING: please use MorganGenerator
[19:17:34] DEPRECATION WARNING: please use MorganGenerator
[19:17:34] DEPRECATION WARNING: please use MorganGenerator
[19:17:34] DEPRECATION WARNING: please use MorganGenerator
[19:17:34] DEPRECATION WARNING: please use MorganGenerator
[19:17:34] DEPRECATION WARNING: please use MorganGenerator
[19:17:34] DEPRECATION WARNING: please use MorganGenerator
[19:17:34] DEPRECATION WARNING: please use MorganGenerator
[19:17:34] DEPRECATION WARNING: please use MorganGenerator
[19:17:34] DEPRECATION WARNING: please use MorganGenerator
[19:17:34] DEPRECATION WARNING: please use MorganGenerator
[19:17:34] DEPRECATION WARNING: please use MorganGenerator
[19:17:34] DEPRECATION WARNING: please use MorganGenerator
[19:17:34] DEPRECATION WARNING: please use MorganGenerator
[19:17:34] DEPRECATION WARNING: please use MorganGenerator
[19:17:34] DEPRECATION WARNING: please use MorganGenerator
[19:17:34] DEPRECATION WARNING: please use MorganGenerator
[19:17:34] DEPRECATION WARNING: please use MorganGenerator
[19:17:34] DEPRECATION WARNING: please use MorganGenerator
[19:17:34] DEPRECATION WARNING: please use MorganGenerator
[19:17:34] DEPRECATION WARNING: please use MorganGenerator
[19:17:34] DEPRECATION WARNING: please use MorganGenerator
[19:17:34] DEPRECATION WARNING: please use MorganGenerator
[19:17:34] DEPRECATION WARNING: please use MorganGenerator
[19:17:34] DEPRECATION WARNING: please use MorganGenerator
[19:17:34] DEPRECATION WARNING: please use MorganGenerator
[19:17:34] DEPRECATION WARNING: please use MorganGenerator
[19:17:34] DEPRECATION WARNING: please use MorganGenerator
[19:17:34] DEPRECATION WARNING: please use MorganGenerator
[19:17:34] DEPRECATION WARNING: please use MorganGenerator
[19:17:34] DEPRECATION WARNING: please use MorganGenerator
[19:17:34] DEPRECATION WARNING: please use MorganGenerator
[19:17:34] DEPRECATION WARNING: please use MorganGenerator
[19:17:34] DEPRECATION WARNING: please use MorganGenerator
[19:17:34] DEPRECATION WARNING: please use MorganGenerator
[19:17:34] DEPRECATION WARNING: please use MorganGenerator
[19:17:34] DEPRECATION WARNING: please use MorganGenerator
[19:17:34] DEPRECATION WARNING: please use MorganGenerator
[19:17:34] DEPRECATION WARNING: please use MorganGenerator
[19:17:34] DEPRECATION WARNING: please use MorganGenerator
[19:17:34] DEPRECATION WARNING: please use MorganGenerator
[19:17:34] DEPRECATION WARNING: please use MorganGenerator
[19:17:34] DEPRECATION WARNING: please use MorganGenerator
[19:17:34] DEPRECATION WARNING: please use MorganGenerator
[19:17:34] DEPRECATION WARNING: please use MorganGenerator
[19:17:34] DEPRECATION WARNING: please use MorganGenerator
[19:17:34] DEPRECATION WARNING: please use MorganGenerator
[19:17:34] DEPRECATION WARNING: please use MorganGenerator
[19:17:34] DEPRECATION WARNING: please use MorganGenerator
[19:17:34] DEPRECATION WARNING: please use MorganGenerator
[19:17:34] DEPRECATION WARNING: please use MorganGenerator
[19:17:34] DEPRECATION WARNING: please use MorganGenerator
[19:17:34] DEPRECATION WARNING: please use MorganGenerator
[19:17:34] DEPRECATION WARNING: please use MorganGenerator
[19:17:34] DEPRECATION WARNING: please use MorganGenerator
[19:17:34] DEPRECATION WARNING: please use MorganGenerator
[19:17:34] DEPRECATION WARNING: please use MorganGenerator
[19:17:34] DEPRECATION WARNING: please use MorganGenerator
[19:17:34] DEPRECATION WARNING: please use MorganGenerator
[19:17:34] DEPRECATION WARNING: please use MorganGenerator
[19:17:34] DEPRECATION WARNING: please use MorganGenerator
[19:17:34] DEPRECATION WARNING: please use MorganGenerator
[19:17:34] DEPRECATION WARNING: please use MorganGenerator
[19:17:34] DEPRECATION WARNING: please use MorganGenerator
[19:17:34] DEPRECATION WARNING: please use MorganGenerator
[19:17:34] DEPRECATION WARNING: please use MorganGenerator
[19:17:34] DEPRECATION WARNING: please use MorganGenerator
[19:17:34] DEPRECATION WARNING: please use MorganGenerator
[19:17:34] DEPRECATION WARNING: please use MorganGenerator
[19:17:34] DEPRECATION WARNING: please use MorganGenerator
[19:17:34] DEPRECATION WARNING: please use MorganGenerator
[19:17:34] DEPRECATION WARNING: please use MorganGenerator
[19:17:34] DEPRECATION WARNING: please use MorganGenerator
[19:17:34] DEPRECATION WARNING: please use MorganGenerator
[19:17:34] DEPRECATION WARNING: please use MorganGenerator
[19:17:35] DEPRECATION WARNING: please use MorganGenerator
[19:17:35] DEPRECATION WARNING: please use MorganGenerator
[19:17:35] DEPRECATION WARNING: please use MorganGenerator
[19:17:35] DEPRECATION WARNING: please use MorganGenerator
[19:17:35] DEPRECATION WARNING: please use MorganGenerator
[19:17:35] DEPRECATION WARNING: please use MorganGenerator
[19:17:35] DEPRECATION WARNING: please use MorganGenerator
[19:17:35] DEPRECATION WARNING: please use MorganGenerator
[19:17:35] DEPRECATION WARNING: please use MorganGenerator
[19:17:35] DEPRECATION WARNING: please use MorganGenerator
[19:17:35] DEPRECATION WARNING: please use MorganGenerator
[19:17:35] DEPRECATION WARNING: please use MorganGenerator
[19:17:35] DEPRECATION WARNING: please use MorganGenerator
[19:17:35] DEPRECATION WARNING: please use MorganGenerator
[19:17:35] DEPRECATION WARNING: please use MorganGenerator
[19:17:35] DEPRECATION WARNING: please use MorganGenerator
[19:17:35] DEPRECATION WARNING: please use MorganGenerator
[19:17:35] DEPRECATION WARNING: please use MorganGenerator
[19:17:35] DEPRECATION WARNING: please use MorganGenerator
[19:17:35] DEPRECATION WARNING: please use MorganGenerator
[19:17:35] DEPRECATION WARNING: please use MorganGenerator
[19:17:35] DEPRECATION WARNING: please use MorganGenerator
[19:17:35] Explicit valence for atom # 1 N, 5, is greater than permitted
[19:17:35] DEPRECATION WARNING: please use MorganGenerator
[19:17:35] DEPRECATION WARNING: please use MorganGenerator
2026-04-05 19:17:35,401 [INFO]   Processed: 3000 new records
[19:17:35] DEPRECATION WARNING: please use MorganGenerator
[19:17:35] DEPRECATION WARNING: please use MorganGenerator
[19:17:35] DEPRECATION WARNING: please use MorganGenerator
[19:17:35] DEPRECATION WARNING: please use MorganGenerator
[19:17:35] DEPRECATION WARNING: please use MorganGenerator
[19:17:35] DEPRECATION WARNING: please use MorganGenerator
[19:17:35] DEPRECATION WARNING: please use MorganGenerator
[19:17:35] DEPRECATION WARNING: please use MorganGenerator
[19:17:35] DEPRECATION WARNING: please use MorganGenerator
[19:17:35] DEPRECATION WARNING: please use MorganGenerator
[19:17:35] DEPRECATION WARNING: please use MorganGenerator
[19:17:35] DEPRECATION WARNING: please use MorganGenerator
[19:17:35] DEPRECATION WARNING: please use MorganGenerator
[19:17:35] DEPRECATION WARNING: please use MorganGenerator
[19:17:35] DEPRECATION WARNING: please use MorganGenerator
[19:17:35] DEPRECATION WARNING: please use MorganGenerator
[19:17:35] DEPRECATION WARNING: please use MorganGenerator
[19:17:35] DEPRECATION WARNING: please use MorganGenerator
[19:17:35] DEPRECATION WARNING: please use MorganGenerator
[19:17:35] DEPRECATION WARNING: please use MorganGenerator
[19:17:35] DEPRECATION WARNING: please use MorganGenerator
[19:17:35] DEPRECATION WARNING: please use MorganGenerator
[19:17:35] DEPRECATION WARNING: please use MorganGenerator
[19:17:35] DEPRECATION WARNING: please use MorganGenerator
[19:17:35] DEPRECATION WARNING: please use MorganGenerator
[19:17:35] DEPRECATION WARNING: please use MorganGenerator
[19:17:35] DEPRECATION WARNING: please use MorganGenerator
[19:17:35] DEPRECATION WARNING: please use MorganGenerator
[19:17:35] DEPRECATION WARNING: please use MorganGenerator
[19:17:35] DEPRECATION WARNING: please use MorganGenerator
[19:17:35] DEPRECATION WARNING: please use MorganGenerator
[19:17:35] DEPRECATION WARNING: please use MorganGenerator
[19:17:35] DEPRECATION WARNING: please use MorganGenerator
[19:17:35] DEPRECATION WARNING: please use MorganGenerator
[19:17:35] DEPRECATION WARNING: please use MorganGenerator
[19:17:35] DEPRECATION WARNING: please use MorganGenerator
[19:17:35] DEPRECATION WARNING: please use MorganGenerator
[19:17:35] DEPRECATION WARNING: please use MorganGenerator
[19:17:36] DEPRECATION WARNING: please use MorganGenerator
[19:17:36] DEPRECATION WARNING: please use MorganGenerator
[19:17:36] DEPRECATION WARNING: please use MorganGenerator
[19:17:36] DEPRECATION WARNING: please use MorganGenerator
[19:17:36] DEPRECATION WARNING: please use MorganGenerator
[19:17:36] DEPRECATION WARNING: please use MorganGenerator
[19:17:36] DEPRECATION WARNING: please use MorganGenerator
[19:17:36] DEPRECATION WARNING: please use MorganGenerator
[19:17:36] DEPRECATION WARNING: please use MorganGenerator
[19:17:36] DEPRECATION WARNING: please use MorganGenerator
[19:17:36] DEPRECATION WARNING: please use MorganGenerator
[19:17:36] DEPRECATION WARNING: please use MorganGenerator
[19:17:36] DEPRECATION WARNING: please use MorganGenerator
[19:17:36] DEPRECATION WARNING: please use MorganGenerator
[19:17:36] DEPRECATION WARNING: please use MorganGenerator
[19:17:36] DEPRECATION WARNING: please use MorganGenerator
[19:17:36] DEPRECATION WARNING: please use MorganGenerator
[19:17:36] DEPRECATION WARNING: please use MorganGenerator
[19:17:36] DEPRECATION WARNING: please use MorganGenerator
[19:17:36] DEPRECATION WARNING: please use MorganGenerator
[19:17:36] DEPRECATION WARNING: please use MorganGenerator
[19:17:36] DEPRECATION WARNING: please use MorganGenerator
[19:17:36] DEPRECATION WARNING: please use MorganGenerator
[19:17:36] DEPRECATION WARNING: please use MorganGenerator
[19:17:36] DEPRECATION WARNING: please use MorganGenerator
[19:17:36] DEPRECATION WARNING: please use MorganGenerator
[19:17:36] DEPRECATION WARNING: please use MorganGenerator
[19:17:36] DEPRECATION WARNING: please use MorganGenerator
[19:17:36] DEPRECATION WARNING: please use MorganGenerator
[19:17:36] DEPRECATION WARNING: please use MorganGenerator
[19:17:36] DEPRECATION WARNING: please use MorganGenerator
[19:17:36] DEPRECATION WARNING: please use MorganGenerator
[19:17:36] DEPRECATION WARNING: please use MorganGenerator
[19:17:36] DEPRECATION WARNING: please use MorganGenerator
[19:17:36] DEPRECATION WARNING: please use MorganGenerator
[19:17:36] DEPRECATION WARNING: please use MorganGenerator
[19:17:36] DEPRECATION WARNING: please use MorganGenerator
[19:17:36] DEPRECATION WARNING: please use MorganGenerator
[19:17:36] DEPRECATION WARNING: please use MorganGenerator
[19:17:36] DEPRECATION WARNING: please use MorganGenerator
[19:17:36] DEPRECATION WARNING: please use MorganGenerator
[19:17:36] DEPRECATION WARNING: please use MorganGenerator
[19:17:36] DEPRECATION WARNING: please use MorganGenerator
[19:17:36] DEPRECATION WARNING: please use MorganGenerator
[19:17:36] DEPRECATION WARNING: please use MorganGenerator
[19:17:36] DEPRECATION WARNING: please use MorganGenerator
[19:17:36] DEPRECATION WARNING: please use MorganGenerator
[19:17:36] DEPRECATION WARNING: please use MorganGenerator
[19:17:36] DEPRECATION WARNING: please use MorganGenerator
[19:17:36] DEPRECATION WARNING: please use MorganGenerator
[19:17:36] DEPRECATION WARNING: please use MorganGenerator
[19:17:36] DEPRECATION WARNING: please use MorganGenerator
[19:17:36] DEPRECATION WARNING: please use MorganGenerator
[19:17:36] DEPRECATION WARNING: please use MorganGenerator
[19:17:36] DEPRECATION WARNING: please use MorganGenerator
[19:17:36] DEPRECATION WARNING: please use MorganGenerator
[19:17:36] DEPRECATION WARNING: please use MorganGenerator
[19:17:36] DEPRECATION WARNING: please use MorganGenerator
[19:17:36] DEPRECATION WARNING: please use MorganGenerator
[19:17:36] DEPRECATION WARNING: please use MorganGenerator
[19:17:36] DEPRECATION WARNING: please use MorganGenerator
[19:17:36] DEPRECATION WARNING: please use MorganGenerator
[19:17:36] DEPRECATION WARNING: please use MorganGenerator
[19:17:36] DEPRECATION WARNING: please use MorganGenerator
[19:17:36] DEPRECATION WARNING: please use MorganGenerator
[19:17:37] DEPRECATION WARNING: please use MorganGenerator
[19:17:37] DEPRECATION WARNING: please use MorganGenerator
[19:17:37] DEPRECATION WARNING: please use MorganGenerator
[19:17:37] DEPRECATION WARNING: please use MorganGenerator
[19:17:37] DEPRECATION WARNING: please use MorganGenerator
[19:17:37] DEPRECATION WARNING: please use MorganGenerator
[19:17:37] DEPRECATION WARNING: please use MorganGenerator
[19:17:37] DEPRECATION WARNING: please use MorganGenerator
[19:17:37] DEPRECATION WARNING: please use MorganGenerator
[19:17:37] DEPRECATION WARNING: please use MorganGenerator
[19:17:37] DEPRECATION WARNING: please use MorganGenerator
[19:17:37] DEPRECATION WARNING: please use MorganGenerator
[19:17:37] DEPRECATION WARNING: please use MorganGenerator
[19:17:37] DEPRECATION WARNING: please use MorganGenerator
[19:17:37] DEPRECATION WARNING: please use MorganGenerator
[19:17:37] DEPRECATION WARNING: please use MorganGenerator
[19:17:37] DEPRECATION WARNING: please use MorganGenerator
[19:17:37] DEPRECATION WARNING: please use MorganGenerator
[19:17:37] DEPRECATION WARNING: please use MorganGenerator
[19:17:37] DEPRECATION WARNING: please use MorganGenerator
[19:17:37] DEPRECATION WARNING: please use MorganGenerator
[19:17:37] DEPRECATION WARNING: please use MorganGenerator
[19:17:37] DEPRECATION WARNING: please use MorganGenerator
[19:17:37] DEPRECATION WARNING: please use MorganGenerator
[19:17:37] DEPRECATION WARNING: please use MorganGenerator
[19:17:37] DEPRECATION WARNING: please use MorganGenerator
[19:17:37] DEPRECATION WARNING: please use MorganGenerator
[19:17:37] DEPRECATION WARNING: please use MorganGenerator
[19:17:37] DEPRECATION WARNING: please use MorganGenerator
[19:17:37] DEPRECATION WARNING: please use MorganGenerator
[19:17:37] DEPRECATION WARNING: please use MorganGenerator
[19:17:37] DEPRECATION WARNING: please use MorganGenerator
[19:17:37] DEPRECATION WARNING: please use MorganGenerator
[19:17:37] DEPRECATION WARNING: please use MorganGenerator
[19:17:37] DEPRECATION WARNING: please use MorganGenerator
[19:17:37] DEPRECATION WARNING: please use MorganGenerator
[19:17:37] DEPRECATION WARNING: please use MorganGenerator
[19:17:37] DEPRECATION WARNING: please use MorganGenerator
[19:17:37] DEPRECATION WARNING: please use MorganGenerator
[19:17:37] DEPRECATION WARNING: please use MorganGenerator
[19:17:37] DEPRECATION WARNING: please use MorganGenerator
[19:17:37] DEPRECATION WARNING: please use MorganGenerator
[19:17:37] DEPRECATION WARNING: please use MorganGenerator
[19:17:37] DEPRECATION WARNING: please use MorganGenerator
[19:17:37] DEPRECATION WARNING: please use MorganGenerator
[19:17:37] DEPRECATION WARNING: please use MorganGenerator
[19:17:37] DEPRECATION WARNING: please use MorganGenerator
[19:17:37] DEPRECATION WARNING: please use MorganGenerator
[19:17:37] DEPRECATION WARNING: please use MorganGenerator
[19:17:37] DEPRECATION WARNING: please use MorganGenerator
[19:17:37] DEPRECATION WARNING: please use MorganGenerator
[19:17:37] DEPRECATION WARNING: please use MorganGenerator
[19:17:37] DEPRECATION WARNING: please use MorganGenerator
[19:17:37] DEPRECATION WARNING: please use MorganGenerator
[19:17:37] DEPRECATION WARNING: please use MorganGenerator
[19:17:37] DEPRECATION WARNING: please use MorganGenerator
[19:17:38] Explicit valence for atom # 17 N, 5, is greater than permitted
[19:17:38] DEPRECATION WARNING: please use MorganGenerator
[19:17:38] DEPRECATION WARNING: please use MorganGenerator
[19:17:38] DEPRECATION WARNING: please use MorganGenerator
[19:17:38] DEPRECATION WARNING: please use MorganGenerator
[19:17:38] DEPRECATION WARNING: please use MorganGenerator
[19:17:38] DEPRECATION WARNING: please use MorganGenerator
[19:17:38] DEPRECATION WARNING: please use MorganGenerator
[19:17:38] DEPRECATION WARNING: please use MorganGenerator
[19:17:38] DEPRECATION WARNING: please use MorganGenerator
[19:17:38] DEPRECATION WARNING: please use MorganGenerator
[19:17:38] DEPRECATION WARNING: please use MorganGenerator
[19:17:38] DEPRECATION WARNING: please use MorganGenerator
[19:17:38] DEPRECATION WARNING: please use MorganGenerator
[19:17:38] DEPRECATION WARNING: please use MorganGenerator
[19:17:38] DEPRECATION WARNING: please use MorganGenerator
[19:17:38] DEPRECATION WARNING: please use MorganGenerator
[19:17:38] DEPRECATION WARNING: please use MorganGenerator
[19:17:38] DEPRECATION WARNING: please use MorganGenerator
[19:17:38] DEPRECATION WARNING: please use MorganGenerator
[19:17:38] DEPRECATION WARNING: please use MorganGenerator
[19:17:38] DEPRECATION WARNING: please use MorganGenerator
[19:17:38] DEPRECATION WARNING: please use MorganGenerator
[19:17:38] DEPRECATION WARNING: please use MorganGenerator
[19:17:38] DEPRECATION WARNING: please use MorganGenerator
[19:17:38] DEPRECATION WARNING: please use MorganGenerator
[19:17:38] DEPRECATION WARNING: please use MorganGenerator
[19:17:38] DEPRECATION WARNING: please use MorganGenerator
[19:17:38] DEPRECATION WARNING: please use MorganGenerator
[19:17:38] DEPRECATION WARNING: please use MorganGenerator
[19:17:38] DEPRECATION WARNING: please use MorganGenerator
[19:17:38] DEPRECATION WARNING: please use MorganGenerator
[19:17:38] DEPRECATION WARNING: please use MorganGenerator
[19:17:38] DEPRECATION WARNING: please use MorganGenerator
[19:17:38] DEPRECATION WARNING: please use MorganGenerator
[19:17:38] DEPRECATION WARNING: please use MorganGenerator
[19:17:38] DEPRECATION WARNING: please use MorganGenerator
[19:17:38] DEPRECATION WARNING: please use MorganGenerator
[19:17:38] DEPRECATION WARNING: please use MorganGenerator
[19:17:38] DEPRECATION WARNING: please use MorganGenerator
[19:17:38] DEPRECATION WARNING: please use MorganGenerator
[19:17:38] DEPRECATION WARNING: please use MorganGenerator
[19:17:38] DEPRECATION WARNING: please use MorganGenerator
[19:17:38] DEPRECATION WARNING: please use MorganGenerator
[19:17:38] DEPRECATION WARNING: please use MorganGenerator
[19:17:38] DEPRECATION WARNING: please use MorganGenerator
[19:17:38] DEPRECATION WARNING: please use MorganGenerator
[19:17:38] DEPRECATION WARNING: please use MorganGenerator
[19:17:38] DEPRECATION WARNING: please use MorganGenerator
[19:17:38] DEPRECATION WARNING: please use MorganGenerator
[19:17:39] DEPRECATION WARNING: please use MorganGenerator
[19:17:39] DEPRECATION WARNING: please use MorganGenerator
[19:17:39] DEPRECATION WARNING: please use MorganGenerator
[19:17:39] DEPRECATION WARNING: please use MorganGenerator
[19:17:39] DEPRECATION WARNING: please use MorganGenerator
[19:17:39] DEPRECATION WARNING: please use MorganGenerator
[19:17:39] DEPRECATION WARNING: please use MorganGenerator
[19:17:39] DEPRECATION WARNING: please use MorganGenerator
[19:17:39] DEPRECATION WARNING: please use MorganGenerator
[19:17:39] DEPRECATION WARNING: please use MorganGenerator
[19:17:39] DEPRECATION WARNING: please use MorganGenerator
[19:17:39] DEPRECATION WARNING: please use MorganGenerator
[19:17:39] DEPRECATION WARNING: please use MorganGenerator
[19:17:39] DEPRECATION WARNING: please use MorganGenerator
[19:17:39] DEPRECATION WARNING: please use MorganGenerator
[19:17:39] DEPRECATION WARNING: please use MorganGenerator
[19:17:39] DEPRECATION WARNING: please use MorganGenerator
[19:17:39] DEPRECATION WARNING: please use MorganGenerator
[19:17:39] DEPRECATION WARNING: please use MorganGenerator
[19:17:39] DEPRECATION WARNING: please use MorganGenerator
[19:17:39] DEPRECATION WARNING: please use MorganGenerator
[19:17:39] DEPRECATION WARNING: please use MorganGenerator
[19:17:39] DEPRECATION WARNING: please use MorganGenerator
[19:17:39] DEPRECATION WARNING: please use MorganGenerator
[19:17:39] DEPRECATION WARNING: please use MorganGenerator
[19:17:39] DEPRECATION WARNING: please use MorganGenerator
[19:17:39] DEPRECATION WARNING: please use MorganGenerator
[19:17:39] DEPRECATION WARNING: please use MorganGenerator
[19:17:39] DEPRECATION WARNING: please use MorganGenerator
[19:17:39] DEPRECATION WARNING: please use MorganGenerator
[19:17:39] DEPRECATION WARNING: please use MorganGenerator
[19:17:39] DEPRECATION WARNING: please use MorganGenerator
[19:17:39] DEPRECATION WARNING: please use MorganGenerator
[19:17:39] DEPRECATION WARNING: please use MorganGenerator
[19:17:39] DEPRECATION WARNING: please use MorganGenerator
[19:17:39] DEPRECATION WARNING: please use MorganGenerator
[19:17:39] DEPRECATION WARNING: please use MorganGenerator
[19:17:39] DEPRECATION WARNING: please use MorganGenerator
[19:17:39] DEPRECATION WARNING: please use MorganGenerator
[19:17:39] DEPRECATION WARNING: please use MorganGenerator
[19:17:39] DEPRECATION WARNING: please use MorganGenerator
[19:17:39] DEPRECATION WARNING: please use MorganGenerator
[19:17:39] DEPRECATION WARNING: please use MorganGenerator
[19:17:39] DEPRECATION WARNING: please use MorganGenerator
[19:17:39] DEPRECATION WARNING: please use MorganGenerator
[19:17:39] DEPRECATION WARNING: please use MorganGenerator
[19:17:39] DEPRECATION WARNING: please use MorganGenerator
[19:17:39] DEPRECATION WARNING: please use MorganGenerator
[19:17:40] DEPRECATION WARNING: please use MorganGenerator
[19:17:40] DEPRECATION WARNING: please use MorganGenerator
[19:17:40] DEPRECATION WARNING: please use MorganGenerator
[19:17:40] DEPRECATION WARNING: please use MorganGenerator
[19:17:40] DEPRECATION WARNING: please use MorganGenerator
[19:17:40] DEPRECATION WARNING: please use MorganGenerator
[19:17:40] DEPRECATION WARNING: please use MorganGenerator
[19:17:40] DEPRECATION WARNING: please use MorganGenerator
[19:17:40] DEPRECATION WARNING: please use MorganGenerator
[19:17:40] DEPRECATION WARNING: please use MorganGenerator
[19:17:40] DEPRECATION WARNING: please use MorganGenerator
[19:17:40] DEPRECATION WARNING: please use MorganGenerator
[19:17:40] DEPRECATION WARNING: please use MorganGenerator
[19:17:40] DEPRECATION WARNING: please use MorganGenerator
[19:17:40] DEPRECATION WARNING: please use MorganGenerator
[19:17:40] DEPRECATION WARNING: please use MorganGenerator
[19:17:40] DEPRECATION WARNING: please use MorganGenerator
[19:17:40] DEPRECATION WARNING: please use MorganGenerator
[19:17:40] DEPRECATION WARNING: please use MorganGenerator
[19:17:40] DEPRECATION WARNING: please use MorganGenerator
[19:17:40] DEPRECATION WARNING: please use MorganGenerator
[19:17:40] DEPRECATION WARNING: please use MorganGenerator
[19:17:40] DEPRECATION WARNING: please use MorganGenerator
[19:17:40] DEPRECATION WARNING: please use MorganGenerator
[19:17:40] DEPRECATION WARNING: please use MorganGenerator
[19:17:40] DEPRECATION WARNING: please use MorganGenerator
[19:17:40] DEPRECATION WARNING: please use MorganGenerator
[19:17:40] DEPRECATION WARNING: please use MorganGenerator
[19:17:40] DEPRECATION WARNING: please use MorganGenerator
[19:17:40] DEPRECATION WARNING: please use MorganGenerator
[19:17:40] DEPRECATION WARNING: please use MorganGenerator
[19:17:40] DEPRECATION WARNING: please use MorganGenerator
[19:17:40] DEPRECATION WARNING: please use MorganGenerator
[19:17:40] DEPRECATION WARNING: please use MorganGenerator
[19:17:40] DEPRECATION WARNING: please use MorganGenerator
[19:17:40] DEPRECATION WARNING: please use MorganGenerator
[19:17:40] DEPRECATION WARNING: please use MorganGenerator
[19:17:41] DEPRECATION WARNING: please use MorganGenerator
[19:17:41] DEPRECATION WARNING: please use MorganGenerator
[19:17:41] DEPRECATION WARNING: please use MorganGenerator
[19:17:41] DEPRECATION WARNING: please use MorganGenerator
[19:17:41] DEPRECATION WARNING: please use MorganGenerator
[19:17:41] DEPRECATION WARNING: please use MorganGenerator
[19:17:41] DEPRECATION WARNING: please use MorganGenerator
[19:17:41] DEPRECATION WARNING: please use MorganGenerator
[19:17:41] DEPRECATION WARNING: please use MorganGenerator
[19:17:41] DEPRECATION WARNING: please use MorganGenerator
[19:17:41] DEPRECATION WARNING: please use MorganGenerator
[19:17:41] DEPRECATION WARNING: please use MorganGenerator
[19:17:41] DEPRECATION WARNING: please use MorganGenerator
[19:17:41] DEPRECATION WARNING: please use MorganGenerator
[19:17:41] DEPRECATION WARNING: please use MorganGenerator
[19:17:41] DEPRECATION WARNING: please use MorganGenerator
[19:17:41] DEPRECATION WARNING: please use MorganGenerator
[19:17:41] DEPRECATION WARNING: please use MorganGenerator
[19:17:41] DEPRECATION WARNING: please use MorganGenerator
[19:17:41] DEPRECATION WARNING: please use MorganGenerator
[19:17:41] DEPRECATION WARNING: please use MorganGenerator
[19:17:41] DEPRECATION WARNING: please use MorganGenerator
[19:17:41] DEPRECATION WARNING: please use MorganGenerator
[19:17:41] DEPRECATION WARNING: please use MorganGenerator
[19:17:41] DEPRECATION WARNING: please use MorganGenerator
[19:17:41] DEPRECATION WARNING: please use MorganGenerator
[19:17:41] DEPRECATION WARNING: please use MorganGenerator
[19:17:41] DEPRECATION WARNING: please use MorganGenerator
[19:17:41] DEPRECATION WARNING: please use MorganGenerator
[19:17:41] DEPRECATION WARNING: please use MorganGenerator
[19:17:41] DEPRECATION WARNING: please use MorganGenerator
[19:17:41] DEPRECATION WARNING: please use MorganGenerator
[19:17:41] DEPRECATION WARNING: please use MorganGenerator
[19:17:41] DEPRECATION WARNING: please use MorganGenerator
[19:17:41] DEPRECATION WARNING: please use MorganGenerator
[19:17:41] DEPRECATION WARNING: please use MorganGenerator
[19:17:41] DEPRECATION WARNING: please use MorganGenerator
[19:17:41] DEPRECATION WARNING: please use MorganGenerator
[19:17:41] DEPRECATION WARNING: please use MorganGenerator
[19:17:41] DEPRECATION WARNING: please use MorganGenerator
[19:17:41] DEPRECATION WARNING: please use MorganGenerator
[19:17:41] DEPRECATION WARNING: please use MorganGenerator
[19:17:41] DEPRECATION WARNING: please use MorganGenerator
[19:17:42] DEPRECATION WARNING: please use MorganGenerator
[19:17:42] DEPRECATION WARNING: please use MorganGenerator
[19:17:42] DEPRECATION WARNING: please use MorganGenerator
[19:17:42] DEPRECATION WARNING: please use MorganGenerator
[19:17:42] DEPRECATION WARNING: please use MorganGenerator
[19:17:42] DEPRECATION WARNING: please use MorganGenerator
[19:17:42] DEPRECATION WARNING: please use MorganGenerator
[19:17:42] DEPRECATION WARNING: please use MorganGenerator
[19:17:42] DEPRECATION WARNING: please use MorganGenerator
[19:17:42] DEPRECATION WARNING: please use MorganGenerator
[19:17:42] DEPRECATION WARNING: please use MorganGenerator
[19:17:42] DEPRECATION WARNING: please use MorganGenerator
[19:17:42] DEPRECATION WARNING: please use MorganGenerator
[19:17:42] DEPRECATION WARNING: please use MorganGenerator
[19:17:42] DEPRECATION WARNING: please use MorganGenerator
[19:17:42] DEPRECATION WARNING: please use MorganGenerator
[19:17:42] DEPRECATION WARNING: please use MorganGenerator
[19:17:42] DEPRECATION WARNING: please use MorganGenerator
[19:17:42] DEPRECATION WARNING: please use MorganGenerator
[19:17:42] DEPRECATION WARNING: please use MorganGenerator
[19:17:42] DEPRECATION WARNING: please use MorganGenerator
[19:17:42] DEPRECATION WARNING: please use MorganGenerator
[19:17:42] DEPRECATION WARNING: please use MorganGenerator
[19:17:42] DEPRECATION WARNING: please use MorganGenerator
[19:17:42] DEPRECATION WARNING: please use MorganGenerator
[19:17:42] DEPRECATION WARNING: please use MorganGenerator
[19:17:42] DEPRECATION WARNING: please use MorganGenerator
[19:17:42] DEPRECATION WARNING: please use MorganGenerator
[19:17:42] DEPRECATION WARNING: please use MorganGenerator
[19:17:42] DEPRECATION WARNING: please use MorganGenerator
[19:17:42] DEPRECATION WARNING: please use MorganGenerator
[19:17:42] DEPRECATION WARNING: please use MorganGenerator
[19:17:42] DEPRECATION WARNING: please use MorganGenerator
[19:17:42] DEPRECATION WARNING: please use MorganGenerator
[19:17:42] DEPRECATION WARNING: please use MorganGenerator
[19:17:42] DEPRECATION WARNING: please use MorganGenerator
[19:17:42] DEPRECATION WARNING: please use MorganGenerator
[19:17:42] DEPRECATION WARNING: please use MorganGenerator
[19:17:42] DEPRECATION WARNING: please use MorganGenerator
[19:17:42] DEPRECATION WARNING: please use MorganGenerator
[19:17:42] DEPRECATION WARNING: please use MorganGenerator
[19:17:42] DEPRECATION WARNING: please use MorganGenerator
[19:17:42] DEPRECATION WARNING: please use MorganGenerator
[19:17:42] DEPRECATION WARNING: please use MorganGenerator
[19:17:42] DEPRECATION WARNING: please use MorganGenerator
[19:17:42] DEPRECATION WARNING: please use MorganGenerator
[19:17:42] DEPRECATION WARNING: please use MorganGenerator
[19:17:42] DEPRECATION WARNING: please use MorganGenerator
[19:17:42] DEPRECATION WARNING: please use MorganGenerator
[19:17:42] DEPRECATION WARNING: please use MorganGenerator
[19:17:42] DEPRECATION WARNING: please use MorganGenerator
[19:17:42] DEPRECATION WARNING: please use MorganGenerator
[19:17:42] DEPRECATION WARNING: please use MorganGenerator
[19:17:42] DEPRECATION WARNING: please use MorganGenerator
[19:17:42] DEPRECATION WARNING: please use MorganGenerator
[19:17:42] DEPRECATION WARNING: please use MorganGenerator
[19:17:42] DEPRECATION WARNING: please use MorganGenerator
[19:17:42] DEPRECATION WARNING: please use MorganGenerator
[19:17:42] DEPRECATION WARNING: please use MorganGenerator
[19:17:42] DEPRECATION WARNING: please use MorganGenerator
[19:17:42] DEPRECATION WARNING: please use MorganGenerator
[19:17:43] DEPRECATION WARNING: please use MorganGenerator
[19:17:43] DEPRECATION WARNING: please use MorganGenerator
[19:17:43] DEPRECATION WARNING: please use MorganGenerator
[19:17:43] DEPRECATION WARNING: please use MorganGenerator
[19:17:43] DEPRECATION WARNING: please use MorganGenerator
[19:17:43] DEPRECATION WARNING: please use MorganGenerator
[19:17:43] DEPRECATION WARNING: please use MorganGenerator
[19:17:43] DEPRECATION WARNING: please use MorganGenerator
[19:17:43] DEPRECATION WARNING: please use MorganGenerator
[19:17:43] DEPRECATION WARNING: please use MorganGenerator
[19:17:43] DEPRECATION WARNING: please use MorganGenerator
[19:17:43] DEPRECATION WARNING: please use MorganGenerator
[19:17:43] DEPRECATION WARNING: please use MorganGenerator
[19:17:43] DEPRECATION WARNING: please use MorganGenerator
[19:17:43] DEPRECATION WARNING: please use MorganGenerator
[19:17:43] DEPRECATION WARNING: please use MorganGenerator
[19:17:43] DEPRECATION WARNING: please use MorganGenerator
[19:17:43] DEPRECATION WARNING: please use MorganGenerator
[19:17:43] DEPRECATION WARNING: please use MorganGenerator
[19:17:43] DEPRECATION WARNING: please use MorganGenerator
[19:17:43] DEPRECATION WARNING: please use MorganGenerator
[19:17:43] DEPRECATION WARNING: please use MorganGenerator
[19:17:43] DEPRECATION WARNING: please use MorganGenerator
[19:17:43] DEPRECATION WARNING: please use MorganGenerator
[19:17:43] DEPRECATION WARNING: please use MorganGenerator
[19:17:43] DEPRECATION WARNING: please use MorganGenerator
[19:17:43] DEPRECATION WARNING: please use MorganGenerator
[19:17:43] DEPRECATION WARNING: please use MorganGenerator
[19:17:43] DEPRECATION WARNING: please use MorganGenerator
[19:17:43] DEPRECATION WARNING: please use MorganGenerator
[19:17:43] DEPRECATION WARNING: please use MorganGenerator
[19:17:43] DEPRECATION WARNING: please use MorganGenerator
[19:17:43] DEPRECATION WARNING: please use MorganGenerator
[19:17:43] DEPRECATION WARNING: please use MorganGenerator
[19:17:43] DEPRECATION WARNING: please use MorganGenerator
[19:17:43] DEPRECATION WARNING: please use MorganGenerator
[19:17:43] DEPRECATION WARNING: please use MorganGenerator
[19:17:43] DEPRECATION WARNING: please use MorganGenerator
[19:17:43] DEPRECATION WARNING: please use MorganGenerator
[19:17:43] DEPRECATION WARNING: please use MorganGenerator
[19:17:43] DEPRECATION WARNING: please use MorganGenerator
[19:17:44] DEPRECATION WARNING: please use MorganGenerator
[19:17:44] DEPRECATION WARNING: please use MorganGenerator
[19:17:44] DEPRECATION WARNING: please use MorganGenerator
[19:17:44] DEPRECATION WARNING: please use MorganGenerator
[19:17:44] DEPRECATION WARNING: please use MorganGenerator
[19:17:44] DEPRECATION WARNING: please use MorganGenerator
[19:17:44] DEPRECATION WARNING: please use MorganGenerator
[19:17:44] DEPRECATION WARNING: please use MorganGenerator
[19:17:44] DEPRECATION WARNING: please use MorganGenerator
[19:17:44] DEPRECATION WARNING: please use MorganGenerator
[19:17:44] DEPRECATION WARNING: please use MorganGenerator
[19:17:44] DEPRECATION WARNING: please use MorganGenerator
[19:17:44] DEPRECATION WARNING: please use MorganGenerator
[19:17:44] DEPRECATION WARNING: please use MorganGenerator
[19:17:44] DEPRECATION WARNING: please use MorganGenerator
[19:17:44] DEPRECATION WARNING: please use MorganGenerator
[19:17:44] DEPRECATION WARNING: please use MorganGenerator
[19:17:44] DEPRECATION WARNING: please use MorganGenerator
[19:17:44] DEPRECATION WARNING: please use MorganGenerator
[19:17:44] DEPRECATION WARNING: please use MorganGenerator
[19:17:44] DEPRECATION WARNING: please use MorganGenerator
[19:17:44] DEPRECATION WARNING: please use MorganGenerator
[19:17:44] DEPRECATION WARNING: please use MorganGenerator
[19:17:44] DEPRECATION WARNING: please use MorganGenerator
[19:17:44] DEPRECATION WARNING: please use MorganGenerator
[19:17:44] DEPRECATION WARNING: please use MorganGenerator
[19:17:44] DEPRECATION WARNING: please use MorganGenerator
[19:17:44] DEPRECATION WARNING: please use MorganGenerator
[19:17:44] DEPRECATION WARNING: please use MorganGenerator
[19:17:44] DEPRECATION WARNING: please use MorganGenerator
[19:17:44] DEPRECATION WARNING: please use MorganGenerator
[19:17:44] DEPRECATION WARNING: please use MorganGenerator
[19:17:44] DEPRECATION WARNING: please use MorganGenerator
[19:17:44] DEPRECATION WARNING: please use MorganGenerator
[19:17:44] DEPRECATION WARNING: please use MorganGenerator
[19:17:44] DEPRECATION WARNING: please use MorganGenerator
[19:17:44] DEPRECATION WARNING: please use MorganGenerator
[19:17:44] DEPRECATION WARNING: please use MorganGenerator
[19:17:44] DEPRECATION WARNING: please use MorganGenerator
[19:17:44] DEPRECATION WARNING: please use MorganGenerator
[19:17:44] DEPRECATION WARNING: please use MorganGenerator
[19:17:44] DEPRECATION WARNING: please use MorganGenerator
[19:17:44] DEPRECATION WARNING: please use MorganGenerator
[19:17:44] DEPRECATION WARNING: please use MorganGenerator
[19:17:44] Explicit valence for atom # 10 N, 5, is greater than permitted
[19:17:44] DEPRECATION WARNING: please use MorganGenerator
[19:17:44] DEPRECATION WARNING: please use MorganGenerator
[19:17:44] DEPRECATION WARNING: please use MorganGenerator
[19:17:44] DEPRECATION WARNING: please use MorganGenerator
[19:17:44] DEPRECATION WARNING: please use MorganGenerator
[19:17:44] DEPRECATION WARNING: please use MorganGenerator
[19:17:44] DEPRECATION WARNING: please use MorganGenerator
[19:17:44] DEPRECATION WARNING: please use MorganGenerator
[19:17:44] DEPRECATION WARNING: please use MorganGenerator
[19:17:44] DEPRECATION WARNING: please use MorganGenerator
[19:17:44] DEPRECATION WARNING: please use MorganGenerator
[19:17:44] DEPRECATION WARNING: please use MorganGenerator
[19:17:44] DEPRECATION WARNING: please use MorganGenerator
[19:17:44] DEPRECATION WARNING: please use MorganGenerator
[19:17:44] DEPRECATION WARNING: please use MorganGenerator
[19:17:44] DEPRECATION WARNING: please use MorganGenerator
[19:17:44] DEPRECATION WARNING: please use MorganGenerator
[19:17:44] DEPRECATION WARNING: please use MorganGenerator
[19:17:44] DEPRECATION WARNING: please use MorganGenerator
[19:17:44] DEPRECATION WARNING: please use MorganGenerator
[19:17:44] DEPRECATION WARNING: please use MorganGenerator
[19:17:44] DEPRECATION WARNING: please use MorganGenerator
[19:17:44] DEPRECATION WARNING: please use MorganGenerator
[19:17:44] DEPRECATION WARNING: please use MorganGenerator
[19:17:44] DEPRECATION WARNING: please use MorganGenerator
[19:17:44] DEPRECATION WARNING: please use MorganGenerator
[19:17:45] DEPRECATION WARNING: please use MorganGenerator
[19:17:45] DEPRECATION WARNING: please use MorganGenerator
[19:17:45] DEPRECATION WARNING: please use MorganGenerator
[19:17:45] DEPRECATION WARNING: please use MorganGenerator
[19:17:45] DEPRECATION WARNING: please use MorganGenerator
[19:17:45] DEPRECATION WARNING: please use MorganGenerator
[19:17:45] DEPRECATION WARNING: please use MorganGenerator
[19:17:45] DEPRECATION WARNING: please use MorganGenerator
[19:17:45] DEPRECATION WARNING: please use MorganGenerator
[19:17:45] DEPRECATION WARNING: please use MorganGenerator
[19:17:45] DEPRECATION WARNING: please use MorganGenerator
[19:17:45] DEPRECATION WARNING: please use MorganGenerator
[19:17:45] DEPRECATION WARNING: please use MorganGenerator
[19:17:45] DEPRECATION WARNING: please use MorganGenerator
[19:17:45] DEPRECATION WARNING: please use MorganGenerator
[19:17:45] DEPRECATION WARNING: please use MorganGenerator
[19:17:45] DEPRECATION WARNING: please use MorganGenerator
[19:17:45] DEPRECATION WARNING: please use MorganGenerator
[19:17:45] DEPRECATION WARNING: please use MorganGenerator
[19:17:45] DEPRECATION WARNING: please use MorganGenerator
[19:17:45] DEPRECATION WARNING: please use MorganGenerator
[19:17:45] DEPRECATION WARNING: please use MorganGenerator
[19:17:45] DEPRECATION WARNING: please use MorganGenerator
[19:17:45] DEPRECATION WARNING: please use MorganGenerator
[19:17:45] DEPRECATION WARNING: please use MorganGenerator
[19:17:45] DEPRECATION WARNING: please use MorganGenerator
[19:17:45] DEPRECATION WARNING: please use MorganGenerator
[19:17:45] DEPRECATION WARNING: please use MorganGenerator
[19:17:45] DEPRECATION WARNING: please use MorganGenerator
[19:17:45] DEPRECATION WARNING: please use MorganGenerator
[19:17:45] DEPRECATION WARNING: please use MorganGenerator
[19:17:45] DEPRECATION WARNING: please use MorganGenerator
[19:17:45] DEPRECATION WARNING: please use MorganGenerator
[19:17:45] DEPRECATION WARNING: please use MorganGenerator
[19:17:45] DEPRECATION WARNING: please use MorganGenerator
[19:17:45] DEPRECATION WARNING: please use MorganGenerator
[19:17:45] DEPRECATION WARNING: please use MorganGenerator
[19:17:45] DEPRECATION WARNING: please use MorganGenerator
[19:17:45] DEPRECATION WARNING: please use MorganGenerator
[19:17:45] DEPRECATION WARNING: please use MorganGenerator
[19:17:45] DEPRECATION WARNING: please use MorganGenerator
[19:17:45] DEPRECATION WARNING: please use MorganGenerator
[19:17:45] DEPRECATION WARNING: please use MorganGenerator
[19:17:45] DEPRECATION WARNING: please use MorganGenerator
[19:17:45] DEPRECATION WARNING: please use MorganGenerator
[19:17:45] DEPRECATION WARNING: please use MorganGenerator
[19:17:45] DEPRECATION WARNING: please use MorganGenerator
[19:17:45] DEPRECATION WARNING: please use MorganGenerator
[19:17:45] DEPRECATION WARNING: please use MorganGenerator
[19:17:45] DEPRECATION WARNING: please use MorganGenerator
[19:17:45] DEPRECATION WARNING: please use MorganGenerator
[19:17:45] DEPRECATION WARNING: please use MorganGenerator
[19:17:45] DEPRECATION WARNING: please use MorganGenerator
[19:17:45] DEPRECATION WARNING: please use MorganGenerator
[19:17:45] DEPRECATION WARNING: please use MorganGenerator
[19:17:45] DEPRECATION WARNING: please use MorganGenerator
[19:17:45] DEPRECATION WARNING: please use MorganGenerator
[19:17:45] DEPRECATION WARNING: please use MorganGenerator
[19:17:45] DEPRECATION WARNING: please use MorganGenerator
[19:17:45] DEPRECATION WARNING: please use MorganGenerator
[19:17:45] DEPRECATION WARNING: please use MorganGenerator
[19:17:45] DEPRECATION WARNING: please use MorganGenerator
[19:17:45] DEPRECATION WARNING: please use MorganGenerator
[19:17:45] DEPRECATION WARNING: please use MorganGenerator
[19:17:45] DEPRECATION WARNING: please use MorganGenerator
[19:17:46] DEPRECATION WARNING: please use MorganGenerator
[19:17:46] DEPRECATION WARNING: please use MorganGenerator
[19:17:46] DEPRECATION WARNING: please use MorganGenerator
[19:17:46] DEPRECATION WARNING: please use MorganGenerator
[19:17:46] DEPRECATION WARNING: please use MorganGenerator
[19:17:46] DEPRECATION WARNING: please use MorganGenerator
[19:17:46] DEPRECATION WARNING: please use MorganGenerator
[19:17:46] DEPRECATION WARNING: please use MorganGenerator
[19:17:46] DEPRECATION WARNING: please use MorganGenerator
[19:17:46] DEPRECATION WARNING: please use MorganGenerator
[19:17:47] DEPRECATION WARNING: please use MorganGenerator
[19:17:47] DEPRECATION WARNING: please use MorganGenerator
[19:17:48] DEPRECATION WARNING: please use MorganGenerator
[19:17:48] DEPRECATION WARNING: please use MorganGenerator
[19:17:48] DEPRECATION WARNING: please use MorganGenerator
[19:17:49] DEPRECATION WARNING: please use MorganGenerator
[19:17:49] DEPRECATION WARNING: please use MorganGenerator
[19:17:49] DEPRECATION WARNING: please use MorganGenerator
[19:17:50] DEPRECATION WARNING: please use MorganGenerator
[19:17:50] DEPRECATION WARNING: please use MorganGenerator
[19:17:51] DEPRECATION WARNING: please use MorganGenerator
[19:17:51] DEPRECATION WARNING: please use MorganGenerator
[19:17:52] DEPRECATION WARNING: please use MorganGenerator
[19:17:52] DEPRECATION WARNING: please use MorganGenerator
[19:17:52] DEPRECATION WARNING: please use MorganGenerator
[19:17:52] DEPRECATION WARNING: please use MorganGenerator
[19:17:52] DEPRECATION WARNING: please use MorganGenerator
[19:17:52] DEPRECATION WARNING: please use MorganGenerator
[19:17:52] DEPRECATION WARNING: please use MorganGenerator
[19:17:52] DEPRECATION WARNING: please use MorganGenerator
[19:17:52] DEPRECATION WARNING: please use MorganGenerator
[19:17:53] DEPRECATION WARNING: please use MorganGenerator
[19:17:53] DEPRECATION WARNING: please use MorganGenerator
[19:17:53] DEPRECATION WARNING: please use MorganGenerator
[19:17:53] DEPRECATION WARNING: please use MorganGenerator
[19:17:53] DEPRECATION WARNING: please use MorganGenerator
[19:17:53] DEPRECATION WARNING: please use MorganGenerator
[19:17:53] DEPRECATION WARNING: please use MorganGenerator
[19:17:53] DEPRECATION WARNING: please use MorganGenerator
[19:17:53] DEPRECATION WARNING: please use MorganGenerator
[19:17:53] DEPRECATION WARNING: please use MorganGenerator
[19:17:53] DEPRECATION WARNING: please use MorganGenerator
[19:17:53] DEPRECATION WARNING: please use MorganGenerator
[19:17:53] DEPRECATION WARNING: please use MorganGenerator
[19:17:53] DEPRECATION WARNING: please use MorganGenerator
[19:17:53] DEPRECATION WARNING: please use MorganGenerator
[19:17:54] DEPRECATION WARNING: please use MorganGenerator
[19:17:54] DEPRECATION WARNING: please use MorganGenerator
[19:17:54] DEPRECATION WARNING: please use MorganGenerator
[19:17:55] DEPRECATION WARNING: please use MorganGenerator
[19:17:55] DEPRECATION WARNING: please use MorganGenerator
[19:17:56] DEPRECATION WARNING: please use MorganGenerator
[19:17:56] DEPRECATION WARNING: please use MorganGenerator
[19:17:57] DEPRECATION WARNING: please use MorganGenerator
[19:17:57] DEPRECATION WARNING: please use MorganGenerator
[19:17:57] DEPRECATION WARNING: please use MorganGenerator
[19:17:57] DEPRECATION WARNING: please use MorganGenerator
[19:17:57] DEPRECATION WARNING: please use MorganGenerator
[19:17:57] DEPRECATION WARNING: please use MorganGenerator
[19:17:57] DEPRECATION WARNING: please use MorganGenerator
[19:17:57] DEPRECATION WARNING: please use MorganGenerator
[19:17:57] DEPRECATION WARNING: please use MorganGenerator
[19:17:58] DEPRECATION WARNING: please use MorganGenerator
[19:17:58] DEPRECATION WARNING: please use MorganGenerator
[19:17:58] DEPRECATION WARNING: please use MorganGenerator
[19:17:58] DEPRECATION WARNING: please use MorganGenerator
[19:17:58] DEPRECATION WARNING: please use MorganGenerator
[19:17:58] DEPRECATION WARNING: please use MorganGenerator
[19:17:58] DEPRECATION WARNING: please use MorganGenerator
[19:17:58] DEPRECATION WARNING: please use MorganGenerator
[19:17:58] DEPRECATION WARNING: please use MorganGenerator
[19:17:58] DEPRECATION WARNING: please use MorganGenerator
[19:17:59] DEPRECATION WARNING: please use MorganGenerator
[19:17:59] DEPRECATION WARNING: please use MorganGenerator
[19:17:59] DEPRECATION WARNING: please use MorganGenerator
[19:17:59] DEPRECATION WARNING: please use MorganGenerator
[19:17:59] DEPRECATION WARNING: please use MorganGenerator
[19:17:59] DEPRECATION WARNING: please use MorganGenerator
[19:17:59] DEPRECATION WARNING: please use MorganGenerator
[19:17:59] DEPRECATION WARNING: please use MorganGenerator
[19:17:59] DEPRECATION WARNING: please use MorganGenerator
[19:17:59] DEPRECATION WARNING: please use MorganGenerator
[19:17:59] DEPRECATION WARNING: please use MorganGenerator
[19:17:59] DEPRECATION WARNING: please use MorganGenerator
[19:17:59] DEPRECATION WARNING: please use MorganGenerator
[19:17:59] DEPRECATION WARNING: please use MorganGenerator
[19:17:59] DEPRECATION WARNING: please use MorganGenerator
[19:17:59] DEPRECATION WARNING: please use MorganGenerator
[19:18:00] DEPRECATION WARNING: please use MorganGenerator
[19:18:00] DEPRECATION WARNING: please use MorganGenerator
[19:18:00] DEPRECATION WARNING: please use MorganGenerator
[19:18:00] DEPRECATION WARNING: please use MorganGenerator
[19:18:00] DEPRECATION WARNING: please use MorganGenerator
[19:18:00] DEPRECATION WARNING: please use MorganGenerator
[19:18:00] DEPRECATION WARNING: please use MorganGenerator
[19:18:00] DEPRECATION WARNING: please use MorganGenerator
[19:18:00] DEPRECATION WARNING: please use MorganGenerator
[19:18:00] DEPRECATION WARNING: please use MorganGenerator
[19:18:00] DEPRECATION WARNING: please use MorganGenerator
[19:18:00] DEPRECATION WARNING: please use MorganGenerator
[19:18:00] DEPRECATION WARNING: please use MorganGenerator
[19:18:00] DEPRECATION WARNING: please use MorganGenerator
[19:18:00] DEPRECATION WARNING: please use MorganGenerator
[19:18:00] DEPRECATION WARNING: please use MorganGenerator
[19:18:01] DEPRECATION WARNING: please use MorganGenerator
[19:18:01] DEPRECATION WARNING: please use MorganGenerator
[19:18:01] DEPRECATION WARNING: please use MorganGenerator
[19:18:01] DEPRECATION WARNING: please use MorganGenerator
[19:18:01] DEPRECATION WARNING: please use MorganGenerator
[19:18:01] DEPRECATION WARNING: please use MorganGenerator
[19:18:01] DEPRECATION WARNING: please use MorganGenerator
[19:18:01] DEPRECATION WARNING: please use MorganGenerator
[19:18:01] DEPRECATION WARNING: please use MorganGenerator
[19:18:01] DEPRECATION WARNING: please use MorganGenerator
[19:18:01] DEPRECATION WARNING: please use MorganGenerator
[19:18:01] DEPRECATION WARNING: please use MorganGenerator
[19:18:01] DEPRECATION WARNING: please use MorganGenerator
[19:18:01] DEPRECATION WARNING: please use MorganGenerator
[19:18:01] DEPRECATION WARNING: please use MorganGenerator
[19:18:01] DEPRECATION WARNING: please use MorganGenerator
[19:18:01] DEPRECATION WARNING: please use MorganGenerator
[19:18:01] DEPRECATION WARNING: please use MorganGenerator
[19:18:01] DEPRECATION WARNING: please use MorganGenerator
[19:18:01] DEPRECATION WARNING: please use MorganGenerator
[19:18:02] DEPRECATION WARNING: please use MorganGenerator
[19:18:02] DEPRECATION WARNING: please use MorganGenerator
[19:18:02] DEPRECATION WARNING: please use MorganGenerator
[19:18:02] DEPRECATION WARNING: please use MorganGenerator
[19:18:02] DEPRECATION WARNING: please use MorganGenerator
[19:18:02] DEPRECATION WARNING: please use MorganGenerator
[19:18:02] DEPRECATION WARNING: please use MorganGenerator
[19:18:02] DEPRECATION WARNING: please use MorganGenerator
[19:18:02] DEPRECATION WARNING: please use MorganGenerator
[19:18:02] DEPRECATION WARNING: please use MorganGenerator
[19:18:03] DEPRECATION WARNING: please use MorganGenerator
[19:18:03] DEPRECATION WARNING: please use MorganGenerator
[19:18:03] DEPRECATION WARNING: please use MorganGenerator
[19:18:03] DEPRECATION WARNING: please use MorganGenerator
[19:18:03] DEPRECATION WARNING: please use MorganGenerator
[19:18:03] DEPRECATION WARNING: please use MorganGenerator
[19:18:03] DEPRECATION WARNING: please use MorganGenerator
[19:18:03] DEPRECATION WARNING: please use MorganGenerator
[19:18:03] DEPRECATION WARNING: please use MorganGenerator
[19:18:03] DEPRECATION WARNING: please use MorganGenerator
[19:18:03] DEPRECATION WARNING: please use MorganGenerator
[19:18:03] DEPRECATION WARNING: please use MorganGenerator
[19:18:03] DEPRECATION WARNING: please use MorganGenerator
[19:18:03] DEPRECATION WARNING: please use MorganGenerator
[19:18:03] DEPRECATION WARNING: please use MorganGenerator
[19:18:03] DEPRECATION WARNING: please use MorganGenerator
[19:18:03] DEPRECATION WARNING: please use MorganGenerator
[19:18:03] DEPRECATION WARNING: please use MorganGenerator
[19:18:03] DEPRECATION WARNING: please use MorganGenerator
[19:18:03] DEPRECATION WARNING: please use MorganGenerator
[19:18:03] DEPRECATION WARNING: please use MorganGenerator
[19:18:03] DEPRECATION WARNING: please use MorganGenerator
[19:18:04] DEPRECATION WARNING: please use MorganGenerator
[19:18:04] DEPRECATION WARNING: please use MorganGenerator
[19:18:04] DEPRECATION WARNING: please use MorganGenerator
[19:18:04] DEPRECATION WARNING: please use MorganGenerator
[19:18:04] DEPRECATION WARNING: please use MorganGenerator
[19:18:04] DEPRECATION WARNING: please use MorganGenerator
[19:18:04] DEPRECATION WARNING: please use MorganGenerator
[19:18:04] DEPRECATION WARNING: please use MorganGenerator
[19:18:04] DEPRECATION WARNING: please use MorganGenerator
[19:18:04] DEPRECATION WARNING: please use MorganGenerator
[19:18:04] DEPRECATION WARNING: please use MorganGenerator
[19:18:04] DEPRECATION WARNING: please use MorganGenerator
[19:18:04] DEPRECATION WARNING: please use MorganGenerator
[19:18:04] DEPRECATION WARNING: please use MorganGenerator
[19:18:04] DEPRECATION WARNING: please use MorganGenerator
[19:18:04] DEPRECATION WARNING: please use MorganGenerator
[19:18:04] DEPRECATION WARNING: please use MorganGenerator
[19:18:04] DEPRECATION WARNING: please use MorganGenerator
[19:18:04] DEPRECATION WARNING: please use MorganGenerator
[19:18:04] DEPRECATION WARNING: please use MorganGenerator
[19:18:05] DEPRECATION WARNING: please use MorganGenerator
[19:18:05] DEPRECATION WARNING: please use MorganGenerator
[19:18:05] DEPRECATION WARNING: please use MorganGenerator
[19:18:05] DEPRECATION WARNING: please use MorganGenerator
[19:18:05] DEPRECATION WARNING: please use MorganGenerator
[19:18:05] DEPRECATION WARNING: please use MorganGenerator
[19:18:05] DEPRECATION WARNING: please use MorganGenerator
[19:18:05] DEPRECATION WARNING: please use MorganGenerator
[19:18:05] DEPRECATION WARNING: please use MorganGenerator
[19:18:05] DEPRECATION WARNING: please use MorganGenerator
[19:18:05] DEPRECATION WARNING: please use MorganGenerator
[19:18:05] DEPRECATION WARNING: please use MorganGenerator
[19:18:05] DEPRECATION WARNING: please use MorganGenerator
[19:18:06] DEPRECATION WARNING: please use MorganGenerator
[19:18:06] DEPRECATION WARNING: please use MorganGenerator
[19:18:06] DEPRECATION WARNING: please use MorganGenerator
[19:18:06] DEPRECATION WARNING: please use MorganGenerator
[19:18:06] DEPRECATION WARNING: please use MorganGenerator
[19:18:06] DEPRECATION WARNING: please use MorganGenerator
[19:18:06] DEPRECATION WARNING: please use MorganGenerator
[19:18:06] DEPRECATION WARNING: please use MorganGenerator
[19:18:07] DEPRECATION WARNING: please use MorganGenerator
[19:18:07] DEPRECATION WARNING: please use MorganGenerator
[19:18:07] DEPRECATION WARNING: please use MorganGenerator
[19:18:07] DEPRECATION WARNING: please use MorganGenerator
[19:18:07] DEPRECATION WARNING: please use MorganGenerator
[19:18:07] DEPRECATION WARNING: please use MorganGenerator
[19:18:07] DEPRECATION WARNING: please use MorganGenerator
[19:18:08] DEPRECATION WARNING: please use MorganGenerator
[19:18:08] DEPRECATION WARNING: please use MorganGenerator
[19:18:08] DEPRECATION WARNING: please use MorganGenerator
[19:18:08] DEPRECATION WARNING: please use MorganGenerator
[19:18:08] DEPRECATION WARNING: please use MorganGenerator
[19:18:08] DEPRECATION WARNING: please use MorganGenerator
[19:18:08] DEPRECATION WARNING: please use MorganGenerator
[19:18:08] DEPRECATION WARNING: please use MorganGenerator
[19:18:09] DEPRECATION WARNING: please use MorganGenerator
[19:18:09] DEPRECATION WARNING: please use MorganGenerator
[19:18:09] DEPRECATION WARNING: please use MorganGenerator
[19:18:09] DEPRECATION WARNING: please use MorganGenerator
[19:18:09] DEPRECATION WARNING: please use MorganGenerator
[19:18:09] DEPRECATION WARNING: please use MorganGenerator
[19:18:09] DEPRECATION WARNING: please use MorganGenerator
[19:18:09] DEPRECATION WARNING: please use MorganGenerator
[19:18:09] DEPRECATION WARNING: please use MorganGenerator
[19:18:09] DEPRECATION WARNING: please use MorganGenerator
[19:18:09] DEPRECATION WARNING: please use MorganGenerator
[19:18:09] DEPRECATION WARNING: please use MorganGenerator
[19:18:09] DEPRECATION WARNING: please use MorganGenerator
[19:18:09] DEPRECATION WARNING: please use MorganGenerator
[19:18:09] DEPRECATION WARNING: please use MorganGenerator
[19:18:09] DEPRECATION WARNING: please use MorganGenerator
[19:18:09] DEPRECATION WARNING: please use MorganGenerator
[19:18:09] DEPRECATION WARNING: please use MorganGenerator
[19:18:09] DEPRECATION WARNING: please use MorganGenerator
[19:18:09] DEPRECATION WARNING: please use MorganGenerator
[19:18:09] DEPRECATION WARNING: please use MorganGenerator
[19:18:10] DEPRECATION WARNING: please use MorganGenerator
[19:18:10] DEPRECATION WARNING: please use MorganGenerator
[19:18:10] DEPRECATION WARNING: please use MorganGenerator
[19:18:10] DEPRECATION WARNING: please use MorganGenerator
[19:18:10] DEPRECATION WARNING: please use MorganGenerator
[19:18:10] DEPRECATION WARNING: please use MorganGenerator
[19:18:10] DEPRECATION WARNING: please use MorganGenerator
[19:18:10] Explicit valence for atom # 16 N, 5, is greater than permitted
[19:18:10] DEPRECATION WARNING: please use MorganGenerator
[19:18:10] DEPRECATION WARNING: please use MorganGenerator
[19:18:10] DEPRECATION WARNING: please use MorganGenerator
[19:18:10] DEPRECATION WARNING: please use MorganGenerator
[19:18:10] DEPRECATION WARNING: please use MorganGenerator
[19:18:10] DEPRECATION WARNING: please use MorganGenerator
[19:18:11] DEPRECATION WARNING: please use MorganGenerator
[19:18:11] DEPRECATION WARNING: please use MorganGenerator
[19:18:11] DEPRECATION WARNING: please use MorganGenerator
[19:18:11] DEPRECATION WARNING: please use MorganGenerator
[19:18:11] DEPRECATION WARNING: please use MorganGenerator
[19:18:11] DEPRECATION WARNING: please use MorganGenerator
[19:18:11] DEPRECATION WARNING: please use MorganGenerator
[19:18:11] DEPRECATION WARNING: please use MorganGenerator
[19:18:11] DEPRECATION WARNING: please use MorganGenerator
[19:18:11] DEPRECATION WARNING: please use MorganGenerator
[19:18:11] DEPRECATION WARNING: please use MorganGenerator
[19:18:11] DEPRECATION WARNING: please use MorganGenerator
[19:18:11] DEPRECATION WARNING: please use MorganGenerator
[19:18:11] DEPRECATION WARNING: please use MorganGenerator
[19:18:11] DEPRECATION WARNING: please use MorganGenerator
[19:18:11] DEPRECATION WARNING: please use MorganGenerator
[19:18:11] DEPRECATION WARNING: please use MorganGenerator
[19:18:11] DEPRECATION WARNING: please use MorganGenerator
[19:18:11] DEPRECATION WARNING: please use MorganGenerator
[19:18:11] DEPRECATION WARNING: please use MorganGenerator
[19:18:11] DEPRECATION WARNING: please use MorganGenerator
[19:18:11] DEPRECATION WARNING: please use MorganGenerator
[19:18:11] DEPRECATION WARNING: please use MorganGenerator
[19:18:11] DEPRECATION WARNING: please use MorganGenerator
[19:18:11] DEPRECATION WARNING: please use MorganGenerator
[19:18:11] DEPRECATION WARNING: please use MorganGenerator
[19:18:12] DEPRECATION WARNING: please use MorganGenerator
[19:18:12] DEPRECATION WARNING: please use MorganGenerator
[19:18:12] DEPRECATION WARNING: please use MorganGenerator
[19:18:12] DEPRECATION WARNING: please use MorganGenerator
[19:18:12] DEPRECATION WARNING: please use MorganGenerator
[19:18:12] DEPRECATION WARNING: please use MorganGenerator
[19:18:12] DEPRECATION WARNING: please use MorganGenerator
[19:18:12] DEPRECATION WARNING: please use MorganGenerator
[19:18:12] DEPRECATION WARNING: please use MorganGenerator
[19:18:12] DEPRECATION WARNING: please use MorganGenerator
[19:18:12] DEPRECATION WARNING: please use MorganGenerator
[19:18:12] DEPRECATION WARNING: please use MorganGenerator
[19:18:12] DEPRECATION WARNING: please use MorganGenerator
[19:18:12] DEPRECATION WARNING: please use MorganGenerator
[19:18:12] DEPRECATION WARNING: please use MorganGenerator
[19:18:12] DEPRECATION WARNING: please use MorganGenerator
[19:18:12] DEPRECATION WARNING: please use MorganGenerator
[19:18:12] DEPRECATION WARNING: please use MorganGenerator
[19:18:12] DEPRECATION WARNING: please use MorganGenerator
[19:18:12] DEPRECATION WARNING: please use MorganGenerator
[19:18:12] DEPRECATION WARNING: please use MorganGenerator
[19:18:12] DEPRECATION WARNING: please use MorganGenerator
[19:18:12] DEPRECATION WARNING: please use MorganGenerator
[19:18:12] DEPRECATION WARNING: please use MorganGenerator
[19:18:12] DEPRECATION WARNING: please use MorganGenerator
[19:18:12] DEPRECATION WARNING: please use MorganGenerator
[19:18:12] DEPRECATION WARNING: please use MorganGenerator
[19:18:12] DEPRECATION WARNING: please use MorganGenerator
[19:18:12] DEPRECATION WARNING: please use MorganGenerator
[19:18:12] DEPRECATION WARNING: please use MorganGenerator
[19:18:12] DEPRECATION WARNING: please use MorganGenerator
[19:18:12] DEPRECATION WARNING: please use MorganGenerator
[19:18:12] DEPRECATION WARNING: please use MorganGenerator
[19:18:12] DEPRECATION WARNING: please use MorganGenerator
[19:18:12] DEPRECATION WARNING: please use MorganGenerator
[19:18:12] DEPRECATION WARNING: please use MorganGenerator
[19:18:12] DEPRECATION WARNING: please use MorganGenerator
[19:18:12] DEPRECATION WARNING: please use MorganGenerator
[19:18:12] DEPRECATION WARNING: please use MorganGenerator
[19:18:12] DEPRECATION WARNING: please use MorganGenerator
[19:18:12] DEPRECATION WARNING: please use MorganGenerator
[19:18:12] DEPRECATION WARNING: please use MorganGenerator
[19:18:12] DEPRECATION WARNING: please use MorganGenerator
[19:18:13] DEPRECATION WARNING: please use MorganGenerator
[19:18:13] DEPRECATION WARNING: please use MorganGenerator
[19:18:13] DEPRECATION WARNING: please use MorganGenerator
[19:18:13] DEPRECATION WARNING: please use MorganGenerator
[19:18:13] DEPRECATION WARNING: please use MorganGenerator
[19:18:13] DEPRECATION WARNING: please use MorganGenerator
[19:18:13] DEPRECATION WARNING: please use MorganGenerator
[19:18:13] DEPRECATION WARNING: please use MorganGenerator
[19:18:13] DEPRECATION WARNING: please use MorganGenerator
[19:18:13] DEPRECATION WARNING: please use MorganGenerator
[19:18:13] DEPRECATION WARNING: please use MorganGenerator
[19:18:13] DEPRECATION WARNING: please use MorganGenerator
[19:18:13] DEPRECATION WARNING: please use MorganGenerator
[19:18:13] DEPRECATION WARNING: please use MorganGenerator
[19:18:13] DEPRECATION WARNING: please use MorganGenerator
[19:18:13] DEPRECATION WARNING: please use MorganGenerator
[19:18:13] DEPRECATION WARNING: please use MorganGenerator
[19:18:13] DEPRECATION WARNING: please use MorganGenerator
[19:18:13] DEPRECATION WARNING: please use MorganGenerator
[19:18:13] DEPRECATION WARNING: please use MorganGenerator
[19:18:13] DEPRECATION WARNING: please use MorganGenerator
[19:18:13] DEPRECATION WARNING: please use MorganGenerator
[19:18:13] DEPRECATION WARNING: please use MorganGenerator
[19:18:14] DEPRECATION WARNING: please use MorganGenerator
[19:18:14] DEPRECATION WARNING: please use MorganGenerator
[19:18:14] DEPRECATION WARNING: please use MorganGenerator
[19:18:14] DEPRECATION WARNING: please use MorganGenerator
[19:18:14] DEPRECATION WARNING: please use MorganGenerator
[19:18:14] DEPRECATION WARNING: please use MorganGenerator
[19:18:14] DEPRECATION WARNING: please use MorganGenerator
[19:18:14] DEPRECATION WARNING: please use MorganGenerator
[19:18:14] DEPRECATION WARNING: please use MorganGenerator
[19:18:14] DEPRECATION WARNING: please use MorganGenerator
[19:18:14] DEPRECATION WARNING: please use MorganGenerator
[19:18:14] DEPRECATION WARNING: please use MorganGenerator
[19:18:14] DEPRECATION WARNING: please use MorganGenerator
[19:18:14] DEPRECATION WARNING: please use MorganGenerator
[19:18:14] DEPRECATION WARNING: please use MorganGenerator
[19:18:14] DEPRECATION WARNING: please use MorganGenerator
[19:18:14] DEPRECATION WARNING: please use MorganGenerator
[19:18:14] DEPRECATION WARNING: please use MorganGenerator
[19:18:14] DEPRECATION WARNING: please use MorganGenerator
[19:18:14] DEPRECATION WARNING: please use MorganGenerator
[19:18:14] DEPRECATION WARNING: please use MorganGenerator
[19:18:14] DEPRECATION WARNING: please use MorganGenerator
[19:18:14] DEPRECATION WARNING: please use MorganGenerator
[19:18:14] DEPRECATION WARNING: please use MorganGenerator
[19:18:14] DEPRECATION WARNING: please use MorganGenerator
[19:18:14] DEPRECATION WARNING: please use MorganGenerator
[19:18:14] DEPRECATION WARNING: please use MorganGenerator
[19:18:14] DEPRECATION WARNING: please use MorganGenerator
[19:18:14] DEPRECATION WARNING: please use MorganGenerator
[19:18:14] DEPRECATION WARNING: please use MorganGenerator
[19:18:14] DEPRECATION WARNING: please use MorganGenerator
[19:18:14] DEPRECATION WARNING: please use MorganGenerator
[19:18:14] DEPRECATION WARNING: please use MorganGenerator
[19:18:14] DEPRECATION WARNING: please use MorganGenerator
[19:18:14] DEPRECATION WARNING: please use MorganGenerator
[19:18:14] DEPRECATION WARNING: please use MorganGenerator
[19:18:14] DEPRECATION WARNING: please use MorganGenerator
[19:18:14] DEPRECATION WARNING: please use MorganGenerator
[19:18:14] DEPRECATION WARNING: please use MorganGenerator
[19:18:14] DEPRECATION WARNING: please use MorganGenerator
[19:18:14] DEPRECATION WARNING: please use MorganGenerator
[19:18:14] DEPRECATION WARNING: please use MorganGenerator
[19:18:14] DEPRECATION WARNING: please use MorganGenerator
[19:18:14] DEPRECATION WARNING: please use MorganGenerator
[19:18:15] DEPRECATION WARNING: please use MorganGenerator
[19:18:15] DEPRECATION WARNING: please use MorganGenerator
[19:18:15] DEPRECATION WARNING: please use MorganGenerator
[19:18:15] DEPRECATION WARNING: please use MorganGenerator
[19:18:15] DEPRECATION WARNING: please use MorganGenerator
[19:18:15] DEPRECATION WARNING: please use MorganGenerator
[19:18:15] DEPRECATION WARNING: please use MorganGenerator
[19:18:15] DEPRECATION WARNING: please use MorganGenerator
[19:18:15] DEPRECATION WARNING: please use MorganGenerator
[19:18:15] DEPRECATION WARNING: please use MorganGenerator
[19:18:15] DEPRECATION WARNING: please use MorganGenerator
[19:18:15] DEPRECATION WARNING: please use MorganGenerator
[19:18:15] DEPRECATION WARNING: please use MorganGenerator
[19:18:15] DEPRECATION WARNING: please use MorganGenerator
[19:18:15] DEPRECATION WARNING: please use MorganGenerator
[19:18:15] DEPRECATION WARNING: please use MorganGenerator
[19:18:15] DEPRECATION WARNING: please use MorganGenerator
[19:18:15] DEPRECATION WARNING: please use MorganGenerator
[19:18:15] DEPRECATION WARNING: please use MorganGenerator
[19:18:15] DEPRECATION WARNING: please use MorganGenerator
[19:18:15] DEPRECATION WARNING: please use MorganGenerator
[19:18:15] DEPRECATION WARNING: please use MorganGenerator
[19:18:15] DEPRECATION WARNING: please use MorganGenerator
[19:18:15] DEPRECATION WARNING: please use MorganGenerator
[19:18:15] DEPRECATION WARNING: please use MorganGenerator
[19:18:15] DEPRECATION WARNING: please use MorganGenerator
[19:18:15] DEPRECATION WARNING: please use MorganGenerator
[19:18:15] DEPRECATION WARNING: please use MorganGenerator
[19:18:15] DEPRECATION WARNING: please use MorganGenerator
[19:18:15] DEPRECATION WARNING: please use MorganGenerator
[19:18:15] DEPRECATION WARNING: please use MorganGenerator
[19:18:15] DEPRECATION WARNING: please use MorganGenerator
[19:18:15] DEPRECATION WARNING: please use MorganGenerator
[19:18:15] DEPRECATION WARNING: please use MorganGenerator
[19:18:16] DEPRECATION WARNING: please use MorganGenerator
[19:18:16] DEPRECATION WARNING: please use MorganGenerator
[19:18:16] DEPRECATION WARNING: please use MorganGenerator
[19:18:16] DEPRECATION WARNING: please use MorganGenerator
[19:18:16] DEPRECATION WARNING: please use MorganGenerator
[19:18:16] DEPRECATION WARNING: please use MorganGenerator
[19:18:16] DEPRECATION WARNING: please use MorganGenerator
[19:18:16] DEPRECATION WARNING: please use MorganGenerator
[19:18:16] DEPRECATION WARNING: please use MorganGenerator
[19:18:16] DEPRECATION WARNING: please use MorganGenerator
[19:18:16] DEPRECATION WARNING: please use MorganGenerator
2026-04-05 19:18:16,164 [INFO]   Processed: 4000 new records
[19:18:16] DEPRECATION WARNING: please use MorganGenerator
[19:18:16] DEPRECATION WARNING: please use MorganGenerator
[19:18:16] DEPRECATION WARNING: please use MorganGenerator
[19:18:16] DEPRECATION WARNING: please use MorganGenerator
[19:18:16] DEPRECATION WARNING: please use MorganGenerator
[19:18:16] DEPRECATION WARNING: please use MorganGenerator
[19:18:16] DEPRECATION WARNING: please use MorganGenerator
[19:18:16] DEPRECATION WARNING: please use MorganGenerator
[19:18:16] DEPRECATION WARNING: please use MorganGenerator
[19:18:16] DEPRECATION WARNING: please use MorganGenerator
[19:18:16] DEPRECATION WARNING: please use MorganGenerator
[19:18:16] DEPRECATION WARNING: please use MorganGenerator
[19:18:16] DEPRECATION WARNING: please use MorganGenerator
[19:18:16] DEPRECATION WARNING: please use MorganGenerator
[19:18:16] DEPRECATION WARNING: please use MorganGenerator
[19:18:16] DEPRECATION WARNING: please use MorganGenerator
[19:18:16] DEPRECATION WARNING: please use MorganGenerator
[19:18:16] DEPRECATION WARNING: please use MorganGenerator
[19:18:16] DEPRECATION WARNING: please use MorganGenerator
[19:18:16] DEPRECATION WARNING: please use MorganGenerator
[19:18:16] DEPRECATION WARNING: please use MorganGenerator
[19:18:16] DEPRECATION WARNING: please use MorganGenerator
[19:18:16] DEPRECATION WARNING: please use MorganGenerator
[19:18:16] DEPRECATION WARNING: please use MorganGenerator
[19:18:16] DEPRECATION WARNING: please use MorganGenerator
[19:18:16] DEPRECATION WARNING: please use MorganGenerator
[19:18:16] DEPRECATION WARNING: please use MorganGenerator
[19:18:16] DEPRECATION WARNING: please use MorganGenerator
[19:18:16] DEPRECATION WARNING: please use MorganGenerator
[19:18:16] DEPRECATION WARNING: please use MorganGenerator
[19:18:16] DEPRECATION WARNING: please use MorganGenerator
[19:18:16] DEPRECATION WARNING: please use MorganGenerator
[19:18:16] DEPRECATION WARNING: please use MorganGenerator
[19:18:16] DEPRECATION WARNING: please use MorganGenerator
[19:18:16] DEPRECATION WARNING: please use MorganGenerator
[19:18:16] DEPRECATION WARNING: please use MorganGenerator
[19:18:16] DEPRECATION WARNING: please use MorganGenerator
[19:18:16] DEPRECATION WARNING: please use MorganGenerator
[19:18:16] DEPRECATION WARNING: please use MorganGenerator
[19:18:16] DEPRECATION WARNING: please use MorganGenerator
[19:18:16] DEPRECATION WARNING: please use MorganGenerator
[19:18:16] DEPRECATION WARNING: please use MorganGenerator
[19:18:16] DEPRECATION WARNING: please use MorganGenerator
[19:18:16] DEPRECATION WARNING: please use MorganGenerator
[19:18:16] DEPRECATION WARNING: please use MorganGenerator
[19:18:16] DEPRECATION WARNING: please use MorganGenerator
[19:18:17] DEPRECATION WARNING: please use MorganGenerator
[19:18:17] DEPRECATION WARNING: please use MorganGenerator
[19:18:17] DEPRECATION WARNING: please use MorganGenerator
[19:18:17] DEPRECATION WARNING: please use MorganGenerator
[19:18:17] DEPRECATION WARNING: please use MorganGenerator
[19:18:17] DEPRECATION WARNING: please use MorganGenerator
[19:18:17] DEPRECATION WARNING: please use MorganGenerator
[19:18:17] DEPRECATION WARNING: please use MorganGenerator
[19:18:17] DEPRECATION WARNING: please use MorganGenerator
[19:18:17] DEPRECATION WARNING: please use MorganGenerator
[19:18:17] DEPRECATION WARNING: please use MorganGenerator
[19:18:17] DEPRECATION WARNING: please use MorganGenerator
[19:18:17] DEPRECATION WARNING: please use MorganGenerator
[19:18:17] DEPRECATION WARNING: please use MorganGenerator
[19:18:17] DEPRECATION WARNING: please use MorganGenerator
[19:18:17] DEPRECATION WARNING: please use MorganGenerator
[19:18:17] DEPRECATION WARNING: please use MorganGenerator
[19:18:17] DEPRECATION WARNING: please use MorganGenerator
[19:18:17] DEPRECATION WARNING: please use MorganGenerator
[19:18:17] DEPRECATION WARNING: please use MorganGenerator
[19:18:17] DEPRECATION WARNING: please use MorganGenerator
[19:18:17] DEPRECATION WARNING: please use MorganGenerator
[19:18:17] DEPRECATION WARNING: please use MorganGenerator
[19:18:17] DEPRECATION WARNING: please use MorganGenerator
[19:18:17] DEPRECATION WARNING: please use MorganGenerator
[19:18:17] DEPRECATION WARNING: please use MorganGenerator
[19:18:17] DEPRECATION WARNING: please use MorganGenerator
[19:18:17] DEPRECATION WARNING: please use MorganGenerator
[19:18:17] DEPRECATION WARNING: please use MorganGenerator
[19:18:17] DEPRECATION WARNING: please use MorganGenerator
[19:18:17] DEPRECATION WARNING: please use MorganGenerator
[19:18:17] DEPRECATION WARNING: please use MorganGenerator
[19:18:17] DEPRECATION WARNING: please use MorganGenerator
[19:18:17] DEPRECATION WARNING: please use MorganGenerator
[19:18:17] DEPRECATION WARNING: please use MorganGenerator
[19:18:17] DEPRECATION WARNING: please use MorganGenerator
[19:18:17] DEPRECATION WARNING: please use MorganGenerator
[19:18:17] DEPRECATION WARNING: please use MorganGenerator
[19:18:17] DEPRECATION WARNING: please use MorganGenerator
[19:18:18] DEPRECATION WARNING: please use MorganGenerator
[19:18:18] DEPRECATION WARNING: please use MorganGenerator
[19:18:18] DEPRECATION WARNING: please use MorganGenerator
[19:18:18] DEPRECATION WARNING: please use MorganGenerator
[19:18:18] DEPRECATION WARNING: please use MorganGenerator
[19:18:18] DEPRECATION WARNING: please use MorganGenerator
[19:18:18] DEPRECATION WARNING: please use MorganGenerator
[19:18:18] DEPRECATION WARNING: please use MorganGenerator
[19:18:18] DEPRECATION WARNING: please use MorganGenerator
[19:18:18] DEPRECATION WARNING: please use MorganGenerator
[19:18:18] DEPRECATION WARNING: please use MorganGenerator
[19:18:18] DEPRECATION WARNING: please use MorganGenerator
[19:18:18] DEPRECATION WARNING: please use MorganGenerator
[19:18:18] DEPRECATION WARNING: please use MorganGenerator
[19:18:18] DEPRECATION WARNING: please use MorganGenerator
[19:18:18] DEPRECATION WARNING: please use MorganGenerator
[19:18:18] DEPRECATION WARNING: please use MorganGenerator
[19:18:18] DEPRECATION WARNING: please use MorganGenerator
[19:18:18] DEPRECATION WARNING: please use MorganGenerator
[19:18:18] DEPRECATION WARNING: please use MorganGenerator
[19:18:18] DEPRECATION WARNING: please use MorganGenerator
[19:18:18] DEPRECATION WARNING: please use MorganGenerator
[19:18:18] DEPRECATION WARNING: please use MorganGenerator
[19:18:18] DEPRECATION WARNING: please use MorganGenerator
[19:18:18] DEPRECATION WARNING: please use MorganGenerator
[19:18:18] DEPRECATION WARNING: please use MorganGenerator
[19:18:18] DEPRECATION WARNING: please use MorganGenerator
[19:18:18] DEPRECATION WARNING: please use MorganGenerator
[19:18:18] DEPRECATION WARNING: please use MorganGenerator
[19:18:18] DEPRECATION WARNING: please use MorganGenerator
[19:18:18] DEPRECATION WARNING: please use MorganGenerator
[19:18:18] DEPRECATION WARNING: please use MorganGenerator
[19:18:18] DEPRECATION WARNING: please use MorganGenerator
[19:18:18] DEPRECATION WARNING: please use MorganGenerator
[19:18:18] DEPRECATION WARNING: please use MorganGenerator
[19:18:18] DEPRECATION WARNING: please use MorganGenerator
[19:18:18] DEPRECATION WARNING: please use MorganGenerator
[19:18:19] DEPRECATION WARNING: please use MorganGenerator
[19:18:19] DEPRECATION WARNING: please use MorganGenerator
[19:18:19] DEPRECATION WARNING: please use MorganGenerator
[19:18:19] DEPRECATION WARNING: please use MorganGenerator
[19:18:19] DEPRECATION WARNING: please use MorganGenerator
[19:18:19] DEPRECATION WARNING: please use MorganGenerator
[19:18:19] DEPRECATION WARNING: please use MorganGenerator
[19:18:19] DEPRECATION WARNING: please use MorganGenerator
[19:18:19] DEPRECATION WARNING: please use MorganGenerator
[19:18:19] DEPRECATION WARNING: please use MorganGenerator
[19:18:19] DEPRECATION WARNING: please use MorganGenerator
[19:18:19] DEPRECATION WARNING: please use MorganGenerator
[19:18:19] DEPRECATION WARNING: please use MorganGenerator
[19:18:19] DEPRECATION WARNING: please use MorganGenerator
[19:18:19] DEPRECATION WARNING: please use MorganGenerator
[19:18:19] DEPRECATION WARNING: please use MorganGenerator
[19:18:19] DEPRECATION WARNING: please use MorganGenerator
[19:18:19] DEPRECATION WARNING: please use MorganGenerator
[19:18:19] DEPRECATION WARNING: please use MorganGenerator
[19:18:19] DEPRECATION WARNING: please use MorganGenerator
[19:18:19] DEPRECATION WARNING: please use MorganGenerator
[19:18:19] DEPRECATION WARNING: please use MorganGenerator
[19:18:19] DEPRECATION WARNING: please use MorganGenerator
[19:18:19] DEPRECATION WARNING: please use MorganGenerator
[19:18:19] DEPRECATION WARNING: please use MorganGenerator
[19:18:19] DEPRECATION WARNING: please use MorganGenerator
[19:18:19] DEPRECATION WARNING: please use MorganGenerator
[19:18:19] DEPRECATION WARNING: please use MorganGenerator
[19:18:19] DEPRECATION WARNING: please use MorganGenerator
[19:18:19] DEPRECATION WARNING: please use MorganGenerator
[19:18:19] DEPRECATION WARNING: please use MorganGenerator
[19:18:19] DEPRECATION WARNING: please use MorganGenerator
[19:18:19] DEPRECATION WARNING: please use MorganGenerator
[19:18:20] DEPRECATION WARNING: please use MorganGenerator
[19:18:20] DEPRECATION WARNING: please use MorganGenerator
[19:18:20] DEPRECATION WARNING: please use MorganGenerator
[19:18:20] DEPRECATION WARNING: please use MorganGenerator
[19:18:20] DEPRECATION WARNING: please use MorganGenerator
[19:18:20] DEPRECATION WARNING: please use MorganGenerator
[19:18:20] DEPRECATION WARNING: please use MorganGenerator
[19:18:20] DEPRECATION WARNING: please use MorganGenerator
[19:18:20] DEPRECATION WARNING: please use MorganGenerator
[19:18:21] DEPRECATION WARNING: please use MorganGenerator
[19:18:21] DEPRECATION WARNING: please use MorganGenerator
[19:18:21] DEPRECATION WARNING: please use MorganGenerator
[19:18:21] DEPRECATION WARNING: please use MorganGenerator
[19:18:21] DEPRECATION WARNING: please use MorganGenerator
[19:18:21] DEPRECATION WARNING: please use MorganGenerator
[19:18:21] DEPRECATION WARNING: please use MorganGenerator
[19:18:21] DEPRECATION WARNING: please use MorganGenerator
[19:18:21] DEPRECATION WARNING: please use MorganGenerator
[19:18:21] DEPRECATION WARNING: please use MorganGenerator
[19:18:21] DEPRECATION WARNING: please use MorganGenerator
[19:18:21] DEPRECATION WARNING: please use MorganGenerator
[19:18:21] DEPRECATION WARNING: please use MorganGenerator
[19:18:21] DEPRECATION WARNING: please use MorganGenerator
[19:18:21] DEPRECATION WARNING: please use MorganGenerator
[19:18:21] DEPRECATION WARNING: please use MorganGenerator
[19:18:21] DEPRECATION WARNING: please use MorganGenerator
[19:18:21] DEPRECATION WARNING: please use MorganGenerator
[19:18:21] DEPRECATION WARNING: please use MorganGenerator
[19:18:21] DEPRECATION WARNING: please use MorganGenerator
[19:18:21] DEPRECATION WARNING: please use MorganGenerator
[19:18:21] DEPRECATION WARNING: please use MorganGenerator
[19:18:21] DEPRECATION WARNING: please use MorganGenerator
[19:18:21] DEPRECATION WARNING: please use MorganGenerator
[19:18:21] DEPRECATION WARNING: please use MorganGenerator
[19:18:21] DEPRECATION WARNING: please use MorganGenerator
[19:18:21] DEPRECATION WARNING: please use MorganGenerator
[19:18:21] DEPRECATION WARNING: please use MorganGenerator
[19:18:21] DEPRECATION WARNING: please use MorganGenerator
[19:18:21] DEPRECATION WARNING: please use MorganGenerator
[19:18:21] DEPRECATION WARNING: please use MorganGenerator
[19:18:21] DEPRECATION WARNING: please use MorganGenerator
[19:18:21] DEPRECATION WARNING: please use MorganGenerator
[19:18:21] DEPRECATION WARNING: please use MorganGenerator
[19:18:21] DEPRECATION WARNING: please use MorganGenerator
[19:18:21] DEPRECATION WARNING: please use MorganGenerator
[19:18:21] DEPRECATION WARNING: please use MorganGenerator
[19:18:21] DEPRECATION WARNING: please use MorganGenerator
[19:18:21] DEPRECATION WARNING: please use MorganGenerator
[19:18:21] DEPRECATION WARNING: please use MorganGenerator
[19:18:21] DEPRECATION WARNING: please use MorganGenerator
[19:18:21] DEPRECATION WARNING: please use MorganGenerator
[19:18:21] DEPRECATION WARNING: please use MorganGenerator
[19:18:21] DEPRECATION WARNING: please use MorganGenerator
[19:18:21] DEPRECATION WARNING: please use MorganGenerator
[19:18:21] DEPRECATION WARNING: please use MorganGenerator
[19:18:21] DEPRECATION WARNING: please use MorganGenerator
[19:18:21] DEPRECATION WARNING: please use MorganGenerator
[19:18:21] DEPRECATION WARNING: please use MorganGenerator
[19:18:21] DEPRECATION WARNING: please use MorganGenerator
[19:18:21] DEPRECATION WARNING: please use MorganGenerator
[19:18:21] DEPRECATION WARNING: please use MorganGenerator
[19:18:22] DEPRECATION WARNING: please use MorganGenerator
[19:18:22] DEPRECATION WARNING: please use MorganGenerator
[19:18:22] DEPRECATION WARNING: please use MorganGenerator
[19:18:22] DEPRECATION WARNING: please use MorganGenerator
[19:18:22] DEPRECATION WARNING: please use MorganGenerator
[19:18:22] DEPRECATION WARNING: please use MorganGenerator
[19:18:22] DEPRECATION WARNING: please use MorganGenerator
[19:18:22] DEPRECATION WARNING: please use MorganGenerator
[19:18:22] DEPRECATION WARNING: please use MorganGenerator
[19:18:22] DEPRECATION WARNING: please use MorganGenerator
[19:18:22] DEPRECATION WARNING: please use MorganGenerator
[19:18:22] DEPRECATION WARNING: please use MorganGenerator
[19:18:22] DEPRECATION WARNING: please use MorganGenerator
[19:18:22] DEPRECATION WARNING: please use MorganGenerator
[19:18:22] DEPRECATION WARNING: please use MorganGenerator
[19:18:22] DEPRECATION WARNING: please use MorganGenerator
[19:18:22] DEPRECATION WARNING: please use MorganGenerator
[19:18:22] DEPRECATION WARNING: please use MorganGenerator
[19:18:22] DEPRECATION WARNING: please use MorganGenerator
[19:18:22] DEPRECATION WARNING: please use MorganGenerator
[19:18:22] DEPRECATION WARNING: please use MorganGenerator
[19:18:22] DEPRECATION WARNING: please use MorganGenerator
[19:18:22] DEPRECATION WARNING: please use MorganGenerator
[19:18:22] DEPRECATION WARNING: please use MorganGenerator
[19:18:22] DEPRECATION WARNING: please use MorganGenerator
[19:18:22] DEPRECATION WARNING: please use MorganGenerator
[19:18:22] DEPRECATION WARNING: please use MorganGenerator
[19:18:22] DEPRECATION WARNING: please use MorganGenerator
[19:18:22] DEPRECATION WARNING: please use MorganGenerator
[19:18:22] DEPRECATION WARNING: please use MorganGenerator
[19:18:22] DEPRECATION WARNING: please use MorganGenerator
[19:18:23] DEPRECATION WARNING: please use MorganGenerator
[19:18:23] DEPRECATION WARNING: please use MorganGenerator
[19:18:23] DEPRECATION WARNING: please use MorganGenerator
[19:18:23] DEPRECATION WARNING: please use MorganGenerator
[19:18:23] DEPRECATION WARNING: please use MorganGenerator
[19:18:23] DEPRECATION WARNING: please use MorganGenerator
[19:18:23] DEPRECATION WARNING: please use MorganGenerator
[19:18:23] DEPRECATION WARNING: please use MorganGenerator
[19:18:23] DEPRECATION WARNING: please use MorganGenerator
[19:18:23] DEPRECATION WARNING: please use MorganGenerator
[19:18:23] DEPRECATION WARNING: please use MorganGenerator
[19:18:23] DEPRECATION WARNING: please use MorganGenerator
[19:18:23] DEPRECATION WARNING: please use MorganGenerator
[19:18:23] DEPRECATION WARNING: please use MorganGenerator
[19:18:23] DEPRECATION WARNING: please use MorganGenerator
[19:18:23] DEPRECATION WARNING: please use MorganGenerator
[19:18:23] DEPRECATION WARNING: please use MorganGenerator
[19:18:23] DEPRECATION WARNING: please use MorganGenerator
[19:18:23] DEPRECATION WARNING: please use MorganGenerator
[19:18:23] DEPRECATION WARNING: please use MorganGenerator
[19:18:23] DEPRECATION WARNING: please use MorganGenerator
[19:18:24] DEPRECATION WARNING: please use MorganGenerator
[19:18:24] DEPRECATION WARNING: please use MorganGenerator
[19:18:24] DEPRECATION WARNING: please use MorganGenerator
[19:18:24] DEPRECATION WARNING: please use MorganGenerator
[19:18:24] DEPRECATION WARNING: please use MorganGenerator
[19:18:24] DEPRECATION WARNING: please use MorganGenerator
[19:18:24] DEPRECATION WARNING: please use MorganGenerator
[19:18:24] DEPRECATION WARNING: please use MorganGenerator
[19:18:24] DEPRECATION WARNING: please use MorganGenerator
[19:18:24] DEPRECATION WARNING: please use MorganGenerator
[19:18:24] DEPRECATION WARNING: please use MorganGenerator
[19:18:24] DEPRECATION WARNING: please use MorganGenerator
[19:18:24] DEPRECATION WARNING: please use MorganGenerator
[19:18:24] DEPRECATION WARNING: please use MorganGenerator
[19:18:24] DEPRECATION WARNING: please use MorganGenerator
[19:18:24] DEPRECATION WARNING: please use MorganGenerator
[19:18:24] DEPRECATION WARNING: please use MorganGenerator
[19:18:24] DEPRECATION WARNING: please use MorganGenerator
[19:18:24] DEPRECATION WARNING: please use MorganGenerator
[19:18:24] DEPRECATION WARNING: please use MorganGenerator
[19:18:24] DEPRECATION WARNING: please use MorganGenerator
[19:18:24] DEPRECATION WARNING: please use MorganGenerator
[19:18:24] DEPRECATION WARNING: please use MorganGenerator
[19:18:24] DEPRECATION WARNING: please use MorganGenerator
[19:18:24] DEPRECATION WARNING: please use MorganGenerator
[19:18:24] DEPRECATION WARNING: please use MorganGenerator
[19:18:24] DEPRECATION WARNING: please use MorganGenerator
[19:18:24] DEPRECATION WARNING: please use MorganGenerator
[19:18:24] DEPRECATION WARNING: please use MorganGenerator
[19:18:24] DEPRECATION WARNING: please use MorganGenerator
[19:18:24] DEPRECATION WARNING: please use MorganGenerator
[19:18:24] DEPRECATION WARNING: please use MorganGenerator
[19:18:24] DEPRECATION WARNING: please use MorganGenerator
[19:18:24] DEPRECATION WARNING: please use MorganGenerator
[19:18:24] DEPRECATION WARNING: please use MorganGenerator
[19:18:24] DEPRECATION WARNING: please use MorganGenerator
[19:18:24] DEPRECATION WARNING: please use MorganGenerator
[19:18:24] DEPRECATION WARNING: please use MorganGenerator
[19:18:24] DEPRECATION WARNING: please use MorganGenerator
[19:18:24] DEPRECATION WARNING: please use MorganGenerator
[19:18:24] DEPRECATION WARNING: please use MorganGenerator
[19:18:24] DEPRECATION WARNING: please use MorganGenerator
[19:18:24] DEPRECATION WARNING: please use MorganGenerator
[19:18:24] DEPRECATION WARNING: please use MorganGenerator
[19:18:24] DEPRECATION WARNING: please use MorganGenerator
[19:18:24] DEPRECATION WARNING: please use MorganGenerator
[19:18:24] DEPRECATION WARNING: please use MorganGenerator
[19:18:24] DEPRECATION WARNING: please use MorganGenerator
[19:18:24] DEPRECATION WARNING: please use MorganGenerator
[19:18:24] DEPRECATION WARNING: please use MorganGenerator
[19:18:24] DEPRECATION WARNING: please use MorganGenerator
[19:18:25] DEPRECATION WARNING: please use MorganGenerator
[19:18:25] DEPRECATION WARNING: please use MorganGenerator
[19:18:25] DEPRECATION WARNING: please use MorganGenerator
[19:18:25] DEPRECATION WARNING: please use MorganGenerator
[19:18:25] DEPRECATION WARNING: please use MorganGenerator
[19:18:25] DEPRECATION WARNING: please use MorganGenerator
[19:18:25] DEPRECATION WARNING: please use MorganGenerator
[19:18:25] Explicit valence for atom # 3 N, 5, is greater than permitted
[19:18:25] DEPRECATION WARNING: please use MorganGenerator
[19:18:25] DEPRECATION WARNING: please use MorganGenerator
[19:18:25] DEPRECATION WARNING: please use MorganGenerator
[19:18:25] DEPRECATION WARNING: please use MorganGenerator
[19:18:25] DEPRECATION WARNING: please use MorganGenerator
[19:18:25] DEPRECATION WARNING: please use MorganGenerator
[19:18:25] DEPRECATION WARNING: please use MorganGenerator
[19:18:25] DEPRECATION WARNING: please use MorganGenerator
[19:18:25] DEPRECATION WARNING: please use MorganGenerator
[19:18:25] DEPRECATION WARNING: please use MorganGenerator
[19:18:25] DEPRECATION WARNING: please use MorganGenerator
[19:18:25] DEPRECATION WARNING: please use MorganGenerator
[19:18:25] DEPRECATION WARNING: please use MorganGenerator
[19:18:25] DEPRECATION WARNING: please use MorganGenerator
[19:18:25] DEPRECATION WARNING: please use MorganGenerator
[19:18:25] DEPRECATION WARNING: please use MorganGenerator
[19:18:25] DEPRECATION WARNING: please use MorganGenerator
[19:18:25] DEPRECATION WARNING: please use MorganGenerator
[19:18:25] DEPRECATION WARNING: please use MorganGenerator
[19:18:25] DEPRECATION WARNING: please use MorganGenerator
[19:18:25] DEPRECATION WARNING: please use MorganGenerator
[19:18:25] DEPRECATION WARNING: please use MorganGenerator
[19:18:25] DEPRECATION WARNING: please use MorganGenerator
[19:18:25] DEPRECATION WARNING: please use MorganGenerator
[19:18:25] DEPRECATION WARNING: please use MorganGenerator
[19:18:25] DEPRECATION WARNING: please use MorganGenerator
[19:18:25] DEPRECATION WARNING: please use MorganGenerator
[19:18:25] DEPRECATION WARNING: please use MorganGenerator
[19:18:25] DEPRECATION WARNING: please use MorganGenerator
[19:18:25] DEPRECATION WARNING: please use MorganGenerator
[19:18:25] DEPRECATION WARNING: please use MorganGenerator
[19:18:25] DEPRECATION WARNING: please use MorganGenerator
[19:18:25] DEPRECATION WARNING: please use MorganGenerator
[19:18:25] DEPRECATION WARNING: please use MorganGenerator
[19:18:25] DEPRECATION WARNING: please use MorganGenerator
[19:18:25] DEPRECATION WARNING: please use MorganGenerator
[19:18:26] DEPRECATION WARNING: please use MorganGenerator
[19:18:26] DEPRECATION WARNING: please use MorganGenerator
[19:18:26] DEPRECATION WARNING: please use MorganGenerator
[19:18:26] DEPRECATION WARNING: please use MorganGenerator
[19:18:26] DEPRECATION WARNING: please use MorganGenerator
[19:18:26] DEPRECATION WARNING: please use MorganGenerator
[19:18:26] DEPRECATION WARNING: please use MorganGenerator
[19:18:26] DEPRECATION WARNING: please use MorganGenerator
[19:18:26] DEPRECATION WARNING: please use MorganGenerator
[19:18:26] DEPRECATION WARNING: please use MorganGenerator
[19:18:26] DEPRECATION WARNING: please use MorganGenerator
[19:18:26] DEPRECATION WARNING: please use MorganGenerator
[19:18:26] DEPRECATION WARNING: please use MorganGenerator
[19:18:26] DEPRECATION WARNING: please use MorganGenerator
[19:18:26] DEPRECATION WARNING: please use MorganGenerator
[19:18:26] DEPRECATION WARNING: please use MorganGenerator
[19:18:26] DEPRECATION WARNING: please use MorganGenerator
[19:18:26] DEPRECATION WARNING: please use MorganGenerator
[19:18:26] DEPRECATION WARNING: please use MorganGenerator
[19:18:26] DEPRECATION WARNING: please use MorganGenerator
[19:18:26] DEPRECATION WARNING: please use MorganGenerator
[19:18:26] DEPRECATION WARNING: please use MorganGenerator
[19:18:26] DEPRECATION WARNING: please use MorganGenerator
[19:18:26] DEPRECATION WARNING: please use MorganGenerator
[19:18:26] DEPRECATION WARNING: please use MorganGenerator
[19:18:26] DEPRECATION WARNING: please use MorganGenerator
[19:18:26] DEPRECATION WARNING: please use MorganGenerator
[19:18:26] DEPRECATION WARNING: please use MorganGenerator
[19:18:26] DEPRECATION WARNING: please use MorganGenerator
[19:18:26] DEPRECATION WARNING: please use MorganGenerator
[19:18:26] DEPRECATION WARNING: please use MorganGenerator
[19:18:26] DEPRECATION WARNING: please use MorganGenerator
[19:18:26] DEPRECATION WARNING: please use MorganGenerator
[19:18:26] DEPRECATION WARNING: please use MorganGenerator
[19:18:26] DEPRECATION WARNING: please use MorganGenerator
[19:18:26] DEPRECATION WARNING: please use MorganGenerator
[19:18:26] DEPRECATION WARNING: please use MorganGenerator
[19:18:26] DEPRECATION WARNING: please use MorganGenerator
[19:18:27] DEPRECATION WARNING: please use MorganGenerator
[19:18:27] DEPRECATION WARNING: please use MorganGenerator
[19:18:27] DEPRECATION WARNING: please use MorganGenerator
[19:18:27] DEPRECATION WARNING: please use MorganGenerator
[19:18:27] DEPRECATION WARNING: please use MorganGenerator
[19:18:27] DEPRECATION WARNING: please use MorganGenerator
[19:18:27] DEPRECATION WARNING: please use MorganGenerator
[19:18:27] DEPRECATION WARNING: please use MorganGenerator
[19:18:27] DEPRECATION WARNING: please use MorganGenerator
[19:18:27] DEPRECATION WARNING: please use MorganGenerator
[19:18:27] DEPRECATION WARNING: please use MorganGenerator
[19:18:27] DEPRECATION WARNING: please use MorganGenerator
[19:18:27] DEPRECATION WARNING: please use MorganGenerator
[19:18:27] DEPRECATION WARNING: please use MorganGenerator
[19:18:27] DEPRECATION WARNING: please use MorganGenerator
[19:18:27] DEPRECATION WARNING: please use MorganGenerator
[19:18:27] DEPRECATION WARNING: please use MorganGenerator
[19:18:27] DEPRECATION WARNING: please use MorganGenerator
[19:18:27] DEPRECATION WARNING: please use MorganGenerator
[19:18:27] DEPRECATION WARNING: please use MorganGenerator
[19:18:27] DEPRECATION WARNING: please use MorganGenerator
[19:18:27] DEPRECATION WARNING: please use MorganGenerator
[19:18:27] DEPRECATION WARNING: please use MorganGenerator
[19:18:27] DEPRECATION WARNING: please use MorganGenerator
[19:18:27] DEPRECATION WARNING: please use MorganGenerator
[19:18:27] DEPRECATION WARNING: please use MorganGenerator
[19:18:27] DEPRECATION WARNING: please use MorganGenerator
[19:18:27] DEPRECATION WARNING: please use MorganGenerator
[19:18:27] DEPRECATION WARNING: please use MorganGenerator
[19:18:27] DEPRECATION WARNING: please use MorganGenerator
[19:18:27] DEPRECATION WARNING: please use MorganGenerator
[19:18:27] DEPRECATION WARNING: please use MorganGenerator
[19:18:27] DEPRECATION WARNING: please use MorganGenerator
[19:18:27] DEPRECATION WARNING: please use MorganGenerator
[19:18:27] DEPRECATION WARNING: please use MorganGenerator
[19:18:27] DEPRECATION WARNING: please use MorganGenerator
[19:18:27] DEPRECATION WARNING: please use MorganGenerator
[19:18:27] DEPRECATION WARNING: please use MorganGenerator
[19:18:27] DEPRECATION WARNING: please use MorganGenerator
[19:18:27] DEPRECATION WARNING: please use MorganGenerator
[19:18:27] DEPRECATION WARNING: please use MorganGenerator
[19:18:27] DEPRECATION WARNING: please use MorganGenerator
[19:18:27] DEPRECATION WARNING: please use MorganGenerator
[19:18:27] DEPRECATION WARNING: please use MorganGenerator
[19:18:27] DEPRECATION WARNING: please use MorganGenerator
[19:18:27] DEPRECATION WARNING: please use MorganGenerator
[19:18:27] DEPRECATION WARNING: please use MorganGenerator
[19:18:27] DEPRECATION WARNING: please use MorganGenerator
[19:18:27] DEPRECATION WARNING: please use MorganGenerator
[19:18:27] DEPRECATION WARNING: please use MorganGenerator
[19:18:27] DEPRECATION WARNING: please use MorganGenerator
[19:18:27] DEPRECATION WARNING: please use MorganGenerator
[19:18:27] DEPRECATION WARNING: please use MorganGenerator
[19:18:27] DEPRECATION WARNING: please use MorganGenerator
[19:18:27] DEPRECATION WARNING: please use MorganGenerator
[19:18:27] DEPRECATION WARNING: please use MorganGenerator
[19:18:27] DEPRECATION WARNING: please use MorganGenerator
[19:18:27] DEPRECATION WARNING: please use MorganGenerator
[19:18:27] DEPRECATION WARNING: please use MorganGenerator
[19:18:27] DEPRECATION WARNING: please use MorganGenerator
[19:18:27] DEPRECATION WARNING: please use MorganGenerator
[19:18:27] DEPRECATION WARNING: please use MorganGenerator
[19:18:27] DEPRECATION WARNING: please use MorganGenerator
[19:18:27] DEPRECATION WARNING: please use MorganGenerator
[19:18:27] DEPRECATION WARNING: please use MorganGenerator
[19:18:27] DEPRECATION WARNING: please use MorganGenerator
[19:18:27] DEPRECATION WARNING: please use MorganGenerator
[19:18:27] DEPRECATION WARNING: please use MorganGenerator
[19:18:27] DEPRECATION WARNING: please use MorganGenerator
[19:18:27] DEPRECATION WARNING: please use MorganGenerator
[19:18:27] DEPRECATION WARNING: please use MorganGenerator
[19:18:27] DEPRECATION WARNING: please use MorganGenerator
[19:18:27] DEPRECATION WARNING: please use MorganGenerator
[19:18:27] DEPRECATION WARNING: please use MorganGenerator
[19:18:27] DEPRECATION WARNING: please use MorganGenerator
[19:18:27] DEPRECATION WARNING: please use MorganGenerator
[19:18:27] DEPRECATION WARNING: please use MorganGenerator
[19:18:27] DEPRECATION WARNING: please use MorganGenerator
[19:18:27] DEPRECATION WARNING: please use MorganGenerator
[19:18:27] DEPRECATION WARNING: please use MorganGenerator
[19:18:27] DEPRECATION WARNING: please use MorganGenerator
[19:18:27] DEPRECATION WARNING: please use MorganGenerator
[19:18:27] DEPRECATION WARNING: please use MorganGenerator
[19:18:27] DEPRECATION WARNING: please use MorganGenerator
[19:18:27] Explicit valence for atom # 7 Cl, 3, is greater than permitted
[19:18:27] DEPRECATION WARNING: please use MorganGenerator
[19:18:27] DEPRECATION WARNING: please use MorganGenerator
[19:18:27] DEPRECATION WARNING: please use MorganGenerator
[19:18:27] DEPRECATION WARNING: please use MorganGenerator
[19:18:27] DEPRECATION WARNING: please use MorganGenerator
[19:18:27] DEPRECATION WARNING: please use MorganGenerator
[19:18:27] DEPRECATION WARNING: please use MorganGenerator
[19:18:27] DEPRECATION WARNING: please use MorganGenerator
[19:18:27] DEPRECATION WARNING: please use MorganGenerator
[19:18:27] DEPRECATION WARNING: please use MorganGenerator
[19:18:27] DEPRECATION WARNING: please use MorganGenerator
[19:18:28] DEPRECATION WARNING: please use MorganGenerator
[19:18:28] DEPRECATION WARNING: please use MorganGenerator
[19:18:28] DEPRECATION WARNING: please use MorganGenerator
[19:18:28] DEPRECATION WARNING: please use MorganGenerator
[19:18:28] DEPRECATION WARNING: please use MorganGenerator
[19:18:28] DEPRECATION WARNING: please use MorganGenerator
[19:18:28] DEPRECATION WARNING: please use MorganGenerator
[19:18:28] DEPRECATION WARNING: please use MorganGenerator
[19:18:28] DEPRECATION WARNING: please use MorganGenerator
[19:18:28] DEPRECATION WARNING: please use MorganGenerator
[19:18:28] DEPRECATION WARNING: please use MorganGenerator
[19:18:28] DEPRECATION WARNING: please use MorganGenerator
[19:18:28] DEPRECATION WARNING: please use MorganGenerator
[19:18:28] DEPRECATION WARNING: please use MorganGenerator
[19:18:28] DEPRECATION WARNING: please use MorganGenerator
[19:18:28] DEPRECATION WARNING: please use MorganGenerator
[19:18:28] DEPRECATION WARNING: please use MorganGenerator
[19:18:28] DEPRECATION WARNING: please use MorganGenerator
[19:18:28] DEPRECATION WARNING: please use MorganGenerator
[19:18:28] DEPRECATION WARNING: please use MorganGenerator
[19:18:28] DEPRECATION WARNING: please use MorganGenerator
[19:18:28] DEPRECATION WARNING: please use MorganGenerator
[19:18:28] DEPRECATION WARNING: please use MorganGenerator
[19:18:28] DEPRECATION WARNING: please use MorganGenerator
[19:18:28] DEPRECATION WARNING: please use MorganGenerator
[19:18:28] DEPRECATION WARNING: please use MorganGenerator
[19:18:28] DEPRECATION WARNING: please use MorganGenerator
[19:18:28] DEPRECATION WARNING: please use MorganGenerator
[19:18:28] DEPRECATION WARNING: please use MorganGenerator
[19:18:28] DEPRECATION WARNING: please use MorganGenerator
[19:18:28] DEPRECATION WARNING: please use MorganGenerator
[19:18:28] DEPRECATION WARNING: please use MorganGenerator
[19:18:28] DEPRECATION WARNING: please use MorganGenerator
[19:18:28] DEPRECATION WARNING: please use MorganGenerator
[19:18:28] DEPRECATION WARNING: please use MorganGenerator
[19:18:28] DEPRECATION WARNING: please use MorganGenerator
[19:18:28] DEPRECATION WARNING: please use MorganGenerator
[19:18:28] DEPRECATION WARNING: please use MorganGenerator
[19:18:28] DEPRECATION WARNING: please use MorganGenerator
[19:18:28] DEPRECATION WARNING: please use MorganGenerator
[19:18:28] DEPRECATION WARNING: please use MorganGenerator
[19:18:28] DEPRECATION WARNING: please use MorganGenerator
[19:18:28] DEPRECATION WARNING: please use MorganGenerator
[19:18:28] DEPRECATION WARNING: please use MorganGenerator
[19:18:28] DEPRECATION WARNING: please use MorganGenerator
[19:18:28] DEPRECATION WARNING: please use MorganGenerator
[19:18:28] DEPRECATION WARNING: please use MorganGenerator
[19:18:28] DEPRECATION WARNING: please use MorganGenerator
[19:18:28] DEPRECATION WARNING: please use MorganGenerator
[19:18:28] DEPRECATION WARNING: please use MorganGenerator
[19:18:28] DEPRECATION WARNING: please use MorganGenerator
[19:18:28] DEPRECATION WARNING: please use MorganGenerator
[19:18:28] DEPRECATION WARNING: please use MorganGenerator
[19:18:28] DEPRECATION WARNING: please use MorganGenerator
[19:18:28] DEPRECATION WARNING: please use MorganGenerator
[19:18:28] DEPRECATION WARNING: please use MorganGenerator
[19:18:28] DEPRECATION WARNING: please use MorganGenerator
[19:18:28] DEPRECATION WARNING: please use MorganGenerator
[19:18:28] DEPRECATION WARNING: please use MorganGenerator
[19:18:28] DEPRECATION WARNING: please use MorganGenerator
[19:18:28] DEPRECATION WARNING: please use MorganGenerator
[19:18:28] DEPRECATION WARNING: please use MorganGenerator
[19:18:28] DEPRECATION WARNING: please use MorganGenerator
[19:18:29] DEPRECATION WARNING: please use MorganGenerator
[19:18:29] DEPRECATION WARNING: please use MorganGenerator
[19:18:29] DEPRECATION WARNING: please use MorganGenerator
[19:18:29] DEPRECATION WARNING: please use MorganGenerator
[19:18:29] DEPRECATION WARNING: please use MorganGenerator
[19:18:29] DEPRECATION WARNING: please use MorganGenerator
[19:18:29] DEPRECATION WARNING: please use MorganGenerator
[19:18:29] DEPRECATION WARNING: please use MorganGenerator
[19:18:29] DEPRECATION WARNING: please use MorganGenerator
[19:18:29] DEPRECATION WARNING: please use MorganGenerator
[19:18:29] DEPRECATION WARNING: please use MorganGenerator
[19:18:29] DEPRECATION WARNING: please use MorganGenerator
[19:18:29] DEPRECATION WARNING: please use MorganGenerator
[19:18:29] DEPRECATION WARNING: please use MorganGenerator
[19:18:29] DEPRECATION WARNING: please use MorganGenerator
[19:18:29] DEPRECATION WARNING: please use MorganGenerator
[19:18:29] DEPRECATION WARNING: please use MorganGenerator
[19:18:29] DEPRECATION WARNING: please use MorganGenerator
[19:18:29] DEPRECATION WARNING: please use MorganGenerator
[19:18:29] DEPRECATION WARNING: please use MorganGenerator
[19:18:29] DEPRECATION WARNING: please use MorganGenerator
[19:18:29] DEPRECATION WARNING: please use MorganGenerator
[19:18:29] DEPRECATION WARNING: please use MorganGenerator
[19:18:29] DEPRECATION WARNING: please use MorganGenerator
[19:18:29] DEPRECATION WARNING: please use MorganGenerator
[19:18:29] DEPRECATION WARNING: please use MorganGenerator
[19:18:29] DEPRECATION WARNING: please use MorganGenerator
[19:18:29] DEPRECATION WARNING: please use MorganGenerator
[19:18:29] DEPRECATION WARNING: please use MorganGenerator
[19:18:29] DEPRECATION WARNING: please use MorganGenerator
[19:18:29] DEPRECATION WARNING: please use MorganGenerator
[19:18:29] DEPRECATION WARNING: please use MorganGenerator
[19:18:29] DEPRECATION WARNING: please use MorganGenerator
[19:18:29] DEPRECATION WARNING: please use MorganGenerator
[19:18:29] DEPRECATION WARNING: please use MorganGenerator
[19:18:29] DEPRECATION WARNING: please use MorganGenerator
[19:18:29] DEPRECATION WARNING: please use MorganGenerator
[19:18:29] DEPRECATION WARNING: please use MorganGenerator
[19:18:29] DEPRECATION WARNING: please use MorganGenerator
[19:18:29] DEPRECATION WARNING: please use MorganGenerator
[19:18:29] DEPRECATION WARNING: please use MorganGenerator
[19:18:29] DEPRECATION WARNING: please use MorganGenerator
[19:18:29] DEPRECATION WARNING: please use MorganGenerator
[19:18:29] DEPRECATION WARNING: please use MorganGenerator
[19:18:29] DEPRECATION WARNING: please use MorganGenerator
[19:18:29] DEPRECATION WARNING: please use MorganGenerator
[19:18:29] DEPRECATION WARNING: please use MorganGenerator
[19:18:29] DEPRECATION WARNING: please use MorganGenerator
[19:18:29] DEPRECATION WARNING: please use MorganGenerator
[19:18:29] DEPRECATION WARNING: please use MorganGenerator
[19:18:29] DEPRECATION WARNING: please use MorganGenerator
[19:18:29] DEPRECATION WARNING: please use MorganGenerator
[19:18:29] DEPRECATION WARNING: please use MorganGenerator
[19:18:29] DEPRECATION WARNING: please use MorganGenerator
[19:18:29] DEPRECATION WARNING: please use MorganGenerator
[19:18:29] DEPRECATION WARNING: please use MorganGenerator
[19:18:29] DEPRECATION WARNING: please use MorganGenerator
[19:18:29] DEPRECATION WARNING: please use MorganGenerator
[19:18:29] DEPRECATION WARNING: please use MorganGenerator
[19:18:29] DEPRECATION WARNING: please use MorganGenerator
[19:18:29] DEPRECATION WARNING: please use MorganGenerator
[19:18:29] DEPRECATION WARNING: please use MorganGenerator
[19:18:29] DEPRECATION WARNING: please use MorganGenerator
[19:18:29] DEPRECATION WARNING: please use MorganGenerator
[19:18:29] DEPRECATION WARNING: please use MorganGenerator
[19:18:29] DEPRECATION WARNING: please use MorganGenerator
[19:18:29] DEPRECATION WARNING: please use MorganGenerator
[19:18:29] DEPRECATION WARNING: please use MorganGenerator
[19:18:29] DEPRECATION WARNING: please use MorganGenerator
[19:18:29] DEPRECATION WARNING: please use MorganGenerator
[19:18:29] DEPRECATION WARNING: please use MorganGenerator
[19:18:29] DEPRECATION WARNING: please use MorganGenerator
[19:18:29] DEPRECATION WARNING: please use MorganGenerator
[19:18:29] DEPRECATION WARNING: please use MorganGenerator
[19:18:29] DEPRECATION WARNING: please use MorganGenerator
[19:18:29] DEPRECATION WARNING: please use MorganGenerator
[19:18:29] DEPRECATION WARNING: please use MorganGenerator
[19:18:29] DEPRECATION WARNING: please use MorganGenerator
[19:18:29] DEPRECATION WARNING: please use MorganGenerator
[19:18:29] DEPRECATION WARNING: please use MorganGenerator
[19:18:29] DEPRECATION WARNING: please use MorganGenerator
[19:18:29] DEPRECATION WARNING: please use MorganGenerator
[19:18:29] DEPRECATION WARNING: please use MorganGenerator
[19:18:29] DEPRECATION WARNING: please use MorganGenerator
[19:18:29] DEPRECATION WARNING: please use MorganGenerator
[19:18:29] DEPRECATION WARNING: please use MorganGenerator
[19:18:29] DEPRECATION WARNING: please use MorganGenerator
[19:18:30] DEPRECATION WARNING: please use MorganGenerator
[19:18:30] DEPRECATION WARNING: please use MorganGenerator
[19:18:30] DEPRECATION WARNING: please use MorganGenerator
[19:18:30] DEPRECATION WARNING: please use MorganGenerator
[19:18:30] DEPRECATION WARNING: please use MorganGenerator
[19:18:30] DEPRECATION WARNING: please use MorganGenerator
[19:18:30] DEPRECATION WARNING: please use MorganGenerator
[19:18:30] DEPRECATION WARNING: please use MorganGenerator
[19:18:30] DEPRECATION WARNING: please use MorganGenerator
[19:18:30] DEPRECATION WARNING: please use MorganGenerator
[19:18:30] DEPRECATION WARNING: please use MorganGenerator
[19:18:30] DEPRECATION WARNING: please use MorganGenerator
[19:18:30] DEPRECATION WARNING: please use MorganGenerator
[19:18:30] DEPRECATION WARNING: please use MorganGenerator
[19:18:30] DEPRECATION WARNING: please use MorganGenerator
[19:18:30] DEPRECATION WARNING: please use MorganGenerator
[19:18:30] DEPRECATION WARNING: please use MorganGenerator
[19:18:30] DEPRECATION WARNING: please use MorganGenerator
[19:18:30] DEPRECATION WARNING: please use MorganGenerator
[19:18:30] DEPRECATION WARNING: please use MorganGenerator
[19:18:30] DEPRECATION WARNING: please use MorganGenerator
[19:18:30] DEPRECATION WARNING: please use MorganGenerator
[19:18:30] DEPRECATION WARNING: please use MorganGenerator
[19:18:30] DEPRECATION WARNING: please use MorganGenerator
[19:18:30] DEPRECATION WARNING: please use MorganGenerator
[19:18:30] DEPRECATION WARNING: please use MorganGenerator
[19:18:30] DEPRECATION WARNING: please use MorganGenerator
[19:18:30] DEPRECATION WARNING: please use MorganGenerator
[19:18:30] DEPRECATION WARNING: please use MorganGenerator
[19:18:30] DEPRECATION WARNING: please use MorganGenerator
[19:18:30] DEPRECATION WARNING: please use MorganGenerator
[19:18:30] DEPRECATION WARNING: please use MorganGenerator
[19:18:30] DEPRECATION WARNING: please use MorganGenerator
[19:18:30] DEPRECATION WARNING: please use MorganGenerator
[19:18:30] DEPRECATION WARNING: please use MorganGenerator
[19:18:30] DEPRECATION WARNING: please use MorganGenerator
[19:18:30] DEPRECATION WARNING: please use MorganGenerator
[19:18:30] DEPRECATION WARNING: please use MorganGenerator
[19:18:30] DEPRECATION WARNING: please use MorganGenerator
[19:18:30] DEPRECATION WARNING: please use MorganGenerator
[19:18:30] DEPRECATION WARNING: please use MorganGenerator
[19:18:30] DEPRECATION WARNING: please use MorganGenerator
[19:18:30] DEPRECATION WARNING: please use MorganGenerator
[19:18:30] DEPRECATION WARNING: please use MorganGenerator
[19:18:30] DEPRECATION WARNING: please use MorganGenerator
[19:18:30] DEPRECATION WARNING: please use MorganGenerator
[19:18:30] DEPRECATION WARNING: please use MorganGenerator
[19:18:30] DEPRECATION WARNING: please use MorganGenerator
[19:18:30] DEPRECATION WARNING: please use MorganGenerator
[19:18:30] DEPRECATION WARNING: please use MorganGenerator
[19:18:30] DEPRECATION WARNING: please use MorganGenerator
[19:18:30] DEPRECATION WARNING: please use MorganGenerator
[19:18:30] DEPRECATION WARNING: please use MorganGenerator
[19:18:30] DEPRECATION WARNING: please use MorganGenerator
[19:18:30] DEPRECATION WARNING: please use MorganGenerator
[19:18:30] DEPRECATION WARNING: please use MorganGenerator
[19:18:30] DEPRECATION WARNING: please use MorganGenerator
[19:18:30] DEPRECATION WARNING: please use MorganGenerator
[19:18:30] DEPRECATION WARNING: please use MorganGenerator
[19:18:30] DEPRECATION WARNING: please use MorganGenerator
[19:18:30] DEPRECATION WARNING: please use MorganGenerator
[19:18:30] DEPRECATION WARNING: please use MorganGenerator
[19:18:30] DEPRECATION WARNING: please use MorganGenerator
[19:18:30] DEPRECATION WARNING: please use MorganGenerator
[19:18:30] DEPRECATION WARNING: please use MorganGenerator
[19:18:30] DEPRECATION WARNING: please use MorganGenerator
[19:18:30] DEPRECATION WARNING: please use MorganGenerator
[19:18:30] DEPRECATION WARNING: please use MorganGenerator
[19:18:30] DEPRECATION WARNING: please use MorganGenerator
[19:18:30] DEPRECATION WARNING: please use MorganGenerator
[19:18:30] DEPRECATION WARNING: please use MorganGenerator
[19:18:30] DEPRECATION WARNING: please use MorganGenerator
[19:18:30] DEPRECATION WARNING: please use MorganGenerator
[19:18:30] DEPRECATION WARNING: please use MorganGenerator
[19:18:30] DEPRECATION WARNING: please use MorganGenerator
[19:18:30] DEPRECATION WARNING: please use MorganGenerator
[19:18:30] DEPRECATION WARNING: please use MorganGenerator
[19:18:30] DEPRECATION WARNING: please use MorganGenerator
[19:18:30] DEPRECATION WARNING: please use MorganGenerator
[19:18:30] DEPRECATION WARNING: please use MorganGenerator
[19:18:30] DEPRECATION WARNING: please use MorganGenerator
[19:18:30] DEPRECATION WARNING: please use MorganGenerator
[19:18:30] DEPRECATION WARNING: please use MorganGenerator
[19:18:30] DEPRECATION WARNING: please use MorganGenerator
[19:18:30] DEPRECATION WARNING: please use MorganGenerator
[19:18:30] DEPRECATION WARNING: please use MorganGenerator
[19:18:30] DEPRECATION WARNING: please use MorganGenerator
[19:18:30] DEPRECATION WARNING: please use MorganGenerator
[19:18:30] DEPRECATION WARNING: please use MorganGenerator
[19:18:30] DEPRECATION WARNING: please use MorganGenerator
[19:18:31] DEPRECATION WARNING: please use MorganGenerator
[19:18:31] DEPRECATION WARNING: please use MorganGenerator
[19:18:31] DEPRECATION WARNING: please use MorganGenerator
[19:18:31] DEPRECATION WARNING: please use MorganGenerator
[19:18:31] DEPRECATION WARNING: please use MorganGenerator
[19:18:31] DEPRECATION WARNING: please use MorganGenerator
[19:18:31] DEPRECATION WARNING: please use MorganGenerator
[19:18:31] DEPRECATION WARNING: please use MorganGenerator
[19:18:31] DEPRECATION WARNING: please use MorganGenerator
[19:18:31] DEPRECATION WARNING: please use MorganGenerator
[19:18:31] DEPRECATION WARNING: please use MorganGenerator
[19:18:31] DEPRECATION WARNING: please use MorganGenerator
[19:18:31] DEPRECATION WARNING: please use MorganGenerator
[19:18:31] DEPRECATION WARNING: please use MorganGenerator
[19:18:31] DEPRECATION WARNING: please use MorganGenerator
[19:18:31] DEPRECATION WARNING: please use MorganGenerator
[19:18:31] DEPRECATION WARNING: please use MorganGenerator
[19:18:31] DEPRECATION WARNING: please use MorganGenerator
[19:18:31] DEPRECATION WARNING: please use MorganGenerator
[19:18:31] DEPRECATION WARNING: please use MorganGenerator
[19:18:31] DEPRECATION WARNING: please use MorganGenerator
[19:18:31] DEPRECATION WARNING: please use MorganGenerator
[19:18:31] DEPRECATION WARNING: please use MorganGenerator
[19:18:31] DEPRECATION WARNING: please use MorganGenerator
[19:18:31] DEPRECATION WARNING: please use MorganGenerator
[19:18:31] DEPRECATION WARNING: please use MorganGenerator
[19:18:31] DEPRECATION WARNING: please use MorganGenerator
[19:18:31] DEPRECATION WARNING: please use MorganGenerator
[19:18:31] DEPRECATION WARNING: please use MorganGenerator
[19:18:31] DEPRECATION WARNING: please use MorganGenerator
[19:18:31] DEPRECATION WARNING: please use MorganGenerator
[19:18:31] DEPRECATION WARNING: please use MorganGenerator
[19:18:31] DEPRECATION WARNING: please use MorganGenerator
[19:18:31] DEPRECATION WARNING: please use MorganGenerator
[19:18:31] DEPRECATION WARNING: please use MorganGenerator
[19:18:31] DEPRECATION WARNING: please use MorganGenerator
[19:18:31] DEPRECATION WARNING: please use MorganGenerator
[19:18:31] DEPRECATION WARNING: please use MorganGenerator
[19:18:31] DEPRECATION WARNING: please use MorganGenerator
[19:18:31] DEPRECATION WARNING: please use MorganGenerator
[19:18:31] DEPRECATION WARNING: please use MorganGenerator
[19:18:31] DEPRECATION WARNING: please use MorganGenerator
[19:18:31] DEPRECATION WARNING: please use MorganGenerator
[19:18:31] DEPRECATION WARNING: please use MorganGenerator
[19:18:31] DEPRECATION WARNING: please use MorganGenerator
[19:18:31] DEPRECATION WARNING: please use MorganGenerator
[19:18:31] DEPRECATION WARNING: please use MorganGenerator
[19:18:31] DEPRECATION WARNING: please use MorganGenerator
[19:18:31] DEPRECATION WARNING: please use MorganGenerator
[19:18:31] DEPRECATION WARNING: please use MorganGenerator
[19:18:31] DEPRECATION WARNING: please use MorganGenerator
[19:18:31] DEPRECATION WARNING: please use MorganGenerator
[19:18:32] DEPRECATION WARNING: please use MorganGenerator
[19:18:32] DEPRECATION WARNING: please use MorganGenerator
[19:18:32] DEPRECATION WARNING: please use MorganGenerator
[19:18:32] DEPRECATION WARNING: please use MorganGenerator
[19:18:32] DEPRECATION WARNING: please use MorganGenerator
[19:18:32] DEPRECATION WARNING: please use MorganGenerator
[19:18:32] DEPRECATION WARNING: please use MorganGenerator
[19:18:32] DEPRECATION WARNING: please use MorganGenerator
[19:18:32] DEPRECATION WARNING: please use MorganGenerator
[19:18:32] DEPRECATION WARNING: please use MorganGenerator
[19:18:32] DEPRECATION WARNING: please use MorganGenerator
[19:18:32] DEPRECATION WARNING: please use MorganGenerator
[19:18:32] DEPRECATION WARNING: please use MorganGenerator
[19:18:32] DEPRECATION WARNING: please use MorganGenerator
[19:18:32] DEPRECATION WARNING: please use MorganGenerator
[19:18:32] DEPRECATION WARNING: please use MorganGenerator
[19:18:32] DEPRECATION WARNING: please use MorganGenerator
[19:18:32] DEPRECATION WARNING: please use MorganGenerator
[19:18:32] DEPRECATION WARNING: please use MorganGenerator
[19:18:32] DEPRECATION WARNING: please use MorganGenerator
[19:18:32] DEPRECATION WARNING: please use MorganGenerator
[19:18:32] DEPRECATION WARNING: please use MorganGenerator
[19:18:32] DEPRECATION WARNING: please use MorganGenerator
[19:18:32] DEPRECATION WARNING: please use MorganGenerator
[19:18:32] DEPRECATION WARNING: please use MorganGenerator
[19:18:32] DEPRECATION WARNING: please use MorganGenerator
[19:18:32] DEPRECATION WARNING: please use MorganGenerator
[19:18:32] DEPRECATION WARNING: please use MorganGenerator
[19:18:32] DEPRECATION WARNING: please use MorganGenerator
[19:18:32] DEPRECATION WARNING: please use MorganGenerator
[19:18:32] DEPRECATION WARNING: please use MorganGenerator
[19:18:32] DEPRECATION WARNING: please use MorganGenerator
[19:18:32] DEPRECATION WARNING: please use MorganGenerator
[19:18:32] DEPRECATION WARNING: please use MorganGenerator
[19:18:32] DEPRECATION WARNING: please use MorganGenerator
[19:18:32] DEPRECATION WARNING: please use MorganGenerator
[19:18:32] DEPRECATION WARNING: please use MorganGenerator
[19:18:32] DEPRECATION WARNING: please use MorganGenerator
[19:18:32] DEPRECATION WARNING: please use MorganGenerator
[19:18:32] DEPRECATION WARNING: please use MorganGenerator
[19:18:32] DEPRECATION WARNING: please use MorganGenerator
[19:18:32] DEPRECATION WARNING: please use MorganGenerator
[19:18:32] DEPRECATION WARNING: please use MorganGenerator
[19:18:32] DEPRECATION WARNING: please use MorganGenerator
[19:18:32] DEPRECATION WARNING: please use MorganGenerator
[19:18:32] DEPRECATION WARNING: please use MorganGenerator
[19:18:32] DEPRECATION WARNING: please use MorganGenerator
[19:18:32] DEPRECATION WARNING: please use MorganGenerator
[19:18:32] DEPRECATION WARNING: please use MorganGenerator
[19:18:32] DEPRECATION WARNING: please use MorganGenerator
[19:18:32] DEPRECATION WARNING: please use MorganGenerator
[19:18:32] DEPRECATION WARNING: please use MorganGenerator
[19:18:32] DEPRECATION WARNING: please use MorganGenerator
[19:18:32] DEPRECATION WARNING: please use MorganGenerator
[19:18:32] DEPRECATION WARNING: please use MorganGenerator
[19:18:32] DEPRECATION WARNING: please use MorganGenerator
[19:18:32] DEPRECATION WARNING: please use MorganGenerator
[19:18:33] DEPRECATION WARNING: please use MorganGenerator
[19:18:33] DEPRECATION WARNING: please use MorganGenerator
[19:18:33] DEPRECATION WARNING: please use MorganGenerator
[19:18:33] DEPRECATION WARNING: please use MorganGenerator
[19:18:33] DEPRECATION WARNING: please use MorganGenerator
[19:18:33] DEPRECATION WARNING: please use MorganGenerator
[19:18:33] DEPRECATION WARNING: please use MorganGenerator
[19:18:33] DEPRECATION WARNING: please use MorganGenerator
[19:18:33] DEPRECATION WARNING: please use MorganGenerator
[19:18:33] DEPRECATION WARNING: please use MorganGenerator
[19:18:33] DEPRECATION WARNING: please use MorganGenerator
[19:18:33] DEPRECATION WARNING: please use MorganGenerator
[19:18:33] DEPRECATION WARNING: please use MorganGenerator
[19:18:33] DEPRECATION WARNING: please use MorganGenerator
[19:18:33] DEPRECATION WARNING: please use MorganGenerator
[19:18:33] DEPRECATION WARNING: please use MorganGenerator
[19:18:33] DEPRECATION WARNING: please use MorganGenerator
[19:18:33] DEPRECATION WARNING: please use MorganGenerator
[19:18:33] DEPRECATION WARNING: please use MorganGenerator
[19:18:33] DEPRECATION WARNING: please use MorganGenerator
[19:18:33] DEPRECATION WARNING: please use MorganGenerator
[19:18:33] DEPRECATION WARNING: please use MorganGenerator
[19:18:33] DEPRECATION WARNING: please use MorganGenerator
[19:18:33] DEPRECATION WARNING: please use MorganGenerator
[19:18:33] DEPRECATION WARNING: please use MorganGenerator
[19:18:33] DEPRECATION WARNING: please use MorganGenerator
[19:18:33] DEPRECATION WARNING: please use MorganGenerator
[19:18:33] DEPRECATION WARNING: please use MorganGenerator
[19:18:33] DEPRECATION WARNING: please use MorganGenerator
[19:18:33] DEPRECATION WARNING: please use MorganGenerator
[19:18:33] DEPRECATION WARNING: please use MorganGenerator
[19:18:33] DEPRECATION WARNING: please use MorganGenerator
[19:18:33] DEPRECATION WARNING: please use MorganGenerator
[19:18:33] DEPRECATION WARNING: please use MorganGenerator
[19:18:33] DEPRECATION WARNING: please use MorganGenerator
[19:18:33] DEPRECATION WARNING: please use MorganGenerator
[19:18:33] DEPRECATION WARNING: please use MorganGenerator
[19:18:33] DEPRECATION WARNING: please use MorganGenerator
[19:18:33] DEPRECATION WARNING: please use MorganGenerator
[19:18:33] DEPRECATION WARNING: please use MorganGenerator
[19:18:33] DEPRECATION WARNING: please use MorganGenerator
[19:18:33] DEPRECATION WARNING: please use MorganGenerator
[19:18:33] DEPRECATION WARNING: please use MorganGenerator
[19:18:33] DEPRECATION WARNING: please use MorganGenerator
[19:18:33] DEPRECATION WARNING: please use MorganGenerator
[19:18:33] DEPRECATION WARNING: please use MorganGenerator
[19:18:33] DEPRECATION WARNING: please use MorganGenerator
[19:18:33] DEPRECATION WARNING: please use MorganGenerator
[19:18:33] DEPRECATION WARNING: please use MorganGenerator
[19:18:33] DEPRECATION WARNING: please use MorganGenerator
[19:18:33] DEPRECATION WARNING: please use MorganGenerator
[19:18:33] DEPRECATION WARNING: please use MorganGenerator
[19:18:33] DEPRECATION WARNING: please use MorganGenerator
[19:18:33] DEPRECATION WARNING: please use MorganGenerator
[19:18:33] DEPRECATION WARNING: please use MorganGenerator
[19:18:33] DEPRECATION WARNING: please use MorganGenerator
[19:18:33] DEPRECATION WARNING: please use MorganGenerator
[19:18:33] DEPRECATION WARNING: please use MorganGenerator
[19:18:33] DEPRECATION WARNING: please use MorganGenerator
[19:18:33] DEPRECATION WARNING: please use MorganGenerator
[19:18:33] DEPRECATION WARNING: please use MorganGenerator
[19:18:33] DEPRECATION WARNING: please use MorganGenerator
[19:18:33] DEPRECATION WARNING: please use MorganGenerator
[19:18:33] DEPRECATION WARNING: please use MorganGenerator
[19:18:33] DEPRECATION WARNING: please use MorganGenerator
[19:18:33] DEPRECATION WARNING: please use MorganGenerator
[19:18:33] DEPRECATION WARNING: please use MorganGenerator
[19:18:33] DEPRECATION WARNING: please use MorganGenerator
[19:18:33] DEPRECATION WARNING: please use MorganGenerator
[19:18:33] DEPRECATION WARNING: please use MorganGenerator
[19:18:33] DEPRECATION WARNING: please use MorganGenerator
[19:18:33] DEPRECATION WARNING: please use MorganGenerator
[19:18:33] DEPRECATION WARNING: please use MorganGenerator
[19:18:33] DEPRECATION WARNING: please use MorganGenerator
[19:18:33] DEPRECATION WARNING: please use MorganGenerator
[19:18:33] DEPRECATION WARNING: please use MorganGenerator
[19:18:33] DEPRECATION WARNING: please use MorganGenerator
[19:18:33] DEPRECATION WARNING: please use MorganGenerator
[19:18:34] DEPRECATION WARNING: please use MorganGenerator
[19:18:34] DEPRECATION WARNING: please use MorganGenerator
[19:18:34] DEPRECATION WARNING: please use MorganGenerator
[19:18:34] DEPRECATION WARNING: please use MorganGenerator
[19:18:34] DEPRECATION WARNING: please use MorganGenerator
[19:18:34] DEPRECATION WARNING: please use MorganGenerator
[19:18:34] DEPRECATION WARNING: please use MorganGenerator
[19:18:34] DEPRECATION WARNING: please use MorganGenerator
[19:18:34] DEPRECATION WARNING: please use MorganGenerator
[19:18:34] DEPRECATION WARNING: please use MorganGenerator
[19:18:34] DEPRECATION WARNING: please use MorganGenerator
[19:18:34] DEPRECATION WARNING: please use MorganGenerator
[19:18:34] DEPRECATION WARNING: please use MorganGenerator
[19:18:34] DEPRECATION WARNING: please use MorganGenerator
[19:18:34] DEPRECATION WARNING: please use MorganGenerator
[19:18:34] DEPRECATION WARNING: please use MorganGenerator
[19:18:34] DEPRECATION WARNING: please use MorganGenerator
[19:18:34] DEPRECATION WARNING: please use MorganGenerator
[19:18:34] DEPRECATION WARNING: please use MorganGenerator
[19:18:34] DEPRECATION WARNING: please use MorganGenerator
[19:18:34] DEPRECATION WARNING: please use MorganGenerator
[19:18:34] DEPRECATION WARNING: please use MorganGenerator
[19:18:34] DEPRECATION WARNING: please use MorganGenerator
[19:18:34] DEPRECATION WARNING: please use MorganGenerator
[19:18:34] DEPRECATION WARNING: please use MorganGenerator
[19:18:34] DEPRECATION WARNING: please use MorganGenerator
[19:18:34] DEPRECATION WARNING: please use MorganGenerator
[19:18:34] DEPRECATION WARNING: please use MorganGenerator
[19:18:34] DEPRECATION WARNING: please use MorganGenerator
[19:18:34] DEPRECATION WARNING: please use MorganGenerator
[19:18:34] DEPRECATION WARNING: please use MorganGenerator
[19:18:34] DEPRECATION WARNING: please use MorganGenerator
[19:18:34] DEPRECATION WARNING: please use MorganGenerator
[19:18:34] DEPRECATION WARNING: please use MorganGenerator
[19:18:34] DEPRECATION WARNING: please use MorganGenerator
[19:18:34] DEPRECATION WARNING: please use MorganGenerator
[19:18:34] DEPRECATION WARNING: please use MorganGenerator
[19:18:34] DEPRECATION WARNING: please use MorganGenerator
[19:18:34] DEPRECATION WARNING: please use MorganGenerator
[19:18:34] DEPRECATION WARNING: please use MorganGenerator
[19:18:34] DEPRECATION WARNING: please use MorganGenerator
[19:18:34] DEPRECATION WARNING: please use MorganGenerator
[19:18:34] DEPRECATION WARNING: please use MorganGenerator
[19:18:34] DEPRECATION WARNING: please use MorganGenerator
[19:18:34] Explicit valence for atom # 1 N, 5, is greater than permitted
[19:18:34] DEPRECATION WARNING: please use MorganGenerator
[19:18:34] DEPRECATION WARNING: please use MorganGenerator
[19:18:34] DEPRECATION WARNING: please use MorganGenerator
[19:18:34] DEPRECATION WARNING: please use MorganGenerator
[19:18:34] DEPRECATION WARNING: please use MorganGenerator
[19:18:34] DEPRECATION WARNING: please use MorganGenerator
[19:18:34] DEPRECATION WARNING: please use MorganGenerator
[19:18:34] DEPRECATION WARNING: please use MorganGenerator
[19:18:34] DEPRECATION WARNING: please use MorganGenerator
[19:18:34] DEPRECATION WARNING: please use MorganGenerator
[19:18:34] DEPRECATION WARNING: please use MorganGenerator
[19:18:34] DEPRECATION WARNING: please use MorganGenerator
[19:18:34] DEPRECATION WARNING: please use MorganGenerator
[19:18:34] DEPRECATION WARNING: please use MorganGenerator
[19:18:34] DEPRECATION WARNING: please use MorganGenerator
[19:18:34] DEPRECATION WARNING: please use MorganGenerator
[19:18:34] DEPRECATION WARNING: please use MorganGenerator
[19:18:34] DEPRECATION WARNING: please use MorganGenerator
[19:18:34] DEPRECATION WARNING: please use MorganGenerator
[19:18:34] DEPRECATION WARNING: please use MorganGenerator
[19:18:34] DEPRECATION WARNING: please use MorganGenerator
[19:18:34] DEPRECATION WARNING: please use MorganGenerator
[19:18:34] DEPRECATION WARNING: please use MorganGenerator
[19:18:34] DEPRECATION WARNING: please use MorganGenerator
[19:18:35] DEPRECATION WARNING: please use MorganGenerator
[19:18:35] DEPRECATION WARNING: please use MorganGenerator
[19:18:35] DEPRECATION WARNING: please use MorganGenerator
[19:18:35] DEPRECATION WARNING: please use MorganGenerator
[19:18:35] DEPRECATION WARNING: please use MorganGenerator
[19:18:35] DEPRECATION WARNING: please use MorganGenerator
[19:18:35] DEPRECATION WARNING: please use MorganGenerator
[19:18:35] DEPRECATION WARNING: please use MorganGenerator
[19:18:35] DEPRECATION WARNING: please use MorganGenerator
[19:18:35] DEPRECATION WARNING: please use MorganGenerator
2026-04-05 19:18:35,103 [INFO]   Processed: 5000 new records
[19:18:35] DEPRECATION WARNING: please use MorganGenerator
[19:18:35] DEPRECATION WARNING: please use MorganGenerator
[19:18:35] DEPRECATION WARNING: please use MorganGenerator
[19:18:35] DEPRECATION WARNING: please use MorganGenerator
[19:18:35] DEPRECATION WARNING: please use MorganGenerator
[19:18:35] DEPRECATION WARNING: please use MorganGenerator
[19:18:35] DEPRECATION WARNING: please use MorganGenerator
[19:18:35] DEPRECATION WARNING: please use MorganGenerator
[19:18:35] DEPRECATION WARNING: please use MorganGenerator
[19:18:35] DEPRECATION WARNING: please use MorganGenerator
[19:18:35] DEPRECATION WARNING: please use MorganGenerator
[19:18:35] DEPRECATION WARNING: please use MorganGenerator
[19:18:35] DEPRECATION WARNING: please use MorganGenerator
[19:18:35] DEPRECATION WARNING: please use MorganGenerator
[19:18:35] DEPRECATION WARNING: please use MorganGenerator
[19:18:35] DEPRECATION WARNING: please use MorganGenerator
[19:18:35] DEPRECATION WARNING: please use MorganGenerator
[19:18:35] DEPRECATION WARNING: please use MorganGenerator
[19:18:35] DEPRECATION WARNING: please use MorganGenerator
[19:18:35] DEPRECATION WARNING: please use MorganGenerator
[19:18:35] DEPRECATION WARNING: please use MorganGenerator
[19:18:35] DEPRECATION WARNING: please use MorganGenerator
[19:18:35] DEPRECATION WARNING: please use MorganGenerator
[19:18:35] DEPRECATION WARNING: please use MorganGenerator
[19:18:35] DEPRECATION WARNING: please use MorganGenerator
[19:18:35] DEPRECATION WARNING: please use MorganGenerator
[19:18:35] DEPRECATION WARNING: please use MorganGenerator
[19:18:35] DEPRECATION WARNING: please use MorganGenerator
[19:18:35] DEPRECATION WARNING: please use MorganGenerator
[19:18:35] DEPRECATION WARNING: please use MorganGenerator
[19:18:35] DEPRECATION WARNING: please use MorganGenerator
[19:18:35] DEPRECATION WARNING: please use MorganGenerator
[19:18:35] DEPRECATION WARNING: please use MorganGenerator
[19:18:35] DEPRECATION WARNING: please use MorganGenerator
[19:18:35] DEPRECATION WARNING: please use MorganGenerator
[19:18:35] DEPRECATION WARNING: please use MorganGenerator
[19:18:35] DEPRECATION WARNING: please use MorganGenerator
[19:18:35] DEPRECATION WARNING: please use MorganGenerator
[19:18:35] DEPRECATION WARNING: please use MorganGenerator
[19:18:35] DEPRECATION WARNING: please use MorganGenerator
[19:18:36] DEPRECATION WARNING: please use MorganGenerator
[19:18:36] DEPRECATION WARNING: please use MorganGenerator
[19:18:36] DEPRECATION WARNING: please use MorganGenerator
[19:18:36] DEPRECATION WARNING: please use MorganGenerator
[19:18:36] DEPRECATION WARNING: please use MorganGenerator
[19:18:36] DEPRECATION WARNING: please use MorganGenerator
[19:18:36] DEPRECATION WARNING: please use MorganGenerator
[19:18:36] DEPRECATION WARNING: please use MorganGenerator
[19:18:36] DEPRECATION WARNING: please use MorganGenerator
[19:18:36] DEPRECATION WARNING: please use MorganGenerator
[19:18:36] DEPRECATION WARNING: please use MorganGenerator
[19:18:36] DEPRECATION WARNING: please use MorganGenerator
[19:18:36] DEPRECATION WARNING: please use MorganGenerator
[19:18:36] DEPRECATION WARNING: please use MorganGenerator
[19:18:36] DEPRECATION WARNING: please use MorganGenerator
[19:18:36] DEPRECATION WARNING: please use MorganGenerator
[19:18:36] DEPRECATION WARNING: please use MorganGenerator
[19:18:36] DEPRECATION WARNING: please use MorganGenerator
[19:18:36] DEPRECATION WARNING: please use MorganGenerator
[19:18:36] DEPRECATION WARNING: please use MorganGenerator
[19:18:36] DEPRECATION WARNING: please use MorganGenerator
[19:18:36] DEPRECATION WARNING: please use MorganGenerator
[19:18:36] DEPRECATION WARNING: please use MorganGenerator
[19:18:36] DEPRECATION WARNING: please use MorganGenerator
[19:18:36] DEPRECATION WARNING: please use MorganGenerator
[19:18:36] DEPRECATION WARNING: please use MorganGenerator
[19:18:36] DEPRECATION WARNING: please use MorganGenerator
[19:18:36] DEPRECATION WARNING: please use MorganGenerator
[19:18:36] DEPRECATION WARNING: please use MorganGenerator
[19:18:36] DEPRECATION WARNING: please use MorganGenerator
[19:18:36] DEPRECATION WARNING: please use MorganGenerator
[19:18:36] DEPRECATION WARNING: please use MorganGenerator
[19:18:36] DEPRECATION WARNING: please use MorganGenerator
[19:18:36] DEPRECATION WARNING: please use MorganGenerator
[19:18:36] DEPRECATION WARNING: please use MorganGenerator
[19:18:36] DEPRECATION WARNING: please use MorganGenerator
[19:18:36] DEPRECATION WARNING: please use MorganGenerator
[19:18:36] DEPRECATION WARNING: please use MorganGenerator
[19:18:36] DEPRECATION WARNING: please use MorganGenerator
[19:18:36] DEPRECATION WARNING: please use MorganGenerator
[19:18:36] DEPRECATION WARNING: please use MorganGenerator
[19:18:36] DEPRECATION WARNING: please use MorganGenerator
[19:18:36] DEPRECATION WARNING: please use MorganGenerator
[19:18:36] DEPRECATION WARNING: please use MorganGenerator
[19:18:36] DEPRECATION WARNING: please use MorganGenerator
[19:18:36] DEPRECATION WARNING: please use MorganGenerator
[19:18:36] DEPRECATION WARNING: please use MorganGenerator
[19:18:36] DEPRECATION WARNING: please use MorganGenerator
[19:18:36] DEPRECATION WARNING: please use MorganGenerator
[19:18:36] DEPRECATION WARNING: please use MorganGenerator
[19:18:36] DEPRECATION WARNING: please use MorganGenerator
[19:18:36] DEPRECATION WARNING: please use MorganGenerator
[19:18:36] DEPRECATION WARNING: please use MorganGenerator
[19:18:36] DEPRECATION WARNING: please use MorganGenerator
[19:18:36] DEPRECATION WARNING: please use MorganGenerator
[19:18:36] DEPRECATION WARNING: please use MorganGenerator
[19:18:36] DEPRECATION WARNING: please use MorganGenerator
[19:18:36] DEPRECATION WARNING: please use MorganGenerator
[19:18:36] DEPRECATION WARNING: please use MorganGenerator
[19:18:36] DEPRECATION WARNING: please use MorganGenerator
[19:18:36] DEPRECATION WARNING: please use MorganGenerator
[19:18:36] DEPRECATION WARNING: please use MorganGenerator
[19:18:36] DEPRECATION WARNING: please use MorganGenerator
[19:18:36] DEPRECATION WARNING: please use MorganGenerator
[19:18:37] DEPRECATION WARNING: please use MorganGenerator
[19:18:37] DEPRECATION WARNING: please use MorganGenerator
[19:18:37] DEPRECATION WARNING: please use MorganGenerator
[19:18:37] DEPRECATION WARNING: please use MorganGenerator
[19:18:37] DEPRECATION WARNING: please use MorganGenerator
[19:18:37] DEPRECATION WARNING: please use MorganGenerator
[19:18:37] DEPRECATION WARNING: please use MorganGenerator
[19:18:37] DEPRECATION WARNING: please use MorganGenerator
[19:18:37] DEPRECATION WARNING: please use MorganGenerator
[19:18:37] DEPRECATION WARNING: please use MorganGenerator
[19:18:37] DEPRECATION WARNING: please use MorganGenerator
[19:18:37] DEPRECATION WARNING: please use MorganGenerator
[19:18:37] DEPRECATION WARNING: please use MorganGenerator
[19:18:37] DEPRECATION WARNING: please use MorganGenerator
[19:18:37] DEPRECATION WARNING: please use MorganGenerator
[19:18:37] DEPRECATION WARNING: please use MorganGenerator
[19:18:37] DEPRECATION WARNING: please use MorganGenerator
[19:18:37] DEPRECATION WARNING: please use MorganGenerator
[19:18:37] DEPRECATION WARNING: please use MorganGenerator
[19:18:37] DEPRECATION WARNING: please use MorganGenerator
[19:18:37] DEPRECATION WARNING: please use MorganGenerator
[19:18:37] DEPRECATION WARNING: please use MorganGenerator
[19:18:37] DEPRECATION WARNING: please use MorganGenerator
[19:18:37] DEPRECATION WARNING: please use MorganGenerator
[19:18:37] DEPRECATION WARNING: please use MorganGenerator
[19:18:37] DEPRECATION WARNING: please use MorganGenerator
[19:18:37] DEPRECATION WARNING: please use MorganGenerator
[19:18:37] DEPRECATION WARNING: please use MorganGenerator
[19:18:37] DEPRECATION WARNING: please use MorganGenerator
[19:18:37] DEPRECATION WARNING: please use MorganGenerator
[19:18:37] DEPRECATION WARNING: please use MorganGenerator
[19:18:37] DEPRECATION WARNING: please use MorganGenerator
[19:18:37] DEPRECATION WARNING: please use MorganGenerator
[19:18:37] DEPRECATION WARNING: please use MorganGenerator
[19:18:37] DEPRECATION WARNING: please use MorganGenerator
[19:18:37] DEPRECATION WARNING: please use MorganGenerator
[19:18:37] DEPRECATION WARNING: please use MorganGenerator
[19:18:37] DEPRECATION WARNING: please use MorganGenerator
[19:18:37] DEPRECATION WARNING: please use MorganGenerator
[19:18:37] DEPRECATION WARNING: please use MorganGenerator
[19:18:37] DEPRECATION WARNING: please use MorganGenerator
[19:18:37] DEPRECATION WARNING: please use MorganGenerator
[19:18:37] DEPRECATION WARNING: please use MorganGenerator
[19:18:37] DEPRECATION WARNING: please use MorganGenerator
[19:18:37] DEPRECATION WARNING: please use MorganGenerator
[19:18:37] DEPRECATION WARNING: please use MorganGenerator
[19:18:37] DEPRECATION WARNING: please use MorganGenerator
[19:18:37] DEPRECATION WARNING: please use MorganGenerator
[19:18:37] DEPRECATION WARNING: please use MorganGenerator
[19:18:37] DEPRECATION WARNING: please use MorganGenerator
[19:18:37] DEPRECATION WARNING: please use MorganGenerator
[19:18:37] DEPRECATION WARNING: please use MorganGenerator
[19:18:37] DEPRECATION WARNING: please use MorganGenerator
[19:18:37] DEPRECATION WARNING: please use MorganGenerator
[19:18:37] DEPRECATION WARNING: please use MorganGenerator
[19:18:37] DEPRECATION WARNING: please use MorganGenerator
[19:18:37] DEPRECATION WARNING: please use MorganGenerator
[19:18:37] DEPRECATION WARNING: please use MorganGenerator
[19:18:37] DEPRECATION WARNING: please use MorganGenerator
[19:18:38] DEPRECATION WARNING: please use MorganGenerator
[19:18:38] DEPRECATION WARNING: please use MorganGenerator
[19:18:38] DEPRECATION WARNING: please use MorganGenerator
[19:18:38] DEPRECATION WARNING: please use MorganGenerator
[19:18:38] DEPRECATION WARNING: please use MorganGenerator
[19:18:38] DEPRECATION WARNING: please use MorganGenerator
[19:18:38] DEPRECATION WARNING: please use MorganGenerator
[19:18:38] DEPRECATION WARNING: please use MorganGenerator
[19:18:38] DEPRECATION WARNING: please use MorganGenerator
[19:18:38] DEPRECATION WARNING: please use MorganGenerator
[19:18:38] DEPRECATION WARNING: please use MorganGenerator
[19:18:38] DEPRECATION WARNING: please use MorganGenerator
[19:18:38] DEPRECATION WARNING: please use MorganGenerator
[19:18:38] DEPRECATION WARNING: please use MorganGenerator
[19:18:38] DEPRECATION WARNING: please use MorganGenerator
[19:18:38] DEPRECATION WARNING: please use MorganGenerator
[19:18:38] DEPRECATION WARNING: please use MorganGenerator
[19:18:38] DEPRECATION WARNING: please use MorganGenerator
[19:18:38] DEPRECATION WARNING: please use MorganGenerator
[19:18:38] DEPRECATION WARNING: please use MorganGenerator
[19:18:38] DEPRECATION WARNING: please use MorganGenerator
[19:18:38] DEPRECATION WARNING: please use MorganGenerator
[19:18:38] DEPRECATION WARNING: please use MorganGenerator
[19:18:38] DEPRECATION WARNING: please use MorganGenerator
[19:18:38] DEPRECATION WARNING: please use MorganGenerator
[19:18:38] DEPRECATION WARNING: please use MorganGenerator
[19:18:38] DEPRECATION WARNING: please use MorganGenerator
[19:18:38] DEPRECATION WARNING: please use MorganGenerator
[19:18:38] DEPRECATION WARNING: please use MorganGenerator
[19:18:38] DEPRECATION WARNING: please use MorganGenerator
[19:18:38] DEPRECATION WARNING: please use MorganGenerator
[19:18:38] DEPRECATION WARNING: please use MorganGenerator
[19:18:38] DEPRECATION WARNING: please use MorganGenerator
[19:18:38] DEPRECATION WARNING: please use MorganGenerator
[19:18:38] DEPRECATION WARNING: please use MorganGenerator
[19:18:38] DEPRECATION WARNING: please use MorganGenerator
[19:18:38] DEPRECATION WARNING: please use MorganGenerator
[19:18:38] DEPRECATION WARNING: please use MorganGenerator
[19:18:38] DEPRECATION WARNING: please use MorganGenerator
[19:18:38] DEPRECATION WARNING: please use MorganGenerator
[19:18:38] DEPRECATION WARNING: please use MorganGenerator
[19:18:38] DEPRECATION WARNING: please use MorganGenerator
[19:18:38] DEPRECATION WARNING: please use MorganGenerator
[19:18:38] DEPRECATION WARNING: please use MorganGenerator
[19:18:38] DEPRECATION WARNING: please use MorganGenerator
[19:18:38] DEPRECATION WARNING: please use MorganGenerator
[19:18:38] DEPRECATION WARNING: please use MorganGenerator
[19:18:38] DEPRECATION WARNING: please use MorganGenerator
[19:18:38] DEPRECATION WARNING: please use MorganGenerator
[19:18:38] DEPRECATION WARNING: please use MorganGenerator
[19:18:38] DEPRECATION WARNING: please use MorganGenerator
[19:18:38] DEPRECATION WARNING: please use MorganGenerator
[19:18:38] DEPRECATION WARNING: please use MorganGenerator
[19:18:38] DEPRECATION WARNING: please use MorganGenerator
[19:18:38] DEPRECATION WARNING: please use MorganGenerator
[19:18:38] DEPRECATION WARNING: please use MorganGenerator
[19:18:38] DEPRECATION WARNING: please use MorganGenerator
[19:18:38] DEPRECATION WARNING: please use MorganGenerator
[19:18:38] DEPRECATION WARNING: please use MorganGenerator
[19:18:38] DEPRECATION WARNING: please use MorganGenerator
[19:18:38] DEPRECATION WARNING: please use MorganGenerator
[19:18:38] DEPRECATION WARNING: please use MorganGenerator
[19:18:38] DEPRECATION WARNING: please use MorganGenerator
[19:18:38] DEPRECATION WARNING: please use MorganGenerator
[19:18:38] DEPRECATION WARNING: please use MorganGenerator
[19:18:38] DEPRECATION WARNING: please use MorganGenerator
[19:18:38] DEPRECATION WARNING: please use MorganGenerator
[19:18:38] DEPRECATION WARNING: please use MorganGenerator
[19:18:38] DEPRECATION WARNING: please use MorganGenerator
[19:18:38] DEPRECATION WARNING: please use MorganGenerator
[19:18:38] DEPRECATION WARNING: please use MorganGenerator
[19:18:38] DEPRECATION WARNING: please use MorganGenerator
[19:18:38] DEPRECATION WARNING: please use MorganGenerator
[19:18:38] DEPRECATION WARNING: please use MorganGenerator
[19:18:38] DEPRECATION WARNING: please use MorganGenerator
[19:18:38] DEPRECATION WARNING: please use MorganGenerator
[19:18:38] DEPRECATION WARNING: please use MorganGenerator
[19:18:38] DEPRECATION WARNING: please use MorganGenerator
[19:18:38] DEPRECATION WARNING: please use MorganGenerator
[19:18:38] DEPRECATION WARNING: please use MorganGenerator
[19:18:38] DEPRECATION WARNING: please use MorganGenerator
[19:18:39] DEPRECATION WARNING: please use MorganGenerator
[19:18:39] DEPRECATION WARNING: please use MorganGenerator
[19:18:39] DEPRECATION WARNING: please use MorganGenerator
[19:18:39] DEPRECATION WARNING: please use MorganGenerator
[19:18:39] DEPRECATION WARNING: please use MorganGenerator
[19:18:39] DEPRECATION WARNING: please use MorganGenerator
[19:18:39] DEPRECATION WARNING: please use MorganGenerator
[19:18:39] DEPRECATION WARNING: please use MorganGenerator
[19:18:39] DEPRECATION WARNING: please use MorganGenerator
[19:18:39] DEPRECATION WARNING: please use MorganGenerator
[19:18:39] DEPRECATION WARNING: please use MorganGenerator
[19:18:39] DEPRECATION WARNING: please use MorganGenerator
[19:18:39] DEPRECATION WARNING: please use MorganGenerator
[19:18:39] DEPRECATION WARNING: please use MorganGenerator
[19:18:39] DEPRECATION WARNING: please use MorganGenerator
[19:18:39] DEPRECATION WARNING: please use MorganGenerator
[19:18:39] DEPRECATION WARNING: please use MorganGenerator
[19:18:39] DEPRECATION WARNING: please use MorganGenerator
[19:18:39] DEPRECATION WARNING: please use MorganGenerator
[19:18:39] DEPRECATION WARNING: please use MorganGenerator
[19:18:39] DEPRECATION WARNING: please use MorganGenerator
[19:18:39] DEPRECATION WARNING: please use MorganGenerator
[19:18:39] DEPRECATION WARNING: please use MorganGenerator
[19:18:39] DEPRECATION WARNING: please use MorganGenerator
[19:18:39] DEPRECATION WARNING: please use MorganGenerator
[19:18:39] DEPRECATION WARNING: please use MorganGenerator
[19:18:39] DEPRECATION WARNING: please use MorganGenerator
[19:18:39] DEPRECATION WARNING: please use MorganGenerator
[19:18:39] DEPRECATION WARNING: please use MorganGenerator
[19:18:39] DEPRECATION WARNING: please use MorganGenerator
[19:18:39] DEPRECATION WARNING: please use MorganGenerator
[19:18:39] DEPRECATION WARNING: please use MorganGenerator
[19:18:39] DEPRECATION WARNING: please use MorganGenerator
[19:18:39] DEPRECATION WARNING: please use MorganGenerator
[19:18:39] DEPRECATION WARNING: please use MorganGenerator
[19:18:39] DEPRECATION WARNING: please use MorganGenerator
[19:18:39] DEPRECATION WARNING: please use MorganGenerator
[19:18:39] DEPRECATION WARNING: please use MorganGenerator
[19:18:39] DEPRECATION WARNING: please use MorganGenerator
[19:18:39] DEPRECATION WARNING: please use MorganGenerator
[19:18:39] DEPRECATION WARNING: please use MorganGenerator
[19:18:39] DEPRECATION WARNING: please use MorganGenerator
[19:18:39] DEPRECATION WARNING: please use MorganGenerator
[19:18:39] DEPRECATION WARNING: please use MorganGenerator
[19:18:39] DEPRECATION WARNING: please use MorganGenerator
[19:18:39] DEPRECATION WARNING: please use MorganGenerator
[19:18:39] DEPRECATION WARNING: please use MorganGenerator
[19:18:39] DEPRECATION WARNING: please use MorganGenerator
[19:18:39] DEPRECATION WARNING: please use MorganGenerator
[19:18:39] DEPRECATION WARNING: please use MorganGenerator
[19:18:39] DEPRECATION WARNING: please use MorganGenerator
[19:18:39] DEPRECATION WARNING: please use MorganGenerator
[19:18:39] DEPRECATION WARNING: please use MorganGenerator
[19:18:39] DEPRECATION WARNING: please use MorganGenerator
[19:18:39] DEPRECATION WARNING: please use MorganGenerator
[19:18:39] DEPRECATION WARNING: please use MorganGenerator
[19:18:39] DEPRECATION WARNING: please use MorganGenerator
[19:18:39] DEPRECATION WARNING: please use MorganGenerator
[19:18:39] DEPRECATION WARNING: please use MorganGenerator
[19:18:39] DEPRECATION WARNING: please use MorganGenerator
[19:18:39] DEPRECATION WARNING: please use MorganGenerator
[19:18:39] DEPRECATION WARNING: please use MorganGenerator
[19:18:39] DEPRECATION WARNING: please use MorganGenerator
[19:18:39] DEPRECATION WARNING: please use MorganGenerator
[19:18:39] DEPRECATION WARNING: please use MorganGenerator
[19:18:39] DEPRECATION WARNING: please use MorganGenerator
[19:18:39] DEPRECATION WARNING: please use MorganGenerator
[19:18:39] DEPRECATION WARNING: please use MorganGenerator
[19:18:39] DEPRECATION WARNING: please use MorganGenerator
[19:18:39] DEPRECATION WARNING: please use MorganGenerator
[19:18:39] DEPRECATION WARNING: please use MorganGenerator
[19:18:39] DEPRECATION WARNING: please use MorganGenerator
[19:18:39] DEPRECATION WARNING: please use MorganGenerator
[19:18:39] DEPRECATION WARNING: please use MorganGenerator
[19:18:39] DEPRECATION WARNING: please use MorganGenerator
[19:18:39] DEPRECATION WARNING: please use MorganGenerator
[19:18:39] DEPRECATION WARNING: please use MorganGenerator
[19:18:39] DEPRECATION WARNING: please use MorganGenerator
[19:18:39] DEPRECATION WARNING: please use MorganGenerator
[19:18:39] DEPRECATION WARNING: please use MorganGenerator
[19:18:40] DEPRECATION WARNING: please use MorganGenerator
[19:18:40] DEPRECATION WARNING: please use MorganGenerator
[19:18:40] DEPRECATION WARNING: please use MorganGenerator
[19:18:40] DEPRECATION WARNING: please use MorganGenerator
[19:18:40] DEPRECATION WARNING: please use MorganGenerator
[19:18:40] DEPRECATION WARNING: please use MorganGenerator
[19:18:40] DEPRECATION WARNING: please use MorganGenerator
[19:18:40] DEPRECATION WARNING: please use MorganGenerator
[19:18:40] DEPRECATION WARNING: please use MorganGenerator
[19:18:40] DEPRECATION WARNING: please use MorganGenerator
[19:18:40] DEPRECATION WARNING: please use MorganGenerator
[19:18:40] DEPRECATION WARNING: please use MorganGenerator
[19:18:40] DEPRECATION WARNING: please use MorganGenerator
[19:18:40] DEPRECATION WARNING: please use MorganGenerator
[19:18:40] DEPRECATION WARNING: please use MorganGenerator
[19:18:40] DEPRECATION WARNING: please use MorganGenerator
[19:18:40] DEPRECATION WARNING: please use MorganGenerator
[19:18:40] DEPRECATION WARNING: please use MorganGenerator
[19:18:40] DEPRECATION WARNING: please use MorganGenerator
[19:18:40] DEPRECATION WARNING: please use MorganGenerator
[19:18:40] DEPRECATION WARNING: please use MorganGenerator
[19:18:40] DEPRECATION WARNING: please use MorganGenerator
[19:18:40] DEPRECATION WARNING: please use MorganGenerator
[19:18:40] DEPRECATION WARNING: please use MorganGenerator
[19:18:40] DEPRECATION WARNING: please use MorganGenerator
[19:18:40] DEPRECATION WARNING: please use MorganGenerator
[19:18:40] DEPRECATION WARNING: please use MorganGenerator
[19:18:40] DEPRECATION WARNING: please use MorganGenerator
[19:18:40] DEPRECATION WARNING: please use MorganGenerator
[19:18:40] DEPRECATION WARNING: please use MorganGenerator
[19:18:40] DEPRECATION WARNING: please use MorganGenerator
[19:18:40] DEPRECATION WARNING: please use MorganGenerator
[19:18:40] DEPRECATION WARNING: please use MorganGenerator
[19:18:40] DEPRECATION WARNING: please use MorganGenerator
[19:18:40] DEPRECATION WARNING: please use MorganGenerator
[19:18:40] DEPRECATION WARNING: please use MorganGenerator
[19:18:40] DEPRECATION WARNING: please use MorganGenerator
[19:18:40] DEPRECATION WARNING: please use MorganGenerator
[19:18:40] DEPRECATION WARNING: please use MorganGenerator
[19:18:40] DEPRECATION WARNING: please use MorganGenerator
[19:18:40] DEPRECATION WARNING: please use MorganGenerator
[19:18:41] DEPRECATION WARNING: please use MorganGenerator
[19:18:41] DEPRECATION WARNING: please use MorganGenerator
[19:18:41] DEPRECATION WARNING: please use MorganGenerator
[19:18:41] DEPRECATION WARNING: please use MorganGenerator
[19:18:41] DEPRECATION WARNING: please use MorganGenerator
[19:18:41] DEPRECATION WARNING: please use MorganGenerator
[19:18:41] DEPRECATION WARNING: please use MorganGenerator
[19:18:41] DEPRECATION WARNING: please use MorganGenerator
[19:18:41] DEPRECATION WARNING: please use MorganGenerator
[19:18:41] DEPRECATION WARNING: please use MorganGenerator
[19:18:41] DEPRECATION WARNING: please use MorganGenerator
[19:18:41] DEPRECATION WARNING: please use MorganGenerator
[19:18:41] DEPRECATION WARNING: please use MorganGenerator
[19:18:41] DEPRECATION WARNING: please use MorganGenerator
[19:18:41] DEPRECATION WARNING: please use MorganGenerator
[19:18:41] DEPRECATION WARNING: please use MorganGenerator
[19:18:41] DEPRECATION WARNING: please use MorganGenerator
[19:18:41] DEPRECATION WARNING: please use MorganGenerator
[19:18:41] DEPRECATION WARNING: please use MorganGenerator
[19:18:41] DEPRECATION WARNING: please use MorganGenerator
[19:18:41] DEPRECATION WARNING: please use MorganGenerator
[19:18:41] DEPRECATION WARNING: please use MorganGenerator
[19:18:41] DEPRECATION WARNING: please use MorganGenerator
[19:18:41] DEPRECATION WARNING: please use MorganGenerator
[19:18:41] DEPRECATION WARNING: please use MorganGenerator
[19:18:41] DEPRECATION WARNING: please use MorganGenerator
[19:18:41] DEPRECATION WARNING: please use MorganGenerator
[19:18:41] DEPRECATION WARNING: please use MorganGenerator
[19:18:41] DEPRECATION WARNING: please use MorganGenerator
[19:18:41] DEPRECATION WARNING: please use MorganGenerator
[19:18:41] DEPRECATION WARNING: please use MorganGenerator
[19:18:41] DEPRECATION WARNING: please use MorganGenerator
[19:18:41] DEPRECATION WARNING: please use MorganGenerator
[19:18:41] DEPRECATION WARNING: please use MorganGenerator
[19:18:41] DEPRECATION WARNING: please use MorganGenerator
[19:18:41] DEPRECATION WARNING: please use MorganGenerator
[19:18:41] DEPRECATION WARNING: please use MorganGenerator
[19:18:41] DEPRECATION WARNING: please use MorganGenerator
[19:18:41] DEPRECATION WARNING: please use MorganGenerator
[19:18:41] DEPRECATION WARNING: please use MorganGenerator
[19:18:41] DEPRECATION WARNING: please use MorganGenerator
[19:18:41] DEPRECATION WARNING: please use MorganGenerator
[19:18:41] DEPRECATION WARNING: please use MorganGenerator
[19:18:41] Explicit valence for atom # 9 N, 5, is greater than permitted
[19:18:41] DEPRECATION WARNING: please use MorganGenerator
[19:18:41] DEPRECATION WARNING: please use MorganGenerator
[19:18:41] DEPRECATION WARNING: please use MorganGenerator
[19:18:41] DEPRECATION WARNING: please use MorganGenerator
[19:18:41] DEPRECATION WARNING: please use MorganGenerator
[19:18:41] DEPRECATION WARNING: please use MorganGenerator
[19:18:41] DEPRECATION WARNING: please use MorganGenerator
[19:18:41] DEPRECATION WARNING: please use MorganGenerator
[19:18:41] DEPRECATION WARNING: please use MorganGenerator
[19:18:41] DEPRECATION WARNING: please use MorganGenerator
[19:18:41] DEPRECATION WARNING: please use MorganGenerator
[19:18:41] DEPRECATION WARNING: please use MorganGenerator
[19:18:41] DEPRECATION WARNING: please use MorganGenerator
[19:18:41] DEPRECATION WARNING: please use MorganGenerator
[19:18:41] DEPRECATION WARNING: please use MorganGenerator
[19:18:41] DEPRECATION WARNING: please use MorganGenerator
[19:18:41] DEPRECATION WARNING: please use MorganGenerator
[19:18:41] DEPRECATION WARNING: please use MorganGenerator
[19:18:41] DEPRECATION WARNING: please use MorganGenerator
[19:18:41] DEPRECATION WARNING: please use MorganGenerator
[19:18:41] DEPRECATION WARNING: please use MorganGenerator
[19:18:41] DEPRECATION WARNING: please use MorganGenerator
[19:18:41] DEPRECATION WARNING: please use MorganGenerator
[19:18:41] DEPRECATION WARNING: please use MorganGenerator
[19:18:41] DEPRECATION WARNING: please use MorganGenerator
[19:18:41] DEPRECATION WARNING: please use MorganGenerator
[19:18:42] DEPRECATION WARNING: please use MorganGenerator
[19:18:42] DEPRECATION WARNING: please use MorganGenerator
[19:18:42] DEPRECATION WARNING: please use MorganGenerator
[19:18:42] DEPRECATION WARNING: please use MorganGenerator
[19:18:42] DEPRECATION WARNING: please use MorganGenerator
[19:18:42] DEPRECATION WARNING: please use MorganGenerator
[19:18:42] DEPRECATION WARNING: please use MorganGenerator
[19:18:42] DEPRECATION WARNING: please use MorganGenerator
[19:18:42] DEPRECATION WARNING: please use MorganGenerator
[19:18:42] DEPRECATION WARNING: please use MorganGenerator
[19:18:42] DEPRECATION WARNING: please use MorganGenerator
[19:18:42] DEPRECATION WARNING: please use MorganGenerator
[19:18:42] DEPRECATION WARNING: please use MorganGenerator
[19:18:42] DEPRECATION WARNING: please use MorganGenerator
[19:18:42] DEPRECATION WARNING: please use MorganGenerator
[19:18:42] DEPRECATION WARNING: please use MorganGenerator
[19:18:42] DEPRECATION WARNING: please use MorganGenerator
[19:18:42] DEPRECATION WARNING: please use MorganGenerator
[19:18:42] DEPRECATION WARNING: please use MorganGenerator
[19:18:42] DEPRECATION WARNING: please use MorganGenerator
[19:18:42] DEPRECATION WARNING: please use MorganGenerator
[19:18:42] DEPRECATION WARNING: please use MorganGenerator
[19:18:42] DEPRECATION WARNING: please use MorganGenerator
[19:18:42] DEPRECATION WARNING: please use MorganGenerator
[19:18:42] DEPRECATION WARNING: please use MorganGenerator
[19:18:42] DEPRECATION WARNING: please use MorganGenerator
[19:18:42] DEPRECATION WARNING: please use MorganGenerator
[19:18:42] DEPRECATION WARNING: please use MorganGenerator
[19:18:42] DEPRECATION WARNING: please use MorganGenerator
[19:18:42] DEPRECATION WARNING: please use MorganGenerator
[19:18:42] DEPRECATION WARNING: please use MorganGenerator
[19:18:42] DEPRECATION WARNING: please use MorganGenerator
[19:18:42] DEPRECATION WARNING: please use MorganGenerator
[19:18:42] DEPRECATION WARNING: please use MorganGenerator
[19:18:42] DEPRECATION WARNING: please use MorganGenerator
[19:18:42] DEPRECATION WARNING: please use MorganGenerator
[19:18:42] DEPRECATION WARNING: please use MorganGenerator
[19:18:42] DEPRECATION WARNING: please use MorganGenerator
[19:18:42] DEPRECATION WARNING: please use MorganGenerator
[19:18:42] DEPRECATION WARNING: please use MorganGenerator
[19:18:42] DEPRECATION WARNING: please use MorganGenerator
[19:18:42] DEPRECATION WARNING: please use MorganGenerator
[19:18:42] DEPRECATION WARNING: please use MorganGenerator
[19:18:42] DEPRECATION WARNING: please use MorganGenerator
[19:18:42] DEPRECATION WARNING: please use MorganGenerator
[19:18:42] DEPRECATION WARNING: please use MorganGenerator
[19:18:42] DEPRECATION WARNING: please use MorganGenerator
[19:18:42] DEPRECATION WARNING: please use MorganGenerator
[19:18:42] DEPRECATION WARNING: please use MorganGenerator
[19:18:42] DEPRECATION WARNING: please use MorganGenerator
[19:18:42] DEPRECATION WARNING: please use MorganGenerator
[19:18:42] DEPRECATION WARNING: please use MorganGenerator
[19:18:42] DEPRECATION WARNING: please use MorganGenerator
[19:18:42] DEPRECATION WARNING: please use MorganGenerator
[19:18:42] DEPRECATION WARNING: please use MorganGenerator
[19:18:42] DEPRECATION WARNING: please use MorganGenerator
[19:18:42] DEPRECATION WARNING: please use MorganGenerator
[19:18:42] DEPRECATION WARNING: please use MorganGenerator
[19:18:42] DEPRECATION WARNING: please use MorganGenerator
[19:18:42] DEPRECATION WARNING: please use MorganGenerator
[19:18:42] DEPRECATION WARNING: please use MorganGenerator
[19:18:42] DEPRECATION WARNING: please use MorganGenerator
[19:18:42] DEPRECATION WARNING: please use MorganGenerator
[19:18:42] DEPRECATION WARNING: please use MorganGenerator
[19:18:42] DEPRECATION WARNING: please use MorganGenerator
[19:18:42] DEPRECATION WARNING: please use MorganGenerator
[19:18:42] DEPRECATION WARNING: please use MorganGenerator
[19:18:42] DEPRECATION WARNING: please use MorganGenerator
[19:18:42] DEPRECATION WARNING: please use MorganGenerator
[19:18:42] DEPRECATION WARNING: please use MorganGenerator
[19:18:42] DEPRECATION WARNING: please use MorganGenerator
[19:18:42] DEPRECATION WARNING: please use MorganGenerator
[19:18:42] DEPRECATION WARNING: please use MorganGenerator
[19:18:42] DEPRECATION WARNING: please use MorganGenerator
[19:18:42] DEPRECATION WARNING: please use MorganGenerator
[19:18:42] DEPRECATION WARNING: please use MorganGenerator
[19:18:42] DEPRECATION WARNING: please use MorganGenerator
[19:18:43] DEPRECATION WARNING: please use MorganGenerator
[19:18:43] DEPRECATION WARNING: please use MorganGenerator
[19:18:43] DEPRECATION WARNING: please use MorganGenerator
[19:18:43] DEPRECATION WARNING: please use MorganGenerator
[19:18:43] DEPRECATION WARNING: please use MorganGenerator
[19:18:43] DEPRECATION WARNING: please use MorganGenerator
[19:18:43] DEPRECATION WARNING: please use MorganGenerator
[19:18:43] DEPRECATION WARNING: please use MorganGenerator
[19:18:43] DEPRECATION WARNING: please use MorganGenerator
[19:18:43] DEPRECATION WARNING: please use MorganGenerator
[19:18:43] DEPRECATION WARNING: please use MorganGenerator
[19:18:43] DEPRECATION WARNING: please use MorganGenerator
[19:18:43] DEPRECATION WARNING: please use MorganGenerator
[19:18:43] DEPRECATION WARNING: please use MorganGenerator
[19:18:43] DEPRECATION WARNING: please use MorganGenerator
[19:18:43] DEPRECATION WARNING: please use MorganGenerator
[19:18:43] DEPRECATION WARNING: please use MorganGenerator
[19:18:43] DEPRECATION WARNING: please use MorganGenerator
[19:18:43] DEPRECATION WARNING: please use MorganGenerator
[19:18:43] DEPRECATION WARNING: please use MorganGenerator
[19:18:43] DEPRECATION WARNING: please use MorganGenerator
[19:18:43] DEPRECATION WARNING: please use MorganGenerator
[19:18:43] DEPRECATION WARNING: please use MorganGenerator
[19:18:43] DEPRECATION WARNING: please use MorganGenerator
[19:18:43] DEPRECATION WARNING: please use MorganGenerator
[19:18:43] DEPRECATION WARNING: please use MorganGenerator
[19:18:43] DEPRECATION WARNING: please use MorganGenerator
[19:18:43] DEPRECATION WARNING: please use MorganGenerator
[19:18:43] DEPRECATION WARNING: please use MorganGenerator
[19:18:43] DEPRECATION WARNING: please use MorganGenerator
[19:18:43] DEPRECATION WARNING: please use MorganGenerator
[19:18:43] DEPRECATION WARNING: please use MorganGenerator
[19:18:43] DEPRECATION WARNING: please use MorganGenerator
[19:18:43] DEPRECATION WARNING: please use MorganGenerator
[19:18:43] DEPRECATION WARNING: please use MorganGenerator
[19:18:43] DEPRECATION WARNING: please use MorganGenerator
[19:18:43] DEPRECATION WARNING: please use MorganGenerator
[19:18:43] DEPRECATION WARNING: please use MorganGenerator
[19:18:43] DEPRECATION WARNING: please use MorganGenerator
[19:18:43] DEPRECATION WARNING: please use MorganGenerator
[19:18:43] DEPRECATION WARNING: please use MorganGenerator
[19:18:43] DEPRECATION WARNING: please use MorganGenerator
[19:18:43] DEPRECATION WARNING: please use MorganGenerator
[19:18:43] DEPRECATION WARNING: please use MorganGenerator
[19:18:43] DEPRECATION WARNING: please use MorganGenerator
[19:18:43] DEPRECATION WARNING: please use MorganGenerator
[19:18:43] DEPRECATION WARNING: please use MorganGenerator
[19:18:43] DEPRECATION WARNING: please use MorganGenerator
[19:18:43] DEPRECATION WARNING: please use MorganGenerator
[19:18:43] DEPRECATION WARNING: please use MorganGenerator
[19:18:43] DEPRECATION WARNING: please use MorganGenerator
[19:18:43] DEPRECATION WARNING: please use MorganGenerator
[19:18:43] DEPRECATION WARNING: please use MorganGenerator
[19:18:43] DEPRECATION WARNING: please use MorganGenerator
[19:18:43] DEPRECATION WARNING: please use MorganGenerator
[19:18:43] DEPRECATION WARNING: please use MorganGenerator
[19:18:43] DEPRECATION WARNING: please use MorganGenerator
[19:18:43] DEPRECATION WARNING: please use MorganGenerator
[19:18:43] DEPRECATION WARNING: please use MorganGenerator
[19:18:43] DEPRECATION WARNING: please use MorganGenerator
[19:18:43] DEPRECATION WARNING: please use MorganGenerator
[19:18:44] Explicit valence for atom # 17 N, 6, is greater than permitted
[19:18:44] DEPRECATION WARNING: please use MorganGenerator
[19:18:44] DEPRECATION WARNING: please use MorganGenerator
[19:18:44] DEPRECATION WARNING: please use MorganGenerator
[19:18:44] DEPRECATION WARNING: please use MorganGenerator
[19:18:44] DEPRECATION WARNING: please use MorganGenerator
[19:18:44] DEPRECATION WARNING: please use MorganGenerator
[19:18:44] DEPRECATION WARNING: please use MorganGenerator
[19:18:44] DEPRECATION WARNING: please use MorganGenerator
[19:18:44] DEPRECATION WARNING: please use MorganGenerator
[19:18:44] DEPRECATION WARNING: please use MorganGenerator
[19:18:44] DEPRECATION WARNING: please use MorganGenerator
[19:18:44] DEPRECATION WARNING: please use MorganGenerator
[19:18:44] DEPRECATION WARNING: please use MorganGenerator
[19:18:44] DEPRECATION WARNING: please use MorganGenerator
[19:18:44] DEPRECATION WARNING: please use MorganGenerator
[19:18:44] DEPRECATION WARNING: please use MorganGenerator
[19:18:44] DEPRECATION WARNING: please use MorganGenerator
[19:18:44] DEPRECATION WARNING: please use MorganGenerator
[19:18:44] DEPRECATION WARNING: please use MorganGenerator
[19:18:44] DEPRECATION WARNING: please use MorganGenerator
[19:18:44] DEPRECATION WARNING: please use MorganGenerator
[19:18:44] DEPRECATION WARNING: please use MorganGenerator
[19:18:44] DEPRECATION WARNING: please use MorganGenerator
[19:18:44] DEPRECATION WARNING: please use MorganGenerator
[19:18:44] DEPRECATION WARNING: please use MorganGenerator
[19:18:44] DEPRECATION WARNING: please use MorganGenerator
[19:18:44] DEPRECATION WARNING: please use MorganGenerator
[19:18:44] DEPRECATION WARNING: please use MorganGenerator
[19:18:44] DEPRECATION WARNING: please use MorganGenerator
[19:18:44] DEPRECATION WARNING: please use MorganGenerator
[19:18:44] DEPRECATION WARNING: please use MorganGenerator
[19:18:44] DEPRECATION WARNING: please use MorganGenerator
[19:18:44] DEPRECATION WARNING: please use MorganGenerator
[19:18:44] DEPRECATION WARNING: please use MorganGenerator
[19:18:44] DEPRECATION WARNING: please use MorganGenerator
[19:18:44] DEPRECATION WARNING: please use MorganGenerator
[19:18:44] DEPRECATION WARNING: please use MorganGenerator
[19:18:44] DEPRECATION WARNING: please use MorganGenerator
[19:18:44] DEPRECATION WARNING: please use MorganGenerator
[19:18:44] DEPRECATION WARNING: please use MorganGenerator
[19:18:44] DEPRECATION WARNING: please use MorganGenerator
[19:18:44] DEPRECATION WARNING: please use MorganGenerator
[19:18:44] DEPRECATION WARNING: please use MorganGenerator
[19:18:44] DEPRECATION WARNING: please use MorganGenerator
[19:18:44] DEPRECATION WARNING: please use MorganGenerator
[19:18:44] DEPRECATION WARNING: please use MorganGenerator
[19:18:44] DEPRECATION WARNING: please use MorganGenerator
[19:18:44] DEPRECATION WARNING: please use MorganGenerator
[19:18:44] DEPRECATION WARNING: please use MorganGenerator
[19:18:44] DEPRECATION WARNING: please use MorganGenerator
[19:18:44] DEPRECATION WARNING: please use MorganGenerator
[19:18:44] DEPRECATION WARNING: please use MorganGenerator
[19:18:44] DEPRECATION WARNING: please use MorganGenerator
[19:18:44] DEPRECATION WARNING: please use MorganGenerator
[19:18:44] DEPRECATION WARNING: please use MorganGenerator
[19:18:44] DEPRECATION WARNING: please use MorganGenerator
[19:18:44] DEPRECATION WARNING: please use MorganGenerator
[19:18:44] DEPRECATION WARNING: please use MorganGenerator
[19:18:44] DEPRECATION WARNING: please use MorganGenerator
[19:18:44] DEPRECATION WARNING: please use MorganGenerator
[19:18:44] DEPRECATION WARNING: please use MorganGenerator
[19:18:44] DEPRECATION WARNING: please use MorganGenerator
[19:18:44] DEPRECATION WARNING: please use MorganGenerator
[19:18:44] DEPRECATION WARNING: please use MorganGenerator
[19:18:44] DEPRECATION WARNING: please use MorganGenerator
[19:18:44] DEPRECATION WARNING: please use MorganGenerator
[19:18:44] DEPRECATION WARNING: please use MorganGenerator
[19:18:45] DEPRECATION WARNING: please use MorganGenerator
[19:18:45] DEPRECATION WARNING: please use MorganGenerator
[19:18:45] DEPRECATION WARNING: please use MorganGenerator
[19:18:45] DEPRECATION WARNING: please use MorganGenerator
[19:18:45] DEPRECATION WARNING: please use MorganGenerator
[19:18:45] DEPRECATION WARNING: please use MorganGenerator
[19:18:45] DEPRECATION WARNING: please use MorganGenerator
[19:18:45] DEPRECATION WARNING: please use MorganGenerator
[19:18:45] DEPRECATION WARNING: please use MorganGenerator
[19:18:45] DEPRECATION WARNING: please use MorganGenerator
[19:18:45] DEPRECATION WARNING: please use MorganGenerator
[19:18:45] DEPRECATION WARNING: please use MorganGenerator
[19:18:45] DEPRECATION WARNING: please use MorganGenerator
[19:18:45] DEPRECATION WARNING: please use MorganGenerator
[19:18:45] DEPRECATION WARNING: please use MorganGenerator
[19:18:45] DEPRECATION WARNING: please use MorganGenerator
[19:18:45] DEPRECATION WARNING: please use MorganGenerator
[19:18:45] DEPRECATION WARNING: please use MorganGenerator
[19:18:45] DEPRECATION WARNING: please use MorganGenerator
[19:18:45] DEPRECATION WARNING: please use MorganGenerator
[19:18:45] DEPRECATION WARNING: please use MorganGenerator
[19:18:45] DEPRECATION WARNING: please use MorganGenerator
[19:18:45] DEPRECATION WARNING: please use MorganGenerator
[19:18:45] DEPRECATION WARNING: please use MorganGenerator
[19:18:45] DEPRECATION WARNING: please use MorganGenerator
[19:18:45] DEPRECATION WARNING: please use MorganGenerator
[19:18:45] DEPRECATION WARNING: please use MorganGenerator
[19:18:45] DEPRECATION WARNING: please use MorganGenerator
[19:18:45] DEPRECATION WARNING: please use MorganGenerator
[19:18:45] DEPRECATION WARNING: please use MorganGenerator
[19:18:45] DEPRECATION WARNING: please use MorganGenerator
[19:18:45] DEPRECATION WARNING: please use MorganGenerator
[19:18:45] DEPRECATION WARNING: please use MorganGenerator
[19:18:45] DEPRECATION WARNING: please use MorganGenerator
[19:18:45] DEPRECATION WARNING: please use MorganGenerator
[19:18:45] DEPRECATION WARNING: please use MorganGenerator
[19:18:45] DEPRECATION WARNING: please use MorganGenerator
[19:18:45] DEPRECATION WARNING: please use MorganGenerator
[19:18:45] DEPRECATION WARNING: please use MorganGenerator
[19:18:45] DEPRECATION WARNING: please use MorganGenerator
[19:18:45] DEPRECATION WARNING: please use MorganGenerator
[19:18:45] DEPRECATION WARNING: please use MorganGenerator
[19:18:45] DEPRECATION WARNING: please use MorganGenerator
[19:18:45] DEPRECATION WARNING: please use MorganGenerator
[19:18:45] DEPRECATION WARNING: please use MorganGenerator
[19:18:45] DEPRECATION WARNING: please use MorganGenerator
[19:18:45] DEPRECATION WARNING: please use MorganGenerator
[19:18:45] DEPRECATION WARNING: please use MorganGenerator
[19:18:45] DEPRECATION WARNING: please use MorganGenerator
[19:18:45] DEPRECATION WARNING: please use MorganGenerator
[19:18:45] DEPRECATION WARNING: please use MorganGenerator
[19:18:45] DEPRECATION WARNING: please use MorganGenerator
[19:18:45] DEPRECATION WARNING: please use MorganGenerator
[19:18:45] DEPRECATION WARNING: please use MorganGenerator
[19:18:45] DEPRECATION WARNING: please use MorganGenerator
[19:18:45] DEPRECATION WARNING: please use MorganGenerator
[19:18:45] DEPRECATION WARNING: please use MorganGenerator
[19:18:45] DEPRECATION WARNING: please use MorganGenerator
[19:18:45] DEPRECATION WARNING: please use MorganGenerator
[19:18:45] DEPRECATION WARNING: please use MorganGenerator
[19:18:45] DEPRECATION WARNING: please use MorganGenerator
[19:18:45] DEPRECATION WARNING: please use MorganGenerator
[19:18:45] DEPRECATION WARNING: please use MorganGenerator
[19:18:45] DEPRECATION WARNING: please use MorganGenerator
[19:18:45] DEPRECATION WARNING: please use MorganGenerator
[19:18:45] DEPRECATION WARNING: please use MorganGenerator
[19:18:45] DEPRECATION WARNING: please use MorganGenerator
[19:18:45] DEPRECATION WARNING: please use MorganGenerator
[19:18:45] DEPRECATION WARNING: please use MorganGenerator
[19:18:45] DEPRECATION WARNING: please use MorganGenerator
[19:18:45] DEPRECATION WARNING: please use MorganGenerator
[19:18:45] DEPRECATION WARNING: please use MorganGenerator
[19:18:45] DEPRECATION WARNING: please use MorganGenerator
[19:18:45] DEPRECATION WARNING: please use MorganGenerator
[19:18:45] DEPRECATION WARNING: please use MorganGenerator
[19:18:45] DEPRECATION WARNING: please use MorganGenerator
[19:18:45] DEPRECATION WARNING: please use MorganGenerator
[19:18:45] DEPRECATION WARNING: please use MorganGenerator
[19:18:45] DEPRECATION WARNING: please use MorganGenerator
[19:18:45] DEPRECATION WARNING: please use MorganGenerator
[19:18:45] DEPRECATION WARNING: please use MorganGenerator
[19:18:45] DEPRECATION WARNING: please use MorganGenerator
[19:18:45] DEPRECATION WARNING: please use MorganGenerator
[19:18:45] DEPRECATION WARNING: please use MorganGenerator
[19:18:45] DEPRECATION WARNING: please use MorganGenerator
[19:18:45] DEPRECATION WARNING: please use MorganGenerator
[19:18:45] DEPRECATION WARNING: please use MorganGenerator
[19:18:45] DEPRECATION WARNING: please use MorganGenerator
[19:18:45] DEPRECATION WARNING: please use MorganGenerator
[19:18:45] DEPRECATION WARNING: please use MorganGenerator
[19:18:45] DEPRECATION WARNING: please use MorganGenerator
[19:18:46] DEPRECATION WARNING: please use MorganGenerator
[19:18:46] DEPRECATION WARNING: please use MorganGenerator
[19:18:46] DEPRECATION WARNING: please use MorganGenerator
[19:18:46] DEPRECATION WARNING: please use MorganGenerator
[19:18:46] DEPRECATION WARNING: please use MorganGenerator
[19:18:46] DEPRECATION WARNING: please use MorganGenerator
[19:18:46] DEPRECATION WARNING: please use MorganGenerator
[19:18:46] DEPRECATION WARNING: please use MorganGenerator
[19:18:46] DEPRECATION WARNING: please use MorganGenerator
[19:18:46] DEPRECATION WARNING: please use MorganGenerator
[19:18:46] DEPRECATION WARNING: please use MorganGenerator
[19:18:46] DEPRECATION WARNING: please use MorganGenerator
[19:18:46] DEPRECATION WARNING: please use MorganGenerator
[19:18:46] DEPRECATION WARNING: please use MorganGenerator
[19:18:46] DEPRECATION WARNING: please use MorganGenerator
[19:18:46] DEPRECATION WARNING: please use MorganGenerator
[19:18:46] DEPRECATION WARNING: please use MorganGenerator
[19:18:46] DEPRECATION WARNING: please use MorganGenerator
[19:18:46] DEPRECATION WARNING: please use MorganGenerator
[19:18:46] DEPRECATION WARNING: please use MorganGenerator
[19:18:46] DEPRECATION WARNING: please use MorganGenerator
[19:18:46] DEPRECATION WARNING: please use MorganGenerator
[19:18:46] DEPRECATION WARNING: please use MorganGenerator
[19:18:46] DEPRECATION WARNING: please use MorganGenerator
[19:18:46] DEPRECATION WARNING: please use MorganGenerator
[19:18:46] DEPRECATION WARNING: please use MorganGenerator
[19:18:46] DEPRECATION WARNING: please use MorganGenerator
[19:18:46] DEPRECATION WARNING: please use MorganGenerator
[19:18:46] DEPRECATION WARNING: please use MorganGenerator
[19:18:46] DEPRECATION WARNING: please use MorganGenerator
[19:18:46] DEPRECATION WARNING: please use MorganGenerator
[19:18:46] DEPRECATION WARNING: please use MorganGenerator
[19:18:46] DEPRECATION WARNING: please use MorganGenerator
[19:18:46] DEPRECATION WARNING: please use MorganGenerator
[19:18:46] DEPRECATION WARNING: please use MorganGenerator
[19:18:46] DEPRECATION WARNING: please use MorganGenerator
[19:18:46] DEPRECATION WARNING: please use MorganGenerator
[19:18:46] DEPRECATION WARNING: please use MorganGenerator
[19:18:46] DEPRECATION WARNING: please use MorganGenerator
[19:18:46] DEPRECATION WARNING: please use MorganGenerator
[19:18:46] DEPRECATION WARNING: please use MorganGenerator
[19:18:46] DEPRECATION WARNING: please use MorganGenerator
[19:18:46] DEPRECATION WARNING: please use MorganGenerator
[19:18:46] DEPRECATION WARNING: please use MorganGenerator
[19:18:46] DEPRECATION WARNING: please use MorganGenerator
[19:18:46] DEPRECATION WARNING: please use MorganGenerator
[19:18:46] DEPRECATION WARNING: please use MorganGenerator
[19:18:46] DEPRECATION WARNING: please use MorganGenerator
[19:18:46] DEPRECATION WARNING: please use MorganGenerator
[19:18:46] DEPRECATION WARNING: please use MorganGenerator
[19:18:46] DEPRECATION WARNING: please use MorganGenerator
[19:18:46] DEPRECATION WARNING: please use MorganGenerator
[19:18:46] DEPRECATION WARNING: please use MorganGenerator
[19:18:46] DEPRECATION WARNING: please use MorganGenerator
[19:18:46] DEPRECATION WARNING: please use MorganGenerator
[19:18:46] DEPRECATION WARNING: please use MorganGenerator
[19:18:46] DEPRECATION WARNING: please use MorganGenerator
[19:18:46] DEPRECATION WARNING: please use MorganGenerator
[19:18:46] DEPRECATION WARNING: please use MorganGenerator
[19:18:46] DEPRECATION WARNING: please use MorganGenerator
[19:18:46] DEPRECATION WARNING: please use MorganGenerator
[19:18:46] DEPRECATION WARNING: please use MorganGenerator
[19:18:46] DEPRECATION WARNING: please use MorganGenerator
[19:18:46] DEPRECATION WARNING: please use MorganGenerator
[19:18:46] DEPRECATION WARNING: please use MorganGenerator
[19:18:46] DEPRECATION WARNING: please use MorganGenerator
[19:18:46] DEPRECATION WARNING: please use MorganGenerator
[19:18:46] DEPRECATION WARNING: please use MorganGenerator
[19:18:46] DEPRECATION WARNING: please use MorganGenerator
[19:18:46] DEPRECATION WARNING: please use MorganGenerator
[19:18:46] DEPRECATION WARNING: please use MorganGenerator
[19:18:46] DEPRECATION WARNING: please use MorganGenerator
[19:18:46] DEPRECATION WARNING: please use MorganGenerator
[19:18:46] DEPRECATION WARNING: please use MorganGenerator
[19:18:46] DEPRECATION WARNING: please use MorganGenerator
[19:18:46] DEPRECATION WARNING: please use MorganGenerator
[19:18:46] DEPRECATION WARNING: please use MorganGenerator
[19:18:46] DEPRECATION WARNING: please use MorganGenerator
[19:18:46] DEPRECATION WARNING: please use MorganGenerator
[19:18:46] DEPRECATION WARNING: please use MorganGenerator
[19:18:46] DEPRECATION WARNING: please use MorganGenerator
[19:18:46] DEPRECATION WARNING: please use MorganGenerator
[19:18:46] DEPRECATION WARNING: please use MorganGenerator
[19:18:46] DEPRECATION WARNING: please use MorganGenerator
[19:18:46] DEPRECATION WARNING: please use MorganGenerator
[19:18:46] DEPRECATION WARNING: please use MorganGenerator
[19:18:46] DEPRECATION WARNING: please use MorganGenerator
[19:18:46] DEPRECATION WARNING: please use MorganGenerator
[19:18:46] DEPRECATION WARNING: please use MorganGenerator
[19:18:46] DEPRECATION WARNING: please use MorganGenerator
[19:18:46] DEPRECATION WARNING: please use MorganGenerator
[19:18:46] DEPRECATION WARNING: please use MorganGenerator
[19:18:46] DEPRECATION WARNING: please use MorganGenerator
[19:18:46] DEPRECATION WARNING: please use MorganGenerator
[19:18:46] DEPRECATION WARNING: please use MorganGenerator
[19:18:46] DEPRECATION WARNING: please use MorganGenerator
[19:18:46] DEPRECATION WARNING: please use MorganGenerator
[19:18:46] DEPRECATION WARNING: please use MorganGenerator
[19:18:46] DEPRECATION WARNING: please use MorganGenerator
[19:18:46] DEPRECATION WARNING: please use MorganGenerator
[19:18:47] DEPRECATION WARNING: please use MorganGenerator
[19:18:47] DEPRECATION WARNING: please use MorganGenerator
[19:18:47] DEPRECATION WARNING: please use MorganGenerator
[19:18:47] DEPRECATION WARNING: please use MorganGenerator
[19:18:47] DEPRECATION WARNING: please use MorganGenerator
[19:18:47] DEPRECATION WARNING: please use MorganGenerator
[19:18:47] DEPRECATION WARNING: please use MorganGenerator
[19:18:47] DEPRECATION WARNING: please use MorganGenerator
[19:18:47] DEPRECATION WARNING: please use MorganGenerator
[19:18:47] DEPRECATION WARNING: please use MorganGenerator
[19:18:47] DEPRECATION WARNING: please use MorganGenerator
[19:18:47] DEPRECATION WARNING: please use MorganGenerator
[19:18:47] DEPRECATION WARNING: please use MorganGenerator
[19:18:47] DEPRECATION WARNING: please use MorganGenerator
[19:18:47] DEPRECATION WARNING: please use MorganGenerator
[19:18:47] DEPRECATION WARNING: please use MorganGenerator
[19:18:47] DEPRECATION WARNING: please use MorganGenerator
[19:18:47] DEPRECATION WARNING: please use MorganGenerator
[19:18:47] DEPRECATION WARNING: please use MorganGenerator
[19:18:47] DEPRECATION WARNING: please use MorganGenerator
[19:18:47] DEPRECATION WARNING: please use MorganGenerator
[19:18:47] DEPRECATION WARNING: please use MorganGenerator
[19:18:47] DEPRECATION WARNING: please use MorganGenerator
[19:18:47] DEPRECATION WARNING: please use MorganGenerator
[19:18:47] DEPRECATION WARNING: please use MorganGenerator
[19:18:47] DEPRECATION WARNING: please use MorganGenerator
[19:18:47] DEPRECATION WARNING: please use MorganGenerator
[19:18:47] DEPRECATION WARNING: please use MorganGenerator
[19:18:47] DEPRECATION WARNING: please use MorganGenerator
[19:18:47] DEPRECATION WARNING: please use MorganGenerator
[19:18:47] DEPRECATION WARNING: please use MorganGenerator
[19:18:47] DEPRECATION WARNING: please use MorganGenerator
[19:18:47] DEPRECATION WARNING: please use MorganGenerator
[19:18:47] DEPRECATION WARNING: please use MorganGenerator
[19:18:47] DEPRECATION WARNING: please use MorganGenerator
[19:18:47] DEPRECATION WARNING: please use MorganGenerator
[19:18:47] DEPRECATION WARNING: please use MorganGenerator
[19:18:47] DEPRECATION WARNING: please use MorganGenerator
[19:18:47] DEPRECATION WARNING: please use MorganGenerator
[19:18:47] DEPRECATION WARNING: please use MorganGenerator
[19:18:47] DEPRECATION WARNING: please use MorganGenerator
[19:18:47] DEPRECATION WARNING: please use MorganGenerator
[19:18:47] DEPRECATION WARNING: please use MorganGenerator
[19:18:47] DEPRECATION WARNING: please use MorganGenerator
[19:18:47] DEPRECATION WARNING: please use MorganGenerator
[19:18:47] DEPRECATION WARNING: please use MorganGenerator
[19:18:47] DEPRECATION WARNING: please use MorganGenerator
[19:18:47] DEPRECATION WARNING: please use MorganGenerator
[19:18:47] DEPRECATION WARNING: please use MorganGenerator
[19:18:47] DEPRECATION WARNING: please use MorganGenerator
[19:18:47] DEPRECATION WARNING: please use MorganGenerator
[19:18:47] DEPRECATION WARNING: please use MorganGenerator
[19:18:47] DEPRECATION WARNING: please use MorganGenerator
[19:18:47] DEPRECATION WARNING: please use MorganGenerator
[19:18:47] DEPRECATION WARNING: please use MorganGenerator
[19:18:47] DEPRECATION WARNING: please use MorganGenerator
[19:18:47] DEPRECATION WARNING: please use MorganGenerator
[19:18:47] DEPRECATION WARNING: please use MorganGenerator
[19:18:47] DEPRECATION WARNING: please use MorganGenerator
[19:18:47] DEPRECATION WARNING: please use MorganGenerator
[19:18:47] DEPRECATION WARNING: please use MorganGenerator
[19:18:47] DEPRECATION WARNING: please use MorganGenerator
[19:18:47] DEPRECATION WARNING: please use MorganGenerator
[19:18:47] DEPRECATION WARNING: please use MorganGenerator
[19:18:47] DEPRECATION WARNING: please use MorganGenerator
[19:18:47] DEPRECATION WARNING: please use MorganGenerator
[19:18:47] DEPRECATION WARNING: please use MorganGenerator
[19:18:47] DEPRECATION WARNING: please use MorganGenerator
[19:18:47] DEPRECATION WARNING: please use MorganGenerator
[19:18:47] DEPRECATION WARNING: please use MorganGenerator
[19:18:47] DEPRECATION WARNING: please use MorganGenerator
[19:18:47] DEPRECATION WARNING: please use MorganGenerator
[19:18:47] DEPRECATION WARNING: please use MorganGenerator
[19:18:47] DEPRECATION WARNING: please use MorganGenerator
[19:18:47] DEPRECATION WARNING: please use MorganGenerator
[19:18:47] DEPRECATION WARNING: please use MorganGenerator
[19:18:47] DEPRECATION WARNING: please use MorganGenerator
[19:18:47] DEPRECATION WARNING: please use MorganGenerator
[19:18:48] DEPRECATION WARNING: please use MorganGenerator
[19:18:48] DEPRECATION WARNING: please use MorganGenerator
[19:18:48] DEPRECATION WARNING: please use MorganGenerator
[19:18:48] DEPRECATION WARNING: please use MorganGenerator
[19:18:48] DEPRECATION WARNING: please use MorganGenerator
[19:18:48] DEPRECATION WARNING: please use MorganGenerator
[19:18:48] DEPRECATION WARNING: please use MorganGenerator
[19:18:48] DEPRECATION WARNING: please use MorganGenerator
[19:18:48] DEPRECATION WARNING: please use MorganGenerator
[19:18:48] DEPRECATION WARNING: please use MorganGenerator
[19:18:48] DEPRECATION WARNING: please use MorganGenerator
[19:18:48] DEPRECATION WARNING: please use MorganGenerator
[19:18:48] DEPRECATION WARNING: please use MorganGenerator
[19:18:48] DEPRECATION WARNING: please use MorganGenerator
[19:18:48] DEPRECATION WARNING: please use MorganGenerator
[19:18:48] DEPRECATION WARNING: please use MorganGenerator
[19:18:48] DEPRECATION WARNING: please use MorganGenerator
[19:18:48] DEPRECATION WARNING: please use MorganGenerator
[19:18:48] DEPRECATION WARNING: please use MorganGenerator
[19:18:48] DEPRECATION WARNING: please use MorganGenerator
[19:18:48] DEPRECATION WARNING: please use MorganGenerator
[19:18:48] DEPRECATION WARNING: please use MorganGenerator
[19:18:48] DEPRECATION WARNING: please use MorganGenerator
[19:18:48] DEPRECATION WARNING: please use MorganGenerator
[19:18:48] DEPRECATION WARNING: please use MorganGenerator
[19:18:48] DEPRECATION WARNING: please use MorganGenerator
[19:18:48] DEPRECATION WARNING: please use MorganGenerator
[19:18:48] DEPRECATION WARNING: please use MorganGenerator
[19:18:48] DEPRECATION WARNING: please use MorganGenerator
[19:18:48] DEPRECATION WARNING: please use MorganGenerator
[19:18:48] DEPRECATION WARNING: please use MorganGenerator
[19:18:48] DEPRECATION WARNING: please use MorganGenerator
[19:18:48] DEPRECATION WARNING: please use MorganGenerator
[19:18:48] DEPRECATION WARNING: please use MorganGenerator
[19:18:48] DEPRECATION WARNING: please use MorganGenerator
[19:18:48] DEPRECATION WARNING: please use MorganGenerator
[19:18:48] DEPRECATION WARNING: please use MorganGenerator
[19:18:48] DEPRECATION WARNING: please use MorganGenerator
[19:18:48] DEPRECATION WARNING: please use MorganGenerator
[19:18:48] DEPRECATION WARNING: please use MorganGenerator
[19:18:48] DEPRECATION WARNING: please use MorganGenerator
[19:18:48] DEPRECATION WARNING: please use MorganGenerator
[19:18:48] DEPRECATION WARNING: please use MorganGenerator
[19:18:48] DEPRECATION WARNING: please use MorganGenerator
[19:18:48] DEPRECATION WARNING: please use MorganGenerator
[19:18:48] DEPRECATION WARNING: please use MorganGenerator
[19:18:48] DEPRECATION WARNING: please use MorganGenerator
[19:18:48] DEPRECATION WARNING: please use MorganGenerator
[19:18:48] DEPRECATION WARNING: please use MorganGenerator
[19:18:48] DEPRECATION WARNING: please use MorganGenerator
[19:18:48] DEPRECATION WARNING: please use MorganGenerator
[19:18:48] DEPRECATION WARNING: please use MorganGenerator
[19:18:48] DEPRECATION WARNING: please use MorganGenerator
[19:18:48] DEPRECATION WARNING: please use MorganGenerator
[19:18:48] DEPRECATION WARNING: please use MorganGenerator
[19:18:48] DEPRECATION WARNING: please use MorganGenerator
[19:18:48] DEPRECATION WARNING: please use MorganGenerator
[19:18:48] DEPRECATION WARNING: please use MorganGenerator
[19:18:48] DEPRECATION WARNING: please use MorganGenerator
[19:18:48] DEPRECATION WARNING: please use MorganGenerator
[19:18:48] DEPRECATION WARNING: please use MorganGenerator
[19:18:48] DEPRECATION WARNING: please use MorganGenerator
[19:18:48] DEPRECATION WARNING: please use MorganGenerator
[19:18:48] DEPRECATION WARNING: please use MorganGenerator
[19:18:48] DEPRECATION WARNING: please use MorganGenerator
[19:18:48] DEPRECATION WARNING: please use MorganGenerator
[19:18:48] DEPRECATION WARNING: please use MorganGenerator
[19:18:48] DEPRECATION WARNING: please use MorganGenerator
[19:18:48] DEPRECATION WARNING: please use MorganGenerator
[19:18:48] DEPRECATION WARNING: please use MorganGenerator
[19:18:48] DEPRECATION WARNING: please use MorganGenerator
[19:18:48] DEPRECATION WARNING: please use MorganGenerator
[19:18:48] DEPRECATION WARNING: please use MorganGenerator
[19:18:48] DEPRECATION WARNING: please use MorganGenerator
[19:18:48] DEPRECATION WARNING: please use MorganGenerator
[19:18:48] DEPRECATION WARNING: please use MorganGenerator
[19:18:48] DEPRECATION WARNING: please use MorganGenerator
[19:18:49] DEPRECATION WARNING: please use MorganGenerator
[19:18:49] DEPRECATION WARNING: please use MorganGenerator
[19:18:49] DEPRECATION WARNING: please use MorganGenerator
[19:18:49] DEPRECATION WARNING: please use MorganGenerator
[19:18:49] DEPRECATION WARNING: please use MorganGenerator
[19:18:49] DEPRECATION WARNING: please use MorganGenerator
[19:18:49] DEPRECATION WARNING: please use MorganGenerator
[19:18:49] DEPRECATION WARNING: please use MorganGenerator
[19:18:49] DEPRECATION WARNING: please use MorganGenerator
[19:18:49] DEPRECATION WARNING: please use MorganGenerator
[19:18:49] DEPRECATION WARNING: please use MorganGenerator
[19:18:49] DEPRECATION WARNING: please use MorganGenerator
[19:18:49] DEPRECATION WARNING: please use MorganGenerator
[19:18:49] DEPRECATION WARNING: please use MorganGenerator
[19:18:49] DEPRECATION WARNING: please use MorganGenerator
2026-04-05 19:18:49,144 [INFO]   Processed: 6000 new records
[19:18:49] DEPRECATION WARNING: please use MorganGenerator
[19:18:49] DEPRECATION WARNING: please use MorganGenerator
[19:18:49] DEPRECATION WARNING: please use MorganGenerator
[19:18:49] DEPRECATION WARNING: please use MorganGenerator
[19:18:49] DEPRECATION WARNING: please use MorganGenerator
[19:18:49] DEPRECATION WARNING: please use MorganGenerator
[19:18:49] DEPRECATION WARNING: please use MorganGenerator
[19:18:49] DEPRECATION WARNING: please use MorganGenerator
[19:18:49] DEPRECATION WARNING: please use MorganGenerator
[19:18:49] DEPRECATION WARNING: please use MorganGenerator
[19:18:49] DEPRECATION WARNING: please use MorganGenerator
[19:18:49] DEPRECATION WARNING: please use MorganGenerator
[19:18:49] DEPRECATION WARNING: please use MorganGenerator
[19:18:49] DEPRECATION WARNING: please use MorganGenerator
[19:18:49] DEPRECATION WARNING: please use MorganGenerator
[19:18:49] DEPRECATION WARNING: please use MorganGenerator
[19:18:49] DEPRECATION WARNING: please use MorganGenerator
[19:18:49] DEPRECATION WARNING: please use MorganGenerator
[19:18:49] DEPRECATION WARNING: please use MorganGenerator
[19:18:49] DEPRECATION WARNING: please use MorganGenerator
[19:18:49] DEPRECATION WARNING: please use MorganGenerator
[19:18:49] DEPRECATION WARNING: please use MorganGenerator
[19:18:49] DEPRECATION WARNING: please use MorganGenerator
[19:18:49] DEPRECATION WARNING: please use MorganGenerator
[19:18:49] DEPRECATION WARNING: please use MorganGenerator
[19:18:49] DEPRECATION WARNING: please use MorganGenerator
[19:18:49] DEPRECATION WARNING: please use MorganGenerator
[19:18:49] DEPRECATION WARNING: please use MorganGenerator
[19:18:49] DEPRECATION WARNING: please use MorganGenerator
[19:18:49] DEPRECATION WARNING: please use MorganGenerator
[19:18:49] DEPRECATION WARNING: please use MorganGenerator
[19:18:49] DEPRECATION WARNING: please use MorganGenerator
[19:18:49] DEPRECATION WARNING: please use MorganGenerator
[19:18:49] DEPRECATION WARNING: please use MorganGenerator
[19:18:49] DEPRECATION WARNING: please use MorganGenerator
[19:18:49] DEPRECATION WARNING: please use MorganGenerator
[19:18:49] DEPRECATION WARNING: please use MorganGenerator
[19:18:49] DEPRECATION WARNING: please use MorganGenerator
[19:18:49] DEPRECATION WARNING: please use MorganGenerator
[19:18:49] DEPRECATION WARNING: please use MorganGenerator
[19:18:49] DEPRECATION WARNING: please use MorganGenerator
[19:18:49] DEPRECATION WARNING: please use MorganGenerator
[19:18:49] DEPRECATION WARNING: please use MorganGenerator
[19:18:49] DEPRECATION WARNING: please use MorganGenerator
[19:18:49] DEPRECATION WARNING: please use MorganGenerator
[19:18:49] DEPRECATION WARNING: please use MorganGenerator
[19:18:49] DEPRECATION WARNING: please use MorganGenerator
[19:18:49] DEPRECATION WARNING: please use MorganGenerator
[19:18:49] DEPRECATION WARNING: please use MorganGenerator
[19:18:49] DEPRECATION WARNING: please use MorganGenerator
[19:18:49] DEPRECATION WARNING: please use MorganGenerator
[19:18:49] DEPRECATION WARNING: please use MorganGenerator
[19:18:49] DEPRECATION WARNING: please use MorganGenerator
[19:18:49] DEPRECATION WARNING: please use MorganGenerator
[19:18:49] DEPRECATION WARNING: please use MorganGenerator
[19:18:49] DEPRECATION WARNING: please use MorganGenerator
[19:18:49] DEPRECATION WARNING: please use MorganGenerator
[19:18:49] DEPRECATION WARNING: please use MorganGenerator
[19:18:49] DEPRECATION WARNING: please use MorganGenerator
[19:18:49] DEPRECATION WARNING: please use MorganGenerator
[19:18:49] DEPRECATION WARNING: please use MorganGenerator
[19:18:49] DEPRECATION WARNING: please use MorganGenerator
[19:18:50] DEPRECATION WARNING: please use MorganGenerator
[19:18:50] DEPRECATION WARNING: please use MorganGenerator
[19:18:50] DEPRECATION WARNING: please use MorganGenerator
[19:18:50] DEPRECATION WARNING: please use MorganGenerator
[19:18:50] DEPRECATION WARNING: please use MorganGenerator
[19:18:50] DEPRECATION WARNING: please use MorganGenerator
[19:18:50] DEPRECATION WARNING: please use MorganGenerator
[19:18:50] DEPRECATION WARNING: please use MorganGenerator
[19:18:50] DEPRECATION WARNING: please use MorganGenerator
[19:18:50] DEPRECATION WARNING: please use MorganGenerator
[19:18:50] DEPRECATION WARNING: please use MorganGenerator
[19:18:50] DEPRECATION WARNING: please use MorganGenerator
[19:18:50] DEPRECATION WARNING: please use MorganGenerator
[19:18:50] DEPRECATION WARNING: please use MorganGenerator
[19:18:50] DEPRECATION WARNING: please use MorganGenerator
[19:18:50] DEPRECATION WARNING: please use MorganGenerator
[19:18:50] DEPRECATION WARNING: please use MorganGenerator
[19:18:50] DEPRECATION WARNING: please use MorganGenerator
[19:18:50] DEPRECATION WARNING: please use MorganGenerator
[19:18:50] DEPRECATION WARNING: please use MorganGenerator
[19:18:50] DEPRECATION WARNING: please use MorganGenerator
[19:18:50] DEPRECATION WARNING: please use MorganGenerator
[19:18:50] DEPRECATION WARNING: please use MorganGenerator
[19:18:50] DEPRECATION WARNING: please use MorganGenerator
[19:18:50] DEPRECATION WARNING: please use MorganGenerator
[19:18:50] DEPRECATION WARNING: please use MorganGenerator
[19:18:50] DEPRECATION WARNING: please use MorganGenerator
[19:18:50] DEPRECATION WARNING: please use MorganGenerator
[19:18:50] DEPRECATION WARNING: please use MorganGenerator
[19:18:50] DEPRECATION WARNING: please use MorganGenerator
[19:18:50] DEPRECATION WARNING: please use MorganGenerator
[19:18:50] DEPRECATION WARNING: please use MorganGenerator
[19:18:50] DEPRECATION WARNING: please use MorganGenerator
[19:18:50] DEPRECATION WARNING: please use MorganGenerator
[19:18:50] DEPRECATION WARNING: please use MorganGenerator
[19:18:50] DEPRECATION WARNING: please use MorganGenerator
[19:18:50] DEPRECATION WARNING: please use MorganGenerator
[19:18:50] DEPRECATION WARNING: please use MorganGenerator
[19:18:50] DEPRECATION WARNING: please use MorganGenerator
[19:18:50] DEPRECATION WARNING: please use MorganGenerator
[19:18:50] DEPRECATION WARNING: please use MorganGenerator
[19:18:50] DEPRECATION WARNING: please use MorganGenerator
[19:18:50] DEPRECATION WARNING: please use MorganGenerator
[19:18:50] DEPRECATION WARNING: please use MorganGenerator
[19:18:50] DEPRECATION WARNING: please use MorganGenerator
[19:18:50] DEPRECATION WARNING: please use MorganGenerator
[19:18:50] DEPRECATION WARNING: please use MorganGenerator
[19:18:50] DEPRECATION WARNING: please use MorganGenerator
[19:18:50] DEPRECATION WARNING: please use MorganGenerator
[19:18:50] DEPRECATION WARNING: please use MorganGenerator
[19:18:50] DEPRECATION WARNING: please use MorganGenerator
[19:18:50] DEPRECATION WARNING: please use MorganGenerator
[19:18:50] DEPRECATION WARNING: please use MorganGenerator
[19:18:50] DEPRECATION WARNING: please use MorganGenerator
[19:18:50] DEPRECATION WARNING: please use MorganGenerator
[19:18:50] DEPRECATION WARNING: please use MorganGenerator
[19:18:50] DEPRECATION WARNING: please use MorganGenerator
[19:18:50] DEPRECATION WARNING: please use MorganGenerator
[19:18:50] DEPRECATION WARNING: please use MorganGenerator
[19:18:50] DEPRECATION WARNING: please use MorganGenerator
[19:18:50] DEPRECATION WARNING: please use MorganGenerator
[19:18:50] DEPRECATION WARNING: please use MorganGenerator
[19:18:50] DEPRECATION WARNING: please use MorganGenerator
[19:18:50] DEPRECATION WARNING: please use MorganGenerator
[19:18:50] DEPRECATION WARNING: please use MorganGenerator
[19:18:50] DEPRECATION WARNING: please use MorganGenerator
[19:18:50] DEPRECATION WARNING: please use MorganGenerator
[19:18:50] DEPRECATION WARNING: please use MorganGenerator
[19:18:50] DEPRECATION WARNING: please use MorganGenerator
[19:18:50] DEPRECATION WARNING: please use MorganGenerator
[19:18:50] DEPRECATION WARNING: please use MorganGenerator
[19:18:50] DEPRECATION WARNING: please use MorganGenerator
[19:18:50] DEPRECATION WARNING: please use MorganGenerator
[19:18:50] DEPRECATION WARNING: please use MorganGenerator
[19:18:51] DEPRECATION WARNING: please use MorganGenerator
[19:18:51] DEPRECATION WARNING: please use MorganGenerator
[19:18:51] DEPRECATION WARNING: please use MorganGenerator
[19:18:51] DEPRECATION WARNING: please use MorganGenerator
[19:18:51] DEPRECATION WARNING: please use MorganGenerator
[19:18:51] DEPRECATION WARNING: please use MorganGenerator
[19:18:51] DEPRECATION WARNING: please use MorganGenerator
[19:18:51] DEPRECATION WARNING: please use MorganGenerator
[19:18:51] DEPRECATION WARNING: please use MorganGenerator
[19:18:51] DEPRECATION WARNING: please use MorganGenerator
[19:18:51] DEPRECATION WARNING: please use MorganGenerator
[19:18:51] DEPRECATION WARNING: please use MorganGenerator
[19:18:51] DEPRECATION WARNING: please use MorganGenerator
[19:18:51] DEPRECATION WARNING: please use MorganGenerator
[19:18:51] DEPRECATION WARNING: please use MorganGenerator
[19:18:51] DEPRECATION WARNING: please use MorganGenerator
[19:18:51] DEPRECATION WARNING: please use MorganGenerator
[19:18:51] DEPRECATION WARNING: please use MorganGenerator
[19:18:51] DEPRECATION WARNING: please use MorganGenerator
[19:18:51] DEPRECATION WARNING: please use MorganGenerator
[19:18:51] DEPRECATION WARNING: please use MorganGenerator
[19:18:51] DEPRECATION WARNING: please use MorganGenerator
[19:18:51] DEPRECATION WARNING: please use MorganGenerator
[19:18:51] DEPRECATION WARNING: please use MorganGenerator
[19:18:51] DEPRECATION WARNING: please use MorganGenerator
[19:18:51] DEPRECATION WARNING: please use MorganGenerator
[19:18:51] DEPRECATION WARNING: please use MorganGenerator
[19:18:51] DEPRECATION WARNING: please use MorganGenerator
[19:18:51] DEPRECATION WARNING: please use MorganGenerator
[19:18:51] DEPRECATION WARNING: please use MorganGenerator
[19:18:51] DEPRECATION WARNING: please use MorganGenerator
[19:18:51] DEPRECATION WARNING: please use MorganGenerator
[19:18:51] DEPRECATION WARNING: please use MorganGenerator
[19:18:51] DEPRECATION WARNING: please use MorganGenerator
[19:18:51] DEPRECATION WARNING: please use MorganGenerator
[19:18:51] DEPRECATION WARNING: please use MorganGenerator
[19:18:51] DEPRECATION WARNING: please use MorganGenerator
[19:18:51] DEPRECATION WARNING: please use MorganGenerator
[19:18:51] DEPRECATION WARNING: please use MorganGenerator
[19:18:51] DEPRECATION WARNING: please use MorganGenerator
[19:18:51] DEPRECATION WARNING: please use MorganGenerator
[19:18:51] DEPRECATION WARNING: please use MorganGenerator
[19:18:51] DEPRECATION WARNING: please use MorganGenerator
[19:18:51] DEPRECATION WARNING: please use MorganGenerator
[19:18:51] DEPRECATION WARNING: please use MorganGenerator
[19:18:51] DEPRECATION WARNING: please use MorganGenerator
[19:18:51] DEPRECATION WARNING: please use MorganGenerator
[19:18:51] DEPRECATION WARNING: please use MorganGenerator
[19:18:51] DEPRECATION WARNING: please use MorganGenerator
[19:18:51] DEPRECATION WARNING: please use MorganGenerator
[19:18:51] DEPRECATION WARNING: please use MorganGenerator
[19:18:51] DEPRECATION WARNING: please use MorganGenerator
[19:18:51] DEPRECATION WARNING: please use MorganGenerator
[19:18:51] DEPRECATION WARNING: please use MorganGenerator
[19:18:51] DEPRECATION WARNING: please use MorganGenerator
[19:18:51] DEPRECATION WARNING: please use MorganGenerator
[19:18:51] DEPRECATION WARNING: please use MorganGenerator
[19:18:51] DEPRECATION WARNING: please use MorganGenerator
[19:18:51] DEPRECATION WARNING: please use MorganGenerator
[19:18:51] DEPRECATION WARNING: please use MorganGenerator
[19:18:51] DEPRECATION WARNING: please use MorganGenerator
[19:18:51] DEPRECATION WARNING: please use MorganGenerator
[19:18:51] DEPRECATION WARNING: please use MorganGenerator
[19:18:51] DEPRECATION WARNING: please use MorganGenerator
[19:18:51] DEPRECATION WARNING: please use MorganGenerator
[19:18:51] DEPRECATION WARNING: please use MorganGenerator
[19:18:51] DEPRECATION WARNING: please use MorganGenerator
[19:18:51] DEPRECATION WARNING: please use MorganGenerator
[19:18:51] DEPRECATION WARNING: please use MorganGenerator
[19:18:51] DEPRECATION WARNING: please use MorganGenerator
[19:18:51] DEPRECATION WARNING: please use MorganGenerator
[19:18:51] DEPRECATION WARNING: please use MorganGenerator
[19:18:51] DEPRECATION WARNING: please use MorganGenerator
[19:18:51] DEPRECATION WARNING: please use MorganGenerator
[19:18:51] DEPRECATION WARNING: please use MorganGenerator
[19:18:51] DEPRECATION WARNING: please use MorganGenerator
[19:18:51] DEPRECATION WARNING: please use MorganGenerator
[19:18:52] DEPRECATION WARNING: please use MorganGenerator
[19:18:52] DEPRECATION WARNING: please use MorganGenerator
[19:18:52] DEPRECATION WARNING: please use MorganGenerator
[19:18:52] DEPRECATION WARNING: please use MorganGenerator
[19:18:52] DEPRECATION WARNING: please use MorganGenerator
[19:18:52] DEPRECATION WARNING: please use MorganGenerator
[19:18:52] DEPRECATION WARNING: please use MorganGenerator
[19:18:52] DEPRECATION WARNING: please use MorganGenerator
[19:18:52] Explicit valence for atom # 1 N, 5, is greater than permitted
[19:18:52] DEPRECATION WARNING: please use MorganGenerator
[19:18:52] DEPRECATION WARNING: please use MorganGenerator
[19:18:52] DEPRECATION WARNING: please use MorganGenerator
[19:18:52] DEPRECATION WARNING: please use MorganGenerator
[19:18:52] DEPRECATION WARNING: please use MorganGenerator
[19:18:52] DEPRECATION WARNING: please use MorganGenerator
[19:18:52] DEPRECATION WARNING: please use MorganGenerator
[19:18:52] DEPRECATION WARNING: please use MorganGenerator
[19:18:52] DEPRECATION WARNING: please use MorganGenerator
[19:18:52] DEPRECATION WARNING: please use MorganGenerator
[19:18:52] DEPRECATION WARNING: please use MorganGenerator
[19:18:52] DEPRECATION WARNING: please use MorganGenerator
[19:18:52] DEPRECATION WARNING: please use MorganGenerator
[19:18:52] DEPRECATION WARNING: please use MorganGenerator
[19:18:52] DEPRECATION WARNING: please use MorganGenerator
[19:18:52] DEPRECATION WARNING: please use MorganGenerator
[19:18:52] DEPRECATION WARNING: please use MorganGenerator
[19:18:52] DEPRECATION WARNING: please use MorganGenerator
[19:18:52] DEPRECATION WARNING: please use MorganGenerator
[19:18:52] DEPRECATION WARNING: please use MorganGenerator
[19:18:52] DEPRECATION WARNING: please use MorganGenerator
[19:18:52] DEPRECATION WARNING: please use MorganGenerator
[19:18:52] DEPRECATION WARNING: please use MorganGenerator
[19:18:52] DEPRECATION WARNING: please use MorganGenerator
[19:18:52] DEPRECATION WARNING: please use MorganGenerator
[19:18:52] DEPRECATION WARNING: please use MorganGenerator
[19:18:52] DEPRECATION WARNING: please use MorganGenerator
[19:18:52] DEPRECATION WARNING: please use MorganGenerator
[19:18:52] DEPRECATION WARNING: please use MorganGenerator
[19:18:52] DEPRECATION WARNING: please use MorganGenerator
[19:18:52] DEPRECATION WARNING: please use MorganGenerator
[19:18:52] DEPRECATION WARNING: please use MorganGenerator
[19:18:52] DEPRECATION WARNING: please use MorganGenerator
[19:18:52] DEPRECATION WARNING: please use MorganGenerator
[19:18:52] DEPRECATION WARNING: please use MorganGenerator
[19:18:52] DEPRECATION WARNING: please use MorganGenerator
[19:18:52] DEPRECATION WARNING: please use MorganGenerator
[19:18:52] DEPRECATION WARNING: please use MorganGenerator
[19:18:52] DEPRECATION WARNING: please use MorganGenerator
[19:18:52] DEPRECATION WARNING: please use MorganGenerator
[19:18:52] DEPRECATION WARNING: please use MorganGenerator
[19:18:52] DEPRECATION WARNING: please use MorganGenerator
[19:18:52] DEPRECATION WARNING: please use MorganGenerator
[19:18:52] DEPRECATION WARNING: please use MorganGenerator
[19:18:52] DEPRECATION WARNING: please use MorganGenerator
[19:18:52] DEPRECATION WARNING: please use MorganGenerator
[19:18:52] DEPRECATION WARNING: please use MorganGenerator
[19:18:52] DEPRECATION WARNING: please use MorganGenerator
[19:18:52] DEPRECATION WARNING: please use MorganGenerator
[19:18:52] DEPRECATION WARNING: please use MorganGenerator
[19:18:52] DEPRECATION WARNING: please use MorganGenerator
[19:18:52] DEPRECATION WARNING: please use MorganGenerator
[19:18:52] DEPRECATION WARNING: please use MorganGenerator
[19:18:52] DEPRECATION WARNING: please use MorganGenerator
[19:18:52] DEPRECATION WARNING: please use MorganGenerator
[19:18:52] DEPRECATION WARNING: please use MorganGenerator
[19:18:53] DEPRECATION WARNING: please use MorganGenerator
[19:18:53] DEPRECATION WARNING: please use MorganGenerator
[19:18:53] DEPRECATION WARNING: please use MorganGenerator
[19:18:53] DEPRECATION WARNING: please use MorganGenerator
[19:18:53] DEPRECATION WARNING: please use MorganGenerator
[19:18:53] DEPRECATION WARNING: please use MorganGenerator
[19:18:53] DEPRECATION WARNING: please use MorganGenerator
[19:18:53] DEPRECATION WARNING: please use MorganGenerator
[19:18:53] DEPRECATION WARNING: please use MorganGenerator
[19:18:53] DEPRECATION WARNING: please use MorganGenerator
[19:18:53] DEPRECATION WARNING: please use MorganGenerator
[19:18:53] DEPRECATION WARNING: please use MorganGenerator
[19:18:53] DEPRECATION WARNING: please use MorganGenerator
[19:18:53] DEPRECATION WARNING: please use MorganGenerator
[19:18:53] DEPRECATION WARNING: please use MorganGenerator
[19:18:53] DEPRECATION WARNING: please use MorganGenerator
[19:18:53] DEPRECATION WARNING: please use MorganGenerator
[19:18:53] DEPRECATION WARNING: please use MorganGenerator
[19:18:53] DEPRECATION WARNING: please use MorganGenerator
[19:18:53] DEPRECATION WARNING: please use MorganGenerator
[19:18:53] DEPRECATION WARNING: please use MorganGenerator
[19:18:53] DEPRECATION WARNING: please use MorganGenerator
[19:18:53] DEPRECATION WARNING: please use MorganGenerator
[19:18:53] DEPRECATION WARNING: please use MorganGenerator
[19:18:53] DEPRECATION WARNING: please use MorganGenerator
[19:18:53] DEPRECATION WARNING: please use MorganGenerator
[19:18:53] DEPRECATION WARNING: please use MorganGenerator
[19:18:53] DEPRECATION WARNING: please use MorganGenerator
[19:18:53] DEPRECATION WARNING: please use MorganGenerator
[19:18:53] DEPRECATION WARNING: please use MorganGenerator
[19:18:53] DEPRECATION WARNING: please use MorganGenerator
[19:18:53] DEPRECATION WARNING: please use MorganGenerator
[19:18:53] DEPRECATION WARNING: please use MorganGenerator
[19:18:53] DEPRECATION WARNING: please use MorganGenerator
[19:18:53] DEPRECATION WARNING: please use MorganGenerator
[19:18:53] DEPRECATION WARNING: please use MorganGenerator
[19:18:53] DEPRECATION WARNING: please use MorganGenerator
[19:18:53] DEPRECATION WARNING: please use MorganGenerator
[19:18:53] DEPRECATION WARNING: please use MorganGenerator
[19:18:53] DEPRECATION WARNING: please use MorganGenerator
[19:18:53] DEPRECATION WARNING: please use MorganGenerator
[19:18:53] DEPRECATION WARNING: please use MorganGenerator
[19:18:53] DEPRECATION WARNING: please use MorganGenerator
[19:18:53] DEPRECATION WARNING: please use MorganGenerator
[19:18:53] DEPRECATION WARNING: please use MorganGenerator
[19:18:53] DEPRECATION WARNING: please use MorganGenerator
[19:18:53] DEPRECATION WARNING: please use MorganGenerator
[19:18:53] DEPRECATION WARNING: please use MorganGenerator
[19:18:53] DEPRECATION WARNING: please use MorganGenerator
[19:18:53] DEPRECATION WARNING: please use MorganGenerator
[19:18:53] DEPRECATION WARNING: please use MorganGenerator
[19:18:53] DEPRECATION WARNING: please use MorganGenerator
[19:18:53] DEPRECATION WARNING: please use MorganGenerator
[19:18:53] DEPRECATION WARNING: please use MorganGenerator
[19:18:53] DEPRECATION WARNING: please use MorganGenerator
[19:18:53] DEPRECATION WARNING: please use MorganGenerator
[19:18:53] DEPRECATION WARNING: please use MorganGenerator
[19:18:53] DEPRECATION WARNING: please use MorganGenerator
[19:18:53] DEPRECATION WARNING: please use MorganGenerator
[19:18:53] DEPRECATION WARNING: please use MorganGenerator
[19:18:53] DEPRECATION WARNING: please use MorganGenerator
[19:18:53] DEPRECATION WARNING: please use MorganGenerator
[19:18:53] DEPRECATION WARNING: please use MorganGenerator
[19:18:53] DEPRECATION WARNING: please use MorganGenerator
[19:18:53] DEPRECATION WARNING: please use MorganGenerator
[19:18:53] DEPRECATION WARNING: please use MorganGenerator
[19:18:53] DEPRECATION WARNING: please use MorganGenerator
[19:18:53] DEPRECATION WARNING: please use MorganGenerator
[19:18:53] DEPRECATION WARNING: please use MorganGenerator
[19:18:53] DEPRECATION WARNING: please use MorganGenerator
[19:18:53] DEPRECATION WARNING: please use MorganGenerator
[19:18:53] DEPRECATION WARNING: please use MorganGenerator
[19:18:53] DEPRECATION WARNING: please use MorganGenerator
[19:18:53] DEPRECATION WARNING: please use MorganGenerator
[19:18:53] DEPRECATION WARNING: please use MorganGenerator
[19:18:53] DEPRECATION WARNING: please use MorganGenerator
[19:18:53] DEPRECATION WARNING: please use MorganGenerator
[19:18:53] DEPRECATION WARNING: please use MorganGenerator
[19:18:53] DEPRECATION WARNING: please use MorganGenerator
[19:18:53] DEPRECATION WARNING: please use MorganGenerator
[19:18:53] DEPRECATION WARNING: please use MorganGenerator
[19:18:53] DEPRECATION WARNING: please use MorganGenerator
[19:18:53] DEPRECATION WARNING: please use MorganGenerator
[19:18:53] DEPRECATION WARNING: please use MorganGenerator
[19:18:53] DEPRECATION WARNING: please use MorganGenerator
[19:18:53] DEPRECATION WARNING: please use MorganGenerator
[19:18:53] Explicit valence for atom # 17 N, 6, is greater than permitted
[19:18:53] DEPRECATION WARNING: please use MorganGenerator
[19:18:53] DEPRECATION WARNING: please use MorganGenerator
[19:18:54] DEPRECATION WARNING: please use MorganGenerator
[19:18:54] DEPRECATION WARNING: please use MorganGenerator
[19:18:54] DEPRECATION WARNING: please use MorganGenerator
[19:18:54] DEPRECATION WARNING: please use MorganGenerator
[19:18:54] DEPRECATION WARNING: please use MorganGenerator
[19:18:54] DEPRECATION WARNING: please use MorganGenerator
[19:18:54] DEPRECATION WARNING: please use MorganGenerator
[19:18:54] DEPRECATION WARNING: please use MorganGenerator
[19:18:54] DEPRECATION WARNING: please use MorganGenerator
[19:18:54] DEPRECATION WARNING: please use MorganGenerator
[19:18:54] DEPRECATION WARNING: please use MorganGenerator
[19:18:54] DEPRECATION WARNING: please use MorganGenerator
[19:18:54] DEPRECATION WARNING: please use MorganGenerator
[19:18:54] DEPRECATION WARNING: please use MorganGenerator
[19:18:54] DEPRECATION WARNING: please use MorganGenerator
[19:18:54] DEPRECATION WARNING: please use MorganGenerator
[19:18:54] DEPRECATION WARNING: please use MorganGenerator
[19:18:54] DEPRECATION WARNING: please use MorganGenerator
[19:18:54] DEPRECATION WARNING: please use MorganGenerator
[19:18:54] DEPRECATION WARNING: please use MorganGenerator
[19:18:54] DEPRECATION WARNING: please use MorganGenerator
[19:18:54] DEPRECATION WARNING: please use MorganGenerator
[19:18:54] DEPRECATION WARNING: please use MorganGenerator
[19:18:54] DEPRECATION WARNING: please use MorganGenerator
[19:18:54] DEPRECATION WARNING: please use MorganGenerator
[19:18:54] DEPRECATION WARNING: please use MorganGenerator
[19:18:54] DEPRECATION WARNING: please use MorganGenerator
[19:18:54] DEPRECATION WARNING: please use MorganGenerator
[19:18:54] DEPRECATION WARNING: please use MorganGenerator
[19:18:54] DEPRECATION WARNING: please use MorganGenerator
[19:18:54] DEPRECATION WARNING: please use MorganGenerator
[19:18:54] DEPRECATION WARNING: please use MorganGenerator
[19:18:54] DEPRECATION WARNING: please use MorganGenerator
[19:18:54] DEPRECATION WARNING: please use MorganGenerator
[19:18:54] DEPRECATION WARNING: please use MorganGenerator
[19:18:54] DEPRECATION WARNING: please use MorganGenerator
[19:18:54] DEPRECATION WARNING: please use MorganGenerator
[19:18:54] DEPRECATION WARNING: please use MorganGenerator
[19:18:54] DEPRECATION WARNING: please use MorganGenerator
[19:18:54] DEPRECATION WARNING: please use MorganGenerator
[19:18:54] DEPRECATION WARNING: please use MorganGenerator
[19:18:54] DEPRECATION WARNING: please use MorganGenerator
[19:18:54] DEPRECATION WARNING: please use MorganGenerator
[19:18:54] DEPRECATION WARNING: please use MorganGenerator
[19:18:54] DEPRECATION WARNING: please use MorganGenerator
[19:18:54] DEPRECATION WARNING: please use MorganGenerator
[19:18:54] DEPRECATION WARNING: please use MorganGenerator
[19:18:54] DEPRECATION WARNING: please use MorganGenerator
[19:18:54] DEPRECATION WARNING: please use MorganGenerator
[19:18:54] DEPRECATION WARNING: please use MorganGenerator
[19:18:54] DEPRECATION WARNING: please use MorganGenerator
[19:18:54] DEPRECATION WARNING: please use MorganGenerator
[19:18:54] DEPRECATION WARNING: please use MorganGenerator
[19:18:54] DEPRECATION WARNING: please use MorganGenerator
[19:18:54] DEPRECATION WARNING: please use MorganGenerator
[19:18:54] DEPRECATION WARNING: please use MorganGenerator
[19:18:54] DEPRECATION WARNING: please use MorganGenerator
[19:18:54] DEPRECATION WARNING: please use MorganGenerator
[19:18:54] DEPRECATION WARNING: please use MorganGenerator
[19:18:54] DEPRECATION WARNING: please use MorganGenerator
[19:18:54] DEPRECATION WARNING: please use MorganGenerator
[19:18:54] DEPRECATION WARNING: please use MorganGenerator
[19:18:54] DEPRECATION WARNING: please use MorganGenerator
[19:18:54] DEPRECATION WARNING: please use MorganGenerator
[19:18:54] DEPRECATION WARNING: please use MorganGenerator
[19:18:54] DEPRECATION WARNING: please use MorganGenerator
[19:18:54] DEPRECATION WARNING: please use MorganGenerator
[19:18:54] DEPRECATION WARNING: please use MorganGenerator
[19:18:54] DEPRECATION WARNING: please use MorganGenerator
[19:18:54] DEPRECATION WARNING: please use MorganGenerator
[19:18:54] DEPRECATION WARNING: please use MorganGenerator
[19:18:54] DEPRECATION WARNING: please use MorganGenerator
[19:18:54] DEPRECATION WARNING: please use MorganGenerator
[19:18:54] DEPRECATION WARNING: please use MorganGenerator
[19:18:54] DEPRECATION WARNING: please use MorganGenerator
[19:18:54] DEPRECATION WARNING: please use MorganGenerator
[19:18:54] DEPRECATION WARNING: please use MorganGenerator
[19:18:54] DEPRECATION WARNING: please use MorganGenerator
[19:18:54] DEPRECATION WARNING: please use MorganGenerator
[19:18:54] DEPRECATION WARNING: please use MorganGenerator
[19:18:54] DEPRECATION WARNING: please use MorganGenerator
[19:18:54] DEPRECATION WARNING: please use MorganGenerator
[19:18:54] DEPRECATION WARNING: please use MorganGenerator
[19:18:54] DEPRECATION WARNING: please use MorganGenerator
[19:18:54] DEPRECATION WARNING: please use MorganGenerator
[19:18:54] DEPRECATION WARNING: please use MorganGenerator
[19:18:54] DEPRECATION WARNING: please use MorganGenerator
[19:18:54] DEPRECATION WARNING: please use MorganGenerator
[19:18:54] DEPRECATION WARNING: please use MorganGenerator
[19:18:54] DEPRECATION WARNING: please use MorganGenerator
[19:18:54] DEPRECATION WARNING: please use MorganGenerator
[19:18:54] DEPRECATION WARNING: please use MorganGenerator
[19:18:55] DEPRECATION WARNING: please use MorganGenerator
[19:18:55] DEPRECATION WARNING: please use MorganGenerator
[19:18:55] DEPRECATION WARNING: please use MorganGenerator
[19:18:55] DEPRECATION WARNING: please use MorganGenerator
[19:18:55] DEPRECATION WARNING: please use MorganGenerator
[19:18:55] DEPRECATION WARNING: please use MorganGenerator
[19:18:55] DEPRECATION WARNING: please use MorganGenerator
[19:18:55] DEPRECATION WARNING: please use MorganGenerator
[19:18:55] DEPRECATION WARNING: please use MorganGenerator
[19:18:55] DEPRECATION WARNING: please use MorganGenerator
[19:18:55] DEPRECATION WARNING: please use MorganGenerator
[19:18:55] DEPRECATION WARNING: please use MorganGenerator
[19:18:55] DEPRECATION WARNING: please use MorganGenerator
[19:18:55] DEPRECATION WARNING: please use MorganGenerator
[19:18:55] DEPRECATION WARNING: please use MorganGenerator
[19:18:55] DEPRECATION WARNING: please use MorganGenerator
[19:18:55] DEPRECATION WARNING: please use MorganGenerator
[19:18:55] DEPRECATION WARNING: please use MorganGenerator
[19:18:55] DEPRECATION WARNING: please use MorganGenerator
[19:18:55] DEPRECATION WARNING: please use MorganGenerator
[19:18:55] DEPRECATION WARNING: please use MorganGenerator
[19:18:55] DEPRECATION WARNING: please use MorganGenerator
[19:18:55] DEPRECATION WARNING: please use MorganGenerator
[19:18:55] DEPRECATION WARNING: please use MorganGenerator
[19:18:55] DEPRECATION WARNING: please use MorganGenerator
[19:18:55] DEPRECATION WARNING: please use MorganGenerator
[19:18:55] DEPRECATION WARNING: please use MorganGenerator
[19:18:55] DEPRECATION WARNING: please use MorganGenerator
[19:18:55] DEPRECATION WARNING: please use MorganGenerator
[19:18:55] DEPRECATION WARNING: please use MorganGenerator
[19:18:55] DEPRECATION WARNING: please use MorganGenerator
[19:18:55] DEPRECATION WARNING: please use MorganGenerator
[19:18:55] DEPRECATION WARNING: please use MorganGenerator
[19:18:55] DEPRECATION WARNING: please use MorganGenerator
[19:18:55] DEPRECATION WARNING: please use MorganGenerator
[19:18:55] DEPRECATION WARNING: please use MorganGenerator
[19:18:55] DEPRECATION WARNING: please use MorganGenerator
[19:18:55] DEPRECATION WARNING: please use MorganGenerator
[19:18:55] DEPRECATION WARNING: please use MorganGenerator
[19:18:55] DEPRECATION WARNING: please use MorganGenerator
[19:18:55] DEPRECATION WARNING: please use MorganGenerator
[19:18:55] DEPRECATION WARNING: please use MorganGenerator
[19:18:55] DEPRECATION WARNING: please use MorganGenerator
[19:18:55] DEPRECATION WARNING: please use MorganGenerator
[19:18:55] DEPRECATION WARNING: please use MorganGenerator
[19:18:55] DEPRECATION WARNING: please use MorganGenerator
[19:18:55] DEPRECATION WARNING: please use MorganGenerator
[19:18:55] DEPRECATION WARNING: please use MorganGenerator
[19:18:55] DEPRECATION WARNING: please use MorganGenerator
[19:18:55] DEPRECATION WARNING: please use MorganGenerator
[19:18:55] DEPRECATION WARNING: please use MorganGenerator
[19:18:55] DEPRECATION WARNING: please use MorganGenerator
[19:18:55] DEPRECATION WARNING: please use MorganGenerator
[19:18:55] DEPRECATION WARNING: please use MorganGenerator
[19:18:55] DEPRECATION WARNING: please use MorganGenerator
[19:18:55] DEPRECATION WARNING: please use MorganGenerator
[19:18:55] DEPRECATION WARNING: please use MorganGenerator
[19:18:55] DEPRECATION WARNING: please use MorganGenerator
[19:18:55] DEPRECATION WARNING: please use MorganGenerator
[19:18:55] DEPRECATION WARNING: please use MorganGenerator
[19:18:55] DEPRECATION WARNING: please use MorganGenerator
[19:18:55] DEPRECATION WARNING: please use MorganGenerator
[19:18:55] DEPRECATION WARNING: please use MorganGenerator
[19:18:55] DEPRECATION WARNING: please use MorganGenerator
[19:18:55] DEPRECATION WARNING: please use MorganGenerator
[19:18:55] DEPRECATION WARNING: please use MorganGenerator
[19:18:55] DEPRECATION WARNING: please use MorganGenerator
[19:18:55] DEPRECATION WARNING: please use MorganGenerator
[19:18:55] DEPRECATION WARNING: please use MorganGenerator
[19:18:55] DEPRECATION WARNING: please use MorganGenerator
[19:18:55] DEPRECATION WARNING: please use MorganGenerator
[19:18:55] DEPRECATION WARNING: please use MorganGenerator
[19:18:55] DEPRECATION WARNING: please use MorganGenerator
[19:18:55] DEPRECATION WARNING: please use MorganGenerator
[19:18:55] DEPRECATION WARNING: please use MorganGenerator
[19:18:55] DEPRECATION WARNING: please use MorganGenerator
[19:18:55] DEPRECATION WARNING: please use MorganGenerator
[19:18:55] DEPRECATION WARNING: please use MorganGenerator
[19:18:55] DEPRECATION WARNING: please use MorganGenerator
[19:18:55] DEPRECATION WARNING: please use MorganGenerator
[19:18:55] DEPRECATION WARNING: please use MorganGenerator
[19:18:55] DEPRECATION WARNING: please use MorganGenerator
[19:18:55] DEPRECATION WARNING: please use MorganGenerator
[19:18:55] DEPRECATION WARNING: please use MorganGenerator
[19:18:55] DEPRECATION WARNING: please use MorganGenerator
[19:18:55] DEPRECATION WARNING: please use MorganGenerator
[19:18:55] DEPRECATION WARNING: please use MorganGenerator
[19:18:55] DEPRECATION WARNING: please use MorganGenerator
[19:18:55] DEPRECATION WARNING: please use MorganGenerator
[19:18:55] DEPRECATION WARNING: please use MorganGenerator
[19:18:55] DEPRECATION WARNING: please use MorganGenerator
[19:18:55] DEPRECATION WARNING: please use MorganGenerator
[19:18:55] DEPRECATION WARNING: please use MorganGenerator
[19:18:55] DEPRECATION WARNING: please use MorganGenerator
[19:18:55] DEPRECATION WARNING: please use MorganGenerator
[19:18:55] DEPRECATION WARNING: please use MorganGenerator
[19:18:56] DEPRECATION WARNING: please use MorganGenerator
[19:18:56] DEPRECATION WARNING: please use MorganGenerator
[19:18:56] DEPRECATION WARNING: please use MorganGenerator
[19:18:56] DEPRECATION WARNING: please use MorganGenerator
[19:18:56] DEPRECATION WARNING: please use MorganGenerator
[19:18:56] DEPRECATION WARNING: please use MorganGenerator
[19:18:56] DEPRECATION WARNING: please use MorganGenerator
[19:18:56] DEPRECATION WARNING: please use MorganGenerator
[19:18:56] DEPRECATION WARNING: please use MorganGenerator
[19:18:56] DEPRECATION WARNING: please use MorganGenerator
[19:18:56] DEPRECATION WARNING: please use MorganGenerator
[19:18:56] DEPRECATION WARNING: please use MorganGenerator
[19:18:56] DEPRECATION WARNING: please use MorganGenerator
[19:18:56] DEPRECATION WARNING: please use MorganGenerator
[19:18:56] DEPRECATION WARNING: please use MorganGenerator
[19:18:56] DEPRECATION WARNING: please use MorganGenerator
[19:18:56] DEPRECATION WARNING: please use MorganGenerator
[19:18:56] DEPRECATION WARNING: please use MorganGenerator
[19:18:56] DEPRECATION WARNING: please use MorganGenerator
[19:18:56] DEPRECATION WARNING: please use MorganGenerator
[19:18:56] DEPRECATION WARNING: please use MorganGenerator
[19:18:56] DEPRECATION WARNING: please use MorganGenerator
[19:18:56] DEPRECATION WARNING: please use MorganGenerator
[19:18:56] DEPRECATION WARNING: please use MorganGenerator
[19:18:56] DEPRECATION WARNING: please use MorganGenerator
[19:18:56] DEPRECATION WARNING: please use MorganGenerator
[19:18:56] DEPRECATION WARNING: please use MorganGenerator
[19:18:56] DEPRECATION WARNING: please use MorganGenerator
[19:18:56] DEPRECATION WARNING: please use MorganGenerator
[19:18:56] DEPRECATION WARNING: please use MorganGenerator
[19:18:56] DEPRECATION WARNING: please use MorganGenerator
[19:18:56] DEPRECATION WARNING: please use MorganGenerator
[19:18:56] DEPRECATION WARNING: please use MorganGenerator
[19:18:56] DEPRECATION WARNING: please use MorganGenerator
[19:18:56] DEPRECATION WARNING: please use MorganGenerator
[19:18:56] DEPRECATION WARNING: please use MorganGenerator
[19:18:56] DEPRECATION WARNING: please use MorganGenerator
[19:18:56] DEPRECATION WARNING: please use MorganGenerator
[19:18:56] DEPRECATION WARNING: please use MorganGenerator
[19:18:56] DEPRECATION WARNING: please use MorganGenerator
[19:18:56] DEPRECATION WARNING: please use MorganGenerator
[19:18:56] DEPRECATION WARNING: please use MorganGenerator
[19:18:56] DEPRECATION WARNING: please use MorganGenerator
[19:18:56] DEPRECATION WARNING: please use MorganGenerator
[19:18:56] DEPRECATION WARNING: please use MorganGenerator
[19:18:56] DEPRECATION WARNING: please use MorganGenerator
[19:18:56] DEPRECATION WARNING: please use MorganGenerator
[19:18:56] DEPRECATION WARNING: please use MorganGenerator
[19:18:56] DEPRECATION WARNING: please use MorganGenerator
[19:18:56] DEPRECATION WARNING: please use MorganGenerator
[19:18:56] DEPRECATION WARNING: please use MorganGenerator
[19:18:56] DEPRECATION WARNING: please use MorganGenerator
[19:18:56] DEPRECATION WARNING: please use MorganGenerator
[19:18:56] DEPRECATION WARNING: please use MorganGenerator
[19:18:56] DEPRECATION WARNING: please use MorganGenerator
[19:18:56] DEPRECATION WARNING: please use MorganGenerator
[19:18:56] DEPRECATION WARNING: please use MorganGenerator
[19:18:56] DEPRECATION WARNING: please use MorganGenerator
[19:18:56] DEPRECATION WARNING: please use MorganGenerator
[19:18:56] DEPRECATION WARNING: please use MorganGenerator
[19:18:56] DEPRECATION WARNING: please use MorganGenerator
[19:18:56] DEPRECATION WARNING: please use MorganGenerator
[19:18:56] DEPRECATION WARNING: please use MorganGenerator
[19:18:56] DEPRECATION WARNING: please use MorganGenerator
[19:18:56] DEPRECATION WARNING: please use MorganGenerator
[19:18:56] DEPRECATION WARNING: please use MorganGenerator
[19:18:56] DEPRECATION WARNING: please use MorganGenerator
[19:18:56] DEPRECATION WARNING: please use MorganGenerator
[19:18:56] DEPRECATION WARNING: please use MorganGenerator
[19:18:56] DEPRECATION WARNING: please use MorganGenerator
[19:18:56] DEPRECATION WARNING: please use MorganGenerator
[19:18:56] DEPRECATION WARNING: please use MorganGenerator
[19:18:56] DEPRECATION WARNING: please use MorganGenerator
[19:18:56] DEPRECATION WARNING: please use MorganGenerator
[19:18:56] DEPRECATION WARNING: please use MorganGenerator
[19:18:56] DEPRECATION WARNING: please use MorganGenerator
[19:18:56] DEPRECATION WARNING: please use MorganGenerator
[19:18:56] DEPRECATION WARNING: please use MorganGenerator
[19:18:56] DEPRECATION WARNING: please use MorganGenerator
[19:18:56] DEPRECATION WARNING: please use MorganGenerator
[19:18:56] DEPRECATION WARNING: please use MorganGenerator
[19:18:56] DEPRECATION WARNING: please use MorganGenerator
[19:18:56] DEPRECATION WARNING: please use MorganGenerator
[19:18:56] DEPRECATION WARNING: please use MorganGenerator
[19:18:56] DEPRECATION WARNING: please use MorganGenerator
[19:18:56] DEPRECATION WARNING: please use MorganGenerator
[19:18:56] DEPRECATION WARNING: please use MorganGenerator
[19:18:56] DEPRECATION WARNING: please use MorganGenerator
[19:18:56] DEPRECATION WARNING: please use MorganGenerator
[19:18:56] DEPRECATION WARNING: please use MorganGenerator
[19:18:57] DEPRECATION WARNING: please use MorganGenerator
[19:18:57] DEPRECATION WARNING: please use MorganGenerator
[19:18:57] DEPRECATION WARNING: please use MorganGenerator
[19:18:57] DEPRECATION WARNING: please use MorganGenerator
[19:18:57] DEPRECATION WARNING: please use MorganGenerator
[19:18:57] DEPRECATION WARNING: please use MorganGenerator
[19:18:57] DEPRECATION WARNING: please use MorganGenerator
[19:18:57] DEPRECATION WARNING: please use MorganGenerator
[19:18:57] DEPRECATION WARNING: please use MorganGenerator
[19:18:57] DEPRECATION WARNING: please use MorganGenerator
[19:18:57] DEPRECATION WARNING: please use MorganGenerator
[19:18:57] DEPRECATION WARNING: please use MorganGenerator
[19:18:57] DEPRECATION WARNING: please use MorganGenerator
[19:18:57] DEPRECATION WARNING: please use MorganGenerator
[19:18:57] DEPRECATION WARNING: please use MorganGenerator
[19:18:57] DEPRECATION WARNING: please use MorganGenerator
[19:18:57] DEPRECATION WARNING: please use MorganGenerator
[19:18:57] DEPRECATION WARNING: please use MorganGenerator
[19:18:57] DEPRECATION WARNING: please use MorganGenerator
[19:18:57] DEPRECATION WARNING: please use MorganGenerator
[19:18:57] DEPRECATION WARNING: please use MorganGenerator
[19:18:57] DEPRECATION WARNING: please use MorganGenerator
[19:18:57] DEPRECATION WARNING: please use MorganGenerator
[19:18:57] DEPRECATION WARNING: please use MorganGenerator
[19:18:57] DEPRECATION WARNING: please use MorganGenerator
[19:18:57] DEPRECATION WARNING: please use MorganGenerator
[19:18:57] DEPRECATION WARNING: please use MorganGenerator
[19:18:57] DEPRECATION WARNING: please use MorganGenerator
[19:18:57] DEPRECATION WARNING: please use MorganGenerator
[19:18:57] DEPRECATION WARNING: please use MorganGenerator
[19:18:57] DEPRECATION WARNING: please use MorganGenerator
[19:18:57] DEPRECATION WARNING: please use MorganGenerator
[19:18:57] DEPRECATION WARNING: please use MorganGenerator
[19:18:57] DEPRECATION WARNING: please use MorganGenerator
[19:18:57] DEPRECATION WARNING: please use MorganGenerator
[19:18:57] DEPRECATION WARNING: please use MorganGenerator
[19:18:57] DEPRECATION WARNING: please use MorganGenerator
[19:18:57] DEPRECATION WARNING: please use MorganGenerator
[19:18:57] DEPRECATION WARNING: please use MorganGenerator
[19:18:57] DEPRECATION WARNING: please use MorganGenerator
[19:18:57] DEPRECATION WARNING: please use MorganGenerator
[19:18:57] DEPRECATION WARNING: please use MorganGenerator
[19:18:57] DEPRECATION WARNING: please use MorganGenerator
[19:18:57] DEPRECATION WARNING: please use MorganGenerator
[19:18:57] DEPRECATION WARNING: please use MorganGenerator
[19:18:57] DEPRECATION WARNING: please use MorganGenerator
[19:18:57] DEPRECATION WARNING: please use MorganGenerator
[19:18:57] DEPRECATION WARNING: please use MorganGenerator
[19:18:57] DEPRECATION WARNING: please use MorganGenerator
[19:18:57] DEPRECATION WARNING: please use MorganGenerator
[19:18:57] DEPRECATION WARNING: please use MorganGenerator
[19:18:57] DEPRECATION WARNING: please use MorganGenerator
[19:18:57] DEPRECATION WARNING: please use MorganGenerator
[19:18:57] DEPRECATION WARNING: please use MorganGenerator
[19:18:57] DEPRECATION WARNING: please use MorganGenerator
[19:18:57] DEPRECATION WARNING: please use MorganGenerator
[19:18:57] DEPRECATION WARNING: please use MorganGenerator
[19:18:57] DEPRECATION WARNING: please use MorganGenerator
[19:18:57] DEPRECATION WARNING: please use MorganGenerator
[19:18:57] DEPRECATION WARNING: please use MorganGenerator
[19:18:57] DEPRECATION WARNING: please use MorganGenerator
[19:18:57] DEPRECATION WARNING: please use MorganGenerator
[19:18:57] DEPRECATION WARNING: please use MorganGenerator
[19:18:57] DEPRECATION WARNING: please use MorganGenerator
[19:18:57] DEPRECATION WARNING: please use MorganGenerator
[19:18:57] DEPRECATION WARNING: please use MorganGenerator
[19:18:57] DEPRECATION WARNING: please use MorganGenerator
[19:18:57] DEPRECATION WARNING: please use MorganGenerator
[19:18:57] DEPRECATION WARNING: please use MorganGenerator
[19:18:57] DEPRECATION WARNING: please use MorganGenerator
[19:18:57] DEPRECATION WARNING: please use MorganGenerator
[19:18:57] DEPRECATION WARNING: please use MorganGenerator
[19:18:57] DEPRECATION WARNING: please use MorganGenerator
[19:18:57] DEPRECATION WARNING: please use MorganGenerator
[19:18:57] DEPRECATION WARNING: please use MorganGenerator
[19:18:57] DEPRECATION WARNING: please use MorganGenerator
[19:18:57] DEPRECATION WARNING: please use MorganGenerator
[19:18:57] DEPRECATION WARNING: please use MorganGenerator
[19:18:57] DEPRECATION WARNING: please use MorganGenerator
[19:18:57] DEPRECATION WARNING: please use MorganGenerator
[19:18:57] DEPRECATION WARNING: please use MorganGenerator
[19:18:57] DEPRECATION WARNING: please use MorganGenerator
[19:18:57] DEPRECATION WARNING: please use MorganGenerator
[19:18:57] DEPRECATION WARNING: please use MorganGenerator
[19:18:57] DEPRECATION WARNING: please use MorganGenerator
[19:18:57] DEPRECATION WARNING: please use MorganGenerator
[19:18:57] DEPRECATION WARNING: please use MorganGenerator
[19:18:57] DEPRECATION WARNING: please use MorganGenerator
[19:18:57] DEPRECATION WARNING: please use MorganGenerator
[19:18:57] DEPRECATION WARNING: please use MorganGenerator
[19:18:57] DEPRECATION WARNING: please use MorganGenerator
[19:18:57] DEPRECATION WARNING: please use MorganGenerator
[19:18:57] DEPRECATION WARNING: please use MorganGenerator
[19:18:57] DEPRECATION WARNING: please use MorganGenerator
[19:18:57] DEPRECATION WARNING: please use MorganGenerator
[19:18:58] Explicit valence for atom # 17 N, 5, is greater than permitted
[19:18:58] DEPRECATION WARNING: please use MorganGenerator
[19:18:58] DEPRECATION WARNING: please use MorganGenerator
[19:18:58] DEPRECATION WARNING: please use MorganGenerator
[19:18:58] DEPRECATION WARNING: please use MorganGenerator
[19:18:58] DEPRECATION WARNING: please use MorganGenerator
[19:18:58] DEPRECATION WARNING: please use MorganGenerator
[19:18:58] DEPRECATION WARNING: please use MorganGenerator
[19:18:58] DEPRECATION WARNING: please use MorganGenerator
[19:18:58] DEPRECATION WARNING: please use MorganGenerator
[19:18:58] DEPRECATION WARNING: please use MorganGenerator
[19:18:58] DEPRECATION WARNING: please use MorganGenerator
[19:18:58] DEPRECATION WARNING: please use MorganGenerator
[19:18:58] DEPRECATION WARNING: please use MorganGenerator
[19:18:58] DEPRECATION WARNING: please use MorganGenerator
[19:18:58] DEPRECATION WARNING: please use MorganGenerator
[19:18:58] DEPRECATION WARNING: please use MorganGenerator
[19:18:58] DEPRECATION WARNING: please use MorganGenerator
[19:18:58] DEPRECATION WARNING: please use MorganGenerator
[19:18:58] DEPRECATION WARNING: please use MorganGenerator
[19:18:58] DEPRECATION WARNING: please use MorganGenerator
[19:18:58] DEPRECATION WARNING: please use MorganGenerator
[19:18:58] DEPRECATION WARNING: please use MorganGenerator
[19:18:58] DEPRECATION WARNING: please use MorganGenerator
[19:18:58] DEPRECATION WARNING: please use MorganGenerator
[19:18:58] DEPRECATION WARNING: please use MorganGenerator
[19:18:58] DEPRECATION WARNING: please use MorganGenerator
[19:18:58] DEPRECATION WARNING: please use MorganGenerator
[19:18:58] DEPRECATION WARNING: please use MorganGenerator
[19:18:58] DEPRECATION WARNING: please use MorganGenerator
[19:18:58] DEPRECATION WARNING: please use MorganGenerator
[19:18:58] DEPRECATION WARNING: please use MorganGenerator
[19:18:58] DEPRECATION WARNING: please use MorganGenerator
[19:18:58] DEPRECATION WARNING: please use MorganGenerator
[19:18:58] DEPRECATION WARNING: please use MorganGenerator
[19:18:58] DEPRECATION WARNING: please use MorganGenerator
[19:18:58] DEPRECATION WARNING: please use MorganGenerator
[19:18:58] DEPRECATION WARNING: please use MorganGenerator
[19:18:58] DEPRECATION WARNING: please use MorganGenerator
[19:18:58] DEPRECATION WARNING: please use MorganGenerator
[19:18:58] DEPRECATION WARNING: please use MorganGenerator
[19:18:58] DEPRECATION WARNING: please use MorganGenerator
[19:18:58] DEPRECATION WARNING: please use MorganGenerator
[19:18:58] DEPRECATION WARNING: please use MorganGenerator
[19:18:58] DEPRECATION WARNING: please use MorganGenerator
[19:18:58] DEPRECATION WARNING: please use MorganGenerator
[19:18:58] DEPRECATION WARNING: please use MorganGenerator
[19:18:58] DEPRECATION WARNING: please use MorganGenerator
[19:18:58] DEPRECATION WARNING: please use MorganGenerator
[19:18:58] DEPRECATION WARNING: please use MorganGenerator
[19:18:58] DEPRECATION WARNING: please use MorganGenerator
[19:18:58] DEPRECATION WARNING: please use MorganGenerator
[19:18:58] DEPRECATION WARNING: please use MorganGenerator
[19:18:58] DEPRECATION WARNING: please use MorganGenerator
[19:18:58] DEPRECATION WARNING: please use MorganGenerator
[19:18:58] DEPRECATION WARNING: please use MorganGenerator
[19:18:58] DEPRECATION WARNING: please use MorganGenerator
[19:18:58] DEPRECATION WARNING: please use MorganGenerator
[19:18:58] DEPRECATION WARNING: please use MorganGenerator
[19:18:58] DEPRECATION WARNING: please use MorganGenerator
[19:18:58] DEPRECATION WARNING: please use MorganGenerator
[19:18:58] DEPRECATION WARNING: please use MorganGenerator
[19:18:58] DEPRECATION WARNING: please use MorganGenerator
[19:18:58] DEPRECATION WARNING: please use MorganGenerator
[19:18:58] DEPRECATION WARNING: please use MorganGenerator
[19:18:58] DEPRECATION WARNING: please use MorganGenerator
[19:18:58] DEPRECATION WARNING: please use MorganGenerator
[19:18:58] DEPRECATION WARNING: please use MorganGenerator
[19:18:58] DEPRECATION WARNING: please use MorganGenerator
