pdb_id	smiles	actual_pKd	predicted_pKd	error
6dh8	CCC(CC)CN(C[C@@H](O)[C@H](CC1CCCCC1)NC(=O)O[C@H]1CO[C@H]2OCC[C@@H]12)S(=O)(=O)c1ccc(N)cc1	9.840	9.611	0.229
3pb7	COc1ccc(NC(=S)NCCCn2ccnc2)cc1OC	5.740	6.463	0.723
4f3k	Nc1ncnc2c(C[N@@H+]3C[C@H](CSCC[C@H]([NH3+])C(=O)[O-])[C@@H](O)C3)c[nH]c12	10.160	8.642	1.518
2jdu	CO[C@@H]1O[C@@H](C)[C@@H](O)[C@@H](O)[C@@H]1O	6.720	4.996	1.724
3zj6	OC[C@@H]1[C@@H](O)[C@H](O)[C@@H](O)[C@@H]1[NH2+]CC1CCCCC1	6.660	5.698	0.962
2qdt	C[C@@H](NC(=O)CCS)C(=O)[O-]	5.190	4.858	0.332
3zsy	C[N@H+](Cc1ccccc1C(=O)NCC1CCCCC1)Cc1ccc2c(c1C(=O)[O-])OCO2	3.230	4.783	1.553
6hke	O=C([O-])C[C@@H](O)C(=O)[O-]	7.680	4.544	3.136
1jmf	O=c1ccn(C2CC(O)C(COP(=O)(O)O)O2)c(=O)[nH]1	5.770	5.126	0.644
3n7a	O=C([O-])[C@]1(O)C=C[C@@H](O)[C@H](O)C1	3.700	4.765	1.065
5eqy	C[N@H+]1CCC[N@@H+](Cc2ccc(-c3ccc(C[N@H+]4CCC[N@H+](C)CC4)cc3C#N)cc2)CC1	8.000	5.948	2.052
4kif	O=C([O-])C(=O)Cc1ccccc1	4.840	3.758	1.082
2vb8	C=C/C(C)=C/[C@@]1(C)SC(=O)C(C)=C1O	4.600	4.971	0.371
1det	Nc1nc2c(ncn2C2OC(CO)C(O)C2OP(=O)(O)O)c(=O)[nH]1	4.300	5.455	1.155
3dx2	C[S@@](=O)[C@@H]1[C@@H]([NH3+])[C@@H](O)[C@@H](O)[C@H]1O	6.820	4.927	1.893
4kwg	Cc1cc(Br)c2c(c1)C(=O)C(=O)N2	6.000	5.039	0.961
6rnt	Nc1ncnc2c1ncn2C1OC(CO)C(O)C1OP(=O)(O)O	2.370	5.614	3.244
6e5l	C=C(C)[C@@H]1CCC(C)=C[C@H]1c1c(O)cc(O)cc1CCCCC	7.180	7.244	0.064
2zwz	C[C@@H]1[NH2+][C@H](C[NH3+])[C@@H](O)[C@H](O)[C@@H]1O	7.790	5.611	2.179
5tbm	CS(=O)(=O)c1ccc(Oc2cc(F)cc(C#N)c2)c2c1[C@H](O)C(F)(F)C2	7.310	7.363	0.053
1aid	O[C@]1(c2ccc(Cl)cc2)CC[N@H+](CCCC2(c3ccc(F)cc3)SCCS2)CC1	4.820	5.908	1.088
1uvt	Cc1cc(NS(=O)(=O)c2ccccc2)cc(OCCNc2ccncc2)c1	7.640	5.847	1.793
4tte	COC(=O)c1cc(N)cc(-c2c(C)noc2C)c1	3.690	6.052	2.362
6p87	COc1ccccc1OCC(=O)N(C)[C@@H](c1cccs1)c1c[nH]c2ccccc12	4.600	5.690	1.090
6e1z	O=C([O-])c1ccc(Cn2ccnc2)o1	3.820	4.992	1.172
1lgt	Oc1cccc(-c2ccccc2Cl)c1O	6.100	4.436	1.664
5cp5	CCN1C(=O)c2cccc3c(S(=O)(=O)Nc4ccc(F)cc4)ccc1c23	5.910	6.012	0.102
4pqa	C[C@H](CS)C(=O)N1CCC[C@H]1C(=O)[O-]	5.550	5.223	0.327
3cd7	CC(C)n1c(CC[C@@H](O)C[C@@H](O)CC(=O)[O-])c(-c2ccc(F)cc2)c(-c2ccc(F)cc2)c1C(=O)Nc1ccccc1	7.840	6.097	1.743
3r6u	C[N+](C)(C)CCO	4.520	4.099	0.421
3bkk	O=C(CCC(O)(O)[C@H](Cc1ccccc1)NC(=O)c1ccccc1)N[C@@H](Cc1ccccc1)C(=O)[O-]	6.080	6.424	0.344
4ts1	[NH3+][C@@H](Cc1ccc(O)cc1)C(=O)[O-]	4.940	4.725	0.215
6jag	OC[C@H]1O[C@H](O[C@]2(CO)O[C@H](CO)[C@@H](O)[C@@H]2O)[C@H](O)[C@@H](O)[C@@H]1O	4.500	5.687	1.187
6py0	CC(/C=C/C1[C@@H](C)CCCC1(C)C)=C\C=C\C(C)=C\CO	6.410	6.318	0.092
1bjv	NC(=[NH2+])c1ccc(NC(=O)Nc2ccc(Oc3ccccc3)cc2)cc1	5.540	5.561	0.021
4lm1	O=[N+]([O-])c1cccc2ncccc12	3.230	5.246	2.016
6arm	O=[N+]([O-])c1ccccc1O[C@@H]1O[C@H](CO)[C@H](O)[C@H](O)[C@H]1O	4.970	4.356	0.614
5tcj	N#C[C@@H]1[NH2+][C@@H](CO)[C@H]1c1ccc(-c2ccccc2F)cc1	7.380	6.485	0.895
6pi5	[NH2+]=c1[nH]c(=O)c2[nH]cnc2[nH]1	6.960	4.772	2.188
4kyh	O=C([O-])Cc1nn(Cc2nc3cc(C(F)(F)F)ccc3s2)c(=O)c2ccccc12	5.920	6.871	0.951
2cex	CC(=O)N[C@@H]1[C@@H](O)C=C(C(=O)[O-])O[C@H]1[C@H](O)[C@H](O)CO	4.700	4.889	0.189
4qge	COc1ccc(NC(=O)[C@@H](C)Nc2nc3c(cnn3C3CCCC3)c(=O)[nH]2)cc1	9.300	6.003	3.297
3umq	CCCC(=O)[O-]	4.620	4.212	0.408
2zcr	CCCCc1ccc(-c2ccc(CCCC(P(=O)(O)O)S(=O)(=O)O)cc2)cc1	6.870	6.954	0.084
4umb	CC(OP(=O)(O)O)C(=O)O	4.000	4.861	0.861
5b5f	CNS(=O)(=O)c1cccc(-c2cc3c(o2)CC=NC3=O)c1	5.250	5.991	0.741
3t0b	CC(C)S[C@@H]1O[C@H](CO)[C@H](O)[C@H](O)[C@H]1O	4.300	4.921	0.621
5nvx	Cc1ncsc1-c1ccc(CNC(=O)[C@@H]2C[C@@H](O)CN2C(=O)[C@@H](NC(=O)C2(F)CC2)C(C)(C)C)cc1	7.050	7.699	0.649
5bwc	O/N=C/C1=CCC=CN1CCCCCCCN1C=CC=C[C@H]1/C=N/O	7.210	5.775	1.435
3nyd	O=[N+]([O-])c1ccc2nn[nH]c2c1	3.480	4.684	1.204
4b5t	CCC(=O)C(=O)[O-]	3.330	3.974	0.644
4y5d	COC(=O)c1cccc(-c2cc3c(=O)[nH]ccc3o2)c1	5.920	5.067	0.853
6d1h	O=c1cc(CP(=O)(O)O)c2ccccc2[nH]1	3.720	5.076	1.356
2clh	O=P(O)(O)OCCNS(=O)(=O)c1ccc2ccccc2c1	4.060	5.381	1.321
3pgl	COCCCOc1ccnc(C[S@@+](O)c2nc3ccccc3[nH]2)c1C	5.300	7.803	2.503
6d17	O=c1cc(CP(=O)(O)O)c2cc3c(cc2o1)OCO3	4.820	5.316	0.496
5kax	CCNc1cc2c(cc1C)C(c1ccccc1C(=O)OCC)c1cc(C)c(NCC)cc1O2	6.110	6.381	0.271
3pce	O=C([O-])Cc1cccc(O)c1	2.000	3.791	1.791
1ajx	O=C1N(Cc2ccccc2)[C@H](COc2ccccc2)[C@H](O)[C@@H](O)[C@@H](COc2ccccc2)N1Cc1ccccc1	7.910	6.979	0.931
3pcj	O=C([O-])c1ccn(O)c(=O)c1	7.220	4.905	2.315
6s5k	O=C1C(Cc2ccccc2)=C(NCCCCc2ccccc2)C(=O)N1Cc1ccccc1	7.320	5.544	1.776
3su4	CC[C@@H]1C[C@]1(NC(=O)[C@@H]1C[C@@H]2CN1C(=O)[C@H](C(C)(C)C)NC(=O)OCC(C)(C)CCCCc1cccc3cn(cc13)C(=O)O2)C(=O)NS(=O)(=O)C1CC1	6.260	8.831	2.571
2gvj	O=C(/C=C/c1cccnc1)NCCCCC1CCN(C(=O)c2ccccc2)CC1	9.520	6.417	3.103
1fkg	CCC(C)(C)C(=O)C(=O)N1CCCC[C@H]1C(=O)O[C@H](CCc1ccccc1)c1ccccc1	8.000	7.403	0.597
5mrm	Oc1c(Br)cc(Br)cc1-c1cc(C(F)(F)F)no1	5.030	5.122	0.092
4nra	CC(=O)n1ccc2nc3ccc(Cl)cc3c-2c1	4.190	6.066	1.876
3tcg	[NH3+]CCCC[C@H]([NH3+])C(=O)NCC(=O)N[C@@H](CCC(=O)[O-])C(=O)[O-]	5.870	4.743	1.127
3wz8	O=C(CCNc1ccccc1)Nc1scc(-c2ccccc2)c1C(=O)NCc1ccccc1	5.820	5.773	0.047
5fe9	C=C1CC(=O)N(C)c2cc(NS(C)(=O)=O)ccc21	4.680	6.432	1.752
3ejq	Cc1ccc(C(=O)C[C@H]2CC[C@@H](O)[C@@H]3[C@H](O)[C@H](O)C[N@@H+]23)cc1	8.570	6.073	2.497
4u6w	CCCC(CCC)C([NH3+])P(=O)(O)O	4.210	4.825	0.615
5o2d	CS(=O)(=O)Nc1ccccc1-c1cccc2c1[nH]c1ccccc12	5.680	5.890	0.210
5qqp	COC(=O)Nc1ccc2c(c1)NC(=O)CC/C=C/C[C@H](N1CC[C@H](c3cccc(Cl)c3)CC1=O)c1nc-2c[nH]1	8.280	8.120	0.160
4zow	O=C(N[C@H](CO)[C@H](O)c1ccc([N+](=O)[O-])cc1)C(Cl)Cl	4.120	5.322	1.202
5d0c	CCN1C(=O)c2cccc3c(S(=O)(=O)NCC4CCN(C(C)=O)CC4)ccc1c23	5.630	6.617	0.987
6jbb	OC[C@H]1O[C@H](O[C@]2(CO)O[C@H](CO)[C@@H](O)[C@@H]2O)[C@H](O)[C@@H](O)[C@@H]1O	5.990	5.644	0.346
4k3h	CN(C)c1ccc(C(c2ccc(O)cc2)c2ccc(N(C)C)cc2)cc1	6.850	5.181	1.669
4uye	COc1ccccc1C(=O)Nc1cc2c(cc1N1CCCCC1)n(C)c(=O)n2C	8.020	5.921	2.099
5ka1	O=C([O-])C(=O)Nc1sc2c(c1C(=O)[O-])CC[NH2+]C2	4.480	5.257	0.777
1bju	NC(=[NH2+])c1ccc(NC(=O)Nc2ccc(Cl)cc2)cc1	4.800	5.706	0.906
1met	O=C1N(Cc2ccc(CO)cc2)[C@H](Cc2ccccc2)[C@H](O)[C@@H](O)[C@@H](Cc2ccccc2)N1Cc1ccc(CO)cc1	9.400	6.468	2.932
4yo8	CCCCCC[N@H+](CO)Cc1c[nH]c2c(N)ncnc12	10.520	7.173	3.347
4xoc	CCCCCCCO[C@H]1O[C@H](CO)[C@@H](O)[C@H](O)[C@@H]1O	8.520	5.547	2.973
2q8z	N=C1CC(=O)NC(=O)N1C1OC(COP(=O)(O)O)C(O)C1O	5.680	4.540	1.140
1f74	CC(=O)N[C@H](CCC(=O)C(=O)[O-])[C@@H](O)[C@H](O)[C@H](O)CO	3.050	5.194	2.144
3b7j	O=C1C=CC(=O)c2c(O)cccc21	5.170	4.611	0.559
1s39	Nc1nc2ccccc2c(=O)[nH]1	7.700	4.777	2.923
3wz7	O=C(C[NH2+]CCc1c[nH]c2ccccc12)Nc1sc2c(c1C(=O)NCc1ccccc1)CCCC2	5.740	6.834	1.094
3dzt	CCCCC/C=C\C/C=C\CCCCC[C@@H](O)CCCC(=O)[O-]	7.220	6.199	1.021
3rt8	[NH3+][C@@H](Cn1cc(Cl)c(=O)[nH]c1=O)C(=O)[O-]	6.350	4.673	1.677
2zy1	O=C(CP(=O)(O)O)NCCCc1cccc(Oc2ccccc2)c1	7.400	5.412	1.988
2fzk	O=C(CP(=O)(O)O)Nc1cc(NC(=O)CP(=O)(O)O)cc(C(=O)O)c1	3.600	5.567	1.967
3vfa	COc1ccc(S(=O)(=O)N(C[C@H]2CCC(=O)N2)C[C@@H](O)[C@H](Cc2ccccc2)NC(=O)O[C@@H]2C[C@@H]3CCO[C@@H]3C2)cc1	9.190	9.122	0.068
5yum	CC[C@H](C)[C@H]([NH3+])C(=O)[O-]	3.650	4.201	0.551
5kh3	O=C([O-])CCc1nc2cc(Cl)ccc2s1	4.220	5.948	1.728
4l51	O=P(O)(O)OCC1OC(O)C(O)C1O	3.000	4.216	1.216
4pnu	O=C(Cn1c2c(c3cc(Br)ccc31)CC[C@@H](C(=O)[O-])C2)N[C@H](Cc1ccccc1)C(=O)[O-]	4.890	6.200	1.310
5hvt	COc1ccc(N2Cc3ccc(O)cc3OC2=O)cc1	7.260	7.107	0.153
4kwf	O=C1C(=O)N(Cc2ccccc2)c2ccccc21	4.820	5.233	0.413
3o9p	C[C@H]([NH3+])C(=O)N[C@H](CCC(=O)N[C@@H](CCC[C@@H]([NH3+])C(=O)[O-])C(=O)[O-])C(=O)[O-]	6.520	4.494	2.026
3gdt	O=c1cnn(C2OC(COP(=O)(O)O)C(O)C2O)c(=O)[nH]1	7.190	5.165	2.025
4yzu	Cc1cc2nc(CCNC(=O)c3ccc(-n4cnnc4)cc3)[nH]c2cc1C	5.050	6.611	1.561
4b6r	COc1ccc(C[C@@H]2C(=O)[C@@H](O)[C@H](O)C[C@]2(O)C(=O)[O-])cc1	5.850	5.955	0.105
3wjw	Cc1cc(=O)[nH]c(=O)n1C1OC(COP(=O)(O)O)C(O)C1O	3.870	5.023	1.153
1moq	[NH3+]C1C(O)OC(COP(=O)(O)O)C(O)C1O	3.460	5.442	1.982
3a6t	N=C1N=C2C(=NC(=O)N2C2CC(O)C(COP(=O)(O)O)O2)C(=O)N1	7.280	5.594	1.686
5ld8	CCCCS(=O)(=O)Nc1ccc2cnn(C)c2c1	8.050	6.305	1.745
3lea	COc1ccc2c(c1)C(=O)N(C[C@@]1(c3ccc(-c4cccnc4)cc3)NC(=O)NC1=O)C2	9.100	8.213	0.887
5avf	[NH3+]CCS(=O)(=O)[O-]	5.490	4.654	0.836
3sfg	O=c1ccn([C@@H]2O[C@H](CO)[C@@H](O)[C@H]2O)c(=S)[nH]1	6.060	4.316	1.744
1bq4	O=C([O-])c1c(C(=O)[O-])c(C(=O)[O-])c(C(=O)[O-])c(C(=O)[O-])c1C(=O)[O-]	5.220	4.118	1.102
2wyg	C[C@H](c1ccc(N2CC[C@H](NS(=O)(=O)/C=C/c3ccc(Cl)s3)C2=O)c(F)c1)[NH+](C)C	8.700	8.794	0.094
2vzr	O=C([O-])[C@H]1O[C@H](O)[C@H](O)[C@@H](O)[C@@H]1O	4.280	3.829	0.451
2ves	O=C(NO)[C@@H](Cc1ccc2ccccc2c1)NS(=O)(=O)c1ccc2ccccc2c1	7.700	5.738	1.962
1srg	Cc1cc(/N=N/c2ccccc2C(=O)[O-])ccc1O	5.300	5.729	0.429
1w4q	O=c1ccn(C2OC(CO)C(OP(=O)(O)O)C2F)c(=O)[nH]1	5.260	4.822	0.438
5lli	Cc1ncsc1-c1ccc(CNC(=O)[C@@H]2C[C@@H](O)CN2C(=O)[C@@H](NC(=O)C2(C#N)CC2)C(C)(C)C)cc1	7.050	7.416	0.366
6qgf	OC[C@H]1O[C@@H](SC[C@H](O)Cn2cc(-c3cccc(F)c3)nn2)[C@H](O)[C@@H](n2cc(-c3cccc(F)c3)nn2)[C@H]1O	6.000	6.377	0.377
4i8w	CC(C)CN(C[C@@H](O)[C@H](Cc1ccccc1)[NH2+][C@@H](O)O[C@H]1CO[C@H]2OCC[C@@H]12)S(=O)(=O)c1ccc(C(=O)[O-])cc1	10.900	8.584	2.316
5l30	Cc1cc2ccc1[C@@H](C)COC(=O)Nc1ccc(C3(c4nnn[nH]4)CC3)c(c1)CN(C)C(=O)[C@@H]2Nc1ccc2c(N)nccc2c1	9.140	7.879	1.261
4y3j	Cn1cnc(C[C@H]([NH3+])C(=O)[O-])c1	2.170	5.177	3.007
2w8j	Cc1ncc(COP(=O)(O)O)c(/C=N/C(CO)C(=O)O)c1O	2.960	5.395	2.435
4ynb	Nc1ncnc2c(C[N@@H+]3C[C@H](CSc4cnccn4)[C@@H](O)C3)c[nH]c12	10.370	8.962	1.408
5wqc	CCN(Cc1cccnc1)C(=O)CN(c1ccc(OC)nc1)S(=O)(=O)c1ccccc1C	8.960	7.532	1.428
5e74	CC(=O)n1cc(N(C(=O)c2cccc(C(F)(F)F)c2)c2cc(O)ccc2C)c2ccccc21	4.410	6.478	2.068
5d1r	CCCCCCCCCCCC(=O)OC(C)C	4.840	5.757	0.917
2v2q	N=c1ccn([C@@H]2O[C@@H](CNC(=O)CCc3nc4ccccc4[nH]3)[C@@H](O)[C@H]2O)c(=O)[nH]1	4.150	5.561	1.411
6g29	CC1=C(c2ccncc2)NN(C2CC[NH2+]CC2)C(=O)C1	4.330	6.250	1.920
5v79	Cn1c(SCC(=O)Nc2ccccc2)nc2c(=O)[nH]c(=[NH2+])[nH]c21	6.410	5.189	1.221
3zi8	C[C@@H]1OC[C@@H](O)[C@H](O)[C@@H]1O	5.660	5.499	0.161
3tkw	CC(C)CN(C[C@@H](O)[C@H](Cc1ccccc1)NC(=O)O[C@H]1CO[C@H]2OCC[C@@H]12)S(=O)(=O)c1ccc(N)cc1	5.270	9.854	4.584
4x8u	O=C([O-])c1cc2cc(Cl)ccc2[nH]1	2.460	4.841	2.381
1qaw	[NH3+][C@@H](Cc1c[nH]c2ccccc12)C(=O)[O-]	5.120	4.500	0.620
1jmg	O=c1ccn(C2CC(O)C(COP(=O)(O)O)O2)c(=O)[nH]1	6.070	5.123	0.947
5u11	CNC(=O)CSc1nc2c(=O)[nH]c(N)nc2[nH]1	5.350	4.954	0.396
4fxq	O=C(CC[NH+]1CCCCC1)N1CCc2nc(O)c3cc(F)ccc3c2C1	5.770	6.404	0.634
3o75	O=P(O)(O)OCC1(O)OC(CO)C(O)C1O	6.680	5.865	0.815
4z0k	Cc1ccc(O)c2c3c(nn12)CC[C@@](C)(NC(=O)c1ccc(-n2cnnc2)cc1)C3	6.340	6.402	0.062
5yft	O=P(O)(O)OCC1OC(OP(=O)(O)O)C(O)C1O	5.000	4.761	0.239
5dxt	CC(C)n1ncnc1-c1cn2c(n1)-c1ccc(O[C@@H](C)C(N)=O)cc1OCC2	9.700	7.459	2.241
5ceq	N#Cc1ccnc(Nc2cc([C@H]3CC[N@H+](C4COC4)CC3)n(C3CCCC3)n2)c1	7.380	6.517	0.863
1r9l	C[N+](C)(C)CC(=O)[O-]	5.400	4.407	0.993
4crl	C[NH+](C)[C@H]1C[C@@]23CC[C@@]4(O2)C(=CC[C@]2(C)[C@@H](c5ccc6ccncc6c5)CC[C@@H]42)C=C3[C@@H](O)[C@@H]1O	9.710	6.015	3.695
4buq	CCCCCCCO[C@H]1O[C@H](CO)[C@@H](O)[C@H](O)[C@@H]1O	8.140	5.552	2.588
4fxp	Nc1ncnc2c1ncn2C1OC(COP(=O)(O)OS(=O)(=O)O)C(O)C1O	4.090	6.065	1.975
3t09	O=C1O[C@H](CO)[C@H](O)[C@H](O)[C@H]1O	3.800	4.080	0.280
6d50	O=C([O-])[C@H]1OC(=O)[C@H](O)[C@@H](O)[C@@H]1O	5.050	4.630	0.420
3zi0	O=C(c1ccccc1Cn1cncn1)N(O)CCC(c1ccc(Cl)c(Cl)c1)P(=O)(O)O	7.400	6.875	0.525
6dz2	Nc1ncnc2c(C[N@@H+]3C[C@H](CSCCCc4cn(Cc5ccccc5)nn4)[C@@H](O)C3)c[nH]c12	8.850	9.791	0.941
4u8w	CC(C)CN(C[C@@H](O)[C@H](Cc1ccccc1)NC(=O)O[C@H]1CO[C@H]2OCC(F)(F)[C@H]21)S(=O)(=O)c1ccc(N)cc1	11.240	9.864	1.376
1qbu	O=C(Nc1nccs1)c1cccc(CN2C(=O)N(CC3CC3)[C@H](Cc3ccccc3)[C@H](O)[C@@H](O)[C@H]2Cc2ccccc2)c1	10.240	7.479	2.761
4qfp	CC(C)[C@H]([NH3+])C(=O)N[C@H](C(=O)[O-])[C@@H](C)O	4.230	5.054	0.824
6qlr	Cc1ccc(S[C@@H]2O[C@H](CO)[C@H](O)[C@H](n3cc(-c4cc(F)cc(F)c4)nn3)[C@H]2O)cc1	4.820	6.114	1.294
3w9k	CCCCCCCCCCCCCC(=O)[O-]	6.320	5.261	1.059
2pwr	NC(=O)c1ccc(S(=O)(=O)N(Cc2ccccc2)[C@H]2C[NH2+]C[C@@H]2N(Cc2ccccc2)S(=O)(=O)c2ccc(C(N)=O)cc2)cc1	6.590	5.793	0.797
4re2	OC[C@@H]1[C@@H](O)[C@H](O)[C@H](O)c2nccn21	4.980	5.388	0.408
2jg0	OC[C@H]1O[C@H](NC2=N[C@@H]3[C@H](S2)[C@@H](O)[C@H](O)[C@]3(O)CO)[C@H](O)[C@@H](O)[C@@H]1O	7.820	5.306	2.514
5fck	C[C@@H](NC(=O)[C@@H]1C[C@H]2C[C@H]2N1C(=O)Cn1nc(C(N)=O)c2ccncc21)c1cccc(Cl)c1F	8.220	7.106	1.114
6d1b	COc1ccc2c(CP(=O)(O)O)cc(=O)oc2c1	3.910	5.426	1.516
5m7s	CC/N=C1/N[C@H]2[C@H](O[C@H](CO)[C@@H](O)[C@@H]2O)S1	9.050	6.230	2.820
1pvn	NC(=O)C1=NCN(C2OC(COP(=O)(O)O)C(O)C2O)C1=O	9.820	5.612	4.208
5fbi	NC(=O)c1cc2cc(OCc3cccc(C(=O)[O-])c3)ccc2[nH]1	2.800	5.577	2.777
2xp7	O=C([O-])c1nc(-c2ccccc2)[nH]c1C(=O)[O-]	5.770	5.793	0.023
2vwo	O=C(C[N@@H+]1C[C@H](F)[C@@H](NC(=O)c2ccc(Cl)s2)C1)Nc1ccc(-n2ccccc2=O)cc1F	7.510	7.972	0.462
1tsy	O=c1ccn(C2CC(O)C(COP(=O)(O)O)O2)c(=O)[nH]1	4.960	5.135	0.175
1fm9	Cc1oc(-c2ccccc2)nc1CCOc1ccc(C[C@H](Nc2ccccc2C(=O)c2ccccc2)C(=O)[O-])cc1	9.000	7.768	1.232
6ayt	Nc1ncnc2c(C[N@@H+]3C[C@H](CSc4cnccn4)[C@@H](O)C3)c[nH]c12	8.850	9.010	0.160
6cwh	CO[C@@H]1O[C@@H]2CO[C@](C)(C(=O)[O-])O[C@H]2[C@H](O)[C@@H]1NC(C)=O	7.540	5.574	1.966
3sm2	CC(C)CN(C[C@@H](O)[C@H](Cc1ccccc1)NC(=O)O[C@H]1CCOC1)S(=O)(=O)c1ccc(N)cc1	9.700	9.264	0.436
2v3d	CCCC[N@@H+]1C[C@H](O)[C@@H](O)[C@H](O)[C@H]1CO	3.940	6.104	2.164
4u1b	CCCC(CCC)C([NH3+])P(=O)(O)O	5.310	4.806	0.504
3lzs	CC(C)CN(C[C@@H](O)[C@H](Cc1ccccc1)NC(=O)O[C@H]1CO[C@H]2OCC[C@@H]12)S(=O)(=O)c1ccc(N)cc1	10.960	9.788	1.172
4kz6	C[C@@H]1CCC[C@H](C(=O)[O-])N1C(=O)CCS	3.100	4.865	1.765
6gfs	CCCCCCCCCCCCCCC(=O)[O-]	6.540	5.259	1.281
5dgu	COc1ccc(S(=O)(=O)N(CC(C)C)C[C@@H](O)[C@H](Cc2ccccc2)NC(=O)O[C@H]2CCO[C@H]3OC[C@H](OC)[C@@H]23)cc1	11.350	10.230	1.120
1uj5	O=C(CO)C(O)C(O)COP(=O)(O)O	3.050	5.430	2.380
4avj	OCc1cn(CCc2ccc(O[C@H]3O[C@H](CO)[C@@H](O)[C@H](O)[C@@H]3O)cc2)nn1	7.440	5.260	2.180
2yz3	O=C([O-])[C@@H](CS)CCCc1ccccc1	6.660	6.171	0.489
1ai5	O=C([O-])Cc1cccc([N+](=O)[O-])c1	3.720	3.874	0.154
4avh	CCCSCCCO[C@H]1O[C@H](CO)[C@@H](O)[C@H](O)[C@@H]1O	7.230	5.373	1.857
5aba	Oc1c(Br)cc(Cl)cc1C[N@H+]1CC[C@H]([N@H+]2CC[C@H](O)CC2)CC1	2.980	6.200	3.220
2qbq	CC1(C)CC(Nc2cccc(-c3sc(C(=O)[O-])c(OCC(=O)[O-])c3Br)c2)CC(C)(C)C1	7.440	5.518	1.922
6qlt	Cc1ccc(S[C@@H]2O[C@H](CO)[C@H](O)[C@H](n3cc(-c4ccccc4F)nn3)[C@H]2O)cc1	4.040	6.067	2.027
6e9a	COc1ccc(S(=O)(=O)N(CC(C)C)C[C@@H](O)[C@H](Cc2ccccc2)NC(=O)O[C@@H]2C[C@@H]3NC(=O)O[C@@H]3C2)cc1	11.920	9.322	2.598
3djv	N=c1ccn(C2OC(CO)C(OP(=O)(O)O)C2O)c(=O)[nH]1	4.550	4.391	0.159
4kz3	NS(=O)(=O)c1cc(Cl)sc1C(=O)[O-]	2.770	4.650	1.880
1o7o	O=c1ccn(C2OC(COP(=O)(O)OP(=O)(O)O)C(O)C2O)c(=O)[nH]1	4.490	4.645	0.155
5k8s	Nc1ncnc2c1ncn2C1OC2COP(=O)(O)OC2C1O	8.220	5.589	2.631
2q89	CC1=N[C@H](C(=O)[O-])[C@@H](O)CN1	6.300	4.225	2.075
5e2p	O=C(N[C@@H](Cc1ccccc1)C(=O)NCCc1cc(Cl)ccc1-n1cnnn1)c1ccc2[nH]c(=O)cc(O)c2c1	8.800	7.835	0.965
2doo	CN(C)c1cccc2c(S(=O)(=O)NCCCCNC(=O)CCS)cccc12	7.170	5.796	1.374
6g2f	Cc1noc(C)c1-c1ncn(C)c1-c1ccnc2cc(F)ccc12	5.170	6.346	1.176
4ea2	CC(C)=CCC/C(C)=C\C[NH2+]CC[NH2+][C@H]1[C@@H]2C[C@H]3C[C@@H](C2)C[C@@H]1C3	6.440	6.220	0.220
1ps3	O=C1N[C@@H]2[C@@H](O)[C@@H](O)[C@H](O)[C@@H](CO)N2C1=O	2.280	6.362	4.082
2qnp	O=S(=O)(c1ccccc1)N(Cc1ccc(I)cc1)[C@H]1C[NH2+]C[C@@H]1N(Cc1ccc(I)cc1)S(=O)(=O)c1ccccc1	6.410	6.800	0.390
5zym	O=S(=O)(CCO)c1ccc(-c2ccc(C3CCCC3)c([C@@H]3C[C@@H]3c3ccccn3)c2)cc1	5.770	7.203	1.433
5b25	CN1C(=O)c2c(nn(Cc3ccc(-c4cccc(F)n4)cc3)c2Nc2ccccc2)N2C1=[NH+][C@@H]1CCC[C@@H]12	10.240	7.602	2.638
3ttm	[NH3+]CCCC[NH3+]	8.520	4.337	4.183
6e1y	C[C@H](NC(=O)c1cccc(C[NH+]=C2NCCN2)c1)c1cccc(Cl)c1	7.660	6.911	0.749
2mas	Nc1ccc([C@@H]2[NH2+][C@H](CO)[C@@H](O)[C@H]2O)cc1	7.520	6.329	1.191
6ckr	Cn1cc(-c2ccc3c(=O)n(C)cc(-c4cccc(NS(C)(=O)=O)c4)c3c2)cn1	7.300	6.175	1.125
2j47	CC(=O)N[C@H]1c2nc(C(=O)Nc3ccccc3)cn2[C@H](CO)[C@@H](O)[C@@H]1O	5.410	6.619	1.209
4tu4	Cc1noc(C)c1-c1cc(NS(=O)(=O)c2ccccc2)cc(C(=O)[O-])c1	3.760	5.641	1.881
4luz	Cc1cccc(-n2nc(C(=O)[O-])cc2-c2ccc(OCc3ccc(-c4ccc(C(=O)[O-])o4)cc3)cc2)c1	4.700	6.102	1.402
1o5r	NC(=O)c1cn([C@@H](CO)CCn2ccc3ccc(NC(=O)NCc4ccccc4)cc32)cn1	8.120	6.247	1.873
1ajp	O=C([O-])Cc1cc(O)ccc1O	2.230	4.383	2.153
3fur	O=S(=O)(Nc1cc(Cl)c(Oc2cnc3ccccc3c2)c(Cl)c1)c1ccc(Cl)cc1Cl	8.000	7.422	0.578
2hs1	CC(C)CN(C[C@@H](O)[C@H](Cc1ccccc1)NC(=O)O[C@H]1CO[C@H]2OCC[C@@H]12)S(=O)(=O)c1ccc(N)cc1	8.480	9.817	1.337
6fba	Oc1cc2ccccc2cc1O	4.700	4.493	0.207
1msn	Cc1ccccc1CNC(=O)[C@H]1N(C(=O)[C@@H](O)[C@H](Cc2ccccc2)NC(=O)c2cccc(O)c2C)CSC1(C)C	9.090	7.601	1.489
4pvx	O=P(O)(O)C(Nc1cc(-c2ccc(OC3C=C3)cc2)ccn1)P(=O)(O)O	6.760	6.564	0.196
4bt4	C[C@H](O)[C@](C)(O)C(=O)[O-]	3.340	4.885	1.545
3l4w	OCC[N@@H+]1C[C@H](O)[C@@H](O)[C@H](O)[C@H]1CO	6.000	5.495	0.505
1ogz	C[C@]12CCc3c(ccc4cc(O)ccc34)[C@@H]1CCC2=O	5.850	5.359	0.491
1hms	CCCCCCCC/C=C\CCCCCCCC(=O)[O-]	6.370	5.883	0.487
3ljg	NC(=O)[C@H](CCC(=O)[O-])NC(=O)[C@H](CCC(=O)[O-])NC(=O)CCc1ccc(-c2ccccc2)cc1	7.730	5.522	2.208
6nu1	[NH3+][C@@H](CS)C(=O)[O-]	4.510	4.428	0.082
1nl9	CCCCCNC(=O)[C@H](Cc1ccc(N(C(=O)C(=O)[O-])c2ccccc2C(=O)[O-])c2ccccc12)NC(C)=O	5.960	6.836	0.876
3veh	C/C=C(\OC1=CCC[C@@H](C(=O)[O-])[C@@H]1O)C(=O)[O-]	4.960	5.019	0.059
6q4e	Nc1nc(I)c2[nH]cnc2n1	3.460	5.417	1.957
1ado	O=C(CO)COP(=O)(O)O	6.000	5.067	0.933
5ka7	O=C([O-])C(=O)Nc1sc2c(c1C(=O)[O-])CC[NH2+]C2	4.350	5.261	0.911
4cd5	OC[C@H]1O[C@@H](O[C@H]2[C@H](O)[C@H](O)c3nccn3[C@@H]2CO)[C@@H](O)[C@@H](O)[C@@H]1O	6.710	5.142	1.568
1olx	Cc1ncc(C[n+]2csc(CCOP(=O)(O)OP(=O)(O)O)c2C)c(N)n1	4.330	6.116	1.786
4us3	[NH3+][C@@H](Cc1c[nH]c2ccccc12)C(=O)[O-]	5.320	4.498	0.822
1ajq	O=C([O-])Cc1cccs1	4.310	4.054	0.256
3hkw	C=C(C)COc1ccc([C@H]2C3=C(CC(C)(C)CS3(=O)=O)Nc3c(O)cccc3N2C(=O)c2nc(C)oc2C)c(F)c1	8.640	7.233	1.407
1f8d	CC(=O)N[C@@H]1[C@@H](O)C=C(C(=O)[O-])O[C@H]1[C@H](O)[C@H](O)C[NH3+]	3.400	4.841	1.441
6dar	COc1cccc(C(=O)N(Cc2cccc(-c3cn4c(n3)CCC4)c2)CC2CC2)c1	6.660	6.287	0.373
5j3l	O=S(=O)(CCC1CCCC1)N1CCCC1	4.800	5.473	0.673
4x8v	COC(=O)Nc1ccc(S(=O)(=O)C(C)C)c([C@H]2CCCN2C(=O)[C@H](Nc2ccc3c(c2)C(=O)NCC3)c2ccc(OC)c(OC)c2)c1	6.890	8.610	1.720
4bt5	C[C@@H](O)[C@](C)(O)C(=O)[O-]	2.760	4.894	2.134
2jdp	CO[C@@H]1O[C@@H](C)[C@@H](O)[C@@H](O)[C@@H]1O	6.600	4.998	1.602
4qpd	[NH2+]=C1N=C2NC[C@H](CNc3ccc(C(=O)N[C@@H](CCC(=O)[O-])C(=O)[O-])cc3)[NH2+]C2C(=O)N1	7.820	6.909	0.911
3nu5	CC(C)CN(C[C@@H](O)[C@H](Cc1ccccc1)NC(=O)O[C@H]1CCOC1)S(=O)(=O)c1ccc(N)cc1	8.350	9.298	0.948
4cra	Nc1ccc2c(CNC(=O)[C@H](Cc3ccccc3)NC(=O)c3ccc4[nH]c(=O)cc(O)c4c3)cccc2n1	7.220	7.014	0.206
1n51	C[C@H](NC(=O)[C@@H]1CCCN1C(=O)[C@@H]1CCCN1C(=O)[C@@H](O)[C@H]([NH3+])Cc1ccccc1)C(N)=O	4.850	6.783	1.933
4dhl	Cc1ccc(-c2nc(C(=O)[O-])cs2)cc1	4.480	4.733	0.253
1pzi	O=[N+]([O-])c1cc(CO)cc(O[C@H]2O[C@H](CO)[C@H](O)[C@H](O)[C@H]2O)c1	4.220	5.432	1.212
3e5u	O=C([O-])Cc1ccc(O)c(Cl)c1	5.850	4.634	1.216
3fvl	O=C(CO)C[C@@H](Cc1ccccc1)C(=O)[O-]	6.070	5.018	1.052
4cr5	O=c1ccc2cc(Cl)ccc2[nH]1	4.150	5.009	0.859
2xc0	COc1ccc(NC(=O)[C@H]2CN(S(C)(=O)=O)C[C@@H]2C(=O)Nc2ccc(-n3ccccc3=O)cc2F)cc1F	6.720	6.866	0.146
2yaz	O=c1ccn(C2CC(O)C(COP(=O)(O)O)O2)c(=O)[nH]1	5.140	5.133	0.007
3t2q	O=C1O[C@H](CO)[C@H](O)[C@H](O)[C@H]1O	3.660	4.083	0.423
1xbo	COC(=O)c1c(O)cccc1OC/C=C/c1cccc(-c2onc(C(=O)[O-])c2CO)c1	6.040	6.038	0.002
2jf4	OCC1=C[C@H]([NH2+][C@H]2C[C@H](CO)[C@@H](O)[C@H](O)[C@H]2O)[C@H](O)[C@@H](O)[C@@H]1O	8.150	5.890	2.260
1ui0	O=c1cc[nH]c(=O)[nH]1	7.060	3.913	3.147
4f6u	Cc1ccc(-n2nc(C(C)(C)C)cc2NC(=O)NCCC[NH+]2CCOCC2)cc1	6.150	6.960	0.810
5nau	COc1ccc2c(c1)C=C(C[C@H]1CC[N@H+](Cc3ccccc3)CC1)C2=O	7.520	7.161	0.359
1c83	O=C([O-])C(=O)Nc1cc2[nH]ccc2cc1C(=O)[O-]	4.850	4.663	0.187
2xbw	NS(=O)(=O)N1C[C@H](C(=O)Nc2ccc(Cl)cc2)[C@@H](C(=O)Nc2ccc(-n3ccccc3=O)cc2F)C1	8.000	6.288	1.712
5u13	COc1ccc(C(=O)CSc2nc3[nH]c(=[NH2+])[nH]c(=O)c3[nH]2)cc1	5.410	6.032	0.622
4hw3	Cc1cc(OCCCc2c(C(=O)[O-])sc3ccccc23)cc(C)c1Cl	6.490	6.631	0.141
1ctu	O=C1N[C@H](O)C=CN1[C@@H]1O[C@H](CO)[C@@H](O)[C@H]1O	11.920	4.784	7.136
3n7o	CP(=O)(O)C(C(=O)N/C=C/c1ccc(F)c(F)c1)c1csc2ccc(Cl)cc12	7.140	8.416	1.276
1gpn	CC1=C[C@H]2Cc3[nH]c(=O)ccc3[C@]3(C1)[NH2+]CCC[C@H]23	6.480	5.312	1.168
4u43	c1cncc(Nc2ncnn3cccc23)c1	4.320	6.236	1.916
5n0f	OC[C@H]1O[C@H](SC[C@H]2C[NH2+]C[C@@H](O)[C@@H]2O)[C@@H](O)[C@@H](O)[C@@H]1O	6.050	5.372	0.678
3uxl	O=N[N+](=O)c1ccccc1	5.570	4.682	0.888
3gvb	O=C([O-])[C@H]1CC(=O)N(c2ccccc2O)C1	2.590	4.811	2.221
2wyj	C[C@@H](c1ccc(N2CC[C@H](NS(=O)(=O)/C=C/c3ccc(Cl)s3)C2=O)c(F)c1)[NH+](C)C	9.000	8.774	0.226
4hla	CC(C)CN(C[C@@H](O)[C@H](Cc1ccccc1)NC(=O)O[C@H]1CO[C@H]2OCC[C@@H]12)S(=O)(=O)c1ccc(N)cc1	10.800	9.790	1.010
3nuo	CC(C)CN(C[C@@H](O)[C@H](Cc1ccccc1)NC(=O)O[C@H]1CCOC1)S(=O)(=O)c1ccc(N)cc1	9.800	9.261	0.539
3s45	CC(C)CN(C[C@@H](O)[C@H](Cc1ccccc1)NC(=O)O[C@H]1CCOC1)S(=O)(=O)c1ccc(N)cc1	8.490	9.295	0.805
1m0o	CCC(C)(/N=C/c1c(COP(=O)(O)O)cnc(C)c1O)P(=O)(O)O	2.310	4.683	2.373
4q0k	C=C1C[C@]23C[C@@]1(O)CC[C@H]2[C@@]12C=C[C@H](O)[C@@](C)(C(=O)O1)[C@H]2[C@@H]3C(=O)[O-]	4.870	5.843	0.973
1ecq	O=C([O-])[C@@H](O)C[C@H](O)[C@@H](O)C(=O)[O-]	3.000	5.272	2.272
4gqq	CCOC(=O)/C=C/c1ccc(O)c(O)c1	2.890	4.978	2.088
5eq1	Cc1cccc2sc3nncn3c12	4.680	4.732	0.052
4x5z	N#Cc1cc2cc(C[N@H+]3CC[C@H](Nc4ncnc5sc(CC(F)(F)F)cc45)CC3)ccc2[nH]1	7.630	6.837	0.793
1hee	O=C(NO)N[C@@H](Cc1ccccc1)C(=O)[O-]	5.340	5.086	0.254
4lzs	CCc1c(C(=O)NC)[nH]c(C)c1C(C)=O	4.800	6.268	1.468
5evd	CC1(C)S[C@@H]2CS[C@@H](CS)[N@@H+]2[C@H]1C(=O)[O-]	5.000	6.037	1.037
4dzy	O=C([O-])[C@@H](Cl)Cc1ccccc1	5.620	4.885	0.735
6gvz	C[C@H](CCC(=O)NCC(=O)[O-])[C@H]1CC[C@H]2[C@H]3[C@H](CC[C@@]21C)[C@@]1(C)CC[C@@H](O)C[C@H]1C[C@H]3O	6.400	5.707	0.693
1e3v	C[C@H](CCC(=O)[O-])[C@H]1CC[C@H]2[C@@H]3CC[C@@H]4C[C@H](O)CC[C@]4(C)[C@H]3C[C@H](O)[C@@]21C	4.340	6.537	2.197
2vrj	CCCCCCCCNC(=S)N1[C@H]2CO[C@@H]1[C@H](O)[C@@H](O)[C@@H]2O	6.300	5.621	0.679
3gi5	CC(=O)c1cccc(N2C[C@@H](C(=O)N[C@@H](Cc3ccccc3)[C@H](O)CN(CC(C)C)S(=O)(=O)c3ccc4c(c3)OCO4)OC2=O)c1	11.220	8.920	2.300
1uwu	O=NC1[NH2+][C@H](CO)[C@@H](O)[C@H](O)[C@H]1O	5.980	6.071	0.091
2fu8	C[C@H](CS)C(=O)N1CCC[C@@H]1C(=O)[O-]	4.700	5.235	0.535
6t1j	O=C(NCc1ccc(C[NH+]2CCCC2)cc1)N1CCN(C(=O)c2cccs2)CC1	4.740	6.371	1.631
2f8g	CC(C)CN(C[C@@H](O)[C@H](Cc1ccccc1)NC(=O)O[C@H]1CO[C@H]2OCC[C@@H]12)S(=O)(=O)c1ccc(N)cc1	8.700	9.814	1.114
5ufp	N#Cc1cc(F)cc(Oc2ccc(S(=O)(=O)C(F)F)c3c2CC(F)(F)[C@H]3O)c1	7.370	7.342	0.028
3b5r	C[C@](O)(COc1ccc(Cl)c(F)c1)C(=O)Nc1ccc(C#N)c(C(F)(F)F)c1	8.770	8.719	0.051
3pgu	C/C=C/CCCC/C=C/CC(=O)[O-]	6.700	5.136	1.564
4k55	CC(CO)CCOP(=O)(O)OP(=O)(O)O	5.510	5.155	0.355
6n79	O=C(Nc1cn[nH]c1-c1cc(Cl)ccc1OC(F)F)c1cnn2cccnc12	9.680	8.319	1.361
4b5w	CC(O)C(=O)[O-]	3.330	4.320	0.990
2yfe	COc1cc(CCc2ccccc2)c(C(=O)[O-])c(O)c1CC=C(C)C	6.630	6.143	0.487
1ecv	O=C([O-])C(=O)Nc1ccc(I)cc1C(=O)[O-]	4.850	5.627	0.777
1km3	O=c1cnn(C2OC(COP(=O)(O)O)C(O)C2O)c(=O)[nH]1	4.910	5.230	0.320
2jgs	O=C([O-])CCCC[C@@H]1SC[C@@H]2NC(=O)N[C@H]12	6.620	8.297	1.677
4epy	O=C(NC1=CCc2[nH]c(Cc3c[nH]c4ccccc34)nc2C1)[C@@H]1CCC[NH2+]1	3.470	7.094	3.624
1j01	O=C1NCC[C@@H](O[C@@H]2OC[C@@H](O)[C@H](O)[C@H]2O)[C@@H]1O	6.470	5.528	0.942
3c2r	O=C([O-])c1ccccc1C(=O)[O-]	3.110	4.193	1.083
3ui7	COc1cc(C)c2nc3n[nH]c(C)c3c(C[NH+]3CCOCC3)c2c1	9.000	7.168	1.832
5evk	O=C([O-])[C@@H]1CS[C@H]2CS[C@H](CS)[N@H+]21	4.920	5.457	0.537
6t1m	N#Cc1ccc(C(=O)Nc2ccc3nc(C[NH+]4CCCCC4)[nH]c3c2)cc1	5.210	6.994	1.784
3jup	O=C([O-])c1cc(Br)ccc1N[C@H]1CCC[NH2+]C1	5.580	5.301	0.279
2r43	Nc1ccc(S(=O)(=O)N(Cc2ccccc2)[C@H]2C[NH2+]C[C@@H]2N(Cc2ccccc2)S(=O)(=O)c2ccc(N)cc2)cc1	6.000	5.820	0.180
6haz	Nc1nnc(-c2ccccc2O)cc1N1CC[NH2+]CC1	7.000	5.940	1.060
2pwg	O[C@H]1C[N@@H+]2CC[C@H](O)[C@@H]2[C@@H](O)[C@@H]1O	4.820	5.744	0.924
3hcm	Clc1ccc(-c2noc([C@@H]3CCC[NH2+]C3)n2)cc1	3.300	5.471	2.171
3nhi	CCCCC/C=C\CC/C=C/CCCC[C@@H](O)CCCC(=O)[O-]	8.430	6.395	2.035
4b6o	COc1ccc(C[C@@H]2C(=O)[C@@H](O)[C@H](O)C[C@]2(O)C(=O)[O-])cc1	7.000	5.927	1.073
4c52	CCCN(C(=O)N[C@@H](CSCC(C)C)C(=O)[O-])C(=O)c1cccc(C#Cc2ccc(F)cc2F)c1	5.680	6.071	0.391
3sug	CC[C@@H]1C[C@]1(NC(=O)[C@@H]1C[C@@H]2CN1C(=O)[C@H](C(C)(C)C)NC(=O)O[C@@H]1C[C@H]1CCCCCc1nc3ccc(OC)cc3nc1O2)C(=O)NS(=O)(=O)C1C=C1	6.210	8.584	2.374
3f8c	CCOc1ccc(-c2nc3cc(-c4nc5ccc(N6CC[NH+](C)CC6)cc5[nH]4)ccc3[nH]2)cc1	7.680	7.287	0.393
6ny0	COCC(O)COC	5.400	4.804	0.596
5ult	COc1ccc(S(=O)(=O)N(CC(C)C)C[C@@H](O)[C@H](Cc2ccccc2)NC(=O)O[C@@H]2[C@@H]3CO[C@@H]4OC[C@H]2C[C@@H]43)cc1	10.850	9.832	1.018
1yvm	c1ccc2[nH]c(-c3cscn3)nc2c1	6.400	5.751	0.649
6j9w	OC[C@H]1O[C@H](O[C@H]2O[C@H](CO)[C@@H](O)[C@H](O)[C@H]2O)[C@H](O)[C@@H](O)[C@@H]1O	5.130	4.403	0.727
1pgp	O=C(O)C(O)C(O)C(O)C(O)COP(=O)(O)O	5.700	5.727	0.027
2hzl	CC(=O)C(=O)[O-]	6.570	3.733	2.837
4ayp	CO[C@H]1O[C@H](CO)[C@@H](O)[C@H](O)[C@@H]1S[C@H]1O[C@H](CO)[C@@H](O)[C@H](O)[C@@H]1O	6.120	4.553	1.567
2o4j	C=C1[C@H](O)CC(=C/C=C2\CCC[C@]3(C)/C(=C(/C)CCCC(C)(C)O)CC[C@@H]23)C[C@H]1O	10.100	6.909	3.191
3ddg	CN1C(=O)[C@H](O)[C@H](O)[C@H]1C[NH2+][C@@H](CO)c1ccccc1	6.000	6.102	0.102
3rlb	Cc1ncc(C[n+]2csc(CCO)c2C)c(N)n1	9.920	5.591	4.329
3mxd	CC(C)CN(C[C@@H](O)[C@H](Cc1ccccc1)NC(=O)[C@@H]1CN(c2ccccc2O)C(=O)O1)S(=O)(=O)c1ccc2c(c1)OCO2	8.830	8.843	0.013
5zg1	CC(C)(C)c1ccc(C2C=CCN3CCS(=O)(=O)N=C23)cc1	7.720	5.543	2.177
3pb9	c1ccc(Cn2ccnc2)cc1	6.580	5.445	1.135
2wvt	OC[C@@H]1[NH2+][C@@H](CO)[C@@H](O)C(O)[C@@H]1O	6.120	5.174	0.946
2qwd	CC(=O)N[C@@H]1[C@@H]([NH3+])C=C(C(=O)[O-])O[C@H]1[C@H](O)[C@H](O)CO	4.850	5.681	0.831
3vf5	COc1ccc(S(=O)(=O)N(C[C@H]2CCC(=O)N2)C[C@@H](O)[C@H](Cc2ccccc2)NC(=O)O[C@@H]2C[C@@H]3CCO[C@@H]3C2)cc1	9.340	9.116	0.224
3f19	O=C(CNS(=O)(=O)c1ccc(F)cc1)NO	7.190	5.427	1.763
5jgi	CC(=O)N[C@@H](CCCNC(N)=[NH2+])C(=O)[O-]	4.300	4.952	0.652
1e66	CCC1=C[C@@H]2Cc3nc4cc(Cl)ccc4c(N)c3[C@H](C1)C2	9.890	6.645	3.245
4zei	O=P(O)(O)OC1C(O)OCC(O)C1O	5.880	5.550	0.330
3ekp	CC(C)CN(C[C@@H](O)[C@H](Cc1ccccc1)NC(=O)O[C@H]1CCOC1)S(=O)(=O)c1ccc(N)cc1	8.890	9.284	0.394
1qbs	O=C1N(Cc2ccc(CO)cc2)[C@H](Cc2ccccc2)[C@H](O)[C@@H](O)[C@@H](Cc2ccccc2)N1Cc1ccc(CO)cc1	9.470	6.466	3.004
6mg5	CCN(CC)c1ccc2c(C)cc(=O)oc2c1	4.690	4.444	0.246
6dyy	CCCCn1cc(CCCSC[C@H]2C[N@@H+](Cc3c[nH]c4c(N)ncnc34)C[C@@H]2O)nn1	10.550	9.332	1.218
6ncn	NC(=[NH2+])C1(c2cccc(Cl)c2)CCC1	3.050	5.240	2.190
2nsj	Nc1c(C(=O)O)ncn1C1OC(COP(=O)(O)O)C(O)C1O	4.790	5.735	0.945
3sww	COCCN1Cc2c(nc(C)c(C[NH3+])c2-c2ccc(Cl)cc2Cl)C1=O	8.400	7.367	1.033
6ayo	CCC[C@H]1C[N@@H+](Cc2c[nH]c3c(N)ncnc23)C[C@@H]1O	8.290	8.415	0.125
3ggu	CC(C)CN(C[C@@H](O)[C@H](Cc1ccccc1)NC(=O)O[C@H]1CO[C@H]2OCC[C@@H]12)S(=O)(=O)c1ccc(N)cc1	9.770	9.802	0.032
3rv8	O=C([O-])C1=CC=CC(O/C(=C\C2C=C2)C(=O)[O-])C1=O	4.920	5.980	1.060
1rnm	N=c1ccn(C2OC(COP(=O)(O)O)C(O)C2O)c(=O)[nH]1	3.070	4.609	1.539
1li6	Cc1cc[nH]c1	3.800	4.413	0.613
5dey	CNc1ncc2cc(-c3ccc(-c4cccc(C)n4)cc3Cl)c(=O)n(C[C@H]3OC[C@H]([NH3+])CO3)c2n1	8.430	7.985	0.445
2i80	CC(C)(CCl)C(=O)Nc1ccc(C(F)(F)F)cc1	5.400	5.299	0.101
2psu	CNC(=O)CCC(=O)N[C@@H](Cc1ccccc1)[C@H](O)CN(CC1CC1)S(=O)(=O)c1cccc(OC)c1	7.620	7.938	0.318
6qlq	Cc1ccc(S[C@@H]2O[C@H](CO)[C@H](O)[C@H](n3cc(-c4ccc(F)cc4)nn3)[C@H]2O)cc1	4.510	6.036	1.526
1ogx	C[C@]12CCc3c(ccc4cc(O)ccc34)[C@@H]1CCC2=O	6.090	5.354	0.736
4o0y	CCNc1nc2ccc(C#CC(C)(C)O)cc2n1-c1ncnc(N)n1	7.220	7.383	0.163
4ndu	CO[C@H]1O[C@H](CO)[C@H](O)[C@H](O)[C@H]1O	2.740	4.476	1.736
2vjx	O=C1NC[C@H](CO)[C@@H](O)[C@@H]1O	4.960	5.307	0.347
3f80	[NH3+][C@@H](CCCC[N+](=O)[O-])C(=O)[O-]	4.220	4.915	0.695
4wn5	CCCCCC/C=C\CCCCCCCCCC(=O)OC[C@@H](O)CO	7.410	6.112	1.298
2vnp	C[NH+](C)CCOP(=O)(O)OP(=O)(O)O	9.920	4.571	5.349
5mro	O=C1[C@@H](Cc2ccccc2)C(Cl)=Nc2ncnn21	5.700	6.525	0.825
6hlx	O=C([O-])[C@@H]1CCC(=O)N1C[C@@H](O)[C@@H](O)[C@H](O)[C@H](O)CO	7.170	5.307	1.863
5hwv	Cc1ccccc1	5.070	4.154	0.916
5my8	O=C(Nc1cc(C(F)(F)F)ccc1N1CC[NH+](Cc2ccccn2)CC1)c1ccc(-c2ccncc2)o1	7.140	8.175	1.035
4u71	[NH3+]C(C1CCCCC1)P(=O)(O)O	5.220	5.624	0.404
3su3	CC[C@@H]1C[C@]1(NC(=O)[C@@H]1C[C@@H]2CN1C(=O)[C@H](C(C)(C)C)NC(=O)OCC(C)(C)CCCCc1cccc3cn(cc13)C(=O)O2)C(=O)NS(=O)(=O)C1CC1	9.130	8.647	0.483
5a5q	Cc1cc2ccnc(NC3CC[NH2+]CC3)c2[nH]c1=O	4.680	5.814	1.134
3gk1	CCCCC#Cc1ccc(C(=O)NNC(=S)NC)o1	4.100	6.979	2.879
4r4c	O=C([O-])c1cc(-c2ccc(CNC(=O)c3ccc(-c4ccc(C(=O)[O-])o4)cc3Cl)cc2)n(-c2ccc(Cl)c(Cl)c2)n1	5.540	6.849	1.309
5h9r	OC[C@H]1O[C@@H](S[C@@H]2O[C@H](CO)[C@H](O)[C@H](n3cc(-c4cccc(F)c4)nn3)[C@H]2O)[C@H](O)[C@@H](O)[C@H]1O	6.080	5.820	0.260
5jxq	[NH2+]=c1[nH]c(=O)c2cc3[nH]c(NCCc4ccc(CCO)cc4)nc3cc2[nH]1	8.150	7.131	1.019
2r9w	O=C([O-])c1ccc2c(c1)C(=O)N([C@H](Cc1cccc3ccccc13)C(=O)[O-])C2=O	5.100	6.072	0.972
6ej2	CO[C@H]1CC[C@@]2(Cc3ccc(-c4cncnc4)cc3[C@@]23COC(=[NH2+])N3)C[C@@H]1C	7.800	7.176	0.624
4x50	OC[C@H]1O[C@H](Oc2ccc(-c3ccccc3)cc2)[C@@H](O)[C@@H](O)[C@@H]1O	7.750	5.535	2.215
3fx6	O=C([O-])[C@H](Cc1ccccc1)CC(O)(O)C[N+](=O)[O-]	6.800	6.031	0.769
1hlk	CO[C@@H]1O[C@@H](C)Cc2oc3cc(O)c(O)c(C(=O)[O-])c3c(=O)c21	5.000	5.496	0.496
2ya6	CC(=O)N[C@@H]1[C@@H](O)C=C(C(=O)[O-])O[C@H]1[C@H](O)[C@H](O)CO	5.700	4.874	0.826
6ays	CCCCCCSC[C@H]1C[N@@H+](Cc2c[nH]c3c(N)ncnc23)C[C@@H]1O	9.190	9.658	0.468
4kn1	Nc1nc(N)c2nc(CNc3ccc(C(=O)N[C@@H](CCC(=O)[O-])C(=O)[O-])cc3)cnc2n1	6.840	6.587	0.253
3tsk	NC(=O)CC[C@H](NC(=O)CCc1ccc(-c2cc(-c3ccccc3)cs2)cc1)C(=O)N[C@@H](CCC(=O)[O-])C(N)=O	7.170	5.535	1.635
5nvw	Cc1ncsc1-c1ccc(CNC(=O)[C@@H]2C[C@@H](O)CN2C(=O)[C@@H](NC(=O)C2CC2)C(C)(C)C)cc1	6.770	6.479	0.291
6g24	O=C([O-])c1ccccc1/C=C/c1cccs1	2.770	4.345	1.575
3pb8	CC(=O)NCCc1c[nH]cn1	5.240	4.851	0.389
5oht	O=S(=O)([O-])C[C@H]1C[NH2+]C[C@@H](O)[C@@H]1O	6.020	5.810	0.210
1lee	Cc1cccc(C)c1OCC(=O)N[C@@H](Cc1ccccc1)[C@@H](O)C[C@H](CC(C)C)NC(=O)c1cccc(N)c1	7.740	7.052	0.688
3sjf	CSCC[C@H](NC(=O)N[C@@H](CCCCNC(=O)c1ccc(I)cc1)C(=O)[O-])C(=O)[O-]	7.640	7.219	0.421
3f37	Cc1cccc(C)c1O	2.620	3.627	1.007
4w9i	CC(=O)N1C[C@H](O)C[C@H]1C(=O)N1C[C@H](O)C[C@H]1C(=O)NCc1ccc(-c2scnc2C)cc1	5.960	5.663	0.297
2gst	[NH3+][C@@H](CCC(=O)N[C@@H](CS[C@H]1c2ccccc2-c2ccccc2[C@@H]1O)C(=O)NCC(=O)[O-])C(=O)[O-]	6.070	6.205	0.135
3qbc	[NH2+]=c1[nH]c(=O)c2[nH]c(S)nc2[nH]1	4.970	4.955	0.015
6gj6	C[NH+](C)Cc1[nH]c2ccccc2c1[C@H]1NC(=O)c2ccc(O)cc21	4.700	5.891	1.191
3v2n	CCCCCCCCCCCCCC(=O)[O-]	6.100	5.263	0.837
1ws1	CCCCC[C@H](CC(=O)NO)C(=O)N[C@H](C(=O)N1CCC[C@H]1C(=O)[O-])C(C)C	9.550	7.732	1.818
5u0z	[NH2+]=c1[nH]c(=O)c2[nH]c(S[C@@H](C(=O)[O-])c3ccccc3)nc2[nH]1	6.190	5.307	0.883
4zyf	COc1cc2c(cc1OC(C)C)[C@H](c1ccc(Cl)cc1)N(c1ccc(N(C)C[C@H]3CC[C@H]([N@H+]4CCN(C)C(=O)C4)CC3)cc1)C(=O)C2	8.640	7.771	0.869
1tcx	CC(C)[C@H](NC(=O)[C@H](Cc1ccccc1)C[C@H](O)[C@H](Cc1ccccc1)NC(=O)OC(C)(C)C)c1ncc[nH]1	6.950	7.520	0.570
3ddf	O=C1N[C@H](C[NH2+][C@@H](CO)c2ccccc2)[C@@H](O)[C@H]1O	4.660	5.798	1.138
4ufi	OC[C@H]1[NH2+][NH2+]C[C@@H](O)[C@H]1O	6.200	5.354	0.846
2i19	O=P(O)(O)C(CNc1ccccn1)P(=O)(O)O	7.800	5.201	2.599
1px4	CC(C)S[C@@H]1O[C@H](CO)[C@H](O)[C@H](O)[C@H]1O	3.230	4.938	1.708
4b73	CC[C@@H]([NH2+][C@@H](C)CC(N)=O)c1ccc(Cl)c(Oc2ccccc2)c1F	7.210	7.422	0.212
3mjl	Nc1ncc[nH]1	2.440	4.271	1.831
3zso	C=CC[N@H+](Cc1ccccc1C(=O)NC(c1ccc(OC)cc1)c1ccc(OC)cc1)Cc1ccc2c(c1C(=O)[O-])OCO2	5.120	5.992	0.872
4xtv	Nc1ncnc2c1ncn2[C@H]1CC[C@@H](CNS(=O)(=O)NC(=O)CCCC[C@@H]2SC[C@@H]3NC(=O)N[C@H]23)C1	9.270	10.704	1.434
6exs	CCC[C@@](C)(CCO)SC[C@H]([NH3+])C(=O)NCC(=O)[O-]	3.440	4.541	1.101
5zg3	O=S1(=O)CCN2C=CC=C(c3ccc(Oc4ccccc4)cc3)[C@@H]2N1	7.210	5.614	1.596
2qi7	CCC(=O)CCC(=O)N[C@@H](Cc1ccccc1)[C@H](O)CN(C[C@@H](C)CC)S(=O)(=O)c1ccc(OC)cc1	10.210	8.518	1.692
3l0v	COc1ccc2[nH]n(C[C@@]3(C)NC(=O)NC3=O)c(=O)c2c1	7.640	7.370	0.270
5g1z	CCOC(=O)c1cnc2ccc(OC)cc2c1SCCC#N	5.320	5.819	0.499
3alt	OC[C@H]1O[C@H](OC[C@H]2O[C@H](O)[C@H](O)[C@@H](O)[C@@H]2O)[C@H](O)[C@@H](O)[C@H]1O	2.920	4.425	1.505
6jay	Nc1c(C(=O)NC[C@@H]2CCCO2)cc2c(=O)n3ccccc3nc2c1Cc1ccco1	5.700	7.154	1.454
2flr	NC(=O)NCc1cccc(-c2cccc(-c3cc4cnccc4[nH]3)c2O)c1	6.100	6.419	0.319
2sim	CC(=O)N[C@@H]1[C@@H](O)C=C(C(=O)[O-])O[C@H]1[C@H](O)[C@H](O)CO	3.420	4.908	1.488
2qbp	O=C([O-])COc1c(C(=O)[O-])sc(-c2cccc(NC3CCN(S(=O)(=O)Cc4ccccc4)CC3)c2)c1Br	8.400	6.701	1.699
6jbe	OC[C@H]1O[C@H](O)[C@H](O)[C@@H](O)[C@@H]1O	4.700	4.066	0.634
3su0	CC(C)(C)OC(=O)N[C@H]1CCCCC/C=C\[C@@H]2C[C@@]2(C(=O)NS(=O)(=O)C2CC2)NC(=O)[C@@H]2C[C@@H](OC(=O)n3cc4cccc(F)c4c3)CN2C1=O	6.790	8.254	1.464
2ovy	COc1cc2ncnc(N3CC[C@@H](Oc4cnc5ccccc5n4)C3)c2cc1OC	8.400	6.156	2.244
3f6g	CC[C@H](C)[C@H]([NH3+])C(=O)[O-]	4.720	4.188	0.532
1x39	OC[C@@H]1[C@@H](O)[C@H](O)[C@@H](O)c2nc(CNc3ccccc3)cn21	9.220	5.839	3.381
5ot9	C[C@@H]([NH2+][C@@H](Cc1c[nH]cn1)C(=O)[O-])C(=O)[O-]	4.070	5.226	1.156
5m17	OC[C@H]1O[C@H](O[C@@H]2CCO[C@H](CO)[C@H]2O)[C@@H](O)[C@@H](O)[C@@H]1O	3.660	4.964	1.304
3d52	O=C(Nc1ccc(Cl)cc1)O/N=C1\N[C@H](CO)[C@@H](O)[C@H](O)[C@H]1O	3.280	5.670	2.390
6g27	Cc1cc(=O)n(C2CC[NH2+]CC2)nc1-c1ccccc1	3.140	5.858	2.718
3x00	[NH2+]=C1N[C@@H]2[C@H](CCCCC(=O)NCCCCCC=O)SC[C@@H]2N1	9.080	8.461	0.619
6c85	O=C1CCC(=O)CC1	3.900	4.204	0.304
5fnu	COc1cc([C@@H](CC(=O)[O-])c2ccc(C)c(CN3C[C@@H](C)Oc4ccccc4S3(=O)=O)c2)cc2nnn(C)c12	8.890	6.028	2.862
1q91	Cc1cn(C2CC3OC(c4ccccc4)(P(=O)(O)O)OCC3O2)c(=O)[nH]c1=O	4.150	5.758	1.608
4og4	N#Cc1ccc(OCCC[N@H+]2CC[C@H]([C@](O)(c3ccccc3)C3CCCC3)CC2)cc1	6.020	7.246	1.226
6qpl	COc1c(C[NH3+])cc(C[NH3+])cc1OCCC[NH+]1Cc2ccccc2C1	7.040	5.995	1.045
2y8c	O=C(NCCO)[C@H](CCOC(c1ccccc1)(c1ccccc1)c1ccccc1)Cn1ccc(=O)[nH]c1=O	6.400	6.496	0.096
3nq3	CCCCCCCCCC(=O)[O-]	3.780	5.283	1.503
5oh4	O=C1CCCC(=O)N1	4.550	4.985	0.435
4np3	Cc1nc[nH]c1C[N@H+]1CCc2cccc(N)c2C1	3.300	6.001	2.701
3k37	CCC(CC)[C@H](NC(C)=O)[C@@H]1[C@H](O)[C@@H](C(=O)[O-])C[C@H]1NC(N)=[NH2+]	8.920	5.800	3.120
6f9g	[NH3+]CCCC[NH3+]	5.700	4.349	1.351
3ovn	Cn1nc(-c2cccs2)cc1N	2.550	4.256	1.706
4j45	C[C@H]([NH3+])C(=O)N[C@H](C(=O)N[C@@H](C)C(=O)N[C@@H](C)C(=O)[O-])[C@@H](C)O	5.770	5.102	0.668
1uwf	CCCCO[C@H]1O[C@H](CO)[C@@H](O)[C@H](O)[C@@H]1O	6.820	5.321	1.499
3sue	CC[C@@H]1C[C@]1(NC(=O)[C@@H]1C[C@@H]2CN1C(=O)[C@H](C(C)(C)C)NC(=O)O[C@@H]1C[C@H]1CCCCCc1nc3ccc(OC)cc3nc1O2)C(=O)NS(=O)(=O)C1C=C1	9.080	8.423	0.657
6cbf	O=C([O-])c1cc(-c2cn[nH]c2)ccc1Oc1ccccc1	5.170	5.270	0.100
1v48	Nc1nc2c(ncn2CCCCC(F)(F)P(=O)(O)O)c(=O)[nH]1	7.800	5.326	2.474
6r18	[NH3+]Cc1ccc(COC(=O)N[C@H]2CC(=O)NC2=O)cc1	4.920	5.120	0.200
4ymq	C[C@H](CCO)N(C)C(=O)CCCN1c2ccccc2N(Cc2ccc(C(O)(C(F)(F)F)C(F)(F)F)cc2)S1(=O)=O	5.800	8.046	2.246
4ly9	C[C@H]1COCC[N@H+]1C[C@H]1CN(S(=O)(=O)c2cccs2)CCN1c1ccc([C@@](C)(O)C(F)(F)F)cc1	8.150	7.140	1.010
4cc5	Clc1cncc(-c2nnc[nH]2)n1	4.420	4.926	0.506
2h4g	O=C([O-])COc1c(C(=O)[O-])sc(-c2ccc(O)cc2)c1Br	6.520	5.497	1.023
1q1g	CSC[C@H]1[NH2+][C@@H](c2c[nH]c3c(=O)[nH]cnc23)[C@H](O)[C@@H]1O	8.570	7.500	1.070
5lz7	C[C@]1(c2ccccc2)CC(=O)N(CCOc2ccc(F)c(C#N)c2)C1	6.280	6.328	0.048
1tq4	Nc1nc2c(ncn2C2OC(COP(=O)(O)OP(=O)(O)O)C(O)C2O)c(=O)[nH]1	6.190	5.354	0.836
5w44	O=C(NCCc1ccccc1)c1nc([C@@H]2CCCN2C(=O)c2c(Cl)cccc2Cl)[nH]c(=O)c1O	6.440	6.916	0.476
6s4n	CC(C)N1C(=O)C(NC2CCN(c3ncc(CC(=O)[O-])cc3Cl)CC2)=C(c2ccccc2)S1(=O)=O	6.790	7.305	0.515
6d5h	Cc1cc(Cn2c(N3CC[NH2+]CC3)nc3c(-c4ccccc4Cl)cc(Cl)cc32)cc(C)c1F	6.920	7.379	0.459
6b1k	Cn1ccc2ccc(-c3cn(-c4ccc(O)cc4)nn3)nc2c1=O	6.670	4.988	1.682
1ndw	NC(=O)c1cn([C@@H](CO)CCc2ccccc2)cn1	5.230	5.246	0.016
2r9x	O=C([O-])C[C@@H](Cc1cccc2ccccc12)N1C(=O)c2ccc(C(=O)[O-])cc2C1=O	4.850	6.186	1.336
3fed	[NH3+]C(CCP(=O)(O)CC(CCC(=O)O)C(=O)O)C(=O)O	7.460	7.181	0.279
3f17	O=NC(=O)CNS(=O)(=O)c1ccc(-c2ccccc2)cc1	8.630	6.307	2.323
3g35	O=C(Nc1cccc(-c2nn[nH]n2)c1)c1cccc(F)c1	4.680	5.760	1.080
5zyg	CC(C)(C)c1cc(CCc2ccccn2)cc(-c2ccc(S(=O)(=O)CCO)cc2)c1	5.210	7.291	2.081
4dst	Cc1[nH]c2cc(Cl)cc(Cl)c2c1CC[NH3+]	2.960	5.519	2.559
4ljh	Cn1cc(O[C@@H]2O[C@H](CO)[C@H](O)[C@H](O)[C@H]2O)c2ccccc21	4.710	5.262	0.552
2xd9	C/C=C/c1cc2c(s1)[C@@H](O)[C@H](O)C[C@]2(O)C(=O)[O-]	6.460	6.924	0.464
3ocp	Nc1ncnc2c1ncn2C1OC2COP(=O)(O)OC2C1O	7.570	5.603	1.967
3zhx	O=C(c1ccccc1)N(O)CCC(c1ccc(Cl)c(Cl)c1)P(=O)(O)O	6.680	5.931	0.749
5vo1	CC(C)n1nc(-c2cnc(N)c(C(F)(F)F)c2)cc1[C@@H]1[C@H]2C[N@@H+](C3COC3)C[C@H]21	8.150	6.422	1.728
6fnq	C[N+](C)(C)[C@@H](Cc1cnc[nH]1)C(=O)[O-]	4.590	5.645	1.055
1hmt	CCCCCCCCCCCCCCCCCC(=O)[O-]	5.790	5.265	0.525
6dz0	C#CCCCSC[C@H]1C[N@@H+](Cc2c[nH]c3c(N)ncnc23)C[C@@H]1O	9.030	9.809	0.779
1kav	O=P(O)(O)C(F)(F)c1ccc(/C=C/C=C/c2ccc(C(F)(F)P(=O)(O)O)cc2)cc1	5.820	5.111	0.709
6gl8	O=C(c1cc(-c2cc3c(cc2C(=O)N2Cc4ccccc4C[C@H]2C[NH+]2CCOCC2)OCO3)n2c1CCCC2)N(c1ccccc1)c1ccc(O)cc1	8.610	6.453	2.157
6b4n	COC(=O)c1coc(-c2ccc(S(=O)(=O)N(CC(C)C)C[C@@H](O)[C@H](Cc3ccccc3)NC(=O)O[C@H]3CO[C@H]4OCC[C@@H]34)cc2)n1	10.550	10.508	0.042
5yh8	C[C@H]([NH2+][C@@H](CC[NH2+][C@H](Cc1cnc[nH]1)C(=O)[O-])C(=O)[O-])C(=O)[O-]	6.780	5.699	1.081
6cn5	Cn1cc(C2CCN(C(=O)C3CCCCC3)CC2)c2cc(NC(=O)c3cc(C#N)ccn3)ccc21	7.700	7.346	0.354
1uz4	O=C1NC[C@H](CO)[C@@H](O)[C@@H]1O	3.400	5.343	1.943
6d1g	Cc1cc(Br)c2c(CP(=O)(O)O)cc(=O)oc2c1	4.470	4.867	0.397
4bj8	O=C([O-])CCCC[C@@H]1SC[C@@H]2NC(=O)N[C@H]12	8.290	8.264	0.026
6pg3	CCCCc1ncc(CO)[nH]1	3.320	5.816	2.496
4u6c	[NH3+]C(CCC1CCCC1)P(=O)(O)O	5.000	5.612	0.612
3g2z	O=C1C=C(Nc2nnn[nH]2)CCC1	2.360	5.642	3.282
3v3q	CCCCCCCC(=O)c1cc(OC)c(OC)c(OC)c1CC(=O)OCC	6.600	6.513	0.087
2j7b	OC[C@@H]1[C@@H](O)[C@H](O)[C@@H](O)c2nnnn21	6.620	4.863	1.757
5ad1	O=C(NCCCCCCCCNC(=O)c1cccc(O)c1O)c1cccc(O)c1O	7.240	4.804	2.436
2vw1	CC(=O)N[C@@H]1[C@@H](O)C=C(C(=O)[O-])O[C@H]1[C@H](O)[C@H](O)CO	3.520	4.907	1.387
4qfo	CSCC[C@H]([NH3+])C(=O)N[C@@H](CC(C)C)C(=O)[O-]	4.270	4.562	0.292
3n86	O=C(CCC1=C[C@@](O)(C(=O)[O-])C[C@@H](O)[C@@H]1O)Nc1ccccc1	5.640	5.821	0.181
6r1d	O=C1C[C@H](NC(=O)OCc2ccccc2)C(=O)N1	5.400	5.386	0.014
1g2k	CNC(=O)c1cccc(CN2[C@H](COc3ccccc3)[C@H](O)[C@@H](O)[C@@H](COc3ccccc3)N(Cc3ccccc3)S2(=O)=O)c1	7.960	7.568	0.392
4tun	CNC(=O)CC(C)OP(=O)(O)OC	5.410	4.977	0.433
2d3u	Cc1ccccc1S(=O)(=O)Nc1cc(-c2ccc(C#N)cc2)sc1C(=O)[O-]	6.920	6.376	0.544
4mhy	COc1ccc(N/C(S)=N/CCCn2ccnc2)cc1OC	6.470	6.223	0.247
2bz6	CCOc1cc(O[C@@H]2CCOC2)c(F)c([C@@H](Nc2ccc(C(N)=[NH2+])cc2)C(=O)[O-])c1	7.090	7.470	0.380
3su1	CC(C)(C)OC(=O)N[C@H]1CCCCC/C=C\[C@@H]2C[C@@]2(C(=O)NS(=O)(=O)C2CC2)NC(=O)[C@@H]2C[C@@H](OC(=O)n3cc4cccc(F)c4c3)CN2C1=O	6.680	8.260	1.580
5fs5	CCCCCCCO[C@H]1O[C@H](CO)[C@@H](O)[C@H](O)[C@@H]1O	6.690	5.571	1.119
1w4o	O=c1ccn(C2OC(CO)C(OP(=O)(O)O)C2O)c(=O)[nH]1	5.220	4.439	0.781
4y0a	O=C([O-])C1C[C@@H](O)C(O)[C@H](O)C1	2.310	4.829	2.519
6n7b	COc1ccc(Cl)cc1-c1nn(C)cc1NC(=O)c1cncc2c[nH]nc12	9.220	7.850	1.370
6euc	O[NH2+]Cc1nc(CCCCC[NH+]2CCOCC2)ccc1O	3.770	6.283	2.513
5z66	OCC1=C[C@H]([NH2+][C@H]2C[C@H](CO)[C@@H](O)[C@H](O)[C@H]2O)[C@H](O)[C@@H](O)[C@@H]1O	6.690	5.963	0.727
4css	CNS(=O)(=O)c1ccc(-c2ccc(O[C@H]3O[C@H](CO)[C@@H](O)[C@H](O)[C@@H]3O)cc2)cc1	8.460	5.577	2.883
2whp	NC(=O)c1cc[n+](COC[n+]2ccccc2)cc1	4.000	5.570	1.570
1lgw	Nc1ccccc1F	4.000	4.807	0.807
5edl	CC1=C(CCO)S[CH]N1Cc1cnc(C)nc1N	8.350	5.964	2.386
2uz9	O=c1[nH]c(=O)c2[nH]cnc2[nH]1	5.710	5.406	0.304
4n9c	O=[N+]([O-])c1ccc2[nH]cnc2c1	3.900	4.651	0.751
2y81	O=C1[C@@H](NS(=O)(=O)c2ccc3cc(Cl)ccc3c2)CCN1c1ccc([C@H]2CCC[NH2+]2)cc1F	8.700	9.003	0.303
3o84	O=C([O-])c1cc(-c2ccccc2)nc2c1cnn2Cc1ccncc1	7.240	6.009	1.231
5nap	COc1cc2c(cc1OC)C(=O)C(C[C@H]1CC[N@H+](Cc3ccccc3)CC1)=C2	7.950	7.327	0.623
5kr1	CC(C)CN(C[C@@H](O)[C@H](Cc1ccccc1)NC(=O)O[C@H]1CO[C@H]2OC=C[C@H]21)S(=O)(=O)c1ccc(N)cc1	9.490	9.431	0.059
5ko5	[NH2+]=C1CC=NC(=O)N1	4.570	5.058	0.488
5dqf	O=C([O-])COCC[N@H+]1CC[N@H+]([C@@H](c2ccccc2)c2ccc(Cl)cc2)CC1	3.600	4.730	1.130
2r38	NC(=O)c1ccc(S(=O)(=O)N(Cc2ccccc2)[C@H]2C[NH2+]C[C@@H]2N(Cc2ccccc2)S(=O)(=O)c2ccc(C(N)=O)cc2)cc1	7.440	5.776	1.664
5xo7	C[C@H]1CCC[C@H](O)CCC/C=C/c2cc(O)cc(O)c2C(=O)O1	6.360	5.183	1.177
3zq9	OC[C@H]1O[C@@H](O[C@H]2[C@H](O)[C@@H](O)[NH2+]C[C@@H]2CO)[C@H](O)[C@@H](O)[C@@H]1O	6.020	5.565	0.455
4n7u	CC(CO)CCCP(=O)(O)OP(=O)(O)O	6.290	6.404	0.114
4lko	COCCN1Cc2nc(C)c(C[NH3+])c(-c3ccc(Cl)cc3Cl)c2C1=O	8.220	6.914	1.306
6iez	CCCCCc1ccc(-c2ccc(S(=O)(=O)CCO)cc2)cc1CCc1ccccn1	6.520	7.437	0.917
1fkw	OC[C@H]1O[C@@H](n2cnc3cncnc32)[C@H](O)[C@@H]1O	5.050	4.595	0.455
4ih5	c1ccc(NNc2ncnc3n[nH]cc23)cc1	4.110	5.515	1.405
1xgi	O=C([O-])c1sccc1S(=O)(=O)Nc1cccc([N+](=O)[O-])c1	4.850	4.693	0.157
3kdd	CC1(C)SCN(C(=O)[C@@H](O)[C@H](Cc2ccccc2)NC(=O)COc2c(F)cccc2F)[C@@H]1C(=O)N[C@H]1c2ccccc2C[C@H]1O	8.460	8.717	0.257
1bp0	O=c1ccn(C2CC(O)C(COP(=O)(O)O)O2)c(=O)[nH]1	5.400	5.130	0.270
1elc	CC(C)c1ccc(NC(=O)[C@H](Cc2ccccc2)NC(=O)[C@H](CCCC[NH3+])NC(=O)C(F)(F)F)cc1	6.660	6.360	0.300
3b65	C[C@](O)(COc1ccc(C#N)cc1)C(=O)Nc1ccc(C#N)c(I)c1	9.270	8.508	0.762
1phw	O=P(O)(O)OCC1OCC(O)C1O	3.300	5.027	1.727
5upj	CC[C@@H](c1ccccc1)c1c(O)c2c(oc1=O)CCCCCC2	7.120	5.321	1.799
5ueu	COC(=O)C[C@@H]1N=C(c2ccc(Cl)cc2)c2c(sc(C)c2C)-n2c(C)nnc21	7.780	6.709	1.071
4bt3	C[C@@H](O)[C@@](C)(O)C(=O)[O-]	3.120	4.889	1.769
1li2	Oc1ccccc1	4.040	4.354	0.314
2b4l	C[N+](C)(C)CC(=O)[O-]	4.770	4.415	0.355
4ggz	O=C([O-])CCCC[C@@H]1SC[C@@H]2NC(=O)N[C@H]12	10.180	8.227	1.953
1hpv	CC(C)CN(C[C@@H](O)[C@H](Cc1ccccc1)NC(=O)O[C@H]1CCOC1)S(=O)(=O)c1ccc(N)cc1	9.220	9.276	0.056
1igb	[NH3+][C@H](Cc1ccc(I)cc1)C(=O)NO	6.400	6.029	0.371
4xar	[NH3+][C@@]1(C(=O)[O-])CC[C@H]2[C@H](C(=O)[O-])[C@H]21	6.970	5.876	1.094
5kqy	CC(C)CN(C[C@@H](O)[C@H](Cc1ccccc1)NC(=O)O[C@H]1CO[C@H]2OC=C[C@H]21)S(=O)(=O)c1ccc(N)cc1	9.290	9.438	0.148
5zni	O[C@H](c1cc(C(F)(F)F)nc2c(C(F)(F)F)cccc12)[C@@H]1CCCC[NH2+]1	4.390	7.438	3.048
6n3w	[NH2+]=c1[nH]c(=O)c2ncn([C@@H]3O[C@H](COC(=O)NCCc4ccccc4)[C@@H](O)[C@H]3O)c2[nH]1	5.810	6.454	0.644
5wa8	COC(=O)C(C)NP(=O)(O)OCC1OC(n2cnc3c(N)ncnc32)C(O)C1O	6.230	5.998	0.232
3d50	CCCCCCCC[NH2+][C@@H]1C=C(CO)[C@@H](O)[C@H](O)[C@H]1O	4.770	6.316	1.546
6b4u	Cc1ccccc1-c1cccc2c(CCCOc3cccc4ccccc34)c(C(=O)[O-])n(CC[NH+]3CCOCC3)c12	7.680	7.396	0.284
5evb	O=C([O-])[C@H]1CS[C@@H]2CS[C@@H](CS)[N@H+]12	5.000	5.455	0.455
3vf7	COc1ccc(S(=O)(=O)N(C[C@H]2CCC(=O)N2)C[C@@H](O)[C@H](Cc2ccccc2)NC(=O)O[C@@H]2C[C@@H]3CCO[C@@H]3C2)cc1	9.100	9.127	0.027
6udv	C[C@H]1C/C=C/[C@H](O)[C@@H]2CC[C@H]2CN2C[C@@]3(CCCc4cc(Cl)ccc43)COc3ccc(cc32)C(=O)NS(=O)(=O)[C@@H]1C	10.290	8.015	2.275
1hi3	Nc1ncnc2c1ncn2C1OC(COP(=O)(O)O)C(O)C1OP(=O)(O)O	4.190	5.707	1.517
1b8y	O=C([O-])CNS(=O)(=O)c1ccc(N2CCC(c3ccccc3)CC2)cc1	7.850	6.524	1.326
4tjz	CCCCCCC/C=C/C(=O)[O-]	5.970	5.284	0.686
4z07	Nc1nc2c(ncn2C2OC3COP(=O)(O)OC3C2O)c(=O)[nH]1	7.990	5.449	2.541
3u90	CCCCCCCCCCCCOS(=O)(=O)[O-]	4.620	6.169	1.549
1v1j	O=C([O-])[C@]1(O)C=C(F)[C@@H](O)[C@H](O)C1	4.820	4.569	0.251
5ovx	O=P(O)(O)C(O)c1ccc(-c2cccc(C(O)c3ccc(Cl)c(Cl)c3)c2)cc1	4.500	6.227	1.727
3td4	[NH3+][C@@H](CCC[C@@H]([NH3+])C(=O)[O-])C(=O)[O-]	5.660	4.229	1.431
3f33	CC(C)c1cccc(C(C)C)c1O	3.340	4.397	1.057
6fhu	CC[C@H](NC(=O)[C@H](C)[NH3+])C(=O)N[C@H](C(N)=O)[C@@H](C)O	2.640	5.288	2.648
4mpn	O=S(=O)(c1ccc(O)cc1O)n1cc2cc(O)cc(O)c2c1	6.620	5.956	0.664
5fyx	C[N@H+]1CC[N@H+]([NH2+]CCN2c3ccccc3Sc3ccc(Cl)cc32)CC1	4.160	5.981	1.821
4iif	O[C@H]1C[N@H+]2CC[C@H](O)[C@@H]2[C@@H](O)[C@@H]1O	5.180	5.735	0.555
6euw	O=C([O-])[C@H]1[C@H]2CC[C@H](CC2)[C@@H]1Nc1nc(-c2[nH]nc3ncc(F)cc23)ncc1F	7.770	6.877	0.893
5edb	Cc1nc2ccc(Cl)cc2c(-c2ccccc2)c1C(=O)[O-]	7.000	5.602	1.398
4u0w	CC(=O)NC1C(O)OC(COP(=O)(O)O)C(O)C1O	3.000	4.683	1.683
4fai	COc1ccc(NC(=S)NCCCn2ccnc2)cc1OC	6.990	6.423	0.567
5m7u	CNC(=O)C[C@@H]1[C@H](O)[C@H](O)[C@@H](CO)[N@H+]1CCCc1cccc(C(F)(F)F)c1	8.100	6.450	1.650
6p89	Cc1ccc2c(c1)-c1c(cnn1CC(=O)Nc1ccc3c(c1)OCCO3)CO2	5.010	6.817	1.807
2xb8	COc1ccc(C[C@H]2C(=O)[C@@H](O)[C@H](O)C[C@]2(O)C(=O)[O-])cc1	7.590	5.913	1.677
6ayi	O=C([O-])[C@H]1O[C@@H](Oc2ccc([N+](=O)[O-])cc2)[C@H](O)[C@@H](O)[C@@H]1O	6.680	5.143	1.537
6ajr	O=c1cc[nH]c(=O)[nH]1	4.310	3.938	0.372
4f6w	Cc1ccc(-n2nc(C(C)(C)C)cc2NC(=O)NCC[NH+]2CCN(C(=O)Nc3cc(C(C)(C)C)nn3-c3ccc(C)cc3)CC2)cc1	7.520	7.052	0.468
4m0f	COc1cc(-c2cc3c(c(=O)o2)C[C@]2(O)[C@@]4(C)C(=O)C=CC(C)(C)[C@]4(O)CC[C@@]2(C)O3)cc(OC)c1OC	8.770	6.683	2.087
2jfz	CC(C)Cn1c(=O)n(C)c(=O)c2c(-c3ccncc3)n(Cc3cccc4ccccc34)nc21	5.240	7.788	2.548
2cle	O=C(NCCOP(=O)(O)O)c1ccc(OC(F)(F)F)cc1	3.550	5.395	1.845
3cyw	CC(C)CN(C[C@@H](O)[C@H](Cc1ccccc1)NC(=O)O[C@H]1CO[C@H]2OCC[C@@H]12)S(=O)(=O)c1ccc(N)cc1	7.770	9.825	2.055
4iie	O[C@H]1[C@H]2CC[C@](O)([NH2+]2)[C@@H](O)[C@@H]1O	2.340	4.840	2.500
4oc3	O=C(N[C@@H](CCCCNC(=O)c1ccc(I)cc1)C(=O)[O-])N[C@@H](Cc1ccco1)C(=O)[O-]	8.280	7.498	0.782
4tkh	CC/C=C/CCCCCCCCCC(=O)[O-]	5.740	5.999	0.259
4bqs	O=C([O-])C1=C[C@H]2OCC=C[C@@](O)(C1)[C@H]2O	4.210	5.022	0.812
6eog	OC[C@H]1O[C@@H](Sc2cccc(Cl)c2)[C@H](O)[C@@H](n2cc(-c3cc(F)c(F)c(F)c3)nn2)[C@H]1O	5.800	5.633	0.167
2x91	[NH3+]CCCC[C@H]([NH2+][C@@H](CCc1ccccc1)C(=O)[O-])C(=O)N1CCC[C@H]1C(=O)[O-]	6.740	6.104	0.636
5om2	C[C@H]1c2cccc(O)c2C(=O)C2=C(O)[C@]3(O)C(=O)C(C(N)=O)=C(O)[C@@H]([NH+](C)C)[C@@H]3[C@@H](O)[C@@H]21	4.060	7.014	2.954
3ao4	Cn1nc(-c2ccc3c(c2)OCO3)cc1N	2.070	4.453	2.383
4l19	Cc1ccc(CSc2nc3c(c(=O)[nH]2)CCC3)cc1	6.100	5.663	0.437
3lka	COc1ccc(S(N)(=O)=O)cc1	2.820	5.165	2.345
6d5j	Cc1cc(Cn2c(N3CC[NH2+]CC3)nc3ccc(Cl)cc32)cc(C)c1F	6.340	6.941	0.601
5wuk	CS(=O)(=O)c1ccc(-c2cnc(NCc3ccco3)n3cnnc23)cc1	7.850	7.078	0.772
1v11	Cc1ncc(C[n+]2csc(CCOP(=O)(O)OP(=O)(O)O)c2C)c(N)n1	3.980	6.124	2.144
6f90	OC[C@@H]1[C@@H](O)[C@H](O)[C@H](O)c2nccn21	6.000	5.371	0.629
3pck	O=C([O-])c1ccc(=O)n(O)c1	6.700	4.317	2.383
4xaq	[NH3+][C@@]1(C(=O)[O-])CC[C@H]2[C@H](C(=O)[O-])[C@H]21	7.140	5.870	1.270
3pbb	COc1ccc(/N=C(/S)NCCCn2ccnc2)cc1OC	7.020	6.453	0.567
3u9q	CCCCCCCCCC(=O)[O-]	4.380	5.278	0.898
5upe	O=C(NCCCc1ccccc1)c1ccc(NC(=O)n2cc3ccccc3c2)cc1	8.050	6.429	1.621
1x8r	CC(OC1CC(C(=O)O)=CC(OP(=O)(O)O)C1O)(C(=O)O)P(=O)(O)O	6.120	5.789	0.331
4i74	O=c1[nH]cnc2c(C[N@H+]3C[C@H](O)[C@H](O)[C@H]3CO)csc12	6.720	6.739	0.019
3ip9	[NH3+]CCCC(=O)[O-]	5.620	4.504	1.116
4kxn	O=P(O)(O)OCC1OC(n2cnc3c(NCc4ccco4)ncnc32)C(O)C1O	6.100	6.485	0.385
3gst	[NH3+][C@@H](CCC(=O)N[C@@H](CS[C@@H]1c2ccccc2-c2ccccc2[C@H]1O)C(=O)NCC(=O)[O-])C(=O)[O-]	6.720	6.180	0.540
2hah	CC(C)[C@H](NC(=O)[C@H](C)NC(=O)OCc1ccccc1)C(=O)N[C@H](CO)Cc1ccccc1	8.000	6.791	1.209
1nja	Nc1ccn(C2CC(O)C(COP(=O)(O)O)O2)c(=O)n1	6.310	5.736	0.574
5k1f	O=c1[nH]cnc2c1ncn2C1OC(COP(=O)(O)O)C(O)C1O	4.790	5.391	0.601
4ej8	O=C([O-])c1ccc2cc[nH]c2c1	5.390	4.030	1.360
3acw	O[C@]1(c2ccc(-c3ccccc3)cc2)C[N@H+]2CC[C@@H]1CC2	4.760	6.544	1.784
3ps1	C[C@@H](O)[C@H](NC(=O)c1ccc(C#CC#Cc2ccc(N)cc2)cc1)C(=O)N=O	10.170	6.821	3.349
4r3w	Nc1ncnc2c1ncn2C1OC(COP(=O)(O)O)C(O)C1OP(=O)(O)O	3.000	5.723	2.723
4tpw	O=C([O-])/C(Cc1ccccc1[N+](=O)[O-])=N/Nc1nc(-c2ccc(Cl)c(Cl)c2)cs1	4.690	7.383	2.693
5btx	Nc1ncnc2c1ncn2C1OC2COP(=O)(O)OC2C1O	3.550	5.689	2.139
1no6	O=C([O-])C(=O)N(c1ccccc1C(=O)[O-])c1cccc2ccccc12	4.410	5.070	0.660
3s0e	C=CCc1ccc(O)c(OC)c1	6.550	5.353	1.197
6k04	Cc1nnc2n1-c1ccc(-c3cnn(C)c3)cc1[C@H](Nc1ccc(Cl)cc1)CC2	8.040	6.390	1.650
4kwo	CNc1nc2cc3c(=O)[nH]c(=[NH2+])[nH]c3c(CC[C@H]3O[C@@H](OC)[C@H](O)[C@@H]3OC)c2[nH]1	6.450	6.699	0.249
1lbk	[NH3+][C@@H](CCC(=O)N[C@@H](CS)C(=O)NCC(=O)[O-])C(=O)[O-]	3.180	4.737	1.557
4pb2	O=c1[nH]c(=O)n([C@@H]2O[C@H](CO)[C@@H](O)[C@H]2O)cc1F	4.800	4.514	0.286
6j0o	Cc1cccc(-c2[nH]ncc2-c2ccc(F)c(-c3ccc(S(=O)(=O)CCO)cc3)c2)n1	4.920	7.038	2.118
5fut	CN(C)C1=CCN(Cc2ccc(CCCCc3ccc(CN4C=CC(N5CCCC5)=CC4)cc3)cc2)C=C1	6.450	6.493	0.043
3bgs	O=c1[nH]cnc2c(C[N@H+]3C[C@@H](O)[C@H](CO)C3)c[nH]c12	9.420	8.431	0.989
1u1w	Nc1c(O)cccc1C(=O)[O-]	5.850	3.842	2.008
4dkq	NC(=[NH2+])N[C@H]1Cc2ccccc2[C@@H]1NC(=O)C(=O)Nc1ccc(Cl)c(F)c1	6.600	6.091	0.509
1g74	CCCCCCCC/C=C\CCCCCCCC(=O)[O-]	6.520	5.881	0.639
4bb9	O=P(O)(O)OCC1(O)OCC(O)C(O)C1O	6.000	5.398	0.602
6nzv	CC[C@H]1[C@@H](C(=O)N[C@]2(C(=O)NS(=O)(=O)C3(C)CC3)C[C@H]2C(F)F)N2C[C@@H]1Oc1nc3cc(OC)ccc3nc1CCCCC[C@@H]1C[C@H]1OC(=O)N[C@@H](C(C)(C)C)C2=O	10.170	9.571	0.599
4y2q	FC(F)(F)c1cccnc1N1CC[NH2+]CC1	2.920	5.508	2.588
2zz2	N#CC1CC(=O)NC(=O)N1C1OC(COP(=O)(O)O)C(O)C1O	4.540	5.672	1.132
4ih7	CC(C)(C)c1cccc(C2C=CC=NC2=O)c1	5.240	5.841	0.601
3suf	CC[C@@H]1C[C@]1(NC(=O)[C@@H]1C[C@@H]2CN1C(=O)[C@H](C(C)(C)C)NC(=O)O[C@@H]1C[C@H]1CCCCCc1nc3ccc(OC)cc3nc1O2)C(=O)NS(=O)(=O)C1C=C1	7.560	8.508	0.948
5u6j	CCc1cc2ccc1CCOC(=O)Nc1ccc(S(=O)(=O)C(C)C)c(c1)CN(C)C(=O)[C@@H]2Nc1cccc(C(N)=O)c1	7.640	8.138	0.498
1pbq	O=C([O-])c1cc(O)c2c(Cl)cc(Cl)cc2n1	6.270	4.632	1.638
3acx	C=CCc1cc(-c2ccccc2)ccc1OCCC[NH2+]C(C)C	5.700	6.408	0.708
6g2r	N#Cc1c(F)c(F)c(-c2ccc(O[C@H]3O[C@H](CO)[C@@H](O)[C@H](O)[C@@H]3O)c(Cl)c2)c(F)c1F	9.460	6.446	3.014
6dy7	Clc1ccc(OCCCNc2ncc[nH]2)c(Cl)c1	4.180	6.114	1.934
5yjm	CC[C@@H](NC(=O)N1C/C(=N/Oc2ccccc2)NC[C@@H](Cc2cc(Cl)ccc2OC)C1=O)c1ccc(C(=O)[O-])c(N)c1	7.680	8.842	1.162
6ayr	CCCCSC[C@H]1C[N@@H+](Cc2c[nH]c3c(N)ncnc23)C[C@@H]1O	8.390	9.183	0.793
4cjp	CC(C)C[C@H](CNC(=O)c1cccnc1)Cc1ccc2c(c1C(=O)[O-])OCO2	3.320	5.473	2.153
4b5s	CC(=O)C(=O)[O-]	3.490	3.746	0.256
6i8y	COc1cc2c(cc1OCCC[NH+]1CCCC1)NC(=[NH2+])C21CCC1	6.740	5.808	0.932
4av4	OC[C@H]1O[C@H](OCC#Cc2cccnc2)[C@@H](O)[C@@H](O)[C@@H]1O	7.030	6.030	1.000
5i2f	CC(=O)NS(=O)(=O)NC[C@H]1O[C@@H](n2cnc3c(N)ncnc32)[C@H](O)[C@@H]1O	6.490	6.346	0.144
2i4z	CCCCCCCN(CCc1ccc(O[C@@](C)(CC)C(=O)[O-])cc1)c1nc2ccccc2o1	5.700	7.150	1.450
2dri	O[C@@H]1CO[C@@H](O)[C@H](O)[C@@H]1O	6.890	5.335	1.555
4aia	Cn1cnc(N)c2ncnc1-2	3.660	5.183	1.523
5t19	CNc1ccc(-c2ccc(C)c(N3CC(=O)NS3(=O)=O)c2)cc1	4.490	5.880	1.390
4avi	COC(=O)CCCCCCCCO[C@H]1O[C@H](CO)[C@@H](O)[C@H](O)[C@@H]1O	7.630	5.369	2.261
4q4q	O=c1[nH]cnc2cc3[nH]c(NCc4cccs4)nc3cc12	5.790	6.563	0.773
2vl4	OC[C@H]1C[NH2+][C@@H](O)[C@@H](O)[C@@H]1O	6.010	5.512	0.498
3fql	CNC(=O)c1c(-c2ccc(F)cc2)oc2cc(N(CCO)S(C)(=O)=O)c(C3CC3)cc12	7.150	7.795	0.645
3p3t	Cc1n[nH]c(C)c1CCCOc1ccccc1F	7.240	6.264	0.976
6o5t	O=c1cc(CP(=O)(O)O)c2c(Br)cc(Br)cc2[nH]1	6.500	4.822	1.678
2wbg	CCCCCCCC/N=C1\OC[C@@H]2[C@@H](O)[C@H](O)[C@@H](O)[C@H](O)N12	4.450	6.103	1.653
4aqh	CC(C)(C)OC(=O)N1CC(/[NH+]=c2/[nH]c(=O)c3cccnc3[nH]2)C1	6.540	6.450	0.090
3lq2	Cc1ncc(C[n+]2csc(CCOP(=O)(O)OP(=O)(O)O)c2C)c(N)n1	5.220	6.095	0.875
6d9x	c1ccc(-c2cn3cccc3[nH]2)cc1	3.490	4.375	0.885
6f92	OC[C@@H]1[C@@H](O)[C@H](O)[C@H](O)c2nccn21	6.400	5.364	1.036
4bps	O=C([O-])CCc1cccc(C(=O)[O-])c1	2.990	4.462	1.472
2qnq	O=S(=O)(c1ccccc1Cl)N(Cc1ccccc1)[C@H]1C[NH2+]C[C@@H]1N(Cc1ccccc1)S(=O)(=O)c1ccccc1Cl	6.110	5.888	0.222
1pa9	O=[N+]([O-])c1ccc(O)c(OS(=O)(=O)[O-])c1	4.600	5.331	0.731
3jrx	CO[C@H]1CCCC[C@@H](c2ccccc2)OC(=O)[C@@H](C)[C@@]2(O)O[C@@H]([C@@H](C)/C=C/[C@H]1OC)[C@@H](C)[C@H](O)[C@H]2OC	9.000	7.127	1.873
1x38	OC[C@@H]1[C@@H](O)[C@H](O)[C@@H](O)c2nc(-c3ccccc3)cn21	8.770	6.371	2.399
2x0y	Cn1c(=O)c2c(ncn2C[C@H](O)CO)n(C)c1=O	4.600	5.531	0.931
6jap	OC[C@H]1O[C@H](O[C@]2(CO)O[C@H](CO)[C@@H](O)[C@@H]2O)[C@H](O)[C@@H](O)[C@@H]1O	4.800	5.678	0.878
5d2r	CC(=O)NC(CCP(=O)(O)CC(CCCC([NH3+])C(=O)O)C(=O)O)C(=O)O	5.820	7.194	1.374
5ost	OC[C@H]1c2[nH]cnc2[C@H](O)[C@@H](O)[C@@H]1O	4.560	4.941	0.381
2yel	Cc1nnc2n1-c1ccccc1C(c1ccccc1)=N[C@H]2NC(=O)OCc1ccccc1	7.280	6.716	0.564
5igm	CCOC(=O)Nc1cc(-c2ccc(C)c(NS(C)(=O)=O)c2)n[n+]2c(C)n[nH]c12	7.380	6.350	1.030
4cst	N#Cc1ccc(-c2ccc(O[C@H]3O[C@H](CO)[C@@H](O)[C@H](O)[C@@H]3O)c(Cl)c2)cc1	8.890	6.336	2.554
2qci	CC(C)CN(C[C@@H](O)[C@H](Cc1ccccc1)NC(=O)O[C@H]1CO[C@H]2OCC[C@@H]12)S(=O)(=O)c1ccc2c(c1)OCO2	8.340	9.734	1.394
6arn	COc1ccccc1O[C@@H]1O[C@H](CO)[C@H](O)[C@H](O)[C@H]1O	5.190	4.486	0.704
2q7q	[NH3+]Cc1ccc(Cl)cc1	5.300	4.294	1.006
5y13	O=C([O-])CCCCNS(=O)(=O)c1ccc(Br)c2ccccc12	5.940	5.374	0.566
4bs0	O=[N+]([O-])c1ccc2nn[nH]c2c1	5.700	4.630	1.070
4cd4	OC[C@H]1O[C@@H](O[C@H]2[C@H](O)C[NH2+]C[C@@H]2CO)[C@@H](O)[C@@H](O)[C@@H]1O	6.580	5.507	1.073
6i13	Cn1cc(NC(=O)c2cn(Cc3cccc(Cl)c3)c(=O)c3ccccc23)cn1	5.120	5.933	0.813
3nu4	CC(C)CN(C[C@@H](O)[C@H](Cc1ccccc1)NC(=O)O[C@H]1CCOC1)S(=O)(=O)c1ccc(N)cc1	8.820	9.286	0.466
3mfv	Nc1ncc(CC[C@H]([NH3+])C(=O)[O-])[nH]1	2.520	5.302	2.782
4q4p	O=c1nc[nH]c2cc3[nH]c(NCC[NH+]4CCCCC4)nc3cc12	6.390	7.302	0.912
1a9q	O=c1[nH]cnc2[nH]cnc12	6.170	5.034	1.136
3t2w	O=C([O-])CCCC[C@@H]1SC[C@@H]2NC(=O)N[C@H]12	7.460	8.281	0.821
3mv0	O=C1O[C@H](CO)[C@H](O)[C@H](O)[C@H]1O	3.850	4.079	0.229
2cet	OC[C@@H]1[C@@H](O)[C@H](O)[C@@H](O)c2nc(CCc3ccccc3)cn21	8.020	6.289	1.731
4r0a	O=c1ccn([C@@H]2O[C@H](CO)[C@@H](O)[C@H]2O)c(=O)[nH]1	4.260	4.160	0.100
2zcq	O=P(O)(O)C(CCCc1cccc(Oc2ccccc2)c1)S(=O)(=O)O	8.820	6.426	2.394
3nx7	COc1ccc(S(=O)(=O)N(CCO)CC(=O)NO)cc1	8.100	6.290	1.810
1fzq	Nc1nc2c(ncn2C2OC(COP(=O)(O)OP(=O)(O)O)C(O)C2O)c(=O)[nH]1	7.620	5.337	2.283
5yfs	O=P(O)(O)OCC1OC(OP(=O)(O)O)C(O)C1O	4.860	4.762	0.098
5bs4	C[NH2+][C@H]1CO[C@@H]2OC[C@H](OC(=O)N[C@@H](Cc3ccccc3)[C@H](O)CN(CC(C)C)S(=O)(=O)c3ccc(N)cc3)[C@H]12	11.000	9.690	1.310
1os5	Cc1cc(SC2=C(O)C[C@@](CCc3ccc(O)cc3)(C3CCCC3)OC2=O)c(C(C)(C)C)cc1N	6.850	6.823	0.027
6qqq	COc1cc(COC(=O)c2cn[nH]c2)cc(-c2cccnc2)c1	5.170	5.670	0.500
5dx4	CCN1C(=O)c2cccc3c(NS(=O)(=O)c4cc(Br)ccc4OC)ccc1c23	6.860	6.174	0.686
4ual	O=C(Nc1cn[nH]c1-c1ccccn1)c1nn(C2CC[NH2+]CC2)cc1Cl	8.400	7.585	0.815
5e2o	O=C(CCc1cc(Cl)ccc1-n1cnnn1)N[C@@H](Cc1ccccc1)C(=O)Nc1ccc(C(=O)[O-])cc1	8.700	5.933	2.767
2ovv	COc1cc2ncnc(N3CC[C@@H](Oc4ccc5ccccc5c4)C3)c2cc1OC	7.920	6.844	1.076
2f2h	O=[N+]([O-])c1ccc(O[C@@H]2O[C@H](CS[C@H]3OC[C@@H](O)[C@H](O)[C@H]3O)[C@@H](O)[C@H](O)[C@H]2O)cc1	5.700	6.210	0.510
1rql	C=CS(=O)(=O)[O-]	2.750	4.379	1.629
6dil	CCC[C@@]1(CCc2ccccc2)CC(O)=C([C@H](CC)c2cccc(NS(=O)(=O)c3ccc(C(F)(F)F)cn3)c2)C(=O)O1	8.120	9.040	0.920
2uxi	O=C(CCc1ccc(O)cc1)c1c(O)cc(O)cc1O	7.300	5.075	2.225
3mf5	C[C@H]1CC[C@H](c2ccccc2-c2cc(-c3ccccc3)sc2C(=O)[O-])CC1	5.360	6.647	1.287
6d1d	Cc1cc(C)c2c(CP(=O)(O)O)cc(=O)oc2c1	4.470	4.973	0.503
5ohy	O=S(=O)([O-])C[C@H]1C[NH2+]C[C@@H](O)[C@@H]1O	5.170	5.839	0.669
1f73	CC(=O)N[C@H]([C@@H](O)C[C@@H](O)C(=O)[O-])[C@@H](O)[C@H](O)[C@H](O)CO	2.390	4.809	2.419
3gc4	CNc1nc2cc3c(=O)[nH]c(=[NH2+])[nH]c3c(CC[NH2+]Cc3ccccc3)c2[nH]1	7.600	6.799	0.801
4djq	CC[C@H](C)CN(C[C@@H](O)[C@H](Cc1ccccc1)NC(=O)OCCN1CCNC1=O)S(=O)(=O)c1ccc(OC)cc1	10.320	10.221	0.099
2hjb	COc1ccc(C[NH3+])cc1	4.390	4.909	0.519
2qi5	CCCCCN(C[C@@H](O)[C@H](Cc1ccccc1)NC(=O)[C@@H](NC(C)=O)C(C)C)S(=O)(=O)c1ccc2ncsc2c1	10.850	8.572	2.278
1b6l	CC(C)(C)NC(=O)[C@@H]1CCCC[N@H+]1C[C@@H](O)[C@@H]1Cc2ccc(cc2)OCCCC(=O)N[C@@H](CC(N)=O)C(=O)N1	8.300	7.574	0.726
4urz	Nc1ccc(S(=O)(=O)N2CCCCC2=O)cc1	2.520	4.982	2.462
3uw5	C[NH2+][C@@H](C)C(=O)N[C@H](C(=O)N1CCC[C@H]1C(=O)Nc1snnc1-c1ccccc1)C1CCCCC1	7.850	6.835	1.015
6ge7	CCCCCCCCCCCCCCCCCCC(=O)[O-]	6.060	5.263	0.797
5dbm	C[C@@H]1CC(=O)Nc2cccc(-c3cnn(C(C)(C)C)c3)c2N1	6.460	6.639	0.179
4k7o	CC(C)(C)c1ccc(O)c(O)c1	4.300	4.511	0.211
5hz5	Clc1ccc2nc(N3CCCCC3)c(-c3nnn[nH]3)c(-c3ccccc3)c2c1	7.070	6.893	0.177
2xc4	O=C(Nc1ccc(Cl)cc1)[C@H]1C[N@H+](CC(F)(F)F)C[C@@H]1C(=O)Nc1ccc(-n2ccccc2=O)cc1F	8.050	6.744	1.306
4zae	Cc1cc2nc([C@@H](CNC(=O)c3c(Cl)cc(-n4cnnc4)cc3Cl)c3ccccc3)[nH]c2cc1C	8.440	8.113	0.327
3uev	CCCCCCCCCCCCCC(=O)[O-]	5.890	5.265	0.625
4ghi	O=[N+]([O-])c1c(Nc2cc(F)cc(Cl)c2)ccc2nonc12	7.090	6.023	1.067
5qay	Cn1cccc1-c1cccc(C(=O)[O-])c1	3.230	4.401	1.171
6hgi	C[C@]12C[C@H](O)[C@H]3[C@@H](CCC4=CC(=O)CC[C@@]43C)[C@@H]1CC[C@@H]2C(=O)CO	6.220	5.629	0.591
5j7q	Oc1ccc(-c2cn3ccccc3n2)cc1O	4.580	5.335	0.755
4wkn	CSC[C@H]1C[N@@H+](Cc2c[nH]c3c(N)ncnc23)C[C@@H]1O	9.720	8.676	1.044
3f78	FC(F)O[C@@H](Cl)C(F)(F)F	3.100	5.569	2.469
5d45	O=C([O-])CCn1c(-c2ccccc2)c(-c2ccccc2)c2cc(C3CC3)ccc21	6.920	6.819	0.101
3ttp	CC(C)CN(C[C@@H](O)[C@H](Cc1ccccc1)NC(=O)O[C@H]1CO[C@H]2OCC[C@@H]12)S(=O)(=O)c1ccc(N)cc1	9.120	9.809	0.689
6p88	O=C(Nc1cccc(NC(=O)c2ccco2)c1)c1ccc2c(c1)OCCO2	4.520	5.662	1.142
5epn	CCc1nc2ccc(OC)cc2nc1O[C@@H]1C[C@H]2C(=O)N[C@]3(C(=O)NS(=O)(=O)C4CC4)C[C@@H]3CCCCCCC[C@H](NC(=O)OC(C)(C)C)C(=O)N2C1	8.660	8.732	0.072
5hvs	O=C([O-])c1cccc(Oc2cccc3nc(-c4cn(-c5ccc(O)c(F)c5)nn4)ccc23)c1	7.150	6.363	0.787
3vw1	CN(C)c1ccc(C(c2ccc(N(C)C)cc2)c2ccc(N(C)C)cc2)cc1	4.670	4.720	0.050
5ih9	C[NH+]1CCN(c2ccc(-n3cc(-c4ccncc4OCC4CC[NH2+]CC4)cn3)cc2)CC1	8.700	7.526	1.174
3rbu	O=C(O)CCC(CP(=O)(O)O)C(=O)O	9.430	6.600	2.830
2hb1	O=C([O-])COc1c(Br)csc1C(=O)[O-]	3.800	4.243	0.443
6udi	CO[C@H]1/C=C/CCN(C)C(=O)C[C@](O)(C(=O)NS(=O)(=O)N(C)C)c2ccc3c(c2)N(C[C@@H]2CC[C@H]21)C[C@@]1(CCCc2cc(Cl)ccc21)CO3	10.000	9.683	0.317
3d4z	OC[C@@H]1[C@@H](O)[C@H](O)[C@@H](O)c2nccn21	4.890	5.389	0.499
1wcq	C[C@@H](O)[NH2+][C@@H]1[C@@H](O)C=C(C(=O)[O-])O[C@H]1[C@H](O)[C@H](O)CO	6.260	5.413	0.847
3ok9	COc1ccc(S(=O)(=O)N(CC(C)C)C[C@@H](O)[C@H](Cc2ccccc2)NC(=O)O[C@H]2CO[C@H]3O[C@@H]4OCC[C@@H]4[C@H]32)cc1	11.230	10.237	0.993
1cbx	O=C([O-])C[C@@H](Cc1ccccc1)C(=O)[O-]	6.350	5.631	0.719
2o4l	CCC[C@@]1(CCc2ccccc2)CC(O)=C([C@H](CC)c2cccc(NS(=O)(=O)c3ccc(C(F)(F)F)cn3)c2)C(=O)O1	9.220	8.978	0.242
3hky	C=C(C)COc1ccc([C@H]2C3=C(CC(C)(C)CS3(=O)=O)Nc3c(O)cccc3N2C(=O)c2nc(C)oc2C)c(F)c1	7.100	7.347	0.247
4dfg	COC(=O)N[C@@H]1CO[C@@H]2C[C@H](OC(=O)N[C@@H](Cc3ccccc3)[C@H](O)CN(CC(C)C)S(=O)(=O)c3ccc(OC)cc3)C[C@H]12	11.740	9.181	2.559
4o0x	Cc1nc2ccc(C#CC3(O)CCCCC3)cc2n1-c1ncnc(N)n1	7.170	7.321	0.151
5kr0	CC(C)CN(C[C@@H](O)[C@H](Cc1ccccc1)NC(=O)O[C@H]1CCOC1)S(=O)(=O)c1ccc(N)cc1	9.150	9.278	0.128
5n17	CN1C(=O)c2ccccc2Sc2cc(NC(=O)[C@@H]3CCCO3)ccc21	5.320	6.976	1.656
1xap	C/C(=C\c1ccc(C(=O)[O-])cc1)c1ccc2c(c1)C(C)(C)CCC2(C)C	8.700	5.156	3.544
4gu6	CN(c1ncccc1CNc1c(C#N)cnc2[nH]c(-c3ccccc3)cc12)S(C)(=O)=O	7.360	8.000	0.640
6g25	Cc1noc(C)c1-c1n[nH]cc1-c1ccncc1	3.520	5.739	2.219
2jjb	OC[C@H]1O[C@H](O[C@H]2C[N@@H+]3[C@H]([C@@H]2O)[C@@H](O)[C@H](O)[C@H]3CO)[C@H](O)[C@@H](O)[C@@H]1O	7.920	5.369	2.551
3gi4	CC(C)CN(C[C@@H](O)[C@H](Cc1ccccc1)NC(=O)[C@@H]1CN(c2cccc(C(F)(F)F)c2)C(=O)O1)S(=O)(=O)c1ccc2c(c1)OCO2	10.800	9.062	1.738
6qqu	N#Cc1c(-c2ccc3cc[nH]c3c2)n[nH]c1N	5.300	5.309	0.009
1kzk	Cc1ccccc1CNC(=O)[C@H]1N(C(=O)[C@@H](O)[C@H](Cc2ccccc2)NC(=O)c2cccc(O)c2C)CSC1(C)C	10.390	7.543	2.847
3nzk	C[C@@H](O)[C@H](NC(=O)c1ccc(C#Cc2ccc(C[NH+]3CCOCC3)cc2)cc1)C(=O)NO	9.270	6.747	2.523
6qqv	N#Cc1ccccc1Cn1ccc2ccc(-c3cc(N)n[nH]3)cc21	4.920	5.411	0.491
3b3x	[NH3+]C(CC(=O)[O-])(CC(=O)[O-])C(=O)[O-]	3.600	4.119	0.519
2a4m	[NH3+][C@@H](Cc1c[nH]c2ccccc12)C(=O)[O-]	4.520	4.507	0.013
5f08	Cc1ccc(N2CCC(CCC(=O)N3CCCC3)CC2)cc1	5.520	5.648	0.128
4g0p	O=C1CCN(C2OC(COP(=O)(O)O)C(O)C2O)C(=O)N1	3.010	5.245	2.235
1g98	O=C(O)C(O)C(O)C(O)COP(=O)(O)O	5.700	5.601	0.099
3ppq	C[N+](C)(C)CCO	4.550	4.099	0.451
3kdb	Cc1cccc(C)c1OCC(=O)N[C@@H](Cc1ccccc1)[C@H](O)C(=O)N1CSC(C)(C)[C@H]1C(=O)N[C@H]1c2ccccc2C[C@H]1O	9.850	8.152	1.698
1mes	O=C1N(Cc2ccc(CO)cc2)[C@H](Cc2ccccc2)[C@H](O)[C@@H](O)[C@@H](Cc2ccccc2)N1Cc1ccc(CO)cc1	7.700	6.515	1.185
4rsk	O=c1ccn(C2OC(CO)C(OP(=O)(O)O)C2O)c(=O)[nH]1	4.320	4.448	0.128
3ehy	COc1ccc(S(=O)(=O)N[C@H](C)C(=O)[O-])cc1	5.850	5.376	0.474
5oei	O=C([O-])CCCC(=O)C(=O)[O-]	5.800	4.127	1.673
2oi2	CC(O)(CCOP(=O)(O)OP(=O)(O)O)CC(=O)O	6.300	5.786	0.514
1a99	[NH3+]CCCC[NH3+]	5.700	4.349	1.351
3wz6	O=C(C[NH2+]Cc1ccccc1)Nc1scc(-c2ccccc2)c1C(=O)NCc1ccccc1	5.960	6.313	0.353
3zsq	C=CC[N@H+](Cc1ccccc1C(=O)N[C@@H](CCC)c1ccc(OC)cc1)Cc1ccc2c(c1C(=O)[O-])OCO2	4.960	6.229	1.269
2y82	O=C1[C@@H](NS(=O)(=O)c2ccc3cc(Cl)ccc3c2)CCN1c1ccc([C@@H]2CCC[NH2+]2)cc1F	8.400	9.023	0.623
4y4j	[NH3+]C[C@H](O)c1ccc(O)c(O)c1	2.470	4.696	2.226
2reg	C[N+](C)(C)CCO	5.640	4.087	1.553
2zmm	CNC(=O)N(c1cccc(-c2sc(C(=O)[O-])c(OCC(=O)[O-])c2Br)c1)C1CCCCC1	7.600	5.166	2.434
6ced	Cn1c(CCC(=O)[O-])nc2ccccc2c1=O	5.820	6.059	0.239
6upj	CC[C@@H](c1ccccc1)c1c(O)c2c(oc1=O)CCCCC2	6.320	5.343	0.977
5edd	O=c1ccn(C2CC(O)C(COP(=O)(O)NP(=O)(O)OP(=O)(O)O)O2)c(=O)[nH]1	5.240	5.707	0.467
6dyv	C#CCCCSC[C@H]1C[N@@H+](Cc2c[nH]c3c(N)ncnc23)C[C@@H]1O	10.590	9.759	0.831
4pv5	CC1(C)[C@@H](O)CC[C@@]2(C)[C@H]1CC[C@]1(C)[C@@H]2C(=O)C=C2[C@@H]3C[C@@](C)(C(=O)[O-])CC[C@]3(C)CC[C@]21C	6.540	6.466	0.074
1c86	O=C([O-])C(=O)Nc1sc2c(c1C(=O)[O-])CCOC2	4.700	4.797	0.097
3e3c	CCCCCC(=O)OCC(O)COP(=O)(O)O	5.620	5.840	0.220
4ceb	C=CC[N@H+](Cc1ccccc1C(=O)NCc1ccc(OC)cc1)Cc1ccc2c(c1C(=O)[O-])OC[C@H](CCC(=O)[O-])O2	2.970	6.982	4.012
2xda	O=C([O-])[C@@]1(O)C[C@@H](O)[C@H](O)c2sc(CCC3CC3)cc21	6.220	6.598	0.378
3s54	CC(C)CN(C[C@@H](O)[C@H](Cc1ccccc1)NC(=O)O[C@H]1CO[C@H]2OCC[C@@H]12)S(=O)(=O)c1ccc(N)cc1	9.640	9.803	0.163
4eb8	[NH2+]=c1[nH]c(=O)c2[nH]cc(C[N@H+]3C[C@H](O)[C@@H](CO)C3)c2[nH]1	9.820	7.048	2.772
6ftp	COc1cccc2c1C(=O)c1c(O)c3c(c(O)c1C2=O)C[C@@](O)(C(=O)CO)C[C@@H]3O[C@H]1C[C@H]([NH3+])[C@H](O)[C@H](C)O1	5.820	6.959	1.139
1nhu	O=C([O-])[C@H](Cc1ccccc1)N(Cc1cccc(C(F)(F)F)c1)C(=O)c1ccc(Cl)cc1Cl	5.660	5.971	0.311
2zz1	N#Cc1cc(=O)[nH]c(=O)n1C1OC(COP(=O)(O)O)C(O)C1O	4.540	6.279	1.739
3o9e	CCC(CC)CN(C[C@@H](O)[C@H](Cc1ccccc1)NC(=O)O[C@H]1CO[C@H]2OCC[C@@H]12)S(=O)(=O)c1ccc(N)cc1	11.300	9.879	1.421
2rkm	[NH3+]CCCC[C@H]([NH3+])C(=O)N[C@@H](CCCC[NH3+])C(=O)[O-]	3.900	4.876	0.976
1lbf	O=C(O)c1ccccc1NCC(O)C(O)C(O)COP(=O)(O)O	7.850	6.384	1.466
3k8o	O=c1[nH]cnc2c(C[NH2+][C@H](CO)[C@H](O)CO)c[nH]c12	11.070	7.555	3.515
6d16	COc1ccc2c(CP(=O)(O)O)cc(=O)oc2c1	5.080	5.402	0.322
4n5d	Cc1ncc2c(n1)N(C)C(=O)C(=N)C2	3.220	5.471	2.251
2w8w	Cc1ncc(COP(=O)(O)O)c(/C=N/C(CO)C(=O)O)c1O	2.120	5.427	3.307
3st5	COc1ccc(S(=O)(=O)N(CC(C)C)C[C@@H](O)[C@H](Cc2ccccc2)NC(=O)O[C@H]2C[C@H]3OC[C@H](O)[C@H]3C2)cc1	11.300	9.654	1.646
4bkt	CNC(=O)[C@@H]1C[C@@H](O)CN1C(=O)Cc1cc(C)no1	3.620	4.904	1.284
3d8z	Cc1cn([C@@H]2C[C@@H](O)[C@H](C[NH+]3CCCC3)O2)c(=O)[nH]c1=O	3.370	4.599	1.229
3cd5	CCc1c(C(=O)Nc2ccc(-c3ccccc3)cc2)c2c(n1CC[C@@H](O)C[C@@H](O)CC(=O)[O-])CCCCC2	7.900	7.072	0.828
3own	CC(C)CNC(=O)[C@@H](C[C@H](O)[C@@H]1COCc2cccc(c2)[C@@H](c2ccccc2)NC(=O)c2cc(cc(N(C)S(C)(=O)=O)c2)C(=O)N1)C(C)C	7.470	8.719	1.249
3gta	C[NH2+][C@@H](C)C(=O)N[C@H](C(=O)N1CCC[C@H]1c1nc2c(-c3ccccc3)cccc2s1)C1CCCCC1	4.280	6.991	2.711
4i71	Nc1ncnc2c(C[N@H+]3C[C@H](O)[C@H](O)[C@H]3CO)c[nH]c12	7.740	7.631	0.109
1k4g	Nc1cc(CSc2ncc[nH]2)c2nc(N)[nH]c(=O)c2c1	5.850	6.357	0.507
3nht	CCCCCC/C=C/[C@H]1[C@@H]2O[C@H]3[C@@H]2[C@H]3[C@@H]1C/C=C\CCCCO	7.010	7.596	0.586
3nox	Cc1nc2nc(C(=O)N3CCOCC3)cn2c(-c2ccc(Cl)cc2Cl)c1C[NH3+]	8.660	6.755	1.905
4whs	Oc1ccc(F)cc1O	4.120	4.396	0.276
1jvu	N=c1ccn(C2OC(CO)C(O)C2OP(=O)(O)O)c(=O)[nH]1	5.150	4.725	0.425
3vd4	CC(C)S[C@@H]1O[C@H](CO)[C@H](O)[C@H](O)[C@H]1O	4.820	4.913	0.093
3p3r	O=C(c1cc(O)c(O)c([N+](=O)[O-])c1)c1ccccc1F	7.250	5.663	1.587
6iht	[NH3+]CC(=O)NCC(=O)NC(COP(=O)(O)O)C(=O)O	5.210	5.306	0.096
2i0a	COc1ccc(S(=O)(=O)N(CC(C)C)C[C@@H](O)[C@H](Cc2ccccc2)NC(=O)[C@@H]2CN(c3ccc(C(C)=O)cc3)C(=O)O2)cc1	11.400	9.574	1.826
3f34	CCc1cccc(CC)c1O	3.160	4.339	1.179
3zm9	CN(C)C1=CCN(Cc2ccc(CCCCc3ccc(Cn4cnc5c(N)ncnc54)cc3)cc2)C=C1	7.420	7.028	0.392
3f15	COc1ccc(S(=O)(=O)N(CC(=O)NO)C[C@H](O)CO)cc1	8.100	6.244	1.856
1a30	CC(C)C[C@H](NC(=O)[C@H](CC(=O)[O-])NC(=O)[C@@H]([NH3+])CCC(=O)[O-])C(=O)[O-]	4.300	5.384	1.084
3spf	C[N@H+]1CC[N@H+](CCCNC(=O)c2c(-c3ccccc3)c(-c3ccc(Cl)cc3)cn2CC[C@H](O)CO)CC1	3.860	6.621	2.761
2cbv	O[C@H]1[C@H]2CC[C@](O)([NH2+]2)[C@@H](O)[C@@H]1O	5.480	4.761	0.719
4wko	Nc1ncnc2c(C[N@@H+]3C[C@H](CSCCCCO)[C@@H](O)C3)c[nH]c12	9.470	9.357	0.113
4yc0	O=C([O-])Cc1n[nH]c(=O)c2ccccc12	4.130	5.205	1.075
3g2y	CCc1c(C)[nH]n(-c2nnn[nH]2)c1=O	2.000	5.542	3.542
3pwk	O=C([O-])[C@H]1CC[C@H](C(=O)[O-])CC1	3.350	4.447	1.097
4lm3	CC(=O)c1ccc2c(c1)OCCO2	2.920	4.491	1.571
2oym	CN(C)c1ccc(C(=O)NC[C@H]2[NH2+][C@H](CO)[C@@H](O)[C@@H]2O)cc1	5.000	5.300	0.300
4wrb	COCCOc1ccc2nc(-c3cn(-c4ccc(O)cc4)nn3)ccc2c1	6.190	6.657	0.467
5qa8	O=C([O-])c1cccc(-c2ccc(O)cc2)c1	3.770	4.833	1.063
6oqb	CC[C@@H]1CC/C=C/[C@H](O)[C@@H]2CC[C@H]2CN2C[C@@]3(CCCc4cc(Cl)ccc43)COc3ccc(cc32)C(=O)NS1(=O)=O	10.300	8.539	1.761
2vo4	O=[N+]([O-])c1ccc(CS)cc1	4.940	4.631	0.309
6p8a	Cc1cc(C)c2c(-n3cccc3)nn(CC(=O)NCCC[NH+]3CCOCC3)c2n1	3.590	6.348	2.758
4q9o	Cc1onc(-c2ccccc2Cl)c1C(=O)Nc1ccc(C(C)C)cc1	5.770	5.292	0.478
1rmz	COc1ccc(S(=O)(=O)N(CC(=O)NO)CC(C)C)cc1	8.000	6.472	1.528
3rf5	O=C([O-])c1ccccc1NCc1ccco1	5.630	5.358	0.272
3p8o	C=C[C@@H]1C[C@]1(NC(=O)[C@@H]1C[C@@H](Oc2cc(-c3csc(NC(=O)C(C)C)n3)nc3cc(OC)ccc23)CN1C(=O)[C@@H](NC(=O)OC1CCCC1)C(C)(C)C)C(=O)[O-]	8.720	8.369	0.351
6r0v	O=C1C[C@H](NC(=O)c2cc([N+](=O)[O-])ccc2C(=O)[O-])C(=O)N1	4.960	6.294	1.334
4kqp	NC(=O)CC[C@H]([NH3+])C(=O)[O-]	6.050	3.970	2.080
3u5l	Cc1nnc2n1-c1ccc(Cl)cc1C(c1ccccc1)=NN2C	6.190	5.815	0.375
4jxs	O=C([O-])c1ccc(CNS(=O)(=O)c2ccsc2C(=O)[O-])cc1	4.740	5.412	0.672
3n2v	O=C(CN(CCO)S(=O)(=O)c1ccc(-c2ccccc2)cc1)NO	7.510	6.281	1.229
1rpf	N=c1ccn(C2OC(CO)C(OP(=O)(O)O)C2O)c(=O)[nH]1	3.990	4.400	0.410
1yqy	Cc1cc(S(=O)(=O)N[C@@H](C(=O)NO)C2CCOCC2)ccc1F	7.620	7.476	0.144
6fo5	CCn1cnc2c1c(=O)[nH]c(=O)n2Cc1ccc(CNS(=O)(=O)c2ccc3c(c2)CCCC(=O)N3)cc1	6.720	8.634	1.914
3b92	CC#CCOc1ccc(S(=O)(=O)CCCS)cc1	8.000	6.655	1.345
1pzp	N#CC(CNc1ccc(Nc2ccccc2)cc1)c1nn[nH]n1	3.310	5.779	2.469
6d1k	O=P(O)(O)Cc1cccc2cccnc12	3.130	4.781	1.651
5lne	CC(=O)N[C@H]1[C@@H](O)O[C@H](CO)[C@H](O)[C@@H]1O[C@@H]1O[C@H](CO)[C@H](O)[C@H](O)[C@H]1O	4.760	4.495	0.265
5hrw	CCCc1n[nH]c2oc(=O)c3ccccc3c12	5.480	5.669	0.189
4dkp	[NH3+][C@H]1Cc2ccccc2[C@@H]1NC(=O)C(=O)Nc1ccc(Cl)c(F)c1	5.720	6.248	0.528
6nyv	C[C@@H]1C[NH2+]CCN1c1nc(Nc2cc(C(C)(C)C)n[nH]2)c2ccccc2n1	6.510	7.675	1.165
6qr1	N#Cc1c(N)n[nH]c1-c1ccc2c(Cl)cn(Cc3cccnc3)c2c1	5.070	6.632	1.562
1l83	c1ccccc1	3.400	3.860	0.460
5ufr	CN(C)c1nc2ccc([C@](O)(c3ccncc3)c3cncn3C)cc2c(Cl)c1-c1ccccc1	8.700	7.701	0.999
2gj5	C=C1CC[C@H](O)CC1CC[C@@H]1CCC[C@@]2(C)[C@H]1CC[C@@H]2[C@H](C)CCCC(C)C	8.320	6.587	1.733
1k9s	C[n+]1cnc2c([C@@H]3O[C@H](CO)[C@@H](O)[C@H]3O)n[nH]c2c1N	6.520	4.132	2.388
1v1m	Cc1ncc(C[n+]2csc(CCOP(=O)(O)OP(=O)(O)O)c2C)c(N)n1	3.940	6.125	2.185
1wdn	NC(=O)CC[C@H]([NH3+])C(=O)[O-]	6.300	3.967	2.333
5zyl	O=S(=O)(CCO)c1ccc(-c2ccc(C3CCCC3)c([C@H]3C[C@H]3c3ccccn3)c2)cc1	7.060	7.155	0.095
5gj9	O=C([O-])c1cnccn1	4.990	4.888	0.102
6p3v	CC[NH+](CC)CCSc1nnc2c3cc(F)ccc3n(C)c2n1	7.020	5.421	1.599
1n46	Cc1cc(-n2ncc(=O)[nH]c2=O)cc(C)c1Oc1ccc(O)c(C(C)C)c1	10.520	6.747	3.773
1ie9	C=C1/C(=C\C=C2/CCC[C@@]3(C)[C@H]2CC[C@@H]3[C@@H](C)CCCC(C)(C)O)C[C@@H](O)C[C@@H]1O	10.190	8.490	1.700
4ibf	O=C([O-])Cc1ccc(N2C(=O)C(O)=C(C(=O)c3ccc(Cl)s3)[C@@H]2c2cc(Br)cs2)cc1	4.430	5.515	1.085
3k8q	O=c1[nH]cnc2c(C[NH2+]C(CO)CO)c[nH]c12	11.280	7.531	3.749
3ppp	C[N+](C)(C)CC(=O)[O-]	5.220	4.409	0.811
6dh7	CC[C@H](C)CN(C[C@@H](O)[C@H](Cc1ccccc1)NC(=O)O[C@H]1CO[C@H]2OCC[C@@H]12)S(=O)(=O)c1ccc(N)cc1	9.880	10.343	0.463
4bqh	Cc1ccc2c(c1Br)[C@@](O)(CC(=O)c1ccc3c(c1)OCO3)C(=O)N2	5.590	6.355	0.765
3kmc	O=C(NCCc1cccs1)[C@H](O)[C@@H](O)C(=O)N1CC[NH2+]CC1	6.400	5.492	0.908
5cy9	CCCCS(=O)(=O)Nc1ccc2c3c(cccc13)C(=O)N2CC	6.660	6.402	0.258
5fsc	C=CCO[C@H]1O[C@H](CO)[C@@H](OC)[C@H](O)[C@@H]1O	2.360	5.437	3.077
5nn6	OCC[N@@H+]1C[C@H](O)[C@@H](O)[C@H](O)[C@H]1CO	5.520	5.506	0.014
4yrd	CC(C)=C1C=CC=CC(=O)C1=O	4.570	5.135	0.565
4gr8	CC(NC(=O)C(C)NC(=O)C(Cc1cc(-c2ccccc2)no1)CP(=O)(O)c1ccc(Br)cc1)C(N)=O	7.830	7.371	0.459
4i7m	CCCc1ccccc1O	4.140	5.040	0.900
4bc5	O=C(CO)[C@@H](O)[C@H](O)CF	4.600	5.052	0.452
6r1a	O=C1CC[C@H](NC(=O)OC[C@H]2CCC[NH2+]2)C(=O)N1	4.350	6.158	1.808
3wzn	O=C([O-])CCCC[C@@H]1SC[C@@H]2NC(=O)N[C@H]12	7.000	8.290	1.290
5dh5	Cn1cc(CNc2cc(OC[C@H]3C[C@@H]3c3ccccn3)nc3ccnn23)cn1	9.640	6.787	2.853
185l	c1ccc2[nH]ccc2c1	3.540	4.020	0.480
1oba	C[N+](C)(C)CCO	2.440	4.121	1.681
4b6p	O=C1[C@@H](O)[C@H](O)C[C@](O)(C(=O)[O-])[C@@H]1Cc1c(F)c(F)c(F)c(F)c1F	7.130	5.128	2.002
6nco	CC(C)(O)c1ccc(-c2cc(Cl)cc(C3(C(N)=[NH2+])CCC3)c2)cc1	4.520	7.465	2.945
6d55	Cc1cc(Cn2c(N3CC4(C[NH2+]C4)C3)nc3c(N4CC[NH+](C)CC4)cc(Cl)cc32)cc(C)c1F	7.360	7.353	0.007
5eyr	C[NH2+]Cc1ccc(N2CCC(CCC(=O)n3cccc3)CC2)cc1	5.300	6.286	0.986
5vp9	CC(C)(C)OC(=O)N[C@H]1CCCCC/C=C\[C@@H]2C[C@@]2(C(=O)NS(=O)(=O)C2CC2)NC(=O)[C@@H]2C[C@@H](OC3[NH2+]C4CCCCC4[NH2+]C3c3cccs3)CN2C1=O	8.990	7.028	1.962
1o0f	Nc1ncnc2c1ncn2C1OC(COP(=O)(O)O)C(OP(=O)(O)O)C1O	5.300	5.292	0.008
2bt9	CO[C@@H]1O[C@@H](C)[C@@H](O)[C@@H](O)[C@@H]1O	6.190	5.004	1.186
3th9	C[C@H]1Cc2cc(F)ccc2S(=O)(=O)N(C[C@@H](O)[C@H](Cc2ccccc2)NC(=O)OC(C)(C)C)C1	7.700	7.741	0.041
1iy7	NS(=O)(=O)N[C@@H](Cc1ccccc1)C(=O)[O-]	6.190	5.951	0.239
2pqz	O=S(=O)(c1ccccc1)N(Cc1ccccc1)[C@H]1C[NH2+]C[C@@H]1N(Cc1ccccc1)S(=O)(=O)c1ccccc1	5.670	5.747	0.077
2ceq	OC[C@@H]1[C@@H](O)[C@H](O)[C@@H](O)c2nccn21	7.280	5.350	1.930
4leq	CNc1nc2c(CC[C@H]3O[C@@H](OC)[C@H](O)[C@@H]3O)c3[nH]c(=[NH2+])[nH]c(=O)c3cc2[nH]1	6.540	7.025	0.485
2i4j	CCCCCCCN(CCc1ccc(O[C@](C)(CC)C(=O)[O-])cc1)c1nc2ccccc2o1	6.160	7.136	0.976
1cet	CC[NH+](CC)CCC[C@@H](C)Nc1ccnc2cc(Cl)ccc12	2.890	6.188	3.298
5d0r	Oc1c(Cl)cc(Cl)cc1Sc1cc(Cl)cc(Cl)c1O	6.370	5.680	0.690
5t8p	NC(=O)c1ccc2c(n1)-c1sccc1CCO2	5.890	4.922	0.968
5vh0	c1cc2ccc3cccc4ccc(c1)c2c34	4.520	4.166	0.354
5mgk	CCC(=O)c1c[nH]c(C(=O)OC)c1	4.000	5.783	1.783
1kmy	Oc1cccc(-c2ccccc2)c1O	5.100	4.613	0.487
5c28	Cc1c(N)nc(C2CC2)nc1Cl	5.660	6.569	0.909
4l9i	Fc1ccc([C@@H]2CC[NH2+]C[C@H]2COc2ccc3c(c2)OCO3)cc1	4.890	6.425	1.535
5fe7	Cc1nn(CCO)c2c1C(=O)CCC2	3.310	5.579	2.269
5d47	COc1cnccc1-c1c(-c2ccccc2)n(CCC(=O)[O-])c2ccc(C3CC3)cc12	7.000	7.943	0.943
2wc3	CCCCCCCC/N=C1\OC[C@@H]2[C@H](O)[C@H](O)[C@@H](O)[C@H](O)N12	6.080	6.029	0.051
5y12	COc1ccc(S(=O)(=O)NCCCCC(=O)[O-])c2ccccc12	6.230	5.724	0.506
1fcy	CC1(C)CCC(C)(C)c2cc(C(=O)c3ccc4cc(C(=O)[O-])ccc4c3)ccc21	8.520	5.063	3.457
2qbr	O=C([O-])COc1c(C(=O)[O-])sc(-c2cccc(NCc3ccccc3)c2)c1Br	6.330	5.906	0.424
4xmr	CC[C@H](C)[C@H]([NH3+])C(=O)[O-]	4.070	4.196	0.126
3w5n	C[C@@H]1O[C@@H](O)[C@H](O)[C@H](O)[C@H]1O	3.870	4.312	0.442
3djq	O=c1ccn(C2OC(COP(=O)(O)OP(=O)(O)O)C(O)C2O)c(=O)[nH]1	2.980	4.655	1.675
4i8n	O=C([O-])C(=O)Nc1ccc(C[C@@H](c2nc3ccccc3o2)S(=O)(=O)Nc2ccc(F)cc2)cc1	4.460	6.893	2.433
3el5	Cc1c(O)cccc1C(=O)N[C@@H](CSc1ccccc1)[C@H](O)C[N@@H+]1C[C@H]2CCCC[C@H]2C[C@H]1C(=O)NC(C)(C)C	7.720	7.818	0.098
1bdq	CC(C)[C@H](NC(=O)[C@H](Cc1ccccc1)C[C@H](O)[C@H](Cc1ccccc1)NC(=O)OC(C)(C)C)c1ncc[nH]1	6.340	7.547	1.207
3m3z	CNc1nc2c(N)ncnc2n1[C@@H]1O[C@H](COCC(N)=O)[C@@H](O)[C@H]1O	5.730	6.804	1.074
2gz2	Nc1ncnc2c1ncn2C1OC(COP(=O)(O)O)C(O)C1OP(=O)(O)O	5.220	5.693	0.473
2qi6	CC(C)CN(C[C@@H](O)[C@H](Cc1ccccc1)NC(=O)c1cccc(O)c1)S(=O)(=O)c1ccc2ncsc2c1	10.570	9.124	1.446
5cep	CC(C)n1nc(Nc2cc(C(F)(F)F)ccn2)cc1C1CC[NH2+]CC1	6.840	5.852	0.988
186l	CCCCc1ccccc1	4.850	5.468	0.618
6n78	Cn1cc(NC(=O)c2cnn3cccnc23)c(-c2cc(Cl)ccc2OC(F)F)n1	9.680	8.595	1.085
3usx	CCCCCCCCCCCCCC(=O)[O-]	5.020	5.272	0.252
5h1t	COC(=O)N1CCCc2cc(N)ccc21	3.800	4.400	0.600
2yb0	O=c1ccn([C@H]2C[C@H](O)[C@@H](CO)O2)c(=O)[nH]1	3.850	4.235	0.385
5ehv	O=C([O-])/C=C/c1cccc(OCc2cccc(CC(=O)[O-])c2)c1	3.080	4.916	1.836
3o5x	Cn1c(-c2ccccc2)c(-c2cn(CCC(=O)Nc3ccc(-c4ccccc4)cc3)nn2)c2cc(C(=O)[O-])c(O)cc21	5.280	5.445	0.165
1yq7	O=P(O)(O)C(O)(Cc1cccnc1)P(=O)(O)O	7.090	5.210	1.880
5mby	O=C([O-])[C@@H]1CCC[NH2+]1	3.510	4.548	1.038
1eld	C[C@H](NC(=O)[C@H](Cc1ccccc1)NC(=O)C(F)(F)F)C(=O)Nc1ccc(C(F)(F)F)cc1	6.700	5.899	0.801
4ibd	Cc1ccc(N2C(=O)C(O)=C(C(=O)c3ccccc3)[C@@H]2c2cc(Br)cs2)cc1C(=O)[O-]	3.670	5.414	1.744
1add	Nc1ccnc2c1ncn2[C@@H]1O[C@H](CO)[C@@H](O)[C@H]1O	6.740	5.473	1.267
4w9c	CC(C)(C)CC(=O)N1C[C@H](O)C[C@H]1C(=O)NCc1ccc(-c2cnco2)cc1	4.650	5.628	0.978
3pwm	CC(C)CN(C[C@@H](O)[C@H](Cc1ccccc1)NC(=O)O[C@H]1CO[C@H]2OCC[C@@H]12)S(=O)(=O)c1ccc(N)cc1	9.100	9.810	0.710
6e23	Cc1nc(F)ccc1-c1cc(Cn2ccn(C)c2=[NH2+])cc(C(=O)NCc2ccc(Cl)c(Cl)c2)c1	10.000	7.227	2.773
2f9k	O=P(O)(O)C(O)(Cn1ccnc1)P(=O)(O)O	7.070	5.929	1.141
5otc	[NH3+]CCC[C@H]([NH2+]CC(=O)[O-])C(=O)[O-]	4.710	5.574	0.864
5g5f	[NH3+][C@@H](CCC(=O)N[C@@H](CS)C(=O)NCC(=O)[O-])C(=O)[O-]	5.280	4.705	0.575
4s1g	CC(C)[C@]1(C)CC(=O)N(Cc2cc(F)cc(C(=O)N[C@@H](C)c3ccccc3)c2)C(=[NH2+])N1	9.220	7.355	1.865
4wov	CNc1nc2[nH]c(-c3cccc(CNC(=O)COC)n3)cc2c2c1ncn2C	7.140	5.365	1.775
3nq9	CCCCCCCC(=O)[O-]	4.030	5.281	1.251
6dpy	Cc1oc(C)c(S(=O)(=O)N[C@@H]2CCOc3ccc(F)cc32)c1C(=O)[O-]	4.100	6.460	2.360
1mrx	Cc1c(O)cccc1C(=O)N[C@@H](Cc1ccccc1)[C@H](O)C(=O)N1CSC(C)(C)[C@H]1C(=O)NC(C)(C)C	7.260	7.578	0.318
3cj4	C[C@H]1C[C@@H](C)CN(C(=O)c2cc(Br)ccc2NC(=O)CCC(=O)[O-])C1	6.510	5.268	1.242
1uz1	O=C1NC[C@H](CO)[C@@H](O)[C@@H]1O	6.890	5.263	1.627
4q1x	CC(C)CN(C[C@@H](O)[C@H](Cc1ccccc1)NC(=O)O[C@H]1CO[C@H]2OCC[C@@H]12)S(=O)(=O)c1ccc(N)cc1	11.150	9.786	1.364
2za0	COC(=O)c1c(C)cc(Oc2cc(C)cc(O)c2O)cc1O	6.640	4.992	1.648
4e9u	N#CSCCOc1ccc(Oc2ccccc2)cc1	5.820	5.505	0.315
5nw1	Cc1ncsc1-c1ccc(CNC(=O)[C@@H]2C[C@@H](O)CN2C(=O)[C@@H](NC(=O)C2CCC2)C(C)(C)C)cc1	6.600	6.458	0.142
4p5d	O=P(O)(O)OCC1OC(n2cnc3c(-c4ccc5ccccc5c4)ncnc32)C(O)C1O	5.820	6.075	0.255
2zcs	O=P(O)(O)C(CCCc1ccc(-c2ccccc2)cc1)S(=O)(=O)O	8.220	6.711	1.509
4sga	CC(=O)N1CCC[C@H]1C(=O)N[C@@H](C)C(=O)N1CCC[C@H]1C(=O)N[C@@H](Cc1ccccc1)C(=O)[O-]	7.300	5.277	2.023
3g3r	O=P(O)(O)NP(=O)(O)OP(=O)(O)O	6.480	4.816	1.664
1qk4	O=c1[nH]cnc2c1ncn2C1OC(COP(=O)(O)O)C(O)C1O	4.210	5.398	1.188
6pg5	O=C(NCCCCc1ncc(CO)[nH]1)OCc1ccccc1	4.960	6.471	1.511
5zg0	CC(C)Oc1ccc(C2C=CCN3CCS(=O)(=O)N=C23)cc1	7.090	5.790	1.300
4ipi	O=C([O-])C[C@H](O)C(=O)[O-]	5.320	4.568	0.752
3uxd	Clc1cc(Cl)c2nn[nH]c2c1	4.410	4.675	0.265
5ovr	O=P(O)(O)C(O)c1ccc(-c2cccc(C(O)c3ccc(Cl)c(Cl)c3)c2)cc1	4.570	6.226	1.656
3t1m	CO[C@@H]1O[C@H](CO)[C@H](O)[C@H](NC(=O)c2ccc(C)cc2)[C@@H]1OC(=O)c1ccc(C)cc1	3.040	5.649	2.609
5fog	CCC[C@H]([NH3+])C(=O)N[C@@H]1[C@H](O)[C@@H](CO)O[C@H]1n1cnc2c(=N)nc[nH]c21	3.670	5.946	2.276
6fa4	COc1nc(-c2cccc3c2OCCO3)ccc1Nc1ccc(C[NH+](C)C)cc1	7.290	6.708	0.582
6a87	CS[C@@H]1O[C@H](CO[C@@H]2O[C@@H](C)[C@@H](O)[C@@H](O)[C@@H]2O)[C@@H](O)[C@H](O)[C@H]1NC(C)=O	3.150	5.778	2.628
1c84	O=C([O-])C(=O)Nc1cc2ccccc2cc1C(=O)[O-]	5.000	5.002	0.002
3f3c	[NH3+][C@@H](Cc1ccc(F)cc1)C(=O)[O-]	6.020	4.616	1.404
5edc	O=C([O-])c1c(N2CCCCC2)nc2ccc(Cl)cc2c1-c1ccccc1	7.660	6.347	1.313
2j7e	COC(=O)Cc1cn2c(n1)[C@H](O)[C@@H](O)[C@H](O)[C@H]2CO	7.320	5.123	2.197
4c6u	C=C/C(C)=C\[C@@]1(C)SC(=O)C(C(C)=O)=C1O	4.590	5.511	0.921
4ra1	O=P(O)(O)OC1C(O)OC(CO)C(O)C1O	5.940	4.400	1.540
1njc	Nc1ccn(C2CC(O)C(COP(=O)(O)O)O2)c(=O)n1	5.550	5.750	0.200
5var	C[NH+](C)C[C@H]1[C@H]2CC[C@](c3ccccc3)(C2)[C@H]1O	4.090	5.820	1.730
4ai5	Cn1cnc(N)c2ncnc1-2	2.920	5.195	2.275
3cm2	CC[C@H]([NH3+])C(=O)N[C@@H]1C(=O)N2[C@H](CC[C@H]2C(=O)NC(c2ccccc2)c2ccccc2)CC[C@@H]1C[NH3+]	6.470	6.563	0.093
6epa	O=C(CC(c1ccccc1)c1ccccc1)Nc1nc2ccccc2s1	5.950	5.971	0.021
6e5t	C=C(C)[C@@H]1CCC(C)=C[C@H]1c1c(C)cc(O)cc1O	6.550	6.078	0.472
4fht	O=C([O-])c1ccc(O)c(O)c1	6.170	4.055	2.115
4a95	CCCCc1c(C)nc2ccc(OC)cc2c1SCCC#N	5.760	7.435	1.675
3p8p	CCCCC(=[NH2+])NCCC[C@H]([NH3+])C(=O)[O-]	4.550	4.848	0.298
1hwr	C=CCN1C(=O)N(CC=C)[C@H](Cc2ccccc2)[C@H](O)[C@@H](O)[C@H]1Cc1ccccc1	8.330	6.018	2.312
2aj8	Cn1c(=O)c2c(nc(N3CC[NH2+]CC3)n2Cc2ccccc2)n(C)c1=O	6.200	5.841	0.359
5jfu	COc1ccc(S(=O)(=O)N(Cc2ccccc2)C[C@@H](O)[C@H](C[C@]23C[C@H]4C[C@H](C[C@H](C4)C2)C3)NC(=O)O[C@H]2CO[C@H]3OCC[C@@H]23)cc1	8.070	10.179	2.109
3g30	O=C([O-])[C@H]1C[C@H]1C(=O)Nc1cc(F)ccc1F	2.510	5.216	2.706
2ri9	OC1[C@H](O)COC[C@H]1O	3.220	4.036	0.816
1e6q	OC[C@@H]1[C@@H](O)[C@H](O)[C@@H](O)c2nn[nH][n+]21	3.150	5.157	2.007
2o8h	COc1cc2ncnc(N3CCc4cccc(S(=O)(=O)N5CC[NH+](C)CC5)c4C3)c2cc1OC	7.600	6.870	0.730
5exn	COC(=O)Nc1ccc(-c2ccnc([C@H](Cc3ccccc3)NC(=O)/C=C/c3cc(Cl)ccc3-n3cnnn3)c2)cc1	7.640	8.104	0.464
3b67	C[C@](O)(COc1c(F)c(F)c(F)c(F)c1F)C(=O)Nc1ccc([N+](=O)[O-])c(C(F)(F)F)c1	8.850	7.744	1.106
4crb	O=C(N[C@@H](Cc1ccccc1)C(=O)NCCc1cc(Cl)ccc1-n1cnnn1)c1ccc2[nH]c(=O)cc(O)c2c1	7.570	7.895	0.325
6pi6	CC/[NH+]=c1/[nH]c(NC(C)C)[nH+]c(=O)[nH]1	5.660	4.879	0.781
6dak	O=C(NCc1cccc(-c2cn3c(n2)CC=C3)c1)c1ccccc1	5.140	6.247	1.107
5kej	CCCCCCSC[C@H](NC(=O)CC[C@H]([NH3+])C(=O)[O-])C(=O)NCC(=O)[O-]	5.110	5.788	0.678
3i6o	COc1ccc2c(c1)OCC/C=C/CCCCN(C[C@@H](O)[C@H](Cc1ccccc1)NC(=O)O[C@H]1CO[C@H]3OCC[C@@H]13)S2(=O)=O	10.350	9.784	0.566
2r3t	NC(=O)c1ccc(S(=O)(=O)N(Cc2ccccc2)[C@H]2C[NH2+]C[C@@H]2N(Cc2ccccc2)S(=O)(=O)c2ccc(C(N)=O)cc2)cc1	5.850	5.809	0.041
3lk8	COc1ccc(S(=O)(=O)NCC(=O)NO)cc1	7.710	5.655	2.055
5od1	CC(c1ccccc1)P(=O)(O)Oc1ccc2c(CS(=O)(=O)O)cc(=O)oc2c1	5.960	6.545	0.585
4ovf	O=C([O-])[C@@H]1CCc2c([nH]c3ccc(Cl)cc23)C1	4.130	5.632	1.502
4k7i	Oc1ccccc1O	2.820	3.846	1.026
6t1o	O=C(Nc1ccc2nc(C[NH+]3CCCCC3)[nH]c2c1)c1ccc(I)cc1	5.590	7.751	2.161
4kz4	CCCS(=O)(=O)Nc1ccccc1C(=O)[O-]	4.150	5.010	0.860
1ndz	Cn1c(CCC(=O)Nc2ccc3ccn(CC[C@H](CO)n4cnc(C(N)=O)c4)c3c2)nc2ccccc21	8.110	6.703	1.407
2pyn	Cc1c(O)cccc1C(=O)N[C@@H](CSc1ccccc1)[C@H](O)C[N@@H+]1C[C@H]2CCCC[C@H]2C[C@H]1C(=O)NC(C)(C)C	7.570	7.825	0.255
5dnu	CC1C(=O)OC2=COCC=C21	4.110	4.822	0.712
4pvy	CC(C)Oc1ccc(-c2cncc(NC(P(=O)(O)O)P(=O)(O)O)c2)cc1	6.710	6.234	0.476
1dmp	Nc1cccc(CN2C(=O)N(Cc3cccc(N)c3)[C@H](Cc3ccccc3)[C@H](O)[C@@H](O)[C@H]2Cc2ccccc2)c1	9.550	6.284	3.266
4cfl	O=c1cc(N2CC[NH2+]CC2)oc2c(-c3ccccc3)cccc12	5.880	5.932	0.052
4iuo	O=C([O-])[C@]1(O)C[C@@H](O)[C@@H](O)[C@H](O)C1	3.640	4.924	1.284
2qzr	Nc1nc2cc3nc(NCc4cccc5ccccc45)[nH]c3cc2c(=O)[nH]1	7.260	6.670	0.590
6ep4	C[N+](C)(C)CCCCCCCCCC[N+](C)(C)C	5.350	4.605	0.745
6jaw	OC1c2cccc3cccc(c23)C(O)[NH+]1CCC[NH+]1CCOCC1	5.660	5.902	0.242
6ht1	C[C@H]1CCC[N@@H+]1Cc1nc2ccc(NC(=O)c3ccc4c(cnn4C)c3)cc2[nH]1	7.110	7.663	0.553
3f16	COc1ccc(S(=O)(=O)N[C@H](CO)C(=O)NO)cc1	8.230	5.810	2.420
4cig	COc1ccc(CNC(=O)c2cc3ccccc3cc2C[N@@H+](C)Cc2cccc(OC)c2C(=O)[O-])cc1	3.670	5.822	2.152
2glp	O=C(N/N=C/c1cc(Br)c(O)c(Br)c1O)c1cccnc1	5.010	6.277	1.267
4bcs	O=C([O-])CCCC[C@@H]1SC[C@@H]2NC(=O)N[C@H]12	6.990	8.290	1.300
4ciw	O=C([O-])[C@]1(O)C=C(CCO)[C@@H](O)[C@H](O)C1	4.820	5.466	0.646
5j1r	O=C(CCc1ccoc1)n1cccc1	4.660	4.960	0.300
5x74	O=C1c2ccccc2N[C@@H](c2ccccc2F)N1CC[N@H+]1CC[C@@H](N2C(=O)c3ccccc3N[C@H]2c2ccccc2F)CC1	8.640	6.783	1.857
2ot1	O=C(Nc1ccc(Cl)cc1)c1cc2ccccc2cc1OP(=O)(O)O	4.000	5.944	1.944
2i3i	C[NH2+][C@@H](C)C(=O)N[C@@H]1CCC[C@H]2SC(C)(C)[C@@H](C(=O)Nc3cc(C)nn3-c3ccccc3)N2C1=O	7.300	7.802	0.502
1m2x	C[C@H](CS)C(=O)N1CCC[C@@H]1C(=O)[O-]	4.150	5.243	1.093
6ezq	O=C([O-])CCCCCCCCCCCNc1ccc([N+](=O)[O-])c2nonc12	4.660	5.616	0.956
5om7	COc1cccc2c1C(=O)c1c(O)c3c(c(O)c1C2=O)C[C@@](O)(C(=O)CO)C[C@@H]3O[C@H]1C[C@H]([NH3+])[C@H](O)[C@H](C)O1	5.740	6.962	1.222
6n5x	C[C@@H](CO)OC[C@@H](C)O	4.600	5.321	0.721
6oqc	C[C@@H]1CC/C=C/[C@H](O)[C@@H]2CC[C@H]2CN2C[C@@]3(CCCc4cc(Cl)ccc43)COc3ccc(cc32)C(=O)NS1(=O)=O	10.400	7.824	2.576
6eqp	CC[NH+](CC)[C@H](C)CN1c2ccccc2Sc2ccccc21	5.960	5.040	0.920
6h8s	NC(=[NH2+])Nc1cc(C2CC[NH2+]CC2)cc(C(F)(F)F)c1	4.420	5.479	1.059
6pg7	CO[C@@H](CCc1ncc(CO)[nH]1)c1ccccc1	4.660	6.292	1.632
1ws4	CO[C@H]1O[C@H](CO)[C@@H](O)[C@H](O)[C@H]1O	3.000	4.474	1.474
2gvv	NP(=O)(OC1CCCC1)OC1CCCC1	3.900	4.371	0.471
6o0o	O=C(c1cc(-c2cc3c(cc2C(=O)N2Cc4ccccc4C[C@H]2C[NH+]2CCOCC2)OCO3)n2c1CCCC2)N(c1ccccc1)c1ccc(O)cc1	7.440	6.541	0.899
6ooy	Cc1ccc(C)c(Cn2c(CO)nc3ccccc32)c1	4.660	5.659	0.999
2aac	C[C@H]1O[C@@H](O)[C@H](O)[C@@H](O)[C@H]1O	2.220	4.333	2.113
6dif	CCC[C@@]1(CCc2ccccc2)CC(O)=C([C@H](CC)c2cccc(NS(=O)(=O)c3ccc(C(F)(F)F)cn3)c2)C(=O)O1	10.720	8.894	1.826
3zqe	C[C@H](CCC(=O)[O-])[C@H]1CC[C@H]2[C@@H]3CC[C@@H]4C[C@H](O)CC[C@]4(C)[C@H]3C[C@H](O)[C@@]21C	4.230	6.541	2.311
4l50	CC(C)CC(=O)C(O)(O)C(O)COP(=O)(O)O	6.060	5.937	0.123
6g2b	Cn1cnc(-c2ccccc2)c1-c1ccncc1	3.800	6.574	2.774
4zt8	[NH2+]=C1CC=NC(=O)N1	4.390	5.062	0.672
2yek	CCNC(=O)C[C@@H]1N=C(c2ccc(Cl)cc2)c2cc(OC)ccc2-n2c(C)nnc21	7.210	7.030	0.180
4gq4	CC1(C)CNC(=[N+]2CCN(c3ncnc4sc(CC(F)(F)F)cc34)CC2)S1	7.660	7.383	0.277
1d7i	CSC[S@](C)=O	3.600	3.973	0.373
5nvv	Cc1ncsc1-c1ccc(CNC(=O)[C@@H]2C[C@@H](O)CN2C(=O)[C@@H](NC(=O)CO)C(C)(C)C)cc1	6.700	6.178	0.522
3t0x	C[N+]1=C(/C=C/Cc2cc[n+](CCCS(=O)(=O)[O-])c3ccccc23)C(C)(C)c2ccccc21	8.000	8.108	0.108
1rr6	O=c1[nH]cnc2c([C@@H]3[NH2+][C@H](CO)[C@@H](O)[C@H]3O)c[nH]c12	10.250	7.473	2.777
5lsg	C=C(C)[C@@H]1CC[C@]2(C(=O)[O-])CC[C@]3(C)[C@H](CC[C@@H]4[C@@]5(C)CC[C@H](O)C(C)(C)[C@H]5CC[C@]43C)[C@@H]12	5.400	6.254	0.854
2buv	O=C([O-])c1ccc(O)c(O)c1	4.000	4.066	0.066
3v78	CCN1c2cc(N)ccc2-c2ccc(N)cc2[C@H]1c1ccccc1	5.540	6.009	0.469
3bgb	CC(C)CN(CC[NH2+]CCN(CC(C)C)S(=O)(=O)c1ccc(N)cc1)S(=O)(=O)c1ccc(N)cc1	6.050	6.627	0.577
6jaq	OC[C@H]1O[C@H](O)[C@H](O)[C@@H](O)[C@@H]1O	3.950	4.070	0.120
6t1l	CC[NH+](CC)Cc1ccc(CNC(=O)N2CCN(c3ncccn3)CC2)cc1	4.770	5.877	1.107
2j7h	OC[C@H]1[NH2+][NH2+]C[C@@H](O)[C@@H]1O	7.190	5.318	1.872
2i4u	COc1ccc(S(=O)(=O)N(CC(C)C)C[C@@H](O)[C@H](Cc2ccccc2)NC(=O)O[C@H]2CO[C@H]3OCC[C@@H]23)cc1	11.570	10.317	1.253
4oc0	O=C(N[C@@H](CCCCNC(=O)c1ccc(I)cc1)C(=O)[O-])NC1(C(=O)[O-])CC1	6.500	7.336	0.836
6ma2	COc1ccccc1[C@H](NS(=O)(=O)c1ccc2[nH]c(=O)ccc2c1)C(=O)N(CC(=O)[O-])Cc1cccs1	5.390	6.403	1.013
1bzc	NC(=O)C(CCC(=O)O)NC(=O)c1ccc2cc(C(F)(F)P(=O)(O)O)ccc2c1	4.920	7.069	2.149
5ioz	O=C(NCC1CCCC1)C1CCCC1	4.960	4.620	0.340
2zx7	C[C@@H]1[NH2+][C@H](CNC(=O)c2cc3ccccc3[nH]2)[C@@H](O)[C@H](O)[C@@H]1O	10.490	6.148	4.342
3t64	O=c1ccn([C@H]2C[C@H](O)[C@@H](C[NH2+]C(c3ccccc3)c3ccccc3)O2)c(=O)[nH]1	6.700	5.260	1.440
6dpt	Cn1cnnc1Sc1ccccc1NS(=O)(=O)c1cccc(Cl)c1O	7.110	6.639	0.471
4lov	CCC/C=C/CCO[C@H]1O[C@H](CO)[C@@H](O)[C@H](O)[C@@H]1O	7.770	4.863	2.907
1f4e	Cc1ccc(S(=O)(=O)N2CCC[C@@H]2C(=O)[O-])cc1	2.960	5.082	2.122
5mz8	O=C([O-])CCC(=O)[O-]	2.310	3.898	1.588
3hp9	COc1ccc(Nc2cc(C(F)(F)F)ccc2Cl)c(C(=O)[O-])c1	4.590	6.332	1.742
5eqp	C[N@H+]1CCC[N@@H+](Cc2ccc3ncccc3c2)CC1	5.400	5.261	0.139
4xt2	Brc1cccc([C@@H]2C[C@H](c3cccc(Br)c3)n3nnnc3N2)c1	7.150	5.146	2.004
6ce6	O=C([O-])CCc1nc2cc3nc(CCC(=O)[O-])sc3cc2s1	5.100	5.909	0.809
6d1j	Cc1cc(C)c2c(CP(=O)(O)O)cc(=O)[nH]c2c1	4.250	5.470	1.220
4jfs	COc1ccc([C@H]2[C@H](O)[C@H](O)[C@H](C)[N@H+]2C)cc1	5.270	6.087	0.817
6qi4	O=C(Cc1c[nH]c2ccccc12)N/N=C/c1ccc([N+](=O)[O-])c(O)c1	4.370	5.724	1.354
4n9a	O=C([O-])[C@@H]1CCCc2c1[nH]c1ccc(Cl)cc21	4.190	6.100	1.910
6dyz	C#CCSC[C@H]1C[N@@H+](Cc2c[nH]c3c(N)ncnc23)C[C@@H]1O	9.200	9.318	0.118
4h81	O=C([O-])[C@H](Cl)Cc1ccccc1	5.120	4.895	0.225
4mjp	C[C@@H](C(=O)[O-])c1ccc(C2CCCCC2)c2ccccc12	3.880	5.755	1.875
5uf0	CNc1cc(=O)n(C)nc1-c1ccccc1	3.800	6.414	2.614
2x09	[NH3+]C[C@@H]1[C@@H](O)[C@H](O)[C@H]2[C@@H](O)CC[N@@H+]12	3.760	5.269	1.509
2pym	Cc1c(O)cccc1C(=O)N[C@@H](CSc1ccccc1)[C@H](O)C[N@@H+]1C[C@H]2CCCC[C@H]2C[C@H]1C(=O)NC(C)(C)C	6.820	7.860	1.040
3jdw	[NH3+]CCC[C@H]([NH3+])C(=O)[O-]	3.600	4.205	0.605
6gwr	CC(C)c1ccc(C(=O)Nc2cc(C[N@H+]3CC[N@@H+](C)CC3)cc(C(F)(F)F)c2)cc1C#Cc1cnc2cnccn12	8.100	8.026	0.074
3i3b	O=C1O[C@H](CO)[C@H](O)[C@H](O)[C@H]1O	2.230	4.114	1.884
2ogy	CN1c2c(nc(N)[nH]c2=O)NC[C@@H]1CNc1ccc(C(=O)N[C@@H](CCC(=O)[O-])C(=O)[O-])cc1	4.480	6.045	1.565
2v2v	N=c1ccn([C@@H]2O[C@H](CNC(=O)Cc3nc4ccccc4[nH]3)[C@@H](O)[C@H]2O)c(=O)[nH]1	4.070	5.719	1.649
4l4z	CC(=O)C(O)(O)C(O)COP(=O)(O)O	5.680	6.045	0.365
1w96	CO[C@H]1CCCC[C@@H](c2ccccc2)OC(=O)[C@@H](C)[C@@]2(O)O[C@@H]([C@@H](C)/C=C/[C@H]1OC)[C@@H](C)[C@H](O)[C@H]2OC	8.410	7.160	1.250
5jhb	Nc1cc(C(F)(F)F)c(-c2nc(N3CCOCC3)nc(N3CC(CO)(CCl)C3)n2)cn1	6.060	6.785	0.725
3f7i	C[NH2+][C@@H](C)C(=O)N[C@H](C(=O)N1CC[C@H]2CC[C@H](NC(=O)c3cccc4ccccc34)[C@H]21)C(C)(C)C	7.340	7.410	0.070
4n7m	O=C1NC(=[N+]2CCCC2)Cc2ccccc21	5.470	5.011	0.459
5vsf	COc1cc2nc(N(C)C3CCCC3)nc(N[C@H]3CC[N@H+](C)CC3)c2cc1OC	7.030	5.865	1.165
3dk1	COc1ccc(S(=O)(=O)N(CC(C)C)C[C@@H](O)[C@H](Cc2ccccc2)NC(=O)O[C@@H]2C[C@@H]3OCCO[C@@H]3C2)cc1	9.740	9.424	0.316
2y5f	O=C1[C@H]2[C@@H](C(=O)N1CCC[N+]1(CCO)CCCC1)[C@@H]1CCC[N@@H+]1[C@H]2c1cc(-c2ccc(Cl)s2)on1	8.700	7.015	1.685
2q64	Cc1c(O)cccc1C(=O)N[C@@H](CSc1ccccc1)[C@H](O)C[N@@H+]1C[C@H]2CCCC[C@H]2C[C@H]1C(=O)NC(C)(C)C	8.520	7.781	0.739
2v00	Nc1nc(CCc2ccccc2)cc(=O)[nH]1	3.660	5.618	1.958
5a81	Cc1cc2ccnc(N[C@@H]3CC[NH2+]C[C@H]3OCC3CCCCC3)c2[nH]c1=O	5.540	7.315	1.775
2pwc	Nc1ccc(S(=O)(=O)N(Cc2ccccc2)[C@H]2C[NH2+]C[C@@H]2N(Cc2ccccc2)S(=O)(=O)c2ccc(N)cc2)cc1	6.570	5.806	0.764
2ces	OC[C@@H]1[C@@H](O)[C@H](O)[C@@H](O)c2nccn21	7.250	5.350	1.900
6ios	O=C([O-])[C@@H]1CCC[NH2+]1	4.100	4.542	0.442
5yl2	COc1ccc(/C=C/C(=O)c2ccc(OC)c3c2OC(C)(C)C=C3)cc1O	4.500	6.178	1.678
1rnt	Nc1nc2c(ncn2C2OC(CO)C(O)C2OP(=O)(O)O)c(=O)[nH]1	5.190	5.439	0.249
4hdp	COc1ccc(S(=O)(=O)N(CC(C)C)C[C@@H](O)[C@H](Cc2ccccc2)NC(=O)O[C@H]2CO[C@H]3O[C@@H]4OCC[C@@H]4[C@H]32)cc1	7.510	10.346	2.836
6aro	OC[C@H]1O[C@@H](Oc2cccc3cccnc23)[C@H](O)[C@@H](O)[C@H]1O	5.150	5.584	0.434
6j0g	C/C(=C\COP(=O)(O)OP(=O)(O)O)CO	5.640	4.741	0.899
4xas	[NH3+][C@@]1(C(=O)[O-])CC2(CC2)[C@H]2[C@H](C(=O)[O-])[C@H]21	6.590	6.026	0.564
2a5c	Nc1ncnc2c1[nH]c(=O)n2[C@@H]1C[C@@H](O)[C@H](CO)O1	4.620	5.870	1.250
1kui	NC(=O)CC[C@H](NC(=O)[C@@H]1CCC(=O)N1)C(=O)N[C@@H](Cc1c[nH]c2ccccc12)C(=O)[O-]	3.770	5.690	1.920
1br6	Nc1nc2ncc(CNc3ccc(C(=O)[O-])cc3)nc2c(=O)[nH]1	3.220	5.773	2.553
6gue	Cc1ncc(-c2ccnc(Nc3ccc(S(C)(=O)=O)cc3)n2)n1C(C)C	8.400	6.508	1.892
6p85	CCOc1ccccc1-n1nnc(S(=O)(=O)c2ccc(C)cc2)c1N	4.990	5.845	0.855
5iyy	NC(=[NH2+])NCCC[C@H](NC(=O)OCc1ccccc1)C(=O)[O-]	4.770	5.719	0.949
5kab	O=C([O-])C(=O)Nc1sc2cnccc2c1C(=O)[O-]	4.680	4.827	0.147
1jys	Nc1ncnc2[nH]cnc12	3.520	5.767	2.247
6nv9	CCC[C@H](O)[C@H]([NH2+]C[C@@H]1Cc2cccc(c2)CCCCc2cc(cc(N(CCC)S(C)(=O)=O)c2)C(=O)N1)C(=O)NCC(C)C	8.190	8.159	0.031
6jtc	[NH3+]CCNc1ccc([N+](=O)[O-])cc1C(=O)[O-]	5.070	5.398	0.328
4i7k	Cc1ccccc1	3.040	4.166	1.126
6ouv	COP(=O)(O)C(C)(O)C1SC(CCOP(=O)(O)OP(=O)(O)O)=C(C)N1Cc1cnc(C)nc1N	5.550	7.234	1.684
3zln	O=C([O-])c1cccc(-c2ccc3c(c2)/C(=N/Nc2nc4ccccc4s2)CCC3)n1	8.470	7.968	0.502
4ysl	[NH3+][C@@H](CCC(=O)N[C@@H](CS)C(=O)NCC(=O)[O-])C(=O)[O-]	5.800	4.697	1.103
5wl0	O=C([O-])[C@H]1[C@H]2CC[C@H](CC2)[C@@H]1Nc1nc(-c2c[nH]c3ncc(F)cc23)ncc1F	9.170	6.743	2.427
4jym	CC1C(=O)OC2=C1C=COC2	5.040	5.486	0.446
6szp	COCC[NH2+][C@@H]([NH3+])[NH2+]CCCC[NH3+]	4.740	6.077	1.337
6gvf	CC(C)n1nc(-c2ccc3oc(N)nc3c2)c2c(N)ncnc21	7.550	7.115	0.435
6as8	CC(=O)N[C@H]1[C@H](Oc2ccccc2-c2cccc(C(=O)[O-])c2)O[C@H](CO)[C@H](O)[C@@H]1O	7.050	5.994	1.056
1f4g	O=C([O-])CCNC(=O)[C@H]1CCCN1S(=O)(=O)c1ccc(C(=O)N[C@@H](CCC(=O)[O-])C(=O)[O-])cc1	6.480	6.162	0.318
2v54	Cc1cn(C2CC(O)C(COP(=O)(O)OP(=O)(O)O)O2)c(=O)[nH]c1=O	4.600	5.013	0.413
3pfp	O=C(O)C(CCCCCOP(=O)(O)O)OP(=O)(O)O	6.440	5.512	0.928
5elw	O=P(O)(O)CC(O)Cn1cncn1	7.850	5.386	2.464
2qhy	CC(=O)N[C@@H](C)C(=O)N[C@@H](Cc1ccccc1)[C@H](O)CN(Cc1cccs1)S(=O)(=O)c1cc(F)c(F)cc1F	7.480	7.735	0.255
4dko	CC1(C)C[C@H](NC(=O)C(=O)Nc2ccc(Cl)c(F)c2)CC(C)(C)[N@@H+]1C	6.520	5.597	0.923
3g1v	O=c1[nH]c(=O)n(C2OC(COP(=O)(O)O)C(O)C2O)cc1F	3.190	5.028	1.838
4i7j	c1ccccc1	3.320	3.861	0.541
3b68	CC(=O)Nc1ccc(OC[C@](C)(O)C(=O)Nc2ccc([N+](=O)[O-])c(C(F)(F)F)c2)cc1	8.400	7.898	0.502
1mrw	Cc1c(O)cccc1C(=O)N[C@@H](Cc1ccccc1)[C@H](O)C(=O)N1CSC(C)(C)[C@H]1C(=O)NC(C)(C)C	9.700	7.468	2.232
4fp1	O=C([O-])C(O)(C(F)(F)F)C(F)(F)F	4.570	4.145	0.425
5tcy	O=C(NCCCCCNC(=O)c1cccc(O)c1O)c1cccc(O)c1O	7.660	4.797	2.863
6nv7	CCCN(c1cc2cc(c1)C(=O)N[C@H](C[NH2+][C@@H](C(=O)NCC(C)C)[C@H](C)O)Cc1cccc(c1)CCCC2)S(C)(=O)=O	7.920	7.564	0.356
6mll	O=C(Nc1nn[nH]n1)c1cc(-c2ccccc2)n(-c2ccccc2)n1	3.620	6.870	3.250
1ndv	NC(=[NH2+])Nc1nc(-c2ccc(CNc3nc4ccccc4[nH]3)s2)cs1	5.920	6.611	0.691
1hpx	CSC[C@H](NC(=O)COc1cccc2cnccc12)C(=O)N[C@@H](Cc1ccccc1)[C@H](O)C(=O)N1CSC[C@H]1C(=O)NC(C)(C)C	11.260	8.185	3.075
2i4d	COc1ccc(S(=O)(=O)N(CC(C)C)CC(O)C(Cc2ccc(OCP(=O)(O)O)cc2)NC(=O)OC2COC3OCCC23)cc1	11.680	10.605	1.075
1w3k	OC[C@H]1O[C@@H](O[C@H]2[C@H](O)C[NH2+]O[C@@H]2CO)[C@H](O)[C@@H](O)[C@@H]1O	4.300	5.026	0.726
3dx1	[NH3+][C@@H]1C[C@H](O)[C@H](O)[C@@H]1O	3.580	4.778	1.198
2vot	OC[C@@H]1[C@@H](O)[C@H](O)[C@H](O)c2nc(CNc3ccccc3)cn21	7.140	5.901	1.239
4d4d	OC[C@H]1O[C@H](OC[C@H]2C[NH2+]C[C@@H](O)[C@@H]2O)[C@@H](O)[C@@H](O)[C@@H]1O	5.960	5.602	0.358
2f81	CC(C)CN(C[C@@H](O)[C@H](Cc1ccccc1)NC(=O)O[C@H]1CO[C@H]2OCC[C@@H]12)S(=O)(=O)c1ccc(N)cc1	10.520	9.793	0.727
3tfu	Cc1ncc(COP(=O)(O)O)c(C/N=C2\C=CC(CCCO)=NC2=O)c1O	3.280	6.400	3.120
6e22	COc1cc(CNC(=O)c2ccc(F)c(CNc3ncc[nH]3)c2)cc(OC)c1	8.890	6.285	2.605
6cdl	CC(C)CN(C[C@@H](O)[C@H](Cc1cc(F)cc(F)c1)NC(=O)O[C@H]1C[C@H]2CO[C@H]3OC=C[C@@H]1[C@H]32)S(=O)(=O)c1ccc2nc(NC3CC3)sc2c1	10.920	10.283	0.637
2h6b	O=C([O-])Cc1ccc(O)c(Cl)c1	5.390	4.639	0.751
3hk1	COC(=O)c1sc(-c2cccs2)cc1NC(=O)CCC(=O)[O-]	6.170	4.733	1.437
6hpw	Cc1ccc(C(=O)Nc2ccc3nc(C[NH+]4CCCCC4)[nH]c3c2)cc1I	6.090	7.454	1.364
4ll3	CC(C)CN(C[C@@H](O)[C@H](Cc1ccccc1)NC(=O)O[C@H]1CO[C@H]2OCC[C@@H]12)S(=O)(=O)c1ccc(N)cc1	11.570	9.781	1.789
2qwc	CC(=O)N[C@@H]1[C@@H](O)C=C(C(=O)[O-])O[C@H]1[C@H](O)[C@H](O)CO	3.550	4.906	1.356
5lz4	CC1(C)CC(=O)N(CCOc2ccc(F)c(C#N)c2)C1	5.700	5.936	0.236
3g19	CC(C)C[C@H]([NH3+])C(=O)N[C@@H](CC(C)C)C(=O)N[C@@H](CC(C)C)C(=O)[O-]	6.670	4.805	1.865
6pgc	COC(=O)N(CCCCc1ncc(CO)[nH]1)Cc1ccccc1	5.350	6.910	1.560
6cbg	O=C([O-])c1cccc(-c2cn[nH]c2)c1	3.950	4.117	0.167
3lpl	CCOP(=O)(O)OP(=O)(O)O	5.620	4.486	1.134
4de1	O=C(Nc1cccc(-c2nnn[nH]2)c1)c1ccc2n[nH]cc2c1	5.960	5.544	0.416
2y7z	C[NH+](C)[C@H]1CCc2cc(N3CC[C@H](NS(=O)(=O)c4ccc5cc(Cl)ccc5c4)C3=O)ccc21	8.700	7.955	0.745
2wc4	CCCCCCCC/N=C1\SC[C@@H]2[C@@H](O)[C@H](O)[C@@H](O)[C@H](O)N12	5.290	6.192	0.902
5er4	CN1CCc2cccc3c2c1cc1ccc(O)c(O)c13	2.760	5.808	3.048
4lk7	OC[C@H]1O[C@@H](Oc2ccc3c(c2)Oc2cc(O)ccc2N3)[C@H](O)[C@@H](O)[C@H]1O	5.040	5.741	0.701
3ewc	CSC[C@H]1O[C@@H](n2cnc3c2N=CNC[C@H]3O)[C@H](O)[C@@H]1O	7.700	6.085	1.615
2x8z	C[C@H](CS)C(=O)N1CCC[C@H]1C(=O)[O-]	7.960	5.188	2.772
3tb6	O[C@H]1CO[C@H](O)[C@H](O)[C@H]1O	5.080	5.363	0.283
1vyf	CCCCCCCC/C=C\CCCCCCCC(=O)[O-]	8.050	5.862	2.188
4r4t	O=C([O-])c1cc(-c2ccc(CNC(=S)c3ccc(-c4ccc(C(=O)[O-])o4)cc3)cc2)n(-c2ccc(Cl)c(Cl)c2)n1	6.260	6.021	0.239
6jb0	OC[C@H]1O[C@H](O[C@H]2O[C@H](CO)[C@@H](O)[C@H](O)[C@H]2O)[C@H](O)[C@@H](O)[C@@H]1O	7.240	4.389	2.851
6fuj	CC(C)CC(=O)Nc1cccc(-c2cccc(C[NH3+])c2)c1	4.300	4.970	0.670
4ad6	[NH2+]=c1[nH]c(=O)c2c(nc(S)n2CCO)[nH]1	4.780	5.641	0.861
2vwl	O=C(C[N@H+]1C[C@H](NC(=O)c2ccc(Cl)s2)C[C@H]1CO)Nc1ccc(-n2ccccc2=O)cc1F	7.020	8.563	1.543
3tz0	CC(C)C[C@H](Cl)C(=O)[O-]	5.040	4.235	0.805
6ghj	C[C@H](NC(=O)[C@@H]([NH3+])Cc1ccccc1)C(=O)N[C@@H](CCC(N)=O)C(=O)[O-]	2.160	5.218	3.058
4g90	O=C1NC(O)=C(F)CN1Cc1cn([C@@H]2O[C@@H](CO)[C@H](O)[C@H]2O)nn1	4.510	5.041	0.531
5khm	COc1nnc2ccc(N3CCC(c4ccc(OCC[N@H+]5CCN(C)C(=O)[C@H]5C)cc4)CC3)nn12	8.300	8.270	0.030
3uex	CCCCCCCCCCCCCCCCCC(=O)[O-]	6.920	5.256	1.664
6efj	O=C(Nc1nn[nH]n1)[C@H](Nc1ccccc1)c1ccccc1	3.320	5.877	2.557
3r1v	CC(C)c1ccc(/N=N/c2ccc(O)cc2)cc1	6.920	5.202	1.718
2c97	O=c1[nH]c(Cl)c(CCCCOP(=O)(O)O)c(=O)[nH]1	6.140	6.126	0.014
6d19	Cc1cc(Br)c2c(CP(=O)(O)O)cc(=O)oc2c1	6.610	4.807	1.803
4mrg	Nc1cccc2c1CC[NH2+]C2	2.960	4.773	1.813
1sbg	CC(C)[C@H](NC(=O)[C@H](Cc1ccccc1)C[C@H](O)[C@H](Cc1ccccc1)NC(=O)OC(C)(C)C)c1ncc[nH]1	7.740	7.485	0.255
4mme	O[C@]1(c2ccc(Cl)cc2)c2ccccc2C2=[N+]1CCN2	6.500	6.581	0.081
3hb4	C[C@]12CC[C@@H]3c4ccc(O)cc4CC[C@H]3[C@@H]1C[C@H](Cc1cccc(C(N)=O)c1)[C@@H]2O	9.050	8.186	0.864
6otg	C[NH2+][C@H]1CO[C@@H]2OC[C@H](OC(=O)N[C@@H](Cc3ccccc3)[C@H](O)CN(CC(C)C)S(=O)(=O)c3ccc(OC)cc3)[C@H]12	7.500	10.401	2.901
1k4h	CCCSCc1cc(N)cc2c(=O)[nH]c(N)nc12	5.110	5.931	0.821
6eol	OC[C@H]1O[C@H](Sc2ccc(Cl)c(Cl)c2)[C@H](O)[C@@H](n2cc(-c3cc(F)c(F)c(F)c3)nn2)[C@H]1O	7.430	6.046	1.384
1tjp	O=P(O)(O)OCC(O)C(O)Nc1ccccc1O	4.420	5.483	1.063
188l	Cc1ccccc1C	3.330	4.156	0.826
4l4v	Cc1nc2c(=O)[nH]c(=O)nc-2n(C[C@H](O)[C@H](O)[C@H](O)CO)c1O	5.780	6.718	0.938
6kjd	CC[C@H](C)C(=O)O[C@H]1C[C@@H](C)C=C2C=C[C@H](C)[C@H](CC[C@@H](O)C[C@@H](O)CC(=O)[O-])[C@H]21	5.050	6.283	1.233
2vvv	O=C(Cn1cnc(NC(=O)c2ccc(Cl)s2)n1)Nc1ccc(-n2ccccc2=O)cc1F	8.220	6.878	1.342
1vyg	CCCCC/C=C\C/C=C\C/C=C\C/C=C\CCCC(=O)[O-]	8.000	5.333	2.667
4rpo	Oc1c(Cl)cc(Cl)cc1Cl	7.640	4.209	3.431
6qr9	N#Cc1c(-c2ccc3ccn(Cc4ccc(C[NH+]5CCOCC5)cc4)c3c2)n[nH]c1N	6.720	6.110	0.610
6r13	O=C1C[C@H](NC(=O)CCc2ccccc2)C(=O)N1	4.700	5.591	0.891
4i7p	Brc1cnc[nH]1	3.500	4.047	0.547
3zdv	CO[C@H]1O[C@H](CNS(=O)(=O)c2c(C)cc(C)cc2C)[C@@H](O)[C@H](O)[C@@H]1O	5.480	6.711	1.231
4ibc	O=C([O-])Cc1ccc(N2C(=O)C(O)=C(C(=O)c3ccccc3Cl)[C@@H]2c2ccccc2Cl)cc1	2.980	5.103	2.123
5etb	CC(=O)c1c[nH]c2c(C)cccc12	4.540	4.598	0.058
2ha3	C[N+](C)(C)CCO	3.030	4.114	1.084
3c2f	O=P(O)(O)OCC1OC(OP(=O)(O)OP(=O)(O)O)C(O)C1O	2.000	4.594	2.594
6gxg	Cc1nc2scc(-c3ccc(F)cc3)c2c(=O)[nH]1	5.240	5.954	0.714
3re4	N#Cc1cn([C@@H]2O[C@H](CO)[C@@H](O)[C@H]2O)c2ncnc(N)c12	7.400	5.873	1.527
5sym	O=C(C[NH+]1CCN(C(=O)c2ccco2)CC1)Nc1cc(C(F)(F)F)ccc1Cl	6.550	6.861	0.311
4ck3	CC(C)C[C@H](CNC(=O)CCC[NH3+])Cc1ccc2c(c1C(=O)[O-])OCO2	3.570	5.043	1.473
6e7j	COc1ccc(S(=O)(=O)N(CC(C)C)C[C@@H](O)[C@H](Cc2ccccc2)NC(=O)O[C@@H]2C[C@H]3[C@@H](C2)OC(=O)N3c2ccccc2)cc1	9.480	9.686	0.206
1fh8	O[C@H]1[C@H](O)CO[C@@H](O[C@@H]2CC[NH2+]C[C@H]2O)[C@@H]1O	6.890	5.607	1.283
4bks	CC(=O)N1C[C@H](O)C[C@H]1C(=O)NCc1ccc(-c2cnco2)cc1	3.820	5.493	1.673
4asj	CN([C@@H]1C(=N)N(Cc2ccccc2)C(=O)NC1=O)S(=O)(=O)c1ccccc1	7.550	6.753	0.797
6b7a	Cc1nc2c(O)cccc2[nH]1	4.490	4.129	0.361
2xbx	CS(=O)(=O)N1C[C@H](C(=O)Nc2ccc(Cl)cc2)[C@@H](C(=O)Nc2ccc(-n3ccccc3=O)cc2F)C1	7.820	6.306	1.514
6nxz	COCC[C@@H](O)CO	5.460	4.717	0.743
2z4o	CC(C)CN(C[C@@H](O)[C@H](Cc1ccccc1)NC(=O)O[C@H]1CO[C@H]2OCC[C@@H]12)S(=O)(=O)c1ccc2c(c1)OCO2	9.570	9.710	0.140
2wyf	CO[C@@H]1O[C@H](CO)[C@H](O)[C@H](O)[C@H]1O[C@H]1O[C@H](CO)[C@H](O)[C@H](O)[C@H]1O	4.430	3.787	0.643
4rpn	Oc1c(Cl)c(Cl)c(Cl)c(Cl)c1Cl	6.960	4.585	2.375
3vvy	CCN1c2cc(N)ccc2-c2ccc(N)cc2[C@H]1c1ccccc1	4.840	6.032	1.192
1kug	NC(=O)C[C@H](NC(=O)[C@@H]1CCC(=O)N1)C(=O)N[C@@H](Cc1c[nH]c2ccccc12)C(=O)[O-]	3.800	5.976	2.176
4cg9	C[N+](C)=c1ccn(Cc2ccc(-c3ccccc3)cc2)cc1	6.210	4.606	1.604
4ffs	CCCCSC[C@H]1C[N@@H+](Cc2c[nH]c3c(N)ncnc23)C[C@@H]1O	10.440	9.127	1.313
6plf	O=C1NC[C@@H](COc2cc3[nH]c(C(=O)N[C@H](CO)c4ccc(C(=O)[O-])cc4)cc3cc2Cl)O1	6.670	8.028	1.358
2p3i	CO[C@]1(C(=O)[O-])C[C@H](O)[C@@H](NC(C)=O)[C@H]([C@H](O)[C@H](O)CO)O1	3.480	5.340	1.860
5hva	O=c1ccn(C2CC(O)C(COP(=O)(O)NP(=O)(O)OP(=O)(O)O)O2)c(=O)[nH]1	7.070	5.680	1.390
4j47	CC[C@H](C)[C@H](NC(=O)[C@@H]1CCCN1C(=O)[C@@H](NC(=O)[C@@H]([NH3+])CO)C(C)C)C(=O)[O-]	4.920	5.203	0.283
2qtn	O=C(O)C1=CC=CN(C2OC(COP(=O)(O)O)C(O)C2O)C1	3.420	5.289	1.869
3dyo	CC(C)S[C@@H]1O[C@H](CO)[C@H](O)[C@H](O)[C@H]1O	2.300	4.953	2.653
4y3y	CC(C)C[C@H]([NH3+])CO	2.350	4.902	2.552
5yhg	C[C@H]([NH2+][C@@H](CC[NH2+][C@H](Cc1cnc[nH]1)C(=O)[O-])C(=O)[O-])C(=O)[O-]	6.020	5.722	0.298
6g2e	Cc1cc(C[NH3+])cc(C)c1-c1ncn(C)c1-c1ccncc1	5.010	6.018	1.008
1lvu	CC(Cn1cnc2c(N)nc(N)nc21)OCP(=O)(O)O	5.320	5.913	0.593
2vuk	CCn1c2ccccc2c2cc(C[NH2+]C)ccc21	3.900	5.499	1.599
5ha1	CC1=C(/C=C/C(C)=C/C=C/C(C)=C/C[NH3+])C(C)(C)CCC1	7.190	5.130	2.060
2wk6	O=C1N=CC(I)C(=O)N1	3.320	5.406	2.086
4trc	Nc1ncnc2nc[nH]c12	4.520	5.281	0.761
4crf	O=C(N[C@@H](Cc1ccccc1)C(=O)NCc1cc(=O)[nH]c2ccc(Cl)cc12)c1ccc2[nH]c(=O)cc(O)c2c1	9.300	7.038	2.262
3rdq	C[C@@H]1NC(=O)N[C@@H]1CCCCCC(=O)[O-]	9.310	7.348	1.962
5g46	CCc1cc(=O)c2ccccc2[nH]1	2.600	5.735	3.135
1gfy	O=C([O-])C(=O)Nc1sc2c(c1C(=O)[O-])CCSC2	5.080	5.373	0.293
4b6s	O=C1[C@@H](O)[C@H](O)C[C@](O)(C(=O)[O-])[C@@H]1Cc1c(F)c(F)c(F)c(F)c1F	6.010	5.156	0.854
2v58	Nc1ncc2cc(-c3c(Br)cccc3Br)c(N)nc2n1	9.090	5.787	3.303
4phu	Cc1cc(OCCCS(C)(=O)=O)cc(C)c1-c1cccc(COc2ccc3c(c2)OC[C@H]3CC(=O)[O-])c1	7.920	6.876	1.044
5kad	O=C([O-])C(=O)Nc1sc2c(c1C(=O)[O-])CC[NH2+]C2	4.430	5.258	0.828
5fol	CC[C@H](C)[C@H]([NH3+])C(=O)N[C@@H]1[C@H](O)[C@@H](CO)O[C@H]1n1cnc2c(N)ncnc21	3.670	6.020	2.350
4u69	CCCC(C)C([NH3+])P(=O)(O)O	4.260	4.954	0.694
4m6u	O=C([O-])C(O)C(=O)[O-]	2.740	4.215	1.475
3kdc	CC1(C)SCN(C(=O)[C@@H](O)[C@H](Cc2ccccc2)NC(=O)COc2c(Cl)cccc2Cl)[C@@H]1C(=O)N[C@H]1c2ccccc2C[C@H]1O	9.280	8.732	0.548
3vw2	COC1=CC=C2Cc3c4cc5c(cc4cc[n+]3C[C@H]2[C@@H]1OC)OCO5	4.750	6.651	1.901
3ikg	Cc1cccc(CC(COP(=O)(O)O)NC(=O)c2cc3ccccc3s2)c1	7.240	7.335	0.095
2vmd	CO[C@@H]1O[C@H](CO)[C@H](O)[C@H](O)[C@H]1O	3.020	4.474	1.454
3tay	CO[C@]1(C(=O)[O-])C[C@H](O)[C@@H](NC(=O)CO)[C@H]([C@H](O)[C@H](O)CO)O1	3.380	5.462	2.082
2hxm	O=C([O-])c1ccc(/C=N/OCCO/N=C/c2cc(=O)[nH]c(=O)[nH]2)cc1	5.220	4.812	0.408
3g31	C[C@H](C(=O)[O-])N1C(=O)[C@H]2[C@H]3CC[C@H](C3)[C@H]2C1=O	2.890	5.717	2.827
5kbe	Oc1ccccc1	6.340	4.342	1.998
3lvw	[NH3+][C@@H](CCC(=O)N[C@@H](CS)C(=O)NCC(=O)[O-])C(=O)[O-]	2.670	4.745	2.075
1qxl	NC(=O)c1cn([C@@H](CO)CCn2ccc3ccc(NC(=O)CCCCc4ccccc4)cc32)cn1	7.960	6.887	1.073
4cjr	COc1ccc(CNC(=O)c2cc3c(cc2C[N@@H+](C)Cc2cccc(OC)c2C(=O)[O-])OCO3)cc1	3.100	5.707	2.607
4j46	CC[C@H](C)[C@H](NC(=O)[C@@H]1CCCN1C(=O)[C@@H](NC(=O)[C@H](C)[NH3+])C(C)C)C(=O)[O-]	5.280	5.266	0.014
3exh	Cc1ncc(C[n+]2csc(CCOP(=O)(O)OP(=O)(O)O)c2C)c(N)n1	4.880	6.103	1.223
3qaa	COc1ccc(S(=O)(=O)N(CC(C)C)C[C@@H](O)[C@H](Cc2ccccc2)NC(=O)O[C@H]2CO[C@H]3OC[C@H](OC)[C@@H]23)cc1	11.540	10.012	1.528
4cgi	[NH3+]CCCCCC(=O)N[C@H]1Cc2ccccc2[C@@H]1Cc1ccc2c(c1C(=O)[O-])OCO2	3.120	5.812	2.692
2jdm	CO[C@@H]1O[C@@H](C)[C@@H](O)[C@@H](O)[C@@H]1O	5.400	5.017	0.383
2ole	[NH3+][C@@H](CC(=O)N1CCCCCN1C(=O)c1ccccc1)Cc1cc(F)c(F)cc1F	7.250	6.715	0.535
5f8y	[NH3+][C@H]1[C@@H](O)O[C@H](CO)[C@H](O)[C@@H]1O	4.240	5.004	0.764
1zc9	Cc1ncc(COP(=O)(O)O)c(C[NH3+])c1O	3.220	4.465	1.245
3ehx	CC(C)C[C@@H](NS(=O)(=O)c1ccc(-c2ccccc2)cc1)C(=O)[O-]	7.600	5.795	1.805
3ppm	O=C(CCCCCCc1ccccc1)c1nnc(-c2ccccn2)o1	9.540	6.730	2.810
1nwl	CC(=O)NCCSSCCNC(=O)[C@H]1CC[C@@H](NC(=O)c2nccnc2C(=O)[O-])CC1	2.390	6.123	3.733
4ury	Nc1ccc(S(=O)(=O)NC(=O)C2C=C2)cc1	2.220	5.489	3.269
6gfz	CC(=O)N[C@H](C(=O)N1C[C@H](O)[C@@H](F)[C@H]1C(=O)NCc1ccc(-c2scnc2C)cc1)C(C)(C)C	5.510	6.282	0.772
2fzc	O=C(CP(=O)(O)O)NCCNC(=O)CP(=O)(O)O	2.700	4.439	1.739
4de2	C[NH+](C)Cc1cccc(C(=O)Nc2cccc(-c3nn[nH]n3)c2)c1	4.120	5.753	1.633
4cjq	CC(C)C[C@H](CNC(=O)Cc1c[nH]c2ccccc12)Cc1ccc2c(c1C(=O)[O-])OCO2	3.590	5.175	1.585
5f0f	N#Cc1ccc(N2CCC(CCC(=O)N3CCCC3)CC2)cc1	6.000	6.447	0.447
5nw0	CC(=O)NC1(C(=O)N[C@H](C(=O)N2C[C@H](O)C[C@H]2C(=O)NCc2ccc(-c3scnc3C)cc2)C(C)(C)C)CC1	6.520	6.877	0.357
1bma	CC(C)C[C@H](NC(=O)C(F)(F)F)C(=O)N[N@@+](C)(CC(=O)Nc1ccc(C(C)C)cc1)Cc1ccccc1	4.590	6.446	1.856
4euo	[NH3+]CCCC(=O)[O-]	5.050	4.508	0.542
5his	Cc1ccsc1C(=O)[O-]	4.710	3.719	0.991
6mnc	C[C@]12CC[C@@H]3c4ccc(O)cc4CC[C@H]3[C@@H]1CCC2=O	5.800	6.559	0.759
1onz	O=C([O-])C(=O)N(c1ccccc1C(=O)[O-])c1cccc2ccc(O)cc12	5.100	5.559	0.459
6dyr	[NH3+]CCC(=O)NCCc1c[nH]cn1	3.660	4.618	0.958
5upf	CC(C)(O)C(=O)N1CCC(c2ccc(NC(=O)n3cc4ccc(F)cc4c3)cc2)CC1	8.600	7.163	1.437
6ekq	Cc1nc(C)c(C(=O)Nc2nc(C[N@H+]3C[C@@H](C)C[C@@H](C)C3)cs2)o1	5.460	6.582	1.122
1r5y	Nc1ccc2nc(N)[nH]c(=O)c2c1	6.460	5.129	1.331
1loq	O=c1ccn(C2OC(COP(=O)(O)O)C(O)C2O)c(=O)[nH]1	3.700	4.650	0.950
4hws	C[C@@H](O)[C@H]([NH3+])C(=O)NS(=O)(=O)c1cccc(-c2ccc3c(N)nc(Cl)nc3c2)c1	9.100	6.826	2.274
2c80	CCCCCCSC[C@H](NC(=O)CC[C@H]([NH3+])C(=O)[O-])C(=O)NCC(=O)[O-]	5.330	5.783	0.453
3elc	N=c1[nH]c(=O)n([C@@H]2O[C@H](CO)[C@@H](O)[C@H]2O)cc1F	2.690	4.809	2.119
5u0w	Cn1cnc2c(=O)[nH]c(=[NH2+])[nH]c21	4.240	4.043	0.197
1grp	O=C([O-])C[C@H](C(=O)[O-])[C@@H](O)C(=O)[O-]	3.720	5.238	1.518
3juo	O=C([O-])c1cc(Br)ccc1N[C@@H]1CCC[NH2+]C1	5.070	5.313	0.243
6gf9	CCCCCCCCCCCCCCCCC(=O)[O-]	6.390	5.260	1.130
1w3j	OC[C@H]1O[NH2+]C[C@@H](O)[C@@H]1O	6.320	4.342	1.978
4oc5	O=C(N[C@@H](CCCCNC(=O)c1ccc(I)cc1)C(=O)[O-])N[C@H](C(=O)[O-])c1ccc(O)cc1	7.070	7.975	0.905
1c3x	Nc1nc2[nH]c(I)nc2c(=O)[nH]1	3.680	6.135	2.455
6eux	O=C([O-])[C@H]1[C@H]2CC[C@H](CC2)[C@@H]1Nc1nc(-c2[nH]nc3ncc(F)cc23)ncc1F	5.920	6.964	1.044
2e91	O=P(O)(O)C(O)(Cn1ccnc1)P(=O)(O)O	6.590	5.946	0.644
3b66	C[C@](O)(COc1ccc([N+](=O)[O-])cc1)C(=O)Nc1ccc(C#N)c(C(F)(F)F)c1	8.600	7.925	0.675
4fnn	CCCCCCCCCCCCCCCCCC(=O)[O-]	7.570	5.250	2.320
3ao2	Cn1nc(-c2cc(Br)c3c(c2)OCO3)cc1N	3.770	5.405	1.635
2ca8	[NH3+][C@H](CCC(=O)N[C@@H](CS)C(=O)NCC(=O)[O-])C(=O)[O-]	4.660	4.714	0.054
6chp	COC(=O)N1CCC(Cc2cccc([C@@H](CC#N)Nc3nc4nc(C)ccc4[nH]3)c2)CC1	10.120	7.497	2.623
6aqs	[NH2+]=c1[nH]c(=O)c2[nH]cc(C[N@H+]3C[C@H](O)[C@@H](CO)C3)c2[nH]1	7.550	7.127	0.423
4jkw	C=C(C)CCOP(=O)(O)OP(=O)(O)O	4.160	4.632	0.472
2vpo	CC1=N[C@H](C(=O)[O-])[C@@H](O)CN1	5.420	4.235	1.185
4aq6	O=C([O-])Cc1cc(O)ccc1O	4.800	4.357	0.443
2bet	O=C(O)C(O)C(O)COP(=O)(O)O	2.770	5.948	3.178
4dkr	NC(=[NH2+])N[C@@H]1Cc2ccccc2[C@H]1NC(=O)C(=O)Nc1ccc(Cl)c(F)c1	6.520	6.094	0.426
3zyf	O=[N+]([O-])c1ccc(O[C@@H]2O[C@H](CO)[C@H](O)[C@H](O)[C@H]2O)cc1	4.850	5.056	0.206
4h7q	CC(C)CC(=O)C(=O)[O-]	5.060	4.671	0.389
4b0b	Nc1cccc(Oc2ccccn2)c1	3.330	5.727	2.397
1x8d	C[C@@H]1OC(=O)[C@H](O)[C@H](O)[C@H]1O	2.210	5.003	2.793
3wvm	CCCCCCCCCCCCCCCCCC(=O)[O-]	5.710	5.266	0.444
2p53	CP(=O)(O)NC1C(O)OC(COP(=O)(O)O)C(O)C1O	7.460	5.098	2.362
4llj	Nc1[nH]c(N)c2ccccc12	3.420	4.166	0.746
4w9j	CC(=O)N[C@@H](CC(C)C)C(=O)N[C@H](C(=O)N1C[C@H](O)C[C@H]1C(=O)NCc1ccc(-c2scnc2C)cc1)C(C)(C)C	6.230	6.797	0.567
5zkc	C[N+]1(C)[C@H]2C[C@H](OC(=O)[C@H](CO)c3ccccc3)C[C@@H]1[C@H]1O[C@@H]21	8.190	6.004	2.186
4x5p	O=C([O-])c1ccc(C(=O)Nc2ccc(O[C@H]3O[C@H](CO)[C@@H](O)[C@H](O)[C@@H]3O)c(Cl)c2)cc1	8.210	5.598	2.612
5eqe	C[N@H+]1CCC[N@H+](Cc2ccc(C[NH3+])cc2)CC1	3.880	4.641	0.761
1s38	Cc1cccc2c(=O)[nH]c(N)nc12	5.150	4.924	0.226
6pg9	O=C(NCCCCc1nc(CO)c[nH]1)c1ccccc1	4.920	5.759	0.839
1o0m	O=c1ccn(C2OC(CO)C(O)C2OP(=O)(O)O)c(=O)[nH]1	5.150	4.781	0.369
4h85	CC(C)C[C@@H](Cl)C(=O)[O-]	5.150	4.232	0.918
4tz2	Nc1cccc(-c2nc(-c3ccccc3)n[nH]2)c1	3.460	5.637	2.177
3su2	CC(C)(C)OC(=O)N[C@H]1CCCCC/C=C\[C@@H]2C[C@@]2(C(=O)NS(=O)(=O)C2CC2)NC(=O)[C@@H]2C[C@@H](OC(=O)n3cc4cccc(F)c4c3)CN2C1=O	7.350	8.222	0.872
4att	COc1ccc(C#CCO[C@H]2O[C@H](CO)[C@@H](O)[C@H](O)[C@@H]2O)cc1	6.980	6.535	0.445
4kb9	COc1ccc(S(=O)(=O)N(CC(C)C)C[C@@H](O)[C@H](Cc2ccccc2)NC(=O)O[C@H]2CCC[C@H]3O[C@@H]4OCC[C@@H]4[C@@H]23)cc1	11.000	10.213	0.787
2ha6	C[N+](C)(C)CCOC(=O)CCC(=O)OCC[N+](C)(C)C	4.320	4.683	0.363
2o4n	CCC[C@@]1(CCc2ccccc2)CC(O)=C([C@H](CC)c2cccc(NS(=O)(=O)c3ccc(C(F)(F)F)cn3)c2)C(=O)O1	7.820	9.057	1.237
1oe8	[NH3+][C@@H](CCC(=O)N[C@@H](CS)C(=O)NCC(=O)[O-])C(=O)[O-]	5.520	4.701	0.819
6ej3	CO[C@H]1CC[C@]2(CC1)Cc1ccc(-c3cncc(C)c3)cc1[C@@]21COC(=[NH2+])N1	5.930	7.110	1.180
3cd0	CC(C)n1c(C(=O)NCc2ccc(F)cc2)nc(-c2ccc(F)cc2)c1CC[C@@H](O)C[C@@H](O)CC(=O)[O-]	7.570	7.160	0.410
4avs	CC(=O)N1CCC[C@H]1C(=O)[O-]	3.490	4.550	1.060
5cso	N=c1ccn([C@@H]2O[C@H](CO)[C@@H](O)[C@H]2O)c(=O)[nH]1	6.030	4.084	1.946
6hzy	C[C@@H]1O/C(=N\OC(=O)Nc2ccccc2)[C@@H](O)[C@H](O)[C@@H]1O	3.920	5.015	1.095
2ydw	Cc1nnc2n1-c1ccccc1C(c1ccccc1)=N[C@H]2NC(=O)OCc1ccccc1	7.340	6.714	0.626
5u12	Nc1nc2[nH]c(SCc3ccccc3F)nc2c(=O)[nH]1	5.070	5.558	0.488
3g0i	CCCC(CCC)C(N)=O	3.600	4.781	1.181
2bvd	OC[C@H]1O[C@@H](O[C@@H]2C[NH2+]C[C@H](CO)[C@H]2O)[C@H](O)[C@@H](O)[C@@H]1O	6.000	5.846	0.154
5ka9	O=C([O-])C(=O)Nc1sc2c(c1C(=O)[O-])CC[NH2+]C2	4.410	5.259	0.849
4cr9	Cc1cc(N)nc2ccc(N)cc12	4.100	5.060	0.960
4jh0	Cc1nc2c(c(-c3ccc(Cl)cc3Cl)c1C[NH3+])C(=O)N(CC(=O)N(C)C)C2	9.030	6.920	2.110
5ko1	Nc1nccnc1C(=O)O[C@@H](C(=O)Nc1ccc(F)cc1)c1ccccc1	6.640	6.059	0.581
5e73	CC(=O)N(c1cc(O)ccc1C)c1cn(C(C)=O)c2ccccc12	4.640	5.975	1.335
4u73	[NH3+]C(c1ccccc1)P(=O)(O)O	5.180	5.107	0.073
2zx6	C[C@@H]1[NH2+][C@H](CNC(=O)Cc2c[nH]c3ccccc23)[C@@H](O)[C@H](O)[C@@H]1O	10.600	5.911	4.689
1nw4	O=c1[nH]cnc2c([C@@H]3[NH2+][C@H](CO)[C@@H](O)[C@H]3O)c[nH]c12	9.070	7.505	1.565
5hz9	Cc1nc2ccc(Cl)cc2c(-c2ccccc2)c1C(=O)[O-]	7.030	5.602	1.428
1ctt	O=C1NCC=CN1[C@@H]1O[C@H](CO)[C@@H](O)[C@H]1O	4.520	5.503	0.983
5lyr	OC[C@H]1O[C@H](O[C@@H]2[C@H](O)[NH2+]C[C@H](CO)[C@H]2O)[C@@H](O)[C@@H](O)[C@@H]1O	7.890	5.707	2.183
1fd0	CC1(C)CCC(C)(C)c2cc(/C(=N/O)c3ccc4cc(C(=O)[O-])ccc4c3)ccc21	8.400	5.417	2.983
5mek	Nc1ncnc2c1ncn2C1OC(COP(=O)(O)O)C(OP(=O)(O)O)C1O	5.380	5.291	0.089
3tf6	O=C([O-])c1cccc(O)c1O	6.400	4.409	1.991
4eo6	CC(C)N(c1cc(C#CC(C)(C)C)sc1C(=O)[O-])C(=O)[C@H]1CC[C@H](C)CC1	8.700	6.517	2.183
2xii	C[C@@H]1[NH2+][C@H](CNC(=O)c2cccc3c2C(=O)c2ccccc2-3)[C@@H](O)[C@H](O)[C@@H]1O	7.200	7.008	0.192
1ajv	O=S1(=O)N(Cc2ccccc2)[C@H](COc2ccccc2)[C@H](O)[C@@H](O)[C@@H](COc2ccccc2)N1Cc1ccccc1	7.720	6.634	1.086
6q4g	Nc1nc(-c2cccc(CC(=O)[O-])c2)c2[nH]cnc2n1	4.300	5.283	0.983
2a8g	Nc1nc2c(ncn2[C@H]2C[C@H](O)[C@@H](CO)O2)c(=O)[nH]1	3.690	4.904	1.214
6d1i	Cn1c(=O)cc(CP(=O)(O)O)c2ccccc21	4.090	5.349	1.259
6g2o	Cc1cc(C[NH3+])cc(C)c1-c1ncn(C)c1-c1ccnc2cc(F)ccc12	6.770	6.340	0.430
1qbq	CC(C)=CCC/C(C)=C/CC/C(C)=C/C(O)P(=O)(O)O	8.300	5.083	3.217
6rtw	CC(C)CCC[C@@H](C)[C@H]1CC[C@H]2[C@@H]3CC=C4C[C@@H](OC(=O)CCC(=O)[O-])CC[C@]4(C)[C@H]3CC[C@@]21C	6.430	7.278	0.848
6i12	Cn1cc(NC(=O)c2cn(Cc3ccc(Cl)cc3)c(=O)c3ccccc23)cn1	5.570	5.592	0.022
1g85	CCCCC[C@H](O)CC	5.480	6.058	0.578
1elb	CC(C)C[C@H](NC(=O)[C@H](CCCC[NH3+])NC(=O)C(F)(F)F)C(=O)Nc1ccc(C(C)C)cc1	7.150	6.100	1.050
2fqw	O=c1[nH]cnc2c1ncn2[C@@H]1O[C@H](CO)[C@@H](O)[C@H]1O	6.680	5.141	1.539
5e7n	Cc1ccc(C(=O)Nc2ccccc2C(=O)[O-])cc1S(=O)(=O)Nc1ccc(Br)cc1	6.090	6.458	0.368
5hwu	O=c1ccn(C2CC(O)C(COP(=O)(O)NP(=O)(O)OP(=O)(O)O)O2)c(=O)[nH]1	5.270	5.707	0.437
1m5w	CC(=O)C(O)C(O)COP(=O)(O)O	4.270	5.403	1.133
4ty7	Nc1[nH]nc2cc(-c3nc([C@H](Cc4ccccc4)NC(=O)[C@H]4CC[C@H](C[NH3+])CC4)[nH]c3Cl)ccc12	9.520	7.612	1.908
5u0y	Nc1nc2[nH]c(SCC(=O)[O-])nc2c(=O)[nH]1	6.080	5.015	1.065
2usn	O=C(C[C@@H](NC(=O)OCc1ccccc1)c1ccccc1)Nc1nnc(S)s1	6.510	5.863	0.647
2j7f	O=C([O-])c1cn2c(n1)[C@H](O)[C@@H](O)[C@H](O)[C@H]2CO	6.350	5.882	0.468
1c87	O=C([O-])C(=O)Nc1sc2c(c1C(=O)[O-])CCOC2	4.200	4.811	0.611
1zhy	CC(C)CCC[C@@H](C)[C@H]1CC[C@H]2[C@@H]3CC=C4C[C@@H](O)CC[C@]4(C)[C@H]3CC[C@@]21C	6.520	6.688	0.168
5dw2	COc1cc(N)c(C(N)=O)c(OC)c1	5.840	4.716	1.124
5chk	O=C1C=CC(=NNc2ccccc2C(=O)[O-])C=C1	5.390	4.458	0.932
3tt4	Cc1ccc(-c2ccc(CCC(=O)N[C@@H](CCC(=O)[O-])C(N)=O)cc2)s1	8.280	4.862	3.418
3eb1	O=C([O-])C(=O)CC(O)c1cccc(N(Cc2ccccc2)Cc2ccccc2)c1	4.790	5.069	0.279
5mge	CCOC(=O)C1=C(Cl)CC(=O)N(C)C1	4.060	5.209	1.149
1n1m	CC(C)[C@H]([NH3+])C(=O)N1CCCC1	5.700	4.665	1.035
5ov8	CC(C)Cc1ccc(S(=O)(=O)Nc2cc3c(cc2N2CCCC2)n(C)c(=O)c(=O)n3C)cc1	4.740	6.348	1.608
6n3x	[NH2+]=c1[nH]c(=O)c2ncn([C@@H]3O[C@H](COC(=O)NCc4ccccc4)[C@@H](O)[C@H]3O)c2[nH]1	5.090	6.138	1.048
3ljz	O=C(C[C@@H](Cc1ccc(-c2ccc3c(c2)OCO3)cc1)C(=O)N[C@H]1c2ccccc2C[C@H]1O)NO	8.140	6.699	1.441
1alw	O=C([O-])[C@@H](S)Cc1ccccc1	6.520	5.053	1.467
3zsx	C=CC[N@H+](Cc1ccccc1C(=O)NCc1ccccc1)Cc1ccc2c(c1C(=O)[O-])OCO2	3.280	4.832	1.552
4umc	CC(OP(=O)(O)O)C(=O)O	3.440	4.870	1.430
6d15	Cc1cc2oc(=O)cc(CP(=O)(O)O)c2cc1C	4.480	4.932	0.452
5o5a	CCn1c(=O)c(=O)[nH]c2cc(C(=O)N(C)Cc3cnn(-c4ccccc4)c3)ccc21	4.770	5.668	0.898
4da5	OC(c1ccc(Cl)s1)(c1ccc(Cl)s1)[C@H]1C[N@H+]2CC[C@@H]1CC2	6.440	6.168	0.272
4v27	OC[C@H]1O[C@H](O[C@@H]2C[NH2+]C[C@H](CO)[C@H]2O)[C@@H](O)[C@@H](O)[C@@H]1O	6.660	5.829	0.831
3f18	O=C(CN(CCO)S(=O)(=O)c1ccc(F)cc1)NO	7.400	6.072	1.328
4ufl	OC[C@@H]1[C@H](O)[C@H](O)[C@@H]2CC[C@H]1[NH2+]2	2.640	5.348	2.708
1rp7	Cc1ncc(Cn2c(C)c(CCOP(=O)(O)OP(=O)(O)O)sc2=O)c(N)n1	8.520	7.398	1.122
3oyw	OC[C@H]1O[C@@H](S[C@@H]2O[C@H](CO)[C@H](O)[C@H](O)[C@H]2O)[C@H](O)[C@@H](O)[C@H]1O	4.110	4.314	0.204
1njd	O=c1ccn(C2CC(O)C(COP(=O)(O)O)O2)c(=O)[nH]1	5.570	5.128	0.442
3mfw	Nc1ncc(C[C@H]([NH3+])C(=O)[O-])[nH]1	3.520	5.237	1.717
2izl	[NH2+]=C1N[C@@H]2[C@H](CCCCC(=O)[O-])SC[C@@H]2N1	6.000	7.427	1.427
4msc	c1cnc2cc(OCc3ccc4ccccc4n3)ccc2c1	5.960	6.255	0.295
4z2b	Cn1c(-c2c[nH]c3cc(C#N)ccc23)nc2ccc(C(=O)N3CCO[C@@H](c4ccccc4)[C@@H]3CO)cc21	7.760	10.217	2.457
3ao5	Cn1nc(N)cc1-c1cc(Br)c2c(c1)OCO2	2.230	4.953	2.723
4ks1	CCC(CC)O[C@@H]1CC(C(=O)[O-])=C[C@H]([NH3+])[C@H]1NC(C)=O	8.820	4.959	3.861
3aid	CC(C)(C)OC(=O)N[C@@H](Cc1ccccc1)[C@@H](O)C[N@@+](C)(Cc1ccccc1)NC(=O)c1ccccc1	6.860	6.656	0.204
6cdj	CC(C)CN(C[C@@H](O)[C@H](Cc1cc(F)cc(F)c1)NC(=O)O[C@@H]1C[C@@H]2CO[C@@H]3OCC[C@H]1[C@H]23)S(=O)(=O)c1ccc2nc(NC3CC3)sc2c1	11.700	10.814	0.886
1b3l	[NH3+]CCCC[C@H]([NH3+])C(=O)NCC(=O)N[C@@H](CCCC[NH3+])C(=O)[O-]	5.890	4.761	1.129
6dyw	Nc1ncnc2c(C[N@@H+]3C[C@H](CSCCCc4cn(Cc5ccccc5)nn4)[C@@H](O)C3)c[nH]c12	10.440	9.722	0.718
4j28	C[C@@H]1[NH2+][C@@H](c2nc3ccccc3[nH]2)[C@H](O)[C@@H]1O	5.700	6.880	1.180
1t7j	CC(C)CN(C[C@@H](O)[C@H](Cc1ccccc1)NC(=O)O[C@H]1CCOC1)S(=O)(=O)c1ccc(N)cc1	8.700	9.289	0.589
3g1d	O=c1ccn(C2OC(COP(=O)(O)O)C(O)C2O)c(=O)[nH]1	3.480	4.652	1.172
1yc1	CCc1cc(-c2n[nH]c(C(=O)[O-])c2-c2ccc3c(c2)OCO3)c(O)cc1O	6.170	5.385	0.785
4llx	Cc1cc(C)nc(N)n1	2.890	4.272	1.382
1j37	C[C@H](CS)C(=O)N1CCC[C@H]1C(=O)[O-]	8.960	5.174	3.786
5e13	N=c1ccn(Cc2cn([C@@H]3[C@@H](CO)O[C@@H](n4cnc5c(N)ncnc54)[C@@H]3O)nn2)c(=O)[nH]1	4.240	6.391	2.151
3ekv	CC(C)CN(C[C@@H](O)[C@H](Cc1ccccc1)NC(=O)O[C@H]1CCOC1)S(=O)(=O)c1ccc(N)cc1	9.410	9.271	0.139
5ehr	CC1([NH3+])CCN(c2cnc(-c3cccc(Cl)c3Cl)c(N)n2)CC1	7.140	6.179	0.961
3nu6	CC(C)CN(C[C@@H](O)[C@H](Cc1ccccc1)NC(=O)O[C@H]1CCOC1)S(=O)(=O)c1ccc(N)cc1	9.300	9.274	0.026
2uyn	CCC(=O)C(=O)[O-]	2.700	3.979	1.279
5c2h	Cc1nc(C)c(CNc2nc(OCCCc3ccc4ccccc4n3)nc(Cl)c2C)s1	11.090	7.398	3.692
3gr2	CCC1C(=O)N(c2nnn[nH]2)N=C1C	2.520	5.572	3.052
3tfn	O=C([O-])CC1(CC(=O)N2CC[NH+](C(c3ccccc3)c3ccccc3)CC2)CCCC1	6.570	4.957	1.613
6d56	Cc1cc(Cn2c(N3CC4(C[NH2+]C4)C3)nc3c(-c4c(C)n[nH]c4C)cc(Cl)cc32)cc(C)c1F	8.050	7.818	0.232
1nje	Nc1ccn(C2CC(O)C(COP(=O)(O)O)O2)c(=O)n1	3.800	5.781	1.981
3o99	CC[C@H](C)CN(C[C@@H](O)[C@H](Cc1ccccc1)NC(=O)O[C@H]1CO[C@H]2OCC[C@@H]12)S(=O)(=O)c1ccc(N)cc1	10.820	10.320	0.500
3d91	CC(C)(C)S(=O)(=O)C[C@@H](Cc1ccccc1)C(=O)N[C@@H](Cc1c[nH]cn1)C(=O)N[C@@H](CC1CCCCC1)[C@@H](O)[C@@H](O)C1CC1	9.150	8.881	0.269
4llk	Cc1nc(=O)c2ccccc2[nH]1	3.000	4.716	1.716
3g32	O=C1c2ccccc2C(=O)N1CCc1nn[nH]n1	3.710	4.710	1.000
3lir	NC(=O)[C@H](CCC(=O)[O-])NC(=O)[C@H](CCC(=O)[O-])NC(=O)CCc1cc(-c2ccccc2)no1	6.920	5.706	1.214
2wzs	OC[C@@H]1[C@@H](O)[C@H](O)[C@H](O)c2nccn21	3.850	5.407	1.557
6f05	[NH3+][C@@H](CCC(=O)N[C@@H](CS(=O)(=O)[O-])C(=O)NCC(=O)[O-])C(=O)[O-]	4.470	5.016	0.546
4ad2	OC[C@H]1O[C@H](O[C@@H]2C[NH2+]C[C@H](CO)[C@H]2O)[C@H](O)[C@@H](O)[C@@H]1O	6.200	5.841	0.359
4gny	CCCCCCCCCCCCOS(=O)(=O)[O-]	4.220	6.178	1.958
1drj	O[C@@H]1CO[C@@H](O)[C@H](O)[C@@H]1O	7.400	5.327	2.073
6n3v	CCNC(=O)OC[C@H]1O[C@@H](n2cnc3c(=O)[nH]c(=[NH2+])[nH]c32)[C@H](O)[C@@H]1O	5.610	5.722	0.112
3p5o	CCNC(=O)C[C@@H]1N=C(c2ccc(Cl)cc2)c2cc(OC)ccc2-n2c(C)nnc21	7.260	7.027	0.233
4x5r	C[NH+]1CCN(c2c(Nc3ccc(O[C@H]4O[C@H](CO)[C@@H](O)[C@H](O)[C@@H]4O)c(Cl)c3)c(=O)c2=O)CC1	7.850	6.531	1.319
2afx	c1ccc(Cn2ccnc2)cc1	5.150	5.480	0.330
1d4l	CC(C)CCN(C[C@@H](O)[C@@H]1Cc2ccc(cc2)OCCCCCC(=O)N[C@@H](C(C)C)C(=O)N1)S(=O)(=O)c1ccc(N)cc1	8.770	7.503	1.267
4zbi	O=C([O-])c1c(CCCOc2cccc3ccccc23)c2cccc3c2n1CCC3	6.510	6.511	0.001
4psb	C=C1C[C@]23C[C@@]1(O)CC[C@H]2[C@@]12C=C[C@H](O)[C@@](C)(C(=O)O1)[C@H]2[C@@H]3C(=O)[O-]	4.640	5.856	1.216
1e2l	Cc1cn([C@H]2C[C@H](O)[C@]3(CO)C[C@H]23)c(=O)[nH]c1=O	4.290	5.560	1.270
1atl	COc1ccc(C[C@H](NC(=O)[C@@H](CS)CC(C)C)C(=O)[O-])cc1	6.280	5.954	0.326
4mc9	CC(C)[C@H]1Cc2cc(F)ccc2S(=O)(=O)N(C[C@@H](O)[C@H](Cc2ccccc2)NC(=O)O[C@H]2CCOC2)C1	9.440	9.803	0.363
6dgl	Cc1oc(-c2ccccc2)nc1CC[C@H](O)c1ccc(Cc2sc(=O)[nH]c2O)cc1	5.520	6.624	1.104
5k0m	C[NH+](C)[C@H]1C[N@@H+]([C@H]2CCc3cccc(F)c32)C[C@@H]1c1ccc(N2CCN(S(C)(=O)=O)CC2)cc1	8.820	6.883	1.937
3s0b	c1ccc(Nc2cccc3ccccc23)cc1	6.490	5.117	1.373
4hf4	C[C@H](O)C1CCN(c2nccnc2Oc2ccc(Nc3nc4ccccc4s3)cc2)CC1	8.620	6.896	1.724
5ew0	O=C([O-])[C@@H]1CS[C@H]2CS[C@H](CS)[N@H+]21	6.590	5.414	1.176
4m0e	Cc1cccc2c3c(ccc12)C1=C(C(=O)C3=O)[C@@H](C)CO1	6.220	6.311	0.091
6ayq	CSC[C@H]1C[N@@H+](Cc2c[nH]c3c(N)ncnc23)C[C@@H]1O	8.190	8.715	0.525
4xo8	CCCCCCCO[C@H]1O[C@H](CO)[C@@H](O)[C@H](O)[C@@H]1O	8.960	5.541	3.419
3acl	Cc1ccc(S(=O)(=O)N[S@+](C)c2ccc(OCc3ccccc3)cc2)cc1	6.220	6.156	0.064
1yfz	O=c1[nH]cnc2c1ncn2C1OC(COP(=O)(O)O)C(O)C1O	4.350	5.396	1.046
4zv2	NC(=O)CC[C@H]([NH3+])C(=O)[O-]	2.930	4.001	1.071
2y80	C[NH+](C)[C@@H]1CCc2cc(N3CC[C@H](NS(=O)(=O)c4ccc5cc(Cl)ccc5c4)C3=O)ccc21	8.050	7.995	0.055
2x4z	Cc1nc(Nc2n[nH]c3c2CN(C(=O)N[C@H](C[NH+](C)C)c2ccccc2)C3(C)C)c2sccc2n1	8.570	6.274	2.296
1q65	C[NH+](C)CCSCc1cc(N)cc2c(=O)[nH]c(N)nc12	5.460	5.450	0.010
4msn	O=[N+]([O-])c1cccc2cccnc12	4.030	4.625	0.595
2q63	Cc1c(O)cccc1C(=O)N[C@@H](CSc1ccccc1)[C@H](O)C[N@@H+]1C[C@H]2CCCC[C@H]2C[C@H]1C(=O)NC(C)(C)C	7.180	7.843	0.663
1z95	C[C@](O)(CS(=O)(=O)c1ccc(F)cc1)C(=O)Nc1ccc(C#N)c(C(F)(F)F)c1	7.120	7.663	0.543
6n7a	COc1ccc(Cl)cc1-c1nn(C)cc1NC(=O)c1cncc2cn(C)nc12	8.370	7.867	0.503
1ajn	O=C([O-])Cc1ccc([N+](=O)[O-])cc1	2.630	4.032	1.402
7upj	O=c1oc2c(c(O)c1[C@H](c1cccc(NS(=O)(=O)c3ccccc3)c1)C1CC1)CCCCCC2	8.490	7.159	1.331
5ogb	CC(C)N1C=CC(C)(C)c2cc(C#Cc3ccc(C(=O)[O-])cc3)ccc21	7.470	5.633	1.837
1u0g	O=P(O)(O)OCC(O)C(O)CO	6.150	5.683	0.467
1msm	Cc1ccccc1CNC(=O)[C@H]1N(C(=O)[C@@H](O)[C@H](Cc2ccccc2)NC(=O)c2cccc(O)c2C)CSC1(C)C	10.480	7.539	2.941
1ikt	COCCOCCOCCOc1ccc(C(C)(C)CC(C)(C)C)cc1	3.400	6.540	3.140
1y6q	CSC[C@H]1C[N@@H+](Cc2c[nH]c3c(N)ncnc23)C[C@@H]1O	11.700	8.626	3.074
2ha2	C[N+](C)(C)CCOC(=O)CCC(=O)OCC[N+](C)(C)C	4.660	4.678	0.018
1pro	COc1cc(CN2C(=O)N(Cc3ccc(O)c(OC)c3)[N@H+](Cc3ccccc3)C[C@@H](O)[C@H]2Cc2ccccc2)ccc1O	11.300	7.583	3.717
6m8q	C[N@H+]1CC[N@H+](CCOc2c(Cl)cc(C(=O)N[C@@H](Cc3ccccc3)C(=O)[O-])c(O)c2Cl)CC1	6.430	6.801	0.371
6qqz	N#Cc1c(-c2ccc3ccn(Cc4cccnc4)c3c2)n[nH]c1N	6.740	6.157	0.583
4w9k	CC(=O)N[C@@H](Cc1ccccc1)C(=O)N[C@H](C(=O)N1C[C@H](O)C[C@H]1C(=O)NCc1ccc(-c2scnc2C)cc1)C(C)(C)C	6.540	6.985	0.445
5h1v	[NH3+]NC(=O)c1ccc2nc(N[NH3+])sc2c1	4.000	5.935	1.935
5ndf	O=C1C=C(c2cc(=O)c3c(O)cc(O)cc3o2)CC=C1O	5.850	5.887	0.037
1dar	Nc1nc2c(ncn2C2OC(COP(=O)(O)OP(=O)(O)O)C(O)C2O)c(=O)[nH]1	4.960	5.369	0.409
4myd	O=C([O-])CCC(=O)C1=CC=C[C@@H](O)[C@@H]1C(=O)[O-]	4.550	4.684	0.134
1qy1	COc1nccnc1CC(C)C	6.520	5.714	0.806
2v59	COc1cccc(OC)c1-c1cc2cnc(N)nc2nc1N	7.740	6.315	1.425
3su6	CC[C@@H]1C[C@]1(NC(=O)[C@@H]1C[C@@H]2CN1C(=O)[C@H](C(C)(C)C)NC(=O)OCC(C)(C)CCCCc1cccc3c1CN(C3)C(=O)O2)C(=O)NS(=O)(=O)C1CC1	6.020	9.121	3.101
2yfa	O=C([O-])C[C@H](O)C(=O)[O-]	5.070	4.571	0.499
4lbu	CNc1nc2cc3c(=O)[nH]c(=[NH2+])[nH]c3c(CC[C@H]3O[C@@H](OC)[C@H](OC)[C@@H]3O)c2[nH]1	6.560	7.377	0.817
2py4	O=c1ccn(C2CC(O)C(COP(=O)(O)NP(=O)(O)OP(=O)(O)O)O2)c(=O)[nH]1	6.700	5.686	1.014
1b46	[NH3+]CCCC[C@H]([NH3+])C(=O)N1CCC[C@H]1C(=O)N[C@@H](CCCC[NH3+])C(=O)[O-]	5.280	6.047	0.767
1c88	O=C([O-])C(=O)Nc1sc2c(c1C(=O)[O-])CC[NH2+]C2	5.290	5.233	0.057
5hz8	O=C([O-])c1c(N2CCCCC2)nc2c(Cl)cc(Cl)cc2c1-c1ccccc1	6.400	5.976	0.424
1j36	[NH3+]CCCC[C@H]([NH2+][C@@H](CCc1ccccc1)C(=O)[O-])C(=O)N1CC=C[C@H]1C(=O)[O-]	7.740	6.300	1.440
4zek	CC(C)OP(=O)(O)OC1C(O)OCC(O)C1O	5.660	5.843	0.183
5lom	NC(=O)CC[C@H]([NH2+]C[C@@]1(O)OC[C@@H](O)[C@@H](O)[C@@H]1O)C(=O)[O-]	7.130	5.925	1.205
1d7j	CC(=O)CCO	3.300	4.379	1.079
4qsu	CC1C=NC(=O)NC1=O	2.000	5.326	3.326
2oag	CS(=O)(=O)c1cccc(-c2cc(N3C[C@H](c4cc(F)c(F)cc4F)[C@@H]([NH3+])C3)ncn2)c1	8.470	7.937	0.533
5jsg	O=C(c1ccc(C(=O)N2CCC(CC[NH+]3CCCC3)CC2)c(Nc2ccccc2)c1)N1CCC(CC[NH+]2CCCC2)CC1	4.850	7.004	2.154
3n8k	O=C([O-])c1cc(O)[nH]c(=O)c1	4.050	4.272	0.222
1fhd	O[C@H]1[C@H](O)CO[C@@H](O[C@@H]2Cn3ccnc3[C@H](O)[C@H]2O)[C@@H]1O	6.820	5.328	1.492
4hdf	COc1ccc(S(=O)(=O)N(CC(C)C)C[C@@H](O)[C@H](Cc2ccccc2)NC(=O)O[C@H]2CO[C@H]3O[C@@H]4OCC[C@@H]4[C@H]32)cc1	8.490	10.317	1.827
1t5f	[NH3+][C@@H](CCCCC(O)O)C(=O)[O-]	4.220	4.900	0.680
4hwp	Cc1nc(N)c2ccc(-c3cccc(S(=O)(=O)NC(=O)[C@@H]([NH3+])[C@@H](C)O)c3)cc2n1	7.760	6.843	0.917
1d4y	CCC[C@@]1(CCc2ccccc2)CC(O)=C([C@H](CC)c2cccc(NS(=O)(=O)c3ccc(C(F)(F)F)cn3)c2)C(=O)O1	11.100	8.873	2.227
4x5q	O=[N+]([O-])c1ccc2c(ccn2-c2ccc(O[C@H]3O[C@H](CO)[C@@H](O)[C@H](O)[C@@H]3O)cc2)c1	9.000	5.606	3.394
4oks	COc1ccc([N+](=O)[O-])cc1Cn1cc(CC(=O)[O-])c2ccc(-c3cc(N)cc(N)c3)cc21	4.480	5.616	1.136
3tfp	O=C([O-])c1ccccc1C(=O)NCc1c(Cl)cccc1Sc1ccc(Cl)cc1Cl	6.470	6.263	0.207
5fns	CN(Cc1cc([C@H](CC(=O)[O-])c2ccc3c(c2)nnn3C)ccc1Cl)S(C)(=O)=O	5.400	7.162	1.762
5ime	CNc1ncc2cc(-c3ccc(-n4ccnc(C)c4=O)cc3Cl)c(=O)n(CCC[NH3+])c2n1	8.340	7.437	0.903
2p4s	O=c1[nH]cnc2c(C[N@H+]3C[C@H](O)[C@@H](CO)C3)c[nH]c12	9.510	8.428	1.082
3c2o	O=C([O-])c1cccnc1C(=O)[O-]	3.350	4.770	1.420
2y5h	C[N+](C)(C)CCCN1C(=O)[C@H]2[C@@H](C1=O)[C@@H]1CCC[N@@H+]1[C@H]2c1coc(-c2ccc(Cl)s2)n1	5.790	6.700	0.910
5oss	OC[C@H]1c2[nH]cnc2[C@H](O)[C@@H](O)[C@@H]1O	4.550	4.941	0.391
3s43	CC(C)CN(C[C@@H](O)[C@H](Cc1ccccc1)NC(=O)O[C@H]1CCOC1)S(=O)(=O)c1ccc(N)cc1	8.600	9.292	0.692
2e7f	CN1c2c(nc(N)[nH]c2=O)NC[C@@H]1CNc1ccc(C(=O)N[C@@H](CCC(=O)[O-])C(=O)[O-])cc1	6.100	5.967	0.133
5hz6	CC(C)c1cccc(-c2c(C(=O)[O-])c(C(C)C)nc3ccc(Cl)cc23)c1	7.800	6.681	1.119
2ayr	CS(=O)(=O)c1ccc(-c2ccc3cc(O)ccc3c2Oc2ccc(OCC[NH+]3CCCCC3)cc2)cc1	9.290	7.290	2.000
5voj	COc1ccc2nc(C)c(O[C@@H]3C[C@H]4C(=O)N[C@]5(C(=O)NS(=O)(=O)C6(C)CC6)C[C@H]5/C=C\CCCCC[C@H](NC(=O)OC(C)(C)C)C(=O)N4C3)nc2c1	8.440	7.704	0.736
4ara	CC[N@H+]1CCC[C@@H]1CNC(=O)c1cc([N+](=O)[O-])c(N(C)C)cc1OC	6.050	6.691	0.641
4dsu	c1ccc2[nH]cnc2c1	2.820	4.621	1.801
4ngn	O=CNCCCC[C@H](NC(=O)N[C@@H](CCC(=O)[O-])C(=O)[O-])C(=O)[O-]	7.550	6.456	1.094
2o4r	C=C1[C@H](O)CC(=C/C=C2\CCC[C@]3(C)/C(=C(\C)CCCC(C)(C)O)CC[C@@H]23)C[C@H]1O	9.400	6.945	2.455
1eoc	O=[N+]([O-])c1ccc(O)c(O)c1	6.050	4.083	1.967
6md0	CCCCCCCC/C=C/CCCCCCCC(=O)[O-]	5.900	5.889	0.011
6ud2	CN1CC/C=C/[C@H](OCC[NH+]2CC(F)(F)C2)[C@@H]2CC[C@H]2CN2C[C@@]3(CCCc4cc(Cl)ccc43)COc3ccc(cc32)[C@@](O)(C(=O)NS(=O)(=O)N(C)C)CC1=O	10.210	10.289	0.079
3t08	CC(C)S[C@@H]1O[C@H](CO)[C@H](O)[C@H](O)[C@H]1O	3.040	4.941	1.901
6ftf	N#Cc1cn([C@@H]2O[C@H](CO)[C@@H](O)[C@H]2O)c2nc[nH]c(=O)c12	8.100	5.886	2.214
5k9w	O=C([O-])C(=O)Nc1sc2c(c1C(=O)[O-])CC[NH2+]C2	4.590	5.254	0.664
2bpv	C[C@H]1CC[C@@H](O)[C@H]1NC(=O)[C@H](Cc1ccccc1)C[C@H](O)C[N@@H+]1CCN(C(=O)/C=C/c2cccnc2)C[C@H]1C(=O)NC(C)(C)C	7.670	7.707	0.037
4nbl	Oc1cc(F)ccc1CNc1ncccc1-c1ncccn1	6.330	6.582	0.252
6p3t	CN(c1ccc2ccccc2c1)S(=O)(=O)c1ccc2[nH]c(=O)c(=O)[nH]c2c1	7.320	6.228	1.092
4isi	CCC1(CC)C[C@@H](C(=O)NCc2ccc(C(N)=[NH2+])cc2)n2c1c(Cl)nc(NC1CCC1)c2=O	8.140	6.692	1.448
1mtr	CC[C@H](C)[C@@H]1NC(=O)[C@@H]([NH2+]C[C@@H](O)[C@H](Cc2ccccc2)NC(=O)OC(C)(C)C)Cc2ccc(cc2)OCCCNC1=O	8.400	9.149	0.749
4ipj	O=C([O-])C[C@H](O)C(=O)[O-]	4.870	4.573	0.297
1nq7	CC(/C=C/C=C(\C)c1cc(C(C)(C)C)cc(C(C)(C)C)c1)=C\C(=O)[O-]	6.800	5.348	1.452
3p3g	C[C@@H](O)[C@H](NC(=O)c1ccc(C#CC#Cc2ccccc2)cc1)C(=O)N=O	9.740	6.849	2.891
2ctc	O=C([O-])[C@@H](O)Cc1ccccc1	3.890	4.936	1.046
5kcb	CCN1c2cc(N)ccc2-c2ccc(N)cc2C1c1ccccc1	6.000	5.995	0.005
5dpx	Cc1ccccc1-c1n[nH]c(S)n1	4.460	5.312	0.852
5wlo	COc1ccc2c(c1)COC/C=C/CCCCN(C[C@@H](O)[C@H](Cc1ccccc1)NC(=O)O[C@H]1CO[C@H]3OCC[C@@H]13)S2(=O)=O	10.820	10.568	0.252
4ovg	NC(=O)Cn1c2c(c3cc(Cl)ccc31)CC[C@@H](C(=O)[O-])C2	3.690	6.276	2.586
1h23	O=c1ccc2c([nH]1)CCC[C@@H]2[NH2+]CCCCCCCCCCCC[NH2+][C@H]1CCCc2[nH]c(=O)ccc21	8.350	5.462	2.888
2oi0	CC#CCOc1ccc(S(=O)(=O)N2CC[C@H](S)C2)cc1	7.550	6.683	0.867
6dyu	C#CCSC[C@H]1C[N@@H+](Cc2c[nH]c3c(N)ncnc23)C[C@@H]1O	10.260	9.284	0.976
1xt8	[NH3+][C@@H](CS)C(=O)[O-]	6.850	4.406	2.444
1fjs	CN1CCN=C1c1cccc(Oc2nc(Oc3cc(C(N)=[NH2+])ccc3O)c(F)c(N(C)CC(=O)[O-])c2F)c1	9.960	7.207	2.753
1hdq	O=C(NO)N[C@H](Cc1ccccc1)C(=O)[O-]	5.820	5.076	0.744
3djo	O=c1ccn(C2OC(CO)C(O)C2OP(=O)(O)O)c(=O)[nH]1	4.390	4.790	0.400
3i7e	COc1ccc(S(=O)(=O)N(CC(C)C)C[C@@H](O)[C@H](Cc2ccccc2)NC(=O)O[C@H]2CO[C@H]3OCC[C@@H]23)cc1	10.850	10.328	0.522
4cl6	Clc1ccc(CNc2nnc(-c3ccco3)[nH]2)cc1	5.390	5.325	0.065
3vfb	COc1ccc(S(=O)(=O)N(C[C@H]2CCC(=O)N2)C[C@@H](O)[C@H](Cc2ccccc2)NC(=O)O[C@@H]2C[C@@H]3CCO[C@@H]3C2)cc1	9.040	9.129	0.089
4ucc	O=C([O-])c1cc(C(=O)[O-])n(Cc2ccc(Cl)cc2Cl)n1	4.320	4.808	0.488
4ovh	O=C([O-])CNC(=O)Cn1c2c(c3cc(Br)ccc31)CC[C@@H](C(=O)[O-])C2	4.850	5.636	0.786
6d5e	Cc1cc(Cn2c(N3CC[NH2+]CC3)nc3c(N4CCC[C@H]4C[NH3+])cc(Cl)cc32)cc(C)c1F	6.850	7.818	0.968
5xvg	CC(C)c1cc(Nc2nc(C(=O)N3CC[NH2+][C@H](C)C3)nc3ccc(Cl)cc23)[nH]n1	8.050	8.188	0.138
2y5g	C[N+](C)(C)CCCN1C(=O)[C@H]2[C@@H](C1=O)[C@@H]1CCC[N@@H+]1[C@H]2c1ncc(-c2ccc(Cl)s2)o1	6.840	6.909	0.069
1mq6	COc1cc(Cl)cc(C(=O)Nc2ccc(Cl)cn2)c1NC(=O)c1scc(CN(C)C2=NCCO2)c1Cl	11.150	7.857	3.293
1b8o	O=c1[nH]cnc2c([C@@H]3[NH2+][C@H](CO)[C@@H](O)[C@H]3O)c[nH]c12	10.640	7.462	3.178
5dfp	CCN1C(O)=C(c2ccc(-c3cncc(C)n3)cc2Cl)Cc2cnc(NCC[C@H]3CC[N@@H+](C)CC3)nc21	7.660	8.318	0.658
5w2s	CCCCS(=O)(=O)Nc1ccc2n[nH]c(C)c2c1	7.330	6.365	0.965
1l8g	O=C([O-])C(=O)Nc1sc2c(c1C(=O)[O-])CCO[C@H]2COC1=NS(=O)(=O)c2ccccc21	6.220	8.080	1.860
2we3	O=c1ccn(C2CC(O)C(COP(=O)(O)OP(=O)(O)OP(=O)(O)O)O2)c(=O)[nH]1	4.430	5.069	0.639
2b9a	O=C([O-])c1ccc(-c2cc(F)cc(F)c2)cc1	8.050	5.015	3.035
4y59	O=c1[nH]ccc2oc(-c3cccc(C(F)(F)F)c3)cc12	5.240	5.120	0.120
5xpi	CC[NH+](CC)CCCNC(=O)Cn1nc(C)n2c(cc3sccc32)c1=O	5.280	5.388	0.108
1hpo	N#Cc1ccc(S(=O)(=O)Nc2cccc([C@@H](c3c(O)c4c(oc3=O)CCCCCC4)C3CC3)c2)cc1	9.220	7.560	1.660
3kyq	CCCCCCCCCCCCOP(=O)(O)OCC[N+](C)(C)C	4.220	5.838	1.618
5u14	NS(=O)(=O)c1ccc(CCSc2nc3[nH]c(=[NH2+])[nH]c(=O)c3[nH]2)cc1	5.340	5.796	0.456
4m3p	[NH3+][C@@H](CCS)C(=O)[O-]	5.400	4.641	0.759
1lah	[NH3+]CCC[C@H]([NH3+])C(=O)[O-]	7.520	4.174	3.346
2j7d	CO[C@H](O)c1cn2c(n1)[C@H](O)[C@@H](O)[C@H](O)[C@H]2CO	7.130	5.971	1.159
4zls	COc1ccc(S(=O)(=O)N(CC(C)C)C[C@@H](O)[C@H](Cc2cccc(-c3cc(OC)cc(OC)c3)c2)NC(=O)OC(C)(C)C)cc1	9.090	8.161	0.929
5oku	O=C([O-])CCCCC(=O)[O-]	6.260	4.643	1.617
3ga5	OC[C@@H](O)CO[C@@H]1O[C@H](CO)[C@H](O)[C@H](O)[C@H]1O	5.490	5.401	0.089
5ftg	CN(C)C1=CCN(Cc2ccc(OCCOc3ccc(Cn4ccc(=[N+](C)C)cc4)cc3)cc2)C=C1	6.150	5.291	0.859
5nw2	Cc1ncsc1-c1ccc(CNC(=O)[C@@H]2C[C@@H](O)CN2C(=O)[C@@H](NC(=O)C2COC2)C(C)(C)C)cc1	6.490	6.417	0.073
2wed	COC(=O)C(Cc1ccccc1)OP(=O)(O)C1Cc2ccc3cccc(c3c2)CC(=O)NC(C(C)C)C(=O)N1	6.100	6.223	0.123
2j75	OC[C@H]1C[NH2+][C@H](O)[C@@H](O)[C@@H]1O	6.650	5.498	1.152
3cj5	C[C@H]1C[C@@H](C)CN(C(=O)c2cc(Br)ccc2NC(=O)CCC(=O)N2CCOCC2)C1	6.340	6.056	0.284
1uml	NC(=O)c1cn([C@@H](CO)CCn2ccc3ccc(NC(=O)CCc4ccccc4)cc32)cn1	7.520	6.084	1.436
4xoe	CCCCCCCO[C@H]1O[C@H](CO)[C@@H](O)[C@H](O)[C@@H]1O	5.000	5.593	0.593
1xka	NC(=[NH2+])c1cccc(-c2cccc([C@H](CCCNc3ccncc3)C(=O)[O-])c2)c1	6.880	6.222	0.658
5wbm	Cc1c[nH]c2ncnc(N3CCC[C@@H](CO)C3)c12	4.700	6.300	1.600
6i5g	CCCCC/C=C/C[C@@H]1C(=O)C=C[C@@H]1C/C=C/CCCC(=O)[O-]	4.890	5.975	1.085
1nc3	Nc1ncnc2c([C@@H]3O[C@H](CO)[C@@H](O)[C@H]3O)n[nH]c12	5.000	4.974	0.026
2wos	O=S(=O)([O-])c1ccc2cc(Nc3ccccc3)ccc2c1	3.900	5.161	1.261
1b8n	Nc1nc2c([C@@H]3[NH2+][C@H](CO)[C@@H](O)[C@H]3O)c[nH]c2c(=O)[nH]1	10.520	7.279	3.241
1bzj	O=C(O)c1ccc2cc(C(F)(F)P(=O)(O)O)ccc2c1	4.660	5.937	1.277
5oh9	O=C1CSC(=O)N1	3.860	4.287	0.427
4hdb	COc1ccc(S(=O)(=O)N(CC(C)C)C[C@@H](O)[C@H](Cc2ccccc2)NC(=O)O[C@H]2CO[C@H]3O[C@@H]4OCC[C@@H]4[C@H]32)cc1	8.050	10.330	2.280
6ueg	NC(=O)[C@H]1CN(C(=O)CSCCC(=O)[O-])c2ccccc2O1	4.710	5.101	0.391
5dkn	c1c[nH]c(-c2ccc(OCCCCCCCOc3ccc(-c4ncc[nH]4)cc3)cc2)n1	3.690	6.222	2.532
1n3i	O=c1[nH]cnc2c(C[N@H+]3C[C@H](O)[C@@H](CO)C3)c[nH]c12	8.890	8.451	0.439
6j1l	CCS(=O)(=O)c1ccc(CC(=O)Nc2ccc(-c3ccc(C(O)(C(F)(F)F)C(F)(F)F)cc3F)cc2)cc1	6.420	7.139	0.719
5fh8	CCC(CC)Cc1ccn2c1[nH]c(=O)c1c(Cl)cccc12	6.770	5.772	0.998
3bvb	CC(C)CN(C[C@@H](O)[C@H](Cc1ccccc1)NC(=O)O[C@H]1CO[C@H]2OCC[C@@H]12)S(=O)(=O)c1ccc(N)cc1	5.490	9.852	4.362
2vvu	O=C(C[N@@H+]1CC[C@@H](NC(=O)c2ccc(Cl)s2)C1)Nc1ccc(-n2ccccc2=O)cc1F	8.100	7.673	0.427
5el9	O=P(O)(O)CC(O)Cn1cncn1	7.640	5.394	2.246
5mrp	N#Cc1cnn2c1N=C(Cl)[C@H](Cc1ccccc1)C2=O	5.520	6.100	0.580
3dx3	[NH3+][C@@H]1[C@@H](O)[C@H](O)[C@H](O)[C@@H]1O	6.520	4.790	1.730
5we9	O=C(NCCc1ccccc1)c1nc([C@@H]2CCCN2C(=O)c2c(F)cccc2F)[nH]c(=O)c1O	7.220	6.600	0.620
3t60	O=c1ccn([C@H]2C[C@H](O)[C@@H](C[NH2+]C(c3ccccc3)(c3ccccc3)c3ccccc3)O2)c(=O)[nH]1	6.700	5.214	1.486
5c1w	Cc1c(Cl)nc(C2CC2)nc1Cl	5.060	6.139	1.079
2vqt	[NH3+]CC/N=C1\N[C@H](CO)[C@@H](O)[C@H](O)[C@@H]1O	6.000	5.778	0.222
5lvr	Cc1nn(-c2ccccc2)nc1C(N)=O	3.600	5.141	1.541
3ebl	C=C1C[C@]23C[C@H]1CC[C@H]2[C@@]12CC[C@H](O)[C@@](C)(C(=O)O1)[C@H]2[C@@H]3C(=O)[O-]	6.300	6.564	0.264
3qps	C[C@H](CCC(=O)[O-])[C@H]1CC[C@H]2[C@H]3[C@H](C[C@H](O)[C@@]21C)[C@@]1(C)CC[C@@H](O)C[C@H]1C[C@H]3O	5.600	6.160	0.560
4oma	Cc1ncc(COP(=O)(O)O)c(CNc2co[nH]c2=O)c1O	4.170	5.682	1.512
3zt3	O=C([O-])c1c(/C=C2\c3ccccc3C[C@H]2O)ccc2c1OCO2	2.860	5.328	2.468
2f7p	CS[C@@H]1[C@@H]([NH2+]Cc2ccccc2)[C@@H](O)[C@@H](O)[C@H]1O	6.600	5.097	1.503
3ikd	O=C(NC(COP(=O)(O)O)Cc1ccccc1)c1cc2ccccc2s1	6.750	7.222	0.472
1ele	CC(C)[C@H](NC(=O)C(F)(F)F)C(=O)N[C@@H](C)C(=O)Nc1ccc(C(F)(F)F)cc1	6.850	5.792	1.058
1swg	O=C([O-])CCCC[C@@H]1SC[C@@H]2NC(=O)N[C@H]12	7.360	8.283	0.923
2j7g	O=C([O-])Cc1cn2c(n1)[C@H](O)[C@@H](O)[C@H](O)[C@H]2CO	7.000	4.950	2.050
2vwm	O=C(C[N+]1=C[C@H](NC(=O)c2ccc(Cl)s2)C[C@H]1C(=O)NCC1CC1)Nc1ccc(-n2ccccc2=O)cc1F	7.030	8.362	1.332
6ibk	O=S1(=O)N[C@@H]2[C@H](O)[C@@H](O)[C@@H](O)[C@@H](CO)[C@@H]2O1	3.290	5.482	2.192
4keq	Cc1ncc2c(c1O)COC2=O	3.820	4.642	0.822
1rd4	CCOc1ccccc1Sc1ccc(-c2ccnc(N3CCN(C(C)=O)CC3)c2)cc1[N+](=O)[O-]	7.740	7.837	0.097
6qln	Cc1ccc(S[C@@H]2O[C@H](CO)[C@H](O)[C@H](n3cc(-c4cccc(F)c4)nn3)[C@H]2O)cc1	4.660	5.847	1.187
4c5d	CCCN(C(=O)N[C@@H](CSCc1ccc(Br)cc1)C(=O)[O-])C(=O)c1cccc(C#Cc2ccc(F)cc2F)c1	5.400	5.847	0.447
6fuh	CC(C)[C@H](Nc1nc(Nc2cccc(C[NH3+])c2)c2ccccc2n1)C(=O)[O-]	3.770	6.589	2.819
5hrx	CCCCc1n[nH]c2oc(=O)c3ccccc3c12	5.290	6.392	1.102
5mgf	CCC(=O)c1c[nH]c(C(=O)OC)c1	4.270	5.775	1.505
5hrv	CCc1[nH]nc2oc(=O)c3ccccc3c12	5.290	5.670	0.380
6fhq	[NH3+]CC(=O)Nc1nccs1	2.470	4.596	2.126
3ekx	CC1C(=O)C=CC=C1C(=O)N[C@@H](CSc1ccccc1)[C@H](O)C[N@@H+]1C[C@H]2CCCC[C@H]2C[C@H]1C(=O)NC(C)(C)C	9.410	7.847	1.563
2f7i	O=C([O-])c1ccc(-c2c(F)cccc2F)cc1	7.100	4.723	2.377
4lm0	O=[N+]([O-])c1ccc2n[nH]cc2c1	3.250	4.753	1.503
1f8e	CC(=O)N[C@@H]1[C@@H]([NH3+])C=C(C(=O)[O-])O[C@H]1[C@H](O)[C@H](O)C[NH3+]	4.820	5.611	0.791
6eq8	OC[C@H]1O[C@H](O[C@H]2[C@@H](O)[C@@H](O)[C@H](O)[C@@H](O)[C@@H]2O)[C@H](O)[C@@H](O)[C@H]1O	8.000	4.411	3.589
3pcn	O=C([O-])Cc1ccc(O)c(O)c1	3.660	3.826	0.166
1ogd	O[C@@H]1CO[C@@H](O)[C@H](O)[C@@H]1O	3.030	5.395	2.365
1h22	O=c1ccc2c([nH]1)CCC[C@@H]2[NH2+]CCCCCCCCCC[NH2+][C@H]1CCCc2[nH]c(=O)ccc21	9.100	5.441	3.659
6g2m	O=c1[nH]c(=O)n(C2CC3OC(c4ccccc4)(P(=O)(O)O)OCC3O2)cc1/C=C/CP(=O)(O)O	7.820	6.835	0.985
2wec	COC(=O)C(Cc1ccccc1)OP(=O)(O)CNC(=O)C(NC(=O)Cc1cccc2ccccc12)C(C)C	3.960	7.471	3.511
6d2o	Cc1cnc[nH]1	5.300	4.288	1.012
4djp	CC[C@H](C)CN(C[C@@H](O)[C@H](Cc1ccccc1)NC(=O)OC[C@H](C)C(=O)OC)S(=O)(=O)c1ccc(OC)cc1	10.550	9.235	1.315
5mxf	CO[C@@H]1O[C@@H](C)[C@@H](O)[C@@H](O)[C@@H]1O	3.590	5.045	1.455
3b1m	CCc1ccc2ccccc2c1CNC(=O)c1c(OC)cc(O)c2c1OC1=CC(O)=C(C(C)=O)C(=O)[C@]12C	8.480	6.813	1.667
3gqz	CC(=O)c1ccc(N2C[C@@H](C(=O)[O-])CC2=O)cc1	2.170	4.745	2.575
1mfi	O=C([O-])/C(F)=C\c1ccc(O)cc1	5.590	4.724	0.866
3zv7	C[C@@]12CC[NH2+][C@@H]1Nc1ccc(O)cc12	5.920	5.929	0.009
1pfu	CSCCC([NH3+])P(=O)(O)O	2.720	4.625	1.905
1dzk	COc1nccnc1CC(C)C	6.100	5.724	0.376
5lvq	CNC(=O)c1ccccc1OC1CCOCC1	4.140	5.682	1.542
1yc4	CCc1cc(-c2[nH]ncc2-c2c[nH]cn2)c(O)cc1O	6.550	5.577	0.973
1nc1	CSC[C@H]1O[C@@H](n2ccc3c(N)ncnc32)[C@H](O)[C@@H]1O	6.120	5.919	0.201
4pee	C[C@@H]1[NH2+][C@@H](c2cn(-c3ccccc3)nn2)[C@H](O)[C@@H]1O	8.320	5.354	2.966
3bxf	O=P(O)(O)OCC1OC(O)(COP(=O)(O)O)C(O)C1O	5.540	5.890	0.350
6pg6	CC(=O)NCCCCc1nc(CO)c[nH]1	3.700	5.023	1.323
1g2o	O=c1[nH]cnc2c([C@@H]3[NH2+][C@H](CO)[C@@H](O)[C@H]3O)c[nH]c12	10.550	7.465	3.085
2zxd	CC(C)[C@@H]1[NH2+]C[C@@H](O)[C@H](O)[C@@H]1O	5.220	5.416	0.196
4tkj	CC/C=C/CCCCCCCCCCCC(=O)[O-]	6.040	5.993	0.047
3k5x	CC([NH3+])P(=O)(O)CC(CC(=O)O)C(=O)O	6.410	6.023	0.387
4mrw	Oc1ccnc2cc(Cl)ccc12	3.300	5.121	1.821
1a1e	CCCCC1CCCN(C(=O)C(CCC(=O)O)NC(=O)C(Cc2ccc(OP(=O)(O)O)cc2)NC(C)=O)C1	6.000	8.540	2.540
2xbv	O=C(Nc1ccc(Cl)cn1)[C@H]1C[N@H+](CC(F)F)C[C@@H]1C(=O)Nc1ccc(-n2ccccc2=O)cc1F	8.430	6.287	2.143
6p86	CCc1ccc(CNC(=O)CN2C(=O)[C@H]3CCCCN3c3ccc(C(=O)N4CCCC4)cc32)cc1	4.700	6.857	2.157
5qtt	COC(=O)Nc1ccc2c(c1)NC(=O)[C@H](C)CCC[C@H](NC(=O)c1cnn(-c3cccc(Cl)c3F)c1N)c1cc-2ccn1	8.470	8.616	0.146
2qta	Cc1ncc(C[n+]2csc(CCOP(=O)(O)OP(=O)(O)O)c2C)c(N)n1	5.760	6.083	0.323
5yas	OC(O)(C(F)(F)F)C(F)(F)F	3.260	4.679	1.419
2q88	CC1=NCC[C@@H](C(=O)[O-])N1	5.800	4.478	1.322
4x24	CSC[C@H]1C[N@H+](Cc2c[nH]c3c(N)ncnc23)C[C@@H]1O	9.780	8.675	1.105
4pop	Cc1ncc(Cc2csc(CO)c2C)c(N)n1	8.130	6.125	2.005
4q4o	[NH2+]=c1[nH]c(=O)c2cc3nc(NCC[NH+]4CCCCC4)[nH]c3cc2[nH]1	7.460	6.848	0.612
3o5n	O=C([O-])c1ccc([N+](=O)[O-])c2c1N[C@@H](C(=O)[O-])[C@H]1CCC[C@@H]21	4.760	6.135	1.375
3t3c	CC(C)CN(C[C@@H](O)[C@H](Cc1ccccc1)NC(=O)O[C@H]1CO[C@H]2OCC[C@@H]12)S(=O)(=O)c1ccc(N)cc1	10.230	9.796	0.434
4qfn	[NH3+]CC(=O)N[C@@H](CCC(=O)[O-])C(=O)[O-]	4.120	4.238	0.118
6t1i	COc1ccc(CNC(=O)N2CCN(c3ccc(C(C)=O)cc3)CC2)cn1	5.260	7.389	2.129
2h4k	O=C([O-])COc1c(C(=O)[O-])sc(-c2ccccc2)c1Br	5.490	5.050	0.440
4arb	CC[N@@H+]1CCC[C@H]1CNC(=O)c1cc([N+](=O)[O-])c(N(C)C)cc1OC	5.890	6.699	0.809
4zbf	O=C([O-])c1c(CCCOc2cccc3ccccc23)c2cccc3c2n1CCC[S@@+]3O	7.130	6.749	0.381
2f7o	CS[C@@H]1[C@@H]([NH3+])[C@@H](O)[C@@H](O)[C@H]1O	7.440	4.969	2.471
3rr4	CNc1nc2cc3[nH]c(NC)nc3cc2c(=O)[nH]1	4.550	6.119	1.569
5h1u	NC(=O)c1ccc2nc(N)sc2c1	3.510	5.024	1.514
2vk6	CC(=O)N[C@@H]1[C@@H](O)C=C(C(=O)[O-])O[C@H]1[C@H](O)[C@H](O)CO	5.300	4.880	0.420
1e2k	Cc1cn([C@H]2C[C@H](O)[C@]3(CO)C[C@H]23)c(=O)[nH]c1=O	4.940	5.536	0.596
2oax	CC(=O)S[C@@H]1CC2=CC(=O)CC[C@]2(C)[C@H]2CC[C@@]3(C)[C@@H](CC[C@@]34CCC(=O)O4)[C@@H]21	8.650	6.406	2.244
4llp	Cc1cc(N)ccc1O	4.800	4.653	0.147
2hu6	O=C(NCc1ccc(-c2ccccc2)cc1)[C@@H]1O[C@H]2CN(C(=O)NO)C[C@@H]1O2	3.810	5.660	1.850
6eiz	CC(C)=CCC/C(C)=C/CC/C(C)=C/CO	6.220	4.558	1.662
6dpz	O=C([O-])[C@@H]1CCCCCC[C@@H]1NS(=O)(=O)N1CCCC1	3.590	5.029	1.439
1w4p	O=c1ccn(C2CC(OP(=O)(O)O)C(CO)O2)c(=O)[nH]1	4.740	4.526	0.214
3d6o	O=c1ccn([C@@H]2O[C@@H](C[NH+]3CCCCC3)[C@H](O)[C@H]2O)c(=O)[nH]1	4.110	4.731	0.621
6udu	CN1C/C=C/CCCCN2C[C@@]3(CCCc4cc(Cl)ccc43)COc3ccc(cc32)[C@@](O)(C(=O)[O-])CC1=O	9.300	8.261	1.039
2cbu	O[C@H]1C[N@@H+]2CC[C@H](O)[C@@H]2[C@@H](O)[C@@H]1O	5.680	5.722	0.042
4rvr	CCCOc1ccn2c(C(C)=O)cc(-c3ccccc3S(C)(=O)=O)c2c1	6.870	6.203	0.667
6qrc	COc1cccc(Cn2ccc3ccc(-c4cc(N)n[nH]4)cc32)c1	4.890	5.277	0.387
3su5	CC[C@@H]1C[C@]1(NC(=O)[C@@H]1C[C@@H]2CN1C(=O)[C@H](C(C)(C)C)NC(=O)OCC(C)(C)CCCCc1cccc3cn(cc13)C(=O)O2)C(=O)NS(=O)(=O)C1CC1	5.580	8.875	3.295
6d5g	Cc1cc(Cn2c(N3CC[NH2+]CC3)nc3c(C4=CC[NH2+]CC4)cc(Cl)cc32)cc(C)c1F	6.600	7.248	0.648
6b4l	O=C([O-])c1[nH]c2ccccc2c1CCCOc1cccc2ccccc12	6.470	5.660	0.810
1sw2	C[N+](C)(C)CC(=O)[O-]	7.220	4.383	2.837
4rlw	Oc1ccc([C@H](O)/C=C/c2ccc(O)c(O)c2)c(O)c1	4.870	5.243	0.373
4ih3	O=C([O-])c1cccc(C(=O)[O-])n1	4.820	4.669	0.151
4ibk	O=C([O-])c1cccc(N2C(=O)C(O)=C(C(=O)c3ccc(Cl)s3)[C@@H]2c2cc(Cl)c3c(c2)OCO3)c1	4.300	6.618	2.318
4qfl	C[C@H]([NH3+])C(=O)N[C@@H](Cc1ccccc1)C(=O)[O-]	5.110	4.607	0.503
1ocq	OC[C@H]1O[C@@H](O[C@H]2[C@H](O)C[NH2+]C[C@@H]2CO)[C@H](O)[C@@H](O)[C@@H]1O	5.190	5.547	0.357
5jfp	COc1ccc(S(=O)(=O)N(CC(C)C)C[C@@H](O)[C@H](C[C@]23C[C@H]4C[C@H](C[C@H](C4)C2)C3)NC(=O)O[C@H]2CO[C@H]3OCC[C@@H]23)cc1	9.320	10.383	1.063
2vk2	O/C=C(\O)[C@@H]1O[C@@H](O)C(O)=C1O	6.890	5.399	1.491
1o0n	O=c1ccn(C2OC(CO)C(OP(=O)(O)O)C2O)c(=O)[nH]1	4.090	4.450	0.360
2i4v	COc1ccc(S(=O)(=O)N(CC(C)C)C[C@@H](O)[C@H](Cc2ccccc2)NC(=O)O[C@H]2CO[C@H]3OCC[C@@H]23)cc1	11.200	10.322	0.878
1y3n	O=C([O-])C1=C[C@H](O)[C@H](O)[C@H](O[C@@H]2[C@@H](C(=O)[O-])O[C@H](O)[C@@H](O)[C@H]2O)O1	5.550	4.101	1.449
4dff	COc1cc2c(cc1OC)-c1c(-c3cncs3)ncn1CC2	7.460	7.881	0.421
6hmg	OC[C@H]1O[C@H](O[C@@H]2[C@H]3[NH2+][C@H]3C[C@H](CO)[C@H]2O)[C@H](O)[C@@H](O)[C@@H]1O	4.940	5.520	0.580
4ayq	OC[C@@H]1[C@@H](O)[C@H](O)[C@H](O)c2nccn21	7.330	5.349	1.981
4a6s	OC[C@H]1O[C@@H](Sc2ccc3ccccc3c2)[C@H](O)[C@@H](O)[C@H]1O	5.200	4.153	1.047
1d09	O=C(O)CC(NC(=O)CP(=O)(O)O)C(=O)O	7.570	5.732	1.838
2qtg	CSC[C@H]1O[C@@H](n2ccc3c(N)ncnc32)[C@H](O)[C@@H]1O	5.080	5.943	0.863
3i51	Oc1cc(Cl)c(Cl)cc1O	7.700	4.370	3.330
2z1w	CCCCc1nc2c(=O)[nH][nH]c(=O)c2[nH]1	4.080	6.416	2.336
1v7a	C[C@H](O)[C@@H](CCOc1ccc2ccccc2c1)n1cnc(C(N)=O)c1	8.010	6.853	1.157
1wht	O=C([O-])C[C@@H](Cc1ccccc1)C(=O)[O-]	3.700	5.682	1.982
3ccw	CC(C)c1c(C(=O)NCc2ccccc2)nc(-c2ccc(F)cc2)n1CC[C@@H](O)C[C@@H](O)CC(=O)[O-]	7.870	6.530	1.340
6dj7	CC(C)CN(C[C@@H](O)[C@H](Cc1ccccc1)NC(=O)O[C@H]1CO[C@H]2OCC(F)(F)[C@H]21)S(=O)(=O)c1ccc(N)cc1	8.720	9.964	1.244
5egm	Cc1ccc2c(c1)c(-c1nnn[nH]1)c1n2C[C@@](NC(=O)c2ccc(-n3cnnc3)cc2Cl)(c2ccccc2)CC1	8.620	8.865	0.245
3o9d	CC[C@H](C)CN(C[C@@H](O)[C@H](Cc1ccccc1)NC(=O)O[C@H]1CO[C@H]2OCC[C@@H]12)S(=O)(=O)c1ccc2ncsc2c1	10.720	10.952	0.232
3vdb	O=C1O[C@H](CO)[C@H](O)[C@H](O)[C@H]1O	2.520	4.108	1.588
5g4n	C[NH2+]Cc1ccc2c(c1)c1ccccc1n2CC(F)F	4.000	6.484	2.484
4jwk	[NH2+]=c1ccn([C@@H]2O[C@H](CO)[C@@H](O)[C@H]2O)c(=O)[nH]1	8.320	4.320	4.000
5ehw	O=C([O-])/C=C/c1ccc(Cl)cc1Cl	3.000	4.694	1.694
1nf8	C=C(O[C@H]1C=CC=C(C(=O)[O-])[C@@H]1O)C(=O)[O-]	7.820	4.565	3.255
6j3p	Cn1c(=O)c2[nH]ccc2[nH]/c1=[NH+]\[C@@H]1C[C@H](c2ccc3c(c2)OCCO3)C[N@H+](C)C1	6.980	6.927	0.053
6fv4	CC(=O)NC1C(O)OC(COP(=O)(O)O)C(O)C1O	2.920	4.684	1.764
4e70	COc1cc(/C=C/CO)ccc1O	5.280	4.828	0.452
3oy8	O=C([O-])[C@H](O)[C@@H](O)[C@H](O[C@@H]1O[C@H](CO)[C@H](O)[C@H](O)[C@H]1O)[C@H](O)CO	3.660	5.830	2.170
3pn1	CCCCSc1nc(N)c2ncn([C@@H]3O[C@H](CO)[C@@H](O)[C@H]3O)c2n1	6.960	5.749	1.211
3t1a	[NH3+]Cc1cc(Cl)cc(Oc2c(Cl)ccc3c2nnn3Cc2[nH]nc3ncccc23)c1Cl	8.370	6.602	1.768
5oha	O=C1CN=C(S)N1	4.890	4.341	0.549
5d21	OC[C@H]1O[C@@H](Oc2ccccc2)[C@H](O)[C@@H](O)[C@H]1O	8.380	5.059	3.321
2qbs	O=C([O-])COc1c(C(=O)[O-])sc(-c2cccc(NC3CCCCC3)c2)c1Br	6.680	5.595	1.085
1e1x	Nc1nc(N)c(N=O)c(OCC2CCCCC2)n1	5.890	6.773	0.883
1vfn	O=c1[nH]cnc2nc[nH]c12	5.600	4.950	0.650
6fui	[NH3+]Cc1cccc(Nc2nc(N[C@H]3CCCC[C@H]3C(=O)[O-])nc3ccccc23)c1	4.460	5.959	1.499
4f1l	NC(=O)c1cccc(NC(=O)/C=C\C(=O)[O-])c1	5.120	5.184	0.064
4yml	CSC[C@@H]1C[N@@H+](Cc2c[nH]c3c(N)ncnc23)C[C@H]1O	8.350	8.711	0.361
4a4v	CCCCCc1cc(OC)c(CC=C(C)C)c(O)c1C(=O)[O-]	6.540	6.492	0.048
5g2g	C[C@]12C=Cc3c(ccc4cc(O)ccc34)C1=CCC2=O	6.050	6.349	0.299
3mxe	CC(C)CN(C[C@@H](O)[C@H](Cc1ccccc1)NC(=O)[C@@H]1CN(c2ccccc2C(F)(F)F)C(=O)O1)S(=O)(=O)c1ccc2ncsc2c1	10.010	9.767	0.243
5t8o	CC(C)(O)C#Cc1ccc2c(c1)-c1nc(C(N)=O)cn1CCO2	6.510	7.090	0.580
2q55	CC(C)[C@@H](C(=O)N[C@@H](Cc1ccccc1)C[C@H](O)[C@H](Cc1ccccc1)NC(=O)[C@@H]1CN(c2ccccc2)C(=O)O1)N1CCCNC1=O	8.690	8.324	0.366
1zs0	COc1ccc(-c2ccc(S(=O)(=O)NC(C(C)C)P(=O)(O)O)cc2)cc1	6.150	6.925	0.775
4ih6	CC(C)[C@@H]1NC(=O)N(Cc2ccc(C(C)(C)C)cc2)C1=O	4.740	5.406	0.666
1k27	CSC[C@H]1[NH2+][C@@H](c2c[nH]c3c(N)ncnc23)[C@H](O)[C@@H]1O	9.000	8.052	0.948
1jet	C[C@H](NC(=O)[C@@H]([NH3+])CCCC[NH3+])C(=O)N[C@@H](CCCC[NH3+])C(=O)[O-]	7.250	5.119	2.131
4u5o	NC(=O)[C@@H](CCCC[NH3+])[NH2+]Cc1ccc(-c2cccnc2)cc1	2.420	6.594	4.174
6dsp	C[C@@]1(O)OC[C@H](O)C1(O)O	6.090	4.665	1.425
2ax9	C[C@](O)(CBr)C(=O)Nc1ccc([N+](=O)[O-])c(C(F)(F)F)c1	9.520	6.860	2.660
2b07	O=C([O-])COc1c(C(=O)[O-])sc2c1sc1cc(NC3CCN(S(=O)(=O)Cc4ccccc4)CC3)ccc12	6.430	7.010	0.580
2zx8	C[C@@H]1[NH2+][C@H](CNC(=O)c2cc3ccccc3o2)[C@@H](O)[C@H](O)[C@@H]1O	9.640	5.953	3.687
2h3e	NC(=O)C(CC(=O)O)NC(=O)CP(=O)(O)O	5.700	5.339	0.361
3ip6	O=C([O-])[C@@H]1CCC[NH2+]1	6.600	4.513	2.087
5ngz	[NH3+]Cc1nc2ccccc2s1	2.890	5.028	2.138
3jrs	CC1=CC(O)=CC(C)(C)[C@@]1(O)/C=C/[C@@H](C)CC(=O)[O-]	4.280	5.823	1.543
1drk	O[C@@H]1CO[C@@H](O)[C@H](O)[C@@H]1O	6.820	5.336	1.484
6g2s	OC[C@H]1O[C@H](Oc2ccc(-c3c(F)c(F)c(F)c(F)c3F)cc2)[C@@H](O)[C@@H](O)[C@@H]1O	8.400	5.730	2.670
1ndy	NC(=O)c1cn([C@@H](CO)CCc2cccc3ccccc23)cn1	6.170	5.270	0.900
5etj	[NH2+]=c1[nH]c(=O)c2[nH]cc(C[N@H+]3C[C@H](O)[C@@H](CO)C3)c2[nH]1	10.180	7.036	3.144
4mo4	CP(=O)(O)OP(=O)(O)OCC1OC(n2cnc3c(N)ncnc32)C(O)C1O	4.220	5.545	1.325
3uuo	COc1cc(C)c2nc3[nH]nc(C)c3c(N3CC[NH2+]CC3)c2c1	7.960	6.941	1.019
1m0q	Cc1ncc(COP(=O)(O)O)c(/C=N/C(C)P(=O)(O)O)c1O	3.890	5.210	1.320
4b74	CC[C@@H]([NH2+][C@@H](C)CC(=O)NCC[NH3+])c1ccc(Cl)c(Oc2ccccc2)c1F	7.660	7.638	0.022
3nu3	CC(C)CN(C[C@@H](O)[C@H](Cc1ccccc1)NC(=O)O[C@H]1CCOC1)S(=O)(=O)c1ccc(N)cc1	9.820	9.261	0.559
8cpa	CC(NC(=O)OCc1ccccc1)C(=O)NCP(=O)(O)OC(Cc1ccccc1)C(=O)O	9.150	5.518	3.632
5aan	O=C(C[NH+]1CCCCC1)NN1c2ccccc2Sc2ccccc21	4.150	5.357	1.207
5dqe	O=C([O-])c1ccccc1Nc1cccc(Br)c1	3.630	4.434	0.804
4f9u	COc1ccc(N/C(S)=N/CCCn2ccnc2)cc1OC	6.030	6.236	0.206
3a2o	C=C(C)CNC(=O)[C@H]1N(C(=O)[C@@H](O)[C@H](Cc2ccccc2)NC(=O)COc2c(C)cc(N)cc2C)CSC1(C)C	9.080	7.710	1.370
6udt	CN1CC/C=C/[C@H](O)[C@@H]2CC[C@H]2CN2C[C@@]3(CCCc4cc(Cl)ccc43)COc3ccc(cc32)[C@@](O)(C(=O)[O-])CC1=O	10.000	8.675	1.325
5xva	Cc1cc(Nc2nc(C(=O)N3CC[NH2+][C@H](C)C3)nc3ccc(Cl)cc23)[nH]n1	7.290	7.674	0.384
4ibe	O=C(C1=C(O)C(=O)N(c2ccc(Cl)c(C(=O)[O-])c2)[C@H]1c1cc(Br)cs1)c1ccccc1	4.150	5.992	1.842
6fgg	CN1C[C@@H](C(=O)Nc2ccc3oc(=O)n(CC[NH+](C)C)c3c2)C=CC1=O	4.770	6.793	2.023
6p83	CC1(C)CC(=O)c2c(nc3[nH]n(-c4ccccc4)c(=O)c3c2-c2ccccc2Cl)C1	7.100	6.482	0.618
5zo8	COc1ccc(C(SC[C@H]([NH3+])C(=O)[O-])(c2ccccc2)c2ccccc2)cc1	8.200	5.710	2.490
2x2r	CC[C@@H](C)C(SC[C@H]([NH3+])C(=O)[O-])(c1ccccc1)c1ccccc1	7.120	4.639	2.481
3o9i	CCC(CC)CN(C[C@@H](O)[C@H](Cc1ccccc1)NC(=O)O[C@H]1CO[C@H]2OCC[C@@H]12)S(=O)(=O)c1ccc2ncsc2c1	11.820	10.472	1.348
4wkb	CSC[C@H]1C[N@@H+](Cc2c[nH]c3c(N)ncnc23)C[C@@H]1O	11.570	8.629	2.941
5wyz	Cc1cc(-c2ccnc3cc(O)ccc23)ccc1O	7.680	5.634	2.046
1a4r	Nc1nc2c(ncn2C2OC(COP(=O)(O)OP(N)(=O)O)C(O)C2O)c(=O)[nH]1	6.660	5.515	1.145
6h5x	O=C(N[C@H]1CCS[C@H]2CCC[C@@H](C(=O)[O-])N2C1=O)[C@@H](S)Cc1ccccc1	10.820	7.086	3.734
1kc7	O=C(O)C(=O)CP(=O)(O)O	5.520	4.530	0.990
1h46	CC(C)/N=C\[C@@H](O)COc1cccc2ccccc12	3.570	5.814	2.244
5l8a	COc1ccc(C[N@H+]2CCc3c(c(C(=O)NCc4ccccc4)nn3CCO)C2)c2ccccc12	4.910	6.646	1.736
1fcx	CC1(C)CCC(C)(C)c2cc([C@@H](O)c3ccc4cc(C(=O)[O-])ccc4c3)ccc21	7.190	5.522	1.668
4efs	NC(=O)[C@H](CCC(=O)[O-])NC(=O)c1ccc(-c2cc(-c3ccccc3)cs2)cc1	8.600	5.285	3.315
5wyx	Cc1cccc(-c2ccnc3c(C(N)=O)cnn23)c1	6.660	4.847	1.813
4r06	CC[C@H](NC(=O)c1ccc2c(ccn2S(=O)(=O)c2cccc3ccccc23)c1)c1ccccc1	6.290	7.313	1.023
4crc	O=C(/C=C/c1cc(Cl)ccc1-n1cnnn1)N[C@@H](Cc1ccccc1)C(=O)Nc1ccc(-c2nn[nH]n2)cc1	8.720	6.829	1.891
4r4i	O=C([O-])c1cc(-c2ccc(Cn3ccc4cc(-c5ccc(C(=O)[O-])o5)ccc4c3=S)cc2)n(-c2ccc(Cl)c(Cl)c2)n1	6.270	7.172	0.902
5ev8	O=C([O-])[C@H]1CS[C@@H]2CS[C@@H](CS)[N@H+]12	5.220	5.449	0.229
5fnr	Cn1nnc2cc([C@@H](CC(=O)[O-])c3ccc(Cl)cc3)ccc21	4.230	5.673	1.443
6qr7	N#Cc1c(-c2ccc3ccn(Cc4ccc(C[NH+]5CCCCC5)cc4)c3c2)n[nH]c1N	7.150	6.062	1.088
1a4k	CC(=O)Nc1ccc(N2C(=O)[C@@H]3[C@H]4CC[C@](NC(=O)OCC(=O)[O-])(CC4)[C@@H]3C2=O)cc1	8.000	5.577	2.423
3f5l	OC[C@H]1O[C@@H](O[C@@H]2[C@@H](O)[C@H](O)O[C@H](CO)[C@H]2O)[C@H](O)[C@@H](O)[C@@H]1O	3.720	4.916	1.196
2cli	O=P(O)(O)OCCNS(=O)(=O)c1ccc(OC(F)(F)F)cc1	4.300	5.622	1.322
3zyu	COc1cc2c(cc1-c1c(C)noc1C)ncc1[nH]c(=O)n([C@H](C)c3ccccn3)c12	7.000	6.709	0.291
5cst	N=c1ccn(C2OC(COP(=O)(O)OP(=O)(O)O)C(O)C2O)c(=O)[nH]1	6.960	4.564	2.396
6md8	Nc1c(-c2nn[nH]n2)cnn1-c1ccc(Cl)cc1Cl	2.380	5.708	3.328
4i54	NC(=[NH2+])NC[C@H]1Cc2ccccc2[C@@H]1NC(=O)C(=O)Nc1ccc(Cl)c(F)c1	6.960	6.425	0.535
6pge	CCOC(=O)CCc1nc(CO)c[nH]1	3.620	4.951	1.331
4hwo	C[C@@H](O)[C@H]([NH3+])C(=O)NS(=O)(=O)c1cccc(-c2ccc3c(N)ncnc3c2)c1	8.540	6.497	2.043
6ma5	COc1ccccc1[C@@H](NS(=O)(=O)c1ccc2[nH]c(=O)ccc2c1)C(=O)N(CC(=O)[O-])Cc1cccs1	8.100	6.245	1.855
3hf8	Nc1nc(O[C@H](c2ccc(-c3cccc(F)c3)cc2)C(F)(F)F)cc(-c2ccc(C[C@H]([NH3+])C(=O)[O-])cc2)n1	6.510	6.820	0.310
6q3z	CCOc1cc([C@H]2CC[N@H+](C)CC2)ccc1Nc1ncc2c(n1)N(Cc1cc(C)cs1)[C@H](CC)C(=O)N2C	7.360	8.233	0.873
3muz	CC(C)S[C@@H]1O[C@H](CO)[C@H](O)[C@H](O)[C@H]1O	3.460	4.935	1.475
4nyf	Cc1nc2ccccc2c(-c2ccc(Cl)cc2)c1[C@H](OC(C)(C)C)C(=O)[O-]	7.310	6.657	0.653
1nli	Nc1ncnc2nc[nH]c12	3.590	5.307	1.717
2i6b	CN(C)c1ccc(-c2c(N)ncnc2C#Cc2ccc(N3CCOCC3)nc2)cc1	7.170	7.915	0.745
6if0	CCCCCc1ccc(-c2ccc(S(=O)(=O)CCO)cc2)cc1/C=C\c1ccccn1	6.510	7.304	0.794
2qi0	COc1cccc(S(=O)(=O)N(Cc2cccs2)C[C@@H](O)[C@H](Cc2ccccc2)NC(=O)c2cccc(F)c2C)c1	7.380	9.396	2.016
4q4s	CNc1nc2cc3c(=O)[nH]c(=[NH2+])[nH]c3cc2[nH]1	6.950	6.341	0.609
5g4m	C[NH2+]Cc1ccc2c(c1)c1ccccc1n2CCF	3.860	5.641	1.781
4ibi	O=C([O-])c1cccc(N2C(=O)C(O)=C(C(=O)c3cccc(C(F)(F)F)c3)[C@@H]2c2cc(Cl)c3c(c2)OCO3)c1	4.140	7.002	2.862
2boj	CO[C@@H]1OC[C@@H](O)[C@@H](O)[C@@H]1O	5.770	4.764	1.006
5f9b	CC1(C)CC[C@@]2(C(=O)[O-])[C@@H](C1)C1=CC[C@@H]3[C@@]4(C)CC[C@H](O)[C@@](C)(CO)[C@@H]4CC[C@@]3(C)[C@]1(C)C[C@H]2O	4.260	5.713	1.453
2vo5	OC[C@H]1C[C@@H]2[C@@H](O)[C@@H](O)[C@@]1(O)C[N@@H+]2Cc1ccccc1	4.890	7.924	3.034
6ghh	C/C=C/CCC/C=C/CCCCC(=O)[O-]	6.710	5.516	1.194
4kiu	O=C([O-])c1cc(OCc2cccc([N+](=O)[O-])c2)cc(C(=O)[O-])c1	3.850	4.555	0.705
4auj	OCC#Cc1ccc(O[C@H]2O[C@H](CO)[C@@H](O)[C@H](O)[C@@H]2O)cc1	7.740	6.103	1.637
3ocz	Nc1ncnc2c1ncn2C1OC(COP(=O)(O)S)C(O)C1O	7.460	6.278	1.182
5oh2	O=C1CCCN1	4.240	4.945	0.705
6md6	CO[C@@H]1O[C@H](CO)[C@@H](O)[C@H](O)[C@H]1S[C@@H]1O[C@H](CO)[C@@H](O)[C@H](O)[C@H]1O	5.100	4.570	0.530
5ect	O=c1ccn(C2CC(O)C(COP(=O)(O)NP(=O)(O)OP(=O)(O)O)O2)c(=O)[nH]1	5.280	5.707	0.427
4f2w	CSC[C@H]1C[N@@H+](Cc2c[nH]c3c(N)ncnc23)C[C@@H]1O	11.300	8.636	2.664
5uez	COc1cc(=O)n(C)nc1-c1ccccc1Oc1ccccc1	6.010	5.973	0.037
4ymb	CCC[C@@H]1C[NH2+][C@H](C(=O)[O-])[C@H]1c1cccc(C(=O)[O-])c1	6.210	6.587	0.377
3s0d	C=C(C)CCC[C@H](C)CC[NH3+]	7.050	6.065	0.985
1adl	CCCCC/C=C\C/C=C\C/C=C\C/C=C\CCCC(=O)[O-]	5.360	5.378	0.018
6pga	COC(=O)NCCCCc1ncc(CO)[nH]1	4.540	5.376	0.836
4b9k	Cc1ncsc1-c1ccc(CNC(=O)[C@@H]2C[C@@H](O)CN2C(=O)c2cccc(N)c2C)cc1	6.170	5.663	0.507
1z4o	O=P(O)(O)OC1OC(CO)C(O)C(O)C1O	4.520	4.640	0.120
2haw	O=P(O)(O)NP(=O)(O)O	4.920	4.792	0.128
6ssy	[NH3+]CCP(=O)(O)O	3.190	4.953	1.763
1s19	C=C1/C(=C\C=C2/CCC[C@@]3(C)[C@H]2CC[C@@H]3[C@H](C)/C=C/[C@@H](O)C2CC2)C[C@@H](O)C[C@@H]1O	9.510	7.507	2.003
6i11	Cn1cc(NC(=O)c2cn(Cc3ccccc3)c(=O)c3ccccc23)cn1	4.530	5.639	1.109
3zll	Nc1c(O)n(Cc2ccccc2)c(=O)[nH]c1=O	6.400	5.176	1.224
3gc5	CNc1nc2c(CC[NH3+])c3nc(N)[nH]c(=O)c3cc2[nH]1	7.260	5.166	2.094
6dai	CN1CCC2=C1CC[C@H](c1cn3c(n1)CC=C3)C2	4.070	5.185	1.115
6i0z	CC(=O)N(C)c1ccc(Cl)cc1Cl	4.040	4.984	0.944
6g2l	O=c1[nH]c(=O)n(C2CC3OC(c4ccccc4)(P(=O)(O)O)OCC3O2)cc1CSCP(=O)(O)O	7.170	5.590	1.580
2r58	C[NH+](C)CCCC[C@H]([NH3+])C(=O)[O-]	2.000	4.458	2.458
3zt2	O=C1Cc2ccccc2/C1=C\c1ccc2c(c1C(=O)[O-])OCO2	2.840	4.894	2.054
2xib	C[C@@H]1[NH2+]C[C@@H](O)[C@H](O)[C@@H]1O	7.260	5.098	2.162
2azr	O=C([O-])COc1c(C(=O)[O-])sc2ncccc12	3.640	4.603	0.963
3cz1	CCCCNS(=O)(=O)c1ccccc1	7.260	5.364	1.896
5z7b	COc1cc(C(=O)[O-])ccc1O	4.890	4.761	0.129
2on6	O=c1[nH]cnc2c([C@@H]3[NH2+][C@H](CO)[C@@H](O)[C@H]3O)c[nH]c12	6.760	7.569	0.809
1v0k	O[C@H]1[C@H](O)CO[C@@H](O[C@@H]2C[NH2+]C[C@H](O)[C@H]2O)[C@@H]1O	5.100	5.696	0.596
6oqd	C[C@@H]1CCCC[C@H](O)[C@@H]2CC[C@H]2CN2C[C@@]3(CCCc4cc(Cl)ccc43)COc3ccc(cc32)C(=O)NS1(=O)=O	9.850	7.841	2.009
1y1z	[NH3+]C1(C(=O)[O-])CCC1	3.080	4.401	1.321
1pb9	[NH3+][C@@H]1CONC1=O	3.620	5.310	1.690
4u6z	CCCC(C)C([NH3+])P(=O)(O)O	5.410	4.924	0.486
2idw	CC(C)CN(C[C@@H](O)[C@H](Cc1ccccc1)NC(=O)O[C@H]1CO[C@H]2OCC[C@@H]12)S(=O)(=O)c1ccc(N)cc1	8.890	9.812	0.922
3g34	O=c1c2c3c(sc2ncn1Cc1nn[nH]n1)CCCC3	2.960	4.689	1.729
3rtf	[NH3+][C@@H](Cn1cc(Cl)c(=O)[nH]c1=O)C(=O)[O-]	7.350	4.654	2.696
3rdo	O=C([O-])CCCC[C@@H]1SC[C@@H]2NC(=O)N[C@H]12	9.850	8.234	1.616
5l9i	NC(=O)CC[C@H]([NH2+]C[C@@]1(O)OC[C@@H](O)[C@@H](O)[C@@H]1O)C(=O)[O-]	7.000	5.929	1.071
4xmb	COc1ccc(S(=O)(=O)N(CC(N)=O)c2ccc(N(CC(N)=O)S(=O)(=O)c3ccc(OC)cc3)c3ccccc23)cc1	7.360	6.122	1.238
2zn7	O=C([O-])COc1c(C(=O)[O-])sc(-c2cccc(N(C(=O)c3ccccc3)C3CCCCC3)c2)c1Br	7.890	5.748	2.142
4k0o	CO[C@@H]1O[C@H](CO)[C@H](O)[C@H](O[C@@H]2O[C@H](CO)[C@@H](O)[C@H](O)[C@H]2NC(C)=O)[C@H]1O	3.000	5.084	2.084
1upf	O=c1[nH]cc(F)c(=O)[nH]1	4.600	5.041	0.441
4mc2	CC(C)(C)[C@H]1Cc2cc(F)ccc2S(=O)(=O)N(C[C@@H](O)[C@H](Cc2ccccc2)NC(=O)O[C@H]2CCOC2)C1	8.190	9.610	1.420
4g4p	NC(=O)CC[C@H]([NH3+])C(=O)[O-]	6.890	3.961	2.929
1igj	C[C@H]1O[C@@H](O[C@H]2CC[C@]3(C)[C@H]4C[C@@H](O)[C@]5(C)[C@@H](C6=CC(=O)OC6)CC[C@]5(O)[C@@H]4CC[C@@H]3C2)C[C@H](O)[C@@H]1O	10.000	6.984	3.016
6ior	NC(=O)C[C@H]([NH3+])C(=O)[O-]	4.310	4.004	0.306
6dys	[NH3+]CCC(=O)NCCc1ccc(O)c(O)c1	4.250	3.975	0.275
5exm	COC(=O)Nc1ccc(-c2ccnc([C@H](Cc3ccccc3)NC(=O)[C@H]3CC[C@H](C[NH3+])CC3)c2)cc1	8.200	6.627	1.573
2z94	Cc1ccc(S)c(S)c1	5.850	4.500	1.350
4ejl	O=C([O-])CCc1c[nH]c2ccccc12	5.140	4.329	0.811
5tuz	COc1cc2nc(N3CCOCC3)nc(N[C@H]3CC[N@H+](C)CC3)c2cc1OC	7.400	6.300	1.100
4br3	C[N+](C)=c1ccn(Cc2ccc(-c3ccc(Cn4cnc(N)c5ncnc4-5)cc3)cc2)cc1	5.720	5.658	0.062
6en5	C[C@H]([NH2+][C@H](C(=O)[O-])[C@@H]1CCCN1C(=O)[C@@H]([NH3+])CC(=O)[O-])C(=O)N1CCC[C@H]1C(=O)[O-]	7.940	5.638	2.302
1uou	NC1=CCCN1Cc1[nH]c(=O)[nH]c(=O)c1Cl	7.700	5.400	2.300
4v24	Cc1cc(CS(=O)(=O)c2ccccc2)cc(OCc2ccc(C[N@H+]3CCC[C@@H]3CO)cc2)c1	8.370	8.508	0.138
1f57	[NH3+][C@H](CS)C(=O)[O-]	5.640	4.417	1.223
4na9	NC(=[NH2+])c1ccc2c(c1)[C@@H](c1ccccc1)C[C@@H](c1cc(N)cc(-c3ccccc3C(=O)[O-])c1)N2	7.390	8.460	1.070
3ewj	O=C([O-])[C@H]1C[C@@]12C[C@@H](c1ccc(OCc3cc(-c4ccccc4)nc4ccccc34)cc1)NC2=O	6.840	7.431	0.591
4og3	N#Cc1ccc(OCCC[N@H+]2CC[C@H]([C@@](O)(c3ccccc3)C3CCCC3)CC2)cc1	6.550	7.226	0.676
2f6t	CNC(=O)[C@@H]1Cc2ccc(NS(=O)(=O)[O-])cc2CN1C(=O)OC(C)(C)C	4.620	6.022	1.402
6jad	OC[C@H]1O[C@H](OC[C@H]2O[C@@](O)(CO)[C@@H](O)[C@@H]2O)[C@H](O)[C@@H](O)[C@@H]1O	4.320	5.573	1.253
3gi6	COc1ccc(S(=O)(=O)N(CC(C)C)C[C@@H](O)[C@H](Cc2ccccc2)NC(=O)[C@@H]2CN(c3cccc(C(F)(F)F)c3)C(=O)O2)cc1	11.220	10.093	1.127
4nvp	Nc1ncnc2c1ccn2C1OC2COP(=O)(O)OC2C1O	7.570	5.801	1.769
4csd	CO[C@@H]1O[C@@H](C)[C@@H](O)[C@@H](O)[C@@H]1O	5.910	5.009	0.901
4q1w	CC(C)CN(C[C@@H](O)[C@H](Cc1ccccc1)NC(=O)O[C@H]1CO[C@H]2OCC[C@@H]12)S(=O)(=O)c1ccc(N)cc1	11.700	9.779	1.921
4g8v	O=C1NC(O)=CCN1Cc1cn([C@@H]2O[C@@H](CO)[C@H](O)[C@H]2O)nn1	5.800	4.695	1.105
4n6g	N=C1Cc2ccccc2C(=O)N1	5.470	4.620	0.850
2qwf	CCCN(C)C(=O)[C@@H]1OC(C(=O)[O-])=C[C@H](NC(N)=[NH2+])[C@H]1NC(C)=O	5.670	5.767	0.097
5xmx	C/C(=C\COc1ccccc1CN(C)C(=O)c1ccc(-c2ccco2)cc1)CCC(=O)[O-]	7.240	6.056	1.184
1ols	Cc1ncc(C[n+]2csc(CCOP(=O)(O)OP(=O)(O)O)c2C)c(N)n1	5.820	6.081	0.261
3iog	O=P(O)(O)C(S)c1ccc(Cl)cc1Cl	5.520	5.509	0.011
3kiv	[NH3+]CCCCCC(=O)[O-]	4.700	4.695	0.005
2i3h	CC(C)[C@H](NC(=O)[C@H](C)[NH3+])C(=O)N1CCC[C@H]1C(=O)N[C@@H](Cc1c[nH]c2ccccc12)C(=O)[O-]	7.400	5.726	1.674
5z7j	C[C@H]1CCC[C@H](O)CCC/C=C/c2cc(O)cc(O)c2C(=O)O1	6.600	5.173	1.427
4dmw	O=c1ccn(C2OC(COP(=O)(O)OP(=O)(O)O)C(O)C2O)c(=O)[nH]1	4.940	4.642	0.298
2qi3	CC[C@H](C)CN(C[C@@H](O)[C@H](Cc1ccccc1)NC(=O)[C@@H](O)C(C)C)S(=O)(=O)c1ccc2ncsc2c1	10.200	9.639	0.561
1v16	Cc1ncc(C[n+]2csc(CCOP(=O)(O)OP(=O)(O)O)c2C)c(N)n1	3.870	6.127	2.257
2afw	CC(=O)NCCc1c[nH]cn1	4.770	4.860	0.090
4c1y	CO[C@H]1O[C@@H](C)[C@@H](O)[C@@H](O)[C@@H]1O	3.600	5.045	1.445
4nbn	Oc1ccccc1CNc1cc(NCc2ccccc2O)ncn1	4.360	5.272	0.912
5j6a	NC(=O)C[C@H]([NH3+])C(=O)N1CCC(Nc2ccc3c(c2)CN(S(=O)(=O)c2ccc(O)cc2O)C3)CC1	7.770	7.683	0.087
4q1y	CC(C)CN(C[C@@H](O)[C@H](Cc1ccccc1)NC(=O)O[C@H]1CO[C@H]2OCC[C@@H]12)S(=O)(=O)c1ccc(N)cc1	10.350	9.795	0.555
1rpj	OC[C@H]1O[C@@H](O)[C@H](O)[C@H](O)[C@@H]1O	6.480	4.056	2.424
4gbd	CSC[C@H]1O[C@@H](n2cnc3c2N=CNC[C@H]3O)[C@H](O)[C@@H]1O	11.320	5.953	5.367
4jx9	O=c1ccn([C@@H]2O[C@H](CO)[C@@H](O)[C@H]2O)c(=O)[nH]1	8.620	4.131	4.489
1fkh	CCC(C)(C)C(=O)C(=O)N1CCCC[C@H]1C(=O)O[C@H](CCc1ccccc1)C1CCCCC1	8.150	6.950	1.200
2qe4	COCc1cc(O)cc2c1O[C@@H](c1ccc(O)cc1)[C@H]1CCC[C@@H]21	7.960	7.577	0.383
4eo8	C[NH+](C)N(c1cc(C#CC(C)(C)C)sc1C(=O)[O-])C(=O)[C@H]1CC[C@H](C)CC1	8.150	6.486	1.664
2e1w	C[C@H](O)[C@@H](CCc1cccc2ccccc12)n1cnc(C(N)=O)c1	7.960	6.577	1.383
5j1x	CC(C)(C)OC(=O)N[C@@H](CCCNC(N)=[NH2+])C(=O)[O-]	5.520	4.893	0.627
1qy2	COc1nccnc1C(C)C	5.740	5.290	0.450
4g8y	CC1=C(O)NC(=O)N(Cc2cn([C@@H]3O[C@@H](CO)[C@H](O)[C@H]3O)nn2)C1	4.590	5.125	0.535
6dgr	O=c1[nH]c(O)c(Cc2ccc(OCCc3cccs3)cc2)s1	4.910	5.104	0.194
5hct	Cc1cccc(/C=N/NC(=O)[C@@H]([NH3+])Cc2c[nH]c3ccccc23)c1	7.600	5.311	2.289
6s4t	O=C([O-])Cc1ccc(COc2cccc(-c3c(Cc4ccccc4)cnc4c(C(F)(F)F)cccc34)c2)cc1	7.950	6.485	1.465
3uug	O=C([O-])[C@H]1O[C@@H](O)[C@H](O)[C@@H](O)[C@@H]1O	4.510	3.827	0.683
187l	Cc1ccc(C)cc1	3.370	3.897	0.527
3gtc	O=C([O-])[C@@H]1CCCC[C@@H]1c1n[nH]c(S)n1	2.350	4.735	2.385
5dh4	Cc1nc(C)c(CNc2cc(Cl)nc3ccnn23)s1	7.240	6.334	0.906
5mgj	CCOC(=O)C1=C(Cl)CC(=O)N(C)C1	4.290	5.204	0.914
5n18	Cc1ccc(Nc2c(-c3ccc(O)cc3)nc3c(C)cccn23)cc1	5.680	6.615	0.935
1ec9	O=C(NO)[C@@H](O)[C@H](O)[C@@H](O)C(=O)[O-]	3.100	5.645	2.545
6dh6	CC(C)CN(C[C@@H](O)[C@H](Cc1ccccc1)NC(=O)O[C@H]1CO[C@H]2OCC[C@@H]12)S(=O)(=O)c1ccc(N)cc1	9.930	9.800	0.130
4zji	CCN1c2ccc(F)cc2N=C(N2CC[NH+](C)CC2)c2cc(Cl)ccc21	6.470	5.766	0.704
6dpx	O=C([O-])Cc1cccc(NS(=O)(=O)c2cccc(Cl)c2O)c1	5.890	5.733	0.157
2nt7	O=C([O-])COc1c(-c2nn[nH]n2)sc(-c2cccc(NC3CCN(S(=O)(=O)Cc4ccccc4)CC3)c2)c1Br	6.520	7.598	1.078
1jao	C[C@H](NC(=O)[C@@H](CS)Cc1ccccc1)C(=O)NCC(N)=O	5.920	6.251	0.331
6t1n	O=C(Nc1ccc2nc(C[NH+]3CCCCC3)[nH]c2c1)c1ccc(Cl)cc1	5.460	6.630	1.170
4q4r	O=c1[nH]cnc2cc3[nH]c(NCC[NH+]4CCOCC4)nc3cc12	6.430	6.900	0.470
3mam	C[N+](C)(C)CC(=O)[O-]	4.120	4.424	0.304
6fmj	CC(=O)N[C@@H](C)C(=S)N1C[C@H](O)C[C@H]1C(=O)NCc1ccc(-c2scnc2C)cc1	6.120	6.031	0.089
3o7u	N[P@]1(=O)C=CNC(=O)N1	7.280	5.539	1.741
2jkp	O[C@H]1C[N@H+]2CC[C@H](O)[C@@H]2[C@@H](O)[C@@H]1O	4.230	5.758	1.528
2v77	C[C@@H](C[C@H](C[C@@H](CCC(=O)[O-])C(=O)[O-])C(=O)[O-])C(=O)[O-]	5.060	4.243	0.817
6cwn	CO[C@@H]1O[C@@H]2CO[C@](C)(C(=O)[O-])O[C@H]2[C@H](O)[C@@H]1NC(C)=O	6.650	5.606	1.044
1x1z	O=c1cc(O)n(C2OC(COP(=O)(O)O)C(O)C2O)c(=O)[nH]1	11.060	5.070	5.990
2f94	CCCCC[NH+](C)CCC(O)(P(=O)(O)O)P(=O)(O)O	6.710	5.906	0.804
1lrh	O=C([O-])Cc1cccc2ccccc12	6.820	4.600	2.220
3hl5	C[NH2+][C@@H](C)C(=O)N[C@H](C(=O)N1CC[C@H](C)[C@H]1C(=O)Nc1ccccc1-c1ncccn1)C1CCCCC1	4.470	8.148	3.678
4c1u	OC[C@@H]1O[C@@H](O[C@H]2[C@H](O)CO[C@@H](O[C@@H]3CO[C@@H](O)[C@H](O)[C@H]3O)[C@@H]2O)[C@H](O)[C@H]1O	7.090	5.857	1.233
1fh7	O[C@H]1[C@H](O)CO[C@@H](O[C@@H]2C[NH2+]C[C@H](O)[C@H]2O)[C@@H]1O	5.240	5.694	0.454
3brn	[NH3+]CCc1c[nH]c2ccc(O)cc12	8.700	5.021	3.679
4u70	[NH3+]C(CC1CCCCC1)P(=O)(O)O	5.020	5.052	0.032
6e6m	C=C(C)[C@@H]1CCC(C)=C[C@H]1c1c(O)cc(C)cc1O	5.750	6.051	0.301
4wkp	Nc1ncnc2c(C[N@@H+]3C[C@H](CCSCCOCCO)[C@@H](O)C3)c[nH]c12	9.550	9.498	0.052
3p8z	[NH3+][C@@H](CCSC[C@H]1O[C@@H](n2cnc3c(NCc4cccc(Cl)c4)ncnc32)[C@H](O)[C@@H]1O)C(=O)[O-]	6.090	6.571	0.481
1gyy	O=C([O-])/C(F)=C\c1ccc(O)cc1	3.640	4.762	1.122
6mnv	O=P(O)(O)OC1(CF)OC(CO)C(O)C(O)C1O	3.370	5.317	1.947
6qls	OC[C@H]1O[C@@H](S[C@@H]2O[C@H](CO)[C@H](O)[C@H](n3cc(-c4ccccc4)nn3)[C@H]2O)[C@H](O)[C@@H](O)[C@@H]1O	5.350	5.766	0.416
5bry	C[NH2+][C@H]1CO[C@@H]2OC[C@H](OC(=O)N[C@@H](Cc3ccccc3)[C@H](O)CN(CC(C)C)S(=O)(=O)c3ccc(OC)cc3)[C@H]12	11.820	10.211	1.609
5b5g	COC(=O)c1cncc(-c2cc3c(=O)[nH]ccc3o2)c1	5.250	5.889	0.639
4ayu	CC(=O)N1CCC[C@@H]1C(=O)[O-]	4.730	4.531	0.199
6qge	OC[C@H]1O[C@@H](SC[C@@H](O)Cn2cc(-c3cccc(F)c3)nn2)[C@H](O)[C@@H](n2cc(-c3cccc(F)c3)nn2)[C@H]1O	5.680	6.391	0.711
2nnd	COc1nccnc1CC(C)C	6.060	5.725	0.335
2ylc	O=c1ccn(C2OC(CO[PH](=O)O)C(O)C2O)c(=O)[nH]1	7.890	4.884	3.006
4i7l	Oc1ccccc1	3.990	4.355	0.365
1fv0	COc1c(O)ccc2c1cc([N+](=O)[O-])c1c(C(=O)[O-])cc3c(c12)OCO3	5.930	4.421	1.509
6guk	CCn1cnc2c(Nc3cccc(Cl)c3)nc(N[C@@H]3CCCC[C@@H]3[NH3+])nc21	6.150	6.009	0.141
4e1k	COc1cc2c(Nc3ccc(NC(=O)c4ccccc4)cc3)ncnc2cc1O	6.300	6.641	0.341
6dz3	CCCCn1cc(CCCSC[C@H]2C[N@@H+](Cc3c[nH]c4c(N)ncnc34)C[C@@H]2O)nn1	8.890	9.401	0.511
2e92	O=P(O)(O)C(O)(Cc1cnc2ccccn12)P(=O)(O)O	6.890	5.975	0.915
4mc1	CC(C)(C)[C@@H]1Cc2cc(F)ccc2S(=O)(=O)N(C[C@@H](O)[C@H](Cc2ccccc2)NC(=O)O[C@H]2CCOC2)C1	7.850	9.633	1.783
4r4o	O=C([O-])c1cc(-c2ccc(C(=S)NCc3ccc(-c4ccc(C(=O)[O-])o4)cc3)cc2)n(-c2ccc(Cl)c(Cl)c2)n1	5.820	6.041	0.221
2j4g	CCCC1=N[C@H]2[C@H](O[C@H](CO)[C@@H](O)[C@@H]2O)S1	6.600	5.375	1.225
5wcm	NS(=O)(=O)c1ccc([N+](=O)[O-])cc1	4.000	4.686	0.686
2vsl	C[NH2+][C@@H](C)C(=O)N[C@@H](CCCC[NH3+])C(=O)N1CCC[C@H]1C(=O)N[C@@H](Cc1ccccc1)C(=O)O	8.400	6.824	1.576
6quv	C[N@H+]1CC[C@](C)([C@]23NC(=O)c4ccccc4[C@H]2c2ccccc2N3)CC1	3.000	5.795	2.795
3nu9	CC(C)CN(C[C@@H](O)[C@H](Cc1ccccc1)NC(=O)O[C@H]1CCOC1)S(=O)(=O)c1ccc(N)cc1	9.050	9.280	0.230
2clk	O=CC(O)COP(=O)(O)O	3.790	5.049	1.259
4nbk	Cc1cccnc1NCc1ccccc1O	3.870	5.222	1.352
1ai4	O=C([O-])Cc1ccc(O)c(O)c1	2.500	3.838	1.338
4app	C[N@H+]1CCN(C(=O)N2Cc3c(NC(=O)c4cccc(Oc5ccccc5)c4)n[nH]c3C2(C)C)[C@@H](Cc2ccccc2)C1	7.190	6.898	0.292
4pum	CNc1nc2cc3c(=O)[nH]c(=[NH2+])[nH]c3cc2[nH]1	6.730	6.348	0.382
2hb3	CC(C)CN(C[C@@H](O)[C@H](Cc1ccccc1)NC(=O)O[C@@H]1C[C@@H]2CCO[C@@H]2C1)S(=O)(=O)c1ccc(CO)cc1	11.350	9.923	1.427
4lm2	OCc1ccc2c(c1)OCCO2	3.030	4.996	1.966
1ydk	CCCCCCSC[C@H](NC(=O)CC[C@H]([NH3+])C(=O)[O-])C(=O)NCC(=O)[O-]	5.890	5.770	0.120
1m0n	Cc1ncc(COP(=O)(O)O)c(/C=N/C2(P(=O)(O)O)CCCC2)c1O	2.220	5.072	2.852
4ibb	Cc1cc(C)c([C@H]2C(C(=O)c3cccs3)=C(O)C(=O)N2c2ccc(CC(=O)[O-])cc2)cc1C	3.570	5.296	1.726
5fe6	[NH3+]C1CCN(C(=O)C2C=C2)CC1	2.160	4.932	2.772
6r1w	[NH3+][C@H]1CC[C@H](COC(=O)N[C@H]2CCC(=O)NC2=O)CC1	5.300	5.784	0.484
6nu5	[NH3+][C@@H](CS)C(=O)[O-]	5.150	4.422	0.728
184l	CC(C)Cc1ccccc1	4.720	5.313	0.593
3gnw	Cc1cccc(C(=O)N2c3cccc(O)c3NC3=C([C@@H]2c2ccc(OCc4ccccc4)cc2F)S(=O)(=O)CC(C)(C)C3)n1	9.100	8.604	0.496
4mc6	CC(C)[C@H]1Cc2cc(F)ccc2S(=O)(=O)N(C[C@@H](O)[C@H](Cc2ccccc2)NC(=O)NC(C)(C)C)C1	9.590	8.112	1.478
4rdn	CNc1ncnc2c1ncn2[C@@H]1O[C@H](CO)[C@@H](O)[C@H]1O	5.920	4.957	0.963
5ne5	O=C1N[C@@H]2[C@@H](O)[C@@H](O)[C@H](O)[C@@H](CO)N2C1=O	7.410	6.205	1.205
3u10	Nc1ncnc2c1ncn2C1OC2COP(=O)(O)OC2C1O	5.440	5.649	0.209
6dd0	O=c1cc(CP(=O)(O)O)c2c(F)cc(F)cc2o1	5.480	5.307	0.173
5uk8	C[C@@H]1COCCN1c1cc(C2(S(=O)(=O)C3C=C3)CC2)nc(-c2cccc3[nH]ccc23)n1	6.400	6.844	0.444
1f3e	Nc1cc(N)c2c(=O)[nH][nH]c(=O)c2c1	6.700	5.658	1.042
2a5b	Nc1nc2c([nH]c(=O)n2[C@H]2C[C@H](O)[C@@H](CO)O2)c(=O)[nH]1	3.930	4.875	0.945
2gss	C=C(CC)C(=O)c1ccc(OCC(=O)[O-])c(Cl)c1Cl	4.940	5.406	0.466
6cpa	CC(NC(=O)OCc1ccccc1)C(=O)NC(C)P(=O)(O)OC(Cc1ccccc1)C(=O)O	11.520	5.775	5.745
6qqw	Nc1cc(-c2ccc3ccn(Cc4ccccc4)c3c2)n[nH]1	4.720	4.915	0.195
5ota	C[C@@H]([NH2+][C@@H](CCC[NH3+])C(=O)[O-])C(=O)[O-]	5.740	4.765	0.975
4up5	COc1ccc2nc(N)sc2c1	2.600	5.216	2.616
4w9l	CC(=O)N[C@H](C(=O)N[C@H](C(=O)N1C[C@H](O)C[C@H]1C(=O)NCc1ccc(-c2scnc2C)cc1)C(C)(C)C)C(C)(C)C	5.020	6.410	1.390
6pvz	O=C([O-])Cc1coc2cc(Cc3ccccc3)ccc12	3.470	5.021	1.551
1koj	O=NC(=O)C(O)C(O)C(O)COP(=O)(O)O	6.700	6.489	0.211
2w08	CC(OP(=O)(O)O)C([NH3+])C(=O)O	3.420	5.165	1.745
1f4f	O=C([O-])CC[C@H](NC(=O)c1ccc(S(=O)(=O)N2CCC[C@@H]2C(=O)[O-])cc1)C(=O)[O-]	4.620	5.975	1.355
1df8	O=C([O-])CCCC[C@@H]1SC[C@@H]2NC(=O)N[C@H]12	9.700	8.237	1.463
5kby	Cn1c(=O)cc(N2CCC[C@@H]([NH3+])C2)n(Cc2cc(F)ccc2C#N)c1=O	8.820	7.585	1.235
3b4p	O=C([O-])c1ccccc1NC1CCCCC1	5.400	4.665	0.735
4cga	C[N+](C)=c1ccn(Cc2ccc(CCc3ccccc3)cc2)cc1	6.400	4.929	1.471
1v0l	O[C@H]1[C@H](O)CO[C@@H](O[C@@H]2CC[NH2+]C[C@H]2O)[C@@H]1O	7.550	5.588	1.962
6j3o	Cn1c(=O)c2[nH]ccc2[nH]/c1=[NH+]\[C@@H]1CCC[N@H+](C)C1	5.620	6.368	0.748
6qlo	Cc1ccc(S[C@@H]2O[C@H](CO)[C@H](O)[C@H](n3cc(-c4ccc(F)c(F)c4)nn3)[C@H]2O)cc1	5.060	5.897	0.837
3w07	O=c1ccn(C2OC(COP(=O)(O)O)C(O)C2O)c(=O)[nH]1	3.380	4.652	1.272
6d1a	Cc1cc2oc(=O)cc(CP(=O)(O)O)c2cc1C	4.350	4.936	0.586
2gyi	O=C(NO)[C@H](O)[C@H](O)CO	7.000	5.954	1.046
5g45	Nc1cccc2cc(O)cnc12	3.300	4.994	1.694
4rlt	O=C1c2ccc(O)cc2O[C@H](c2ccc(O)c(O)c2)[C@H]1O	4.960	5.283	0.323
1d2e	Nc1nc2c(ncn2C2OC(COP(=O)(O)OP(=O)(O)O)C(O)C2O)c(=O)[nH]1	6.000	5.356	0.644
6dh1	CC[C@H](C)CN(C[C@@H](O)[C@H](Cc1ccccc1)NC(=O)O[C@H]1CO[C@H]2OCC[C@@H]12)S(=O)(=O)c1ccc(N)cc1	10.580	10.326	0.254
1qk3	Nc1nc2c(ncn2C2OC(COP(=O)(O)O)C(O)C2O)c(=O)[nH]1	5.150	5.366	0.216
3hfb	Cc1ccccc1-c1ccccc1CNc1cnc(-c2ccc(C[C@H]([NH3+])C(=O)[O-])cc2)cn1	7.520	6.423	1.097
6qlu	Cc1ccc(S[C@@H]2O[C@H](CO)[C@H](O)[C@H](n3cc(-c4ccc(F)c(C)c4)nn3)[C@H]2O)cc1	4.640	6.324	1.684
3sk2	COc1ccc(CO)c2nc3cccc(C(=O)[O-])c3nc12	3.610	5.347	1.737
3fj7	CC(OP(=O)(O)O)C(=O)O	3.710	4.865	1.155
3ccz	CC(C)c1c(C(=O)N[C@H](CO)c2ccccc2)nc(-c2ccc(F)cc2)n1CC[C@@H](O)C[C@@H](O)CC(=O)[O-]	7.290	6.557	0.733
3t0d	O=C1O[C@H](CO)[C@H](O)[C@H](O)[C@H]1O	2.370	4.111	1.741
5oh3	CC[C@@]1(C)CC(=O)NC1=O	3.870	4.948	1.078
3ge7	CNc1nc2c(CC[NH2+]CC3CCCC3)c3[nH]c(=[NH2+])[nH]c(=O)c3cc2[nH]1	8.700	7.271	1.429
1fki	CC1(C)COC(=O)CCCCCCCCCCCOC(=O)[C@@H]2CCCCN2C(=O)C1=O	7.000	6.236	0.764
6poi	O=C([O-])Cc1coc2cc(Oc3ccccc3)ccc12	3.490	4.904	1.414
2r3w	Nc1ccc(S(=O)(=O)N(Cc2ccccc2)[C@H]2C[NH2+]C[C@@H]2N(Cc2ccccc2)S(=O)(=O)c2ccc(N)cc2)cc1	6.890	5.799	1.091
3lgs	Nc1ncnc2c1ncn2[C@@H]1OC[C@@H](O)[C@H]1O	4.610	6.142	1.532
1dud	O=c1ccn(C2CC(O)C(COP(=O)(O)OP(=O)(O)O)O2)c(=O)[nH]1	4.820	5.136	0.316
3nuj	CC(C)CN(C[C@@H](O)[C@H](Cc1ccccc1)NC(=O)O[C@H]1CCOC1)S(=O)(=O)c1ccc(N)cc1	9.390	9.272	0.118
6jao	OC[C@H]1O[C@H](OC[C@H]2O[C@@](O)(CO)[C@@H](O)[C@@H]2O)[C@H](O)[C@@H](O)[C@@H]1O	4.860	5.560	0.700
3ctt	OC[C@@H]1[C@@H](O)[C@H](O)[C@H]2[C@H](O)[C@@H](O)C[N@@H+]12	6.350	4.846	1.504
5i2e	O=C(CCc1c[nH]c2ccccc12)NS(=O)(=O)OC[C@H]1O[C@@H](n2cnc3c2ncn2ccnc32)[C@H](O)[C@@H]1O	6.640	7.814	1.174
5oxk	C[C@H]([NH3+])C(=O)N[C@@H](CCC(N)=O)C(=O)[O-]	2.170	4.284	2.114
6n0j	O=C(Nc1ccc(Cl)cc1)[C@@H]1CN(C(=O)c2cccc(-c3ccco3)c2)CC(F)(F)C1	5.370	6.296	0.926
1swr	O=C([O-])CCCC[C@@H]1SC[C@@H]2NC(=O)N[C@H]12	6.920	8.291	1.371
3w9r	CC1=CC(=O)CC(C)(C)[C@@]1(O)/C=C/C(C)=C\C(=O)[O-]	6.180	5.918	0.262
6qmk	COc1cc([C@@H](CC(=O)[O-])c2ccc(C)c(CN3CCOc4ccccc4S3(=O)=O)c2)cc2nnn(C)c12	7.460	6.299	1.161
6fnr	O=C([O-])[C@@H](Cl)Cc1cnc[nH]1	5.590	5.029	0.561
6d18	Cc1cc(C)c2c(CP(=O)(O)O)cc(=O)oc2c1	5.850	4.936	0.914
2vmf	OC[C@@H]1[C@@H](O)[C@H](O)[C@H](O)c2nccn21	5.850	5.373	0.477
2vpn	CC1=NCC[C@@H](C(=O)[O-])N1	6.720	4.462	2.258
4msa	O=[N+]([O-])c1ccc2nc[nH]c2c1	3.300	4.945	1.645
4kmz	[NH2+]=c1[nH]c(=O)c2nc(CNc3ccc(C(=O)N[C@@H](CCC(=O)[O-])C(=O)[O-])cc3)cnc2[nH]1	8.570	6.265	2.305
3kek	Cc1cc(-c2ncn(C[C@H]3CC[C@H](C(=O)[O-])CC3)n2)cc(C(=O)NCc2ccc(F)cc2)n1	8.360	7.014	1.346
6hly	O=C([O-])[C@@H]1CCC(=O)N1C[C@@H](O)[C@@H](O)[C@H](O)[C@H](O)CO	7.330	5.303	2.027
6maj	Cc1cc(-c2ccccc2)cc(C(=O)NNS(=O)(=O)c2cccc(O)c2)c1F	7.470	7.019	0.451
5mwh	CC(C)Cc1ccc(S(=O)(=O)Nc2cc3c(cc2N2CCOCC2)n(C)c(=O)c(=O)n3C)cc1	5.740	6.667	0.927
3djk	COc1ccc(S(=O)(=O)N(CC(C)C)C[C@@H](O)[C@H](Cc2ccccc2)NC(=O)O[C@@H]2CCOCOC2)cc1	10.590	9.415	1.175
1ssq	[NH3+][C@@H](CS)C(=O)[O-]	6.000	4.414	1.586
5f1v	[NH3+]CCCC[C@@]([NH3+])(CC[C@]([NH3+])(CCCC[NH3+])C(=O)[O-])C(=O)[O-]	6.850	4.888	1.962
5n9r	C[C@H](CC(=O)N1CCC(O)(Cn2cnc3c(Br)csc3c2=O)CC1)c1ccccc1	5.590	6.093	0.503
6p9e	COC(c1ccccc1)(c1ccccc1)[C@H](Oc1nc(C)cc(-c2ccc(C)c(N)c2)n1)C(=O)[O-]	7.170	6.379	0.791
6jam	OC[C@H]1O[C@H](O[C@H]2O[C@H](CO)[C@@H](O)[C@H](O)[C@H]2O)[C@H](O)[C@@H](O)[C@@H]1O	5.230	4.402	0.828
1wm1	CC(C)(C)c1nnc(C(=O)[C@@H]2CCC[NH2+]2)o1	6.300	5.653	0.647
4w52	c1ccccc1	3.760	3.858	0.098
3ts4	NC(=O)[C@H](CCC(=O)[O-])NC(=O)[C@H](CCC(=O)[O-])NC(=O)CCc1ccc(-c2cc(-c3ccccc3)cs2)cc1	8.720	5.537	3.183
4ks4	CCC(CC)O[C@@H]1CC(C(=O)[O-])=C[C@H](n2cc([C@H](O)CC)nn2)[C@H]1NC(C)=O	7.140	5.373	1.767
5ja0	CC(C)=CCC/C(C)=C/CC/C(C)=C/COP(=O)(O)OP(=O)(O)O	5.220	4.982	0.238
1zvx	COc1ccc(-c2ccc(S(=O)(=O)NC(C(C)C)P(=O)(O)O)cc2)cc1	9.220	6.855	2.365
6guh	Cc1ncc(-c2ccnc(Nc3ccc(S(C)(=O)=O)cc3)n2)n1C(C)C	7.590	6.542	1.048
1mq5	C[N@H+]1CC[N@H+](Cc2csc(C(=O)Nc3ccc(Cl)cc3C(=O)Nc3ccc(Cl)cc3)c2Cl)CC1	9.000	6.781	2.219
4ibg	Cc1cccc(C(=O)C2=C(O)C(=O)N(c3ccc(CC(=O)[O-])cc3)[C@H]2c2cc(Cl)c3c(c2)OCO3)c1	3.970	6.315	2.345
5ldm	Nc1ncnc2c1ncn2C1OC(CO)C(O)C1OP(=O)(O)O	3.860	5.591	1.731
3exe	CC1=C(CCOP(=O)(O)OP(=O)(O)O)SCN1Cc1cnc(C)nc1N	6.960	6.191	0.769
2pqc	CC(OC1CC(C(=O)O)=CC(OP(=O)(O)O)C1O)(C(=O)O)P(=O)(O)O	5.740	5.806	0.066
4ewn	O=C(O)C1=C(NCC(O)C(O)C(O)COP(=O)(O)O)CCC=C1	6.700	7.898	1.198
3lzu	CC(C)CN(C[C@@H](O)[C@H](Cc1ccccc1)NC(=O)O[C@H]1CO[C@H]2OCC[C@@H]12)S(=O)(=O)c1ccc(N)cc1	10.060	9.798	0.262
4heg	COc1ccc(S(=O)(=O)N(CC(C)C)C[C@@H](O)[C@H](Cc2ccccc2)NC(=O)O[C@H]2CO[C@H]3O[C@@H]4OCC[C@@H]4[C@H]32)cc1	8.920	10.304	1.384
4j44	CC[C@H](C)[C@H](NC(=O)[C@H](C)[NH3+])C(=O)N[C@@H](C)C(=O)N[C@H](C(=O)[O-])C(C)C	5.730	5.474	0.256
6nw3	CCCC[C@H]([NH2+]C[C@@H]1Cc2cccc(c2)CCCCc2cc(cc(N(CCC)S(C)(=O)=O)c2)C(=O)N1)C(=O)NCC(C)C	7.660	7.681	0.021
5om3	C[C@H]1c2cccc(O)c2C(=O)C2=C(O)[C@]3(O)C(=O)[C@H](C(N)=O)[C@H](O)[C@@H]([NH+](C)C)[C@@H]3[C@@H](O)[C@@H]21	4.100	6.192	2.092
4w9d	Cc1ncoc1-c1ccc(CNC(=O)[C@@H]2C[C@@H](O)CN2C(=O)CC(C)(C)C)cc1	4.990	5.279	0.289
6i17	Cn1cc(NC(=O)c2cn(Cc3ccc(Cl)c(Cl)c3)c(=O)c3cnc(C4CC[NH2+]CC4)cc23)cn1	6.600	7.766	1.166
4mrz	Cc1ccnc(N)c1[N+](=O)[O-]	3.520	4.150	0.630
2psv	CNC(=O)CCC(=O)N[C@@H](Cc1ccccc1)[C@H](O)CN(CC1CC1)S(=O)(=O)c1ccco1	7.240	7.556	0.316
5cqt	CCN1C(=O)c2cccc3c(S(=O)(=O)NC4CCCCC4)ccc1c23	6.910	6.295	0.615
2g5u	Oc1c(Cl)cc(-c2cc(Cl)c(O)c(Cl)c2)cc1Cl	8.490	4.347	4.143
6i18	O=C(Nc1ccncc1)c1cn(Cc2ccc(Cl)c(Cl)c2)c(=O)c2cnn(C3CC[NH2+]CC3)c12	4.070	7.076	3.006
1hyo	CP(=O)(O)CC(=O)CC(=O)O	4.070	5.504	1.434
4ahu	O=C([O-])c1c[nH]c2ccccc12	2.270	4.699	2.429
5d48	Cc1n[nH]c(C)c1-c1c(-c2cccc(OC(C)C)c2)n(CCC(=O)[O-])c2ccc(C3CC3)cc12	7.520	8.019	0.499
4oiv	CN(C)c1cc(Cl)c(C(=O)N(Cc2ccccc2)c2ccc(O)c(C(C)(C)C)c2)c(Cl)c1	5.080	5.492	0.412
6ftz	NC(=O)c1cc2c(C(=O)Nc3cccc(C[NH3+])c3)cccc2[nH]1	3.000	4.846	1.846
3ip8	O=P(O)(O)Cc1ccccc1	2.280	4.730	2.450
2jew	CCCn1cnc(C[C@H](CCC[NH3+])C(=O)[O-])c1	6.690	5.760	0.930
2f80	CC(C)CN(C[C@@H](O)[C@H](Cc1ccccc1)NC(=O)O[C@H]1CO[C@H]2OCC[C@@H]12)S(=O)(=O)c1ccc(N)cc1	8.180	9.820	1.640
3h5b	COc1ccc(S(=O)(=O)N(C[C@H]2CCC(=O)N2)C[C@@H](O)[C@H](Cc2ccccc2)NC(=O)O[C@@H]2C[C@@H]3CCO[C@@H]3C2)cc1	10.000	9.086	0.914
4dsy	O=C([O-])c1cncc(-c2ccccc2)c1	4.430	4.808	0.378
6mh7	Cc1ccc(Nc2nccc(-c3c(-c4ccc(F)cc4)ncn3C3CC[NH2+]CC3)n2)cc1C	5.740	8.113	2.373
3d4y	OC[C@@H]1[C@@H](O)[C@H](O)[C@H](O)c2nccn21	5.700	5.376	0.324
6dh2	CCC(CC)CN(C[C@@H](O)[C@H](CC1CCCCC1)NC(=O)O[C@H]1CO[C@H]2OCC[C@@H]12)S(=O)(=O)c1ccc(N)cc1	10.890	9.574	1.316
6n0k	O=C(Nc1ccc(Cl)cc1)[C@H]1CN(C(=O)c2cc(F)cc(-c3ccncc3)c2)CC(F)(F)C1	5.070	7.362	2.292
10gs	[NH3+][C@@H](CCC(=O)N[C@@H](CSCc1ccccc1)C(=O)N[C@@H](C(=O)[O-])c1ccccc1)C(=O)[O-]	6.400	5.117	1.283
2nsl	Nc1c(C(=O)O)ncn1C1OC(COP(=O)(O)O)C(O)C1O	4.680	5.737	1.057
5exl	[NH3+]C[C@H]1CC[C@H](C(=O)N[C@@H](Cc2ccccc2)c2cc(-c3ccc4[nH]nc(O)c4c3)ccn2)CC1	8.430	7.390	1.040
1dy4	O[C@@H](C[NH2+]C1CC1)COc1cccc2ccccc12	4.360	6.237	1.877
2uyq	Nc1ncnc2c1ncn2[C@@H]1OC[C@@H](O)[C@H]1O	5.680	6.120	0.440
6hgj	C[C@]12CCC(=O)C=C1CC[C@@H]1[C@@H]2[C@@H](O)C[C@]2(C=O)[C@@H](C(=O)CO)CC[C@@H]12	4.380	5.793	1.413
2w47	O=C([O-])C1=C[C@H](O)[C@@H](O)[C@@H](O[C@H]2[C@@H](C(=O)[O-])O[C@H](O)[C@H](O)[C@H]2O)O1	4.980	4.111	0.869
2dw7	O=C([O-])[C@@H](O)[C@@H](O)C(=O)[O-]	4.700	4.447	0.253
3dx4	CO[C@@H]1[C@@H]([NH3+])[C@@H](O)[C@@H](O)[C@H]1O	7.120	4.739	2.381
3d6p	O=c1ccn([C@@H]2O[C@@H](C[NH+]3CCOCC3)[C@H](O)[C@H]2O)c(=O)[nH]1	3.750	4.773	1.023
4djr	CC[C@H](C)CN(C[C@@H](O)[C@H](Cc1ccccc1)NC(=O)OC[C@@H]1CCC(=O)N1)S(=O)(=O)c1ccc2ncsc2c1	11.520	9.308	2.212
6qr0	N#Cc1c(-c2ccc3ccn(Cc4ccncc4)c3c2)n[nH]c1N	6.920	5.703	1.217
2nta	O=C1CN(c2csc(-c3ccccc3)c2Cl)S(=O)(=O)N1	4.800	6.014	1.214
6g2c	Cc1noc(C)c1-c1ncn(C)c1-c1ccncc1	4.660	5.899	1.239
4i8z	CC(C)CN(C[C@@H](O)[C@H](Cc1ccccc1)NC(=O)O[C@H]1CO[C@H]2OCC[C@@H]12)S(=O)(=O)c1ccc(C(N)=O)cc1	11.050	9.884	1.166
6c0s	COC(=O)Nc1ccc(-c2cc([C@H](C[C@H]3CCCN(C(C)=O)C3)NC(=O)/C=C/c3cc(Cl)ccc3-n3cnnn3)nnc2Cl)cc1	7.050	9.685	2.635
6pg8	OCc1cnc(CCCc2ccccc2)[nH]1	3.850	6.036	2.186
6p84	CC1(C)CC(=O)c2c(nc3[nH]n(-c4ccccc4)c(=O)c3c2-c2cccs2)C1	4.810	5.924	1.114
2pu2	O=C([O-])c1ccc2c(c1)C(=O)N([C@H](Cc1ccc(O)cc1)C(=O)[O-])C2=O	4.430	6.404	1.974
3p7i	[NH3+]CCP(=O)(O)O	7.700	4.884	2.816
1f8c	CC(=O)N[C@@H]1[C@@H]([NH3+])C=C(C(=O)[O-])O[C@H]1[C@H](O)[C@H](O)CO	7.400	5.615	1.785
4w9h	CC(=O)N[C@H](C(=O)N1C[C@H](O)C[C@H]1C(=O)NCc1ccc(-c2scnc2C)cc1)C(C)(C)C	6.730	6.284	0.446
5jgq	NC(=[NH2+])NCCC[C@H](NC(=O)c1ccccc1)C(=O)[O-]	4.620	5.367	0.747
6prf	CC(C)CN(C[C@@H](O)[C@H](Cc1cc(F)cc(F)c1)NC(=O)O[C@@H]1[C@@H]2CO[C@@H]3OC[C@H]1C[C@@H]32)S(=O)(=O)c1ccc2nc(NC3CC3)sc2c1	8.600	10.712	2.112
2q8h	O=C([O-])C(Cl)Cl	3.000	4.065	1.065
5wbo	Cc1cc(C)c(C#N)c(N2CCOCC2)n1	4.210	5.382	1.172
2iko	CCc1nc(N)nc(N)c1-c1ccc(NCc2cc(F)cc(F)c2)cc1	5.450	6.644	1.194
5n1z	N#Cc1cnn2c3cc(nc12)N1C[C@H](C[C@H]1CO)OC/C=C/COc1cc(cc2c1NC(=O)CC2)N3	8.190	7.372	0.818
3f7g	CC(C)[C@H](NC(=O)[C@H](C)[NH3+])C(=O)N1CCC[C@H]1C(=O)NCC(c1ccccc1)c1ccccc1	7.370	5.857	1.513
2p4y	COc1ccc2c(-c3c(C)n(Cc4cc(O[C@H](C)C(=O)[O-])ccc4Cl)c4cc(OC(F)(F)F)ccc34)noc2c1	9.000	6.805	2.195
3le9	COc1ccc2[nH]n(C[C@@]3(c4ccccc4)NC(=O)NC3=O)c(=O)c2c1	8.220	7.391	0.829
6qr4	C[N@@H+]1CCCC[C@@H]1Cn1ccc2ccc(-c3n[nH]c(N)c3C#N)cc21	6.230	6.537	0.307
1hi4	Nc1ncnc2c1ncn2C1OC(COP(=O)(O)O)C(OP(=O)(O)O)C1O	4.490	5.301	0.811
3djp	O=c1ccn(C2OC(CO)C(OP(=O)(O)O)C2O)c(=O)[nH]1	4.200	4.449	0.249
3cj2	C[C@H]1C[C@@H](C)CN(C(=O)c2cc(Br)ccc2N)C1	4.850	5.119	0.269
4de0	O=C(Nc1cccc(-c2nn[nH]n2)c1)c1cccc2nc[nH]c12	5.890	5.651	0.239
1ugx	CO[C@H]1O[C@H](CO)[C@H](O)[C@H](O[C@@H]2O[C@H](CO)[C@H](O)[C@H](O)[C@H]2O)[C@H]1NC(C)=O	5.910	4.722	1.188
6qz5	CCc1sc2ncnc(N[C@H](Cc3ccccc3)C(=O)[O-])c2c1-c1cccc2[nH]ccc12	6.080	6.935	0.855
6mdu	O=C(Nc1nnn[nH]1)c1cc(-c2ccccc2)n(-c2ccccc2)n1	4.250	6.363	2.113
3vd9	CC(C)S[C@@H]1O[C@H](CO)[C@H](O)[C@H](O)[C@H]1O	4.000	4.926	0.926
5m5d	OC[C@H]1O[C@H](O[C@@H]2C=CO[C@H](CO)[C@H]2O)[C@@H](O)[C@@H](O)[C@@H]1O	3.950	4.405	0.455
3i4y	Oc1cc(Cl)cc(Cl)c1O	7.050	4.344	2.706
3tvc	NC(=O)[C@H](CCC(=O)[O-])NC(=O)CCc1ccc(-c2ccc(-c3ccccc3)cc2)cc1	7.740	5.233	2.507
2fzg	O=C(CP(=O)(O)O)Nc1cccc(NC(=O)CP(=O)(O)O)c1	3.380	4.945	1.565
5fnt	CN(Cc1cc([C@H](CC(=O)[O-])c2ccc3c(c2)nnn3C)ccc1Cl)S(=O)(=O)c1ccccc1	6.170	7.526	1.356
3f8f	COc1cccc2c1C(=O)c1c(O)c3c(c(O)c1C2=O)C[C@@](O)(C(C)=O)C[C@@H]3O[C@H]1C[C@H]([NH3+])[C@H](O)[C@H](C)O1	6.630	6.639	0.009
6dj5	COc1ccc(S(=O)(=O)N(CC(C)C)C[C@@H](O)[C@H](Cc2ccccc2)NC(=O)O[C@H]2CO[C@H]3O[C@@H]4OCC[C@@H]4[C@H]32)cc1	8.140	10.327	2.187
1hmr	CCCCCCCCCCCCCCCCCC(=O)[O-]	6.550	5.259	1.291
1ai7	Oc1ccccc1	4.090	4.354	0.264
3u5j	Cc1nnc2n1-c1ccc(Cl)cc1C(c1ccccc1)=NC2	5.610	4.705	0.905
5ji8	NC(=O)c1ccc2nc(N)sc2c1	4.630	5.008	0.378
6r11	Nc1ccc2c(c1)C(=O)N([C@H]1CC(=O)NC1=O)C2=O	4.920	5.571	0.651
1ew9	O=P(O)(O)CS	3.220	4.680	1.460
3kqr	[NH3+]CCOP(=O)(O)O	4.430	4.485	0.055
3iof	CC(C)OP(=O)(OC(C)C)c1ccccc1CS	5.220	5.156	0.064
4f3c	CCCCSC[C@H]1C[N@@H+](Cc2c[nH]c3c(N)ncnc23)C[C@@H]1O	11.820	9.089	2.731
5uv2	CC(C)=CCC/C(C)=C(/F)COP(=O)(O)OP(=O)(O)O	4.400	4.666	0.266
4k7n	Cc1ccc(O)c(O)c1	3.480	3.860	0.380
2fxv	Nc1nc2c(ncn2C2OC(COP(=O)(O)O)C(O)C2O)c(=O)[nH]1	5.350	5.364	0.014
6e4a	Cn1cc(-c2ccc3nc(N4CC[NH+](CC[NH+](C)C)CC4)nc(NCc4cccc(Cl)c4)c3c2)ccc1=O	7.360	7.133	0.227
6dgq	CCSSCCCCCC(=O)NCCOc1ccc(Cc2sc(=O)[nH]c2O)cc1	5.510	5.800	0.290
2xg9	OC[C@H]1O[C@H](O[C@@H]2[C@@H](CO)[NH2+]C[C@H](O)[C@H]2O)[C@H](O)[C@@H](O)[C@@H]1O	4.150	4.867	0.717
4en4	COCc1c(CO)cnc(C)c1O	5.520	4.353	1.167
5c1m	CO[C@]12C=C[C@]34C[C@@]1(C)[C@H](c1ccccc1)[NH2+][C@H]2[C@@]31CC[N@H+](C)[C@@H]4Cc2ccc(O)cc21	10.800	7.336	3.464
2rfh	O=C([O-])[C@H](Cc1ccccc1)C[N+](=O)[O-]	6.820	5.866	0.954
3uzj	c1ccc2[nH]nnc2c1	5.550	4.409	1.141
4a4w	COc1cc(CCc2ccccc2)c(C(=O)[O-])c(O)c1C/C=C(/C)CCC=C(C)C	7.720	6.000	1.720
1od8	O=C1NCC[C@@H](O[C@@H]2OC[C@@H](O)[C@H](O)[C@H]2O)[C@@H]1O	5.100	5.561	0.461
2qw1	CO[C@@H]1[C@@H](O)[C@H](O)O[C@H](CO)[C@H]1O	3.900	4.567	0.667
2qd7	CC(C)CN(C[C@@H](O)[C@H](Cc1ccccc1)NC(=O)O[C@H]1CO[C@H]2OCC[C@@H]12)S(=O)(=O)c1ccc2c(c1)OCO2	9.100	9.719	0.619
2d3z	Cc1ccc(S(=O)(=O)Nc2cc(-c3ccc(F)cc3)sc2C(=O)[O-])cc1	6.640	5.833	0.807
6ckw	COc1ccccc1[C@H]([NH3+])CNc1cc(C)nc2nc(N[C@H](CC#N)c3cccc(Cl)c3)nn12	9.080	7.901	1.179
6qlp	Cc1ccc(S[C@@H]2O[C@H](CO)[C@H](O)[C@H](n3cc(-c4cc(F)c(F)c(F)c4)nn3)[C@H]2O)cc1	5.280	5.973	0.693
4ngm	CC(=O)N(CCCC[C@H](NC(=O)N[C@@H](CCC(=O)[O-])C(=O)[O-])C(=O)[O-])Cc1ccc(Br)cc1	10.350	6.172	4.178
4av5	OC[C@H]1O[C@H](OCC#Cc2ccc(-c3ccccc3)cc2)[C@@H](O)[C@@H](O)[C@@H]1O	7.210	6.422	0.788
4uma	CC(CP(=O)(O)O)C(=O)O	5.410	4.775	0.635
5drr	C[C@@](O)(C(F)F)[C@H](NC(=O)c1ccc(C#CC#Cc2ccc(N)cc2)cc1)C(=O)N=O	11.460	7.263	4.197
2wvz	O=C1N[C@@H]2[C@@H](O)[C@@H](O)[C@H](O)[C@@H](CO)N2C1=O	4.020	6.309	2.289
5z5f	OC[C@@H]1O[C@H](O)[C@H](O)[C@H]1O	2.170	4.081	1.911
2wzf	O=c1ccn(C2OC(COP(=O)(O)OP(=O)(O)O)C(O)C2O)c(=O)[nH]1	7.000	4.629	2.371
3gt9	C[NH2+][C@@H](C)C(=O)N[C@H](C(=O)N1CCC[C@H]1c1nc(-c2cccc3ccccc23)cs1)C1CCCCC1	3.960	7.062	3.102
4lrr	O=C(Oc1ccc2c3c(cccc13)C(=O)O2)c1ccc([N+](=O)[O-])cc1	5.220	5.925	0.705
8a3h	OC[C@H]1O[C@@H](O[C@H]2[C@H](O)[C@@H](O)c3[nH]cc[n+]3[C@@H]2CO)[C@H](O)[C@@H](O)[C@@H]1O	4.060	4.936	0.876
5v7a	Cn1c(SCC(=O)[O-])nc2c(=O)[nH]c(=[NH2+])[nH]c21	6.380	5.264	1.116
5ewa	CC1(C)S[C@H]2CS[C@H](CS)[N@H+]2[C@@H]1C(=O)[O-]	4.820	6.043	1.223
1o86	[NH3+]CCCC[C@H]([NH2+][C@@H](CCc1ccccc1)C(=O)[O-])C(=O)N1CCC[C@H]1C(=O)[O-]	9.570	6.024	3.546
4ty6	NC(=O)c1ccc(-c2c[nH]c([C@H](Cc3ccccc3)NC(=O)[C@H]3CC[C@H](C[NH3+])CC3)n2)cc1	7.520	7.205	0.315
2vba	CC(=O)c1sc(Nc2ccccc2)nc1C	4.600	5.039	0.439
3eqr	COC(C)(C)CCn1nc(Nc2c(C)cccc2C)c2cnc(Nc3ccc(N4CC[NH2+]CC4)cc3)nc21	8.700	6.861	1.839
6pg4	Cc1ncc(CO)[nH]1	3.590	4.780	1.190
3ejr	CC(C)(C)c1ccc(C(=O)C[C@H]2CC[C@@H](O)[C@@H]3[C@H](O)[C@H](O)C[N@@H+]23)cc1	8.570	6.453	2.117
5jsj	O=C(c1ccc(C(=O)N2CCC(CC[NH+]3CCCC3)CC2)c(Nc2ccc(OC[NH+]3CCCC3)cc2)c1)N1CCC(CC[NH+]2CCCC2)CC1	5.400	7.602	2.202
3cyz	CC(=O)CCCCC/C=C/C(=O)[O-]	7.220	5.222	1.998
5yj8	Cn1c(=O)n(C)c2cc(C[NH3+])ccc21	3.980	4.239	0.259
5jg1	COc1ccc(S(=O)(=O)N(CC(C)C)C[C@@H](O)[C@H](C[C@]23C[C@H]4C[C@H](C[C@H](C4)C2)C3)NC(=O)O[C@H]2CO[C@H]3OCCC[C@@H]23)cc1	8.720	11.248	2.528
1kuk	[NH3+]CCCC[C@H](NC(=O)[C@@H]1CCC(=O)N1)C(=O)N[C@@H](Cc1c[nH]c2ccccc12)C(=O)[O-]	3.910	6.459	2.549
6i14	Cn1cc(NC(=O)c2cn(Cc3ccc(Cl)c(Cl)c3)c(=O)c3ccccc23)cn1	5.820	6.529	0.709
2cer	OC[C@@H]1[C@@H](O)[C@H](O)[C@@H](O)c2nc(CCc3ccccc3)cn21	9.220	6.257	2.963
6epz	OC[C@H]1O[C@H](OC[C@H]2O[C@H](O)[C@H](O)[C@@H](O)[C@@H]2O)[C@H](O)[C@@H](O)[C@H]1O	7.140	4.382	2.758
4ibj	O=C([O-])c1cccc(N2C(=O)C(O)=C(C(=O)c3cccc(C(F)(F)F)c3)[C@@H]2c2cccc(C(F)(F)F)c2)c1	4.330	6.952	2.622
4dv8	CO[C@H](C[C@H](CCCC[NH2+]Cc1ccc(F)cc1)C(=O)NO)c1ccc(F)cc1	9.240	6.334	2.906
4ad3	OC[C@H]1O[C@H](O[C@@H]2[C@H](O)C[NH2+][C@H](CO)[C@H]2O)[C@H](O)[C@@H](O)[C@@H]1O	4.620	5.242	0.622
4np2	Cc1[nH]cnc1C[N@H+]1CCc2ccccc2C1	2.260	6.392	4.132
2ra6	CCc1ccc(O)cc1	4.520	4.852	0.332
1gpk	C/C=C1\[C@@H]2C=C(C)C[C@@]1([NH3+])c1ccc(=O)[nH]c1C2	5.370	5.857	0.487
1m48	COC(=O)[C@H](Cc1ccc(C#Cc2ccccc2)cc1)NC(=O)C[C@H]1CCCN(C(N)=[NH2+])C1	5.090	7.797	2.707
5afv	c1ccc(CN[n+]2cnn(Cc3ccccc3)c2)cc1	5.590	5.088	0.502
1olu	Cc1ncc(C[n+]2csc(CCOP(=O)(O)OP(=O)(O)O)c2C)c(N)n1	4.410	6.114	1.704
4exs	C[C@H](CS)C(=O)N1CCC[C@H]1C(=O)[O-]	4.410	5.239	0.829
4ish	COc1cc([C@@H]2Nc3ccc(C(N)=[NH2+])cc3[C@H]3c4ccccc4C[C@@H]23)c(-c2ccc(C(=O)[O-])cc2)cc1O	8.720	7.714	1.006
6q3y	CCOc1cc([C@H]2CC[N@H+](C)CC2)ccc1Nc1ncc2c(n1)N(Cc1ccccc1)[C@H](CC)C(=O)N2C	7.270	8.054	0.784
3uz5	Clc1cc(Cl)c2[nH]nnc2c1	7.220	5.440	1.780
5c2a	Cc1nc(C)c(CNc2nc(C3CC3)nc(Cl)c2C)s1	8.320	6.862	1.458
6qr3	C[N@@H+]1CCC[C@H](Cn2ccc3ccc(-c4n[nH]c(N)c4C#N)cc32)C1	6.440	6.926	0.486
3gv9	CC(=O)Nc1ccsc1C(=O)[O-]	2.120	3.872	1.752
6iiu	O=C([O-])CCn1c2c(c3ccccc31)C[C@H](NS(=O)(=O)c1ccc(F)cc1)CC2	7.960	7.491	0.469
5fh7	C[N+](C)=Cc1ccn2c1[nH]c(=O)c1c(Cl)cccc12	6.860	5.855	1.005
4lkq	Nc1nc(S)nc2[nH]ncc12	3.350	5.909	2.559
2ymd	[NH3+]CCc1c[nH]c2ccc(O)cc12	3.160	5.113	1.953
5ahw	Nc1ncnc2c1ncn2C1OC2COP(=O)(O)OC2C1O	5.170	5.655	0.485
1p19	O=c1[nH]cnc2c1ncn2C1OC(COP(=O)(O)O)C(O)C1O	4.110	5.399	1.289
2qd8	CC(C)CN(C[C@@H](O)[C@H](Cc1ccccc1)NC(=O)O[C@H]1CO[C@H]2OCC[C@@H]12)S(=O)(=O)c1ccc2c(c1)OCO2	9.070	9.720	0.650
6jav	C=CCNc1nc(SCc2ccc(Cl)cc2)nc2sc3c(c12)CC[N@H+](C)C3	5.760	6.103	0.343
3ejp	O=C(C[C@H]1CC[C@@H](O)[C@@H]2[C@H](O)[C@H](O)C[N@@H+]12)c1ccccc1	8.550	6.253	2.297
3f1a	O=C(CNS(=O)(=O)c1ccccc1)NO	7.210	5.237	1.973
5l2s	CC[N@H+]1CC[N@@H+](Cc2ccc(Nc3ncc(F)c(-c4cc(F)c5nc(C)n(C(C)C)c5c4)n3)nc2)CC1	7.080	8.327	1.247
1rjk	C=C1[C@H](O)CC(=C/C=C2\CCC[C@@]3(C)[C@H]2CC[C@@H]3[C@@H](C)CCCC(C)(C)O)C[C@H]1O	10.000	7.996	2.004
4mre	Cc1cccc(N)c1N	2.190	4.294	2.104
4ufj	O=C1NC[C@H](CO)[C@H](O)[C@@H]1O	4.280	5.323	1.043
2qtt	Nc1ncnc2c([C@@H]3O[C@H](CO)[C@@H](O)[C@H]3O)n[nH]c12	4.320	4.989	0.669
3dp9	CCCCSC[C@H]1C[N@@H+](Cc2c[nH]c3c(N)ncnc23)C[C@@H]1O	9.680	9.148	0.532
2qi4	CC[C@H](C)CN(C[C@@H](O)[C@H](Cc1ccccc1)NC(=O)c1cccc(O)c1)S(=O)(=O)c1ccc2ncsc2c1	10.440	9.680	0.760
3f7h	C[NH2+][C@@H](C)C(=O)N[C@H](C(=O)N1CC[C@H]2CC[C@H](NC(=O)C(c3ccccc3)c3ccccc3)[C@H]21)C(C)(C)C	7.090	6.527	0.563
3d1z	CC(C)CN(C[C@@H](O)[C@H](Cc1ccccc1)NC(=O)O[C@H]1CO[C@H]2OCC[C@@H]12)S(=O)(=O)c1ccc(N)cc1	8.800	9.813	1.013
4pin	C[NH+](C)[C@@H](Cc1c[nH]cn1)C(=O)[O-]	5.400	5.098	0.302
4cj4	CC(C)C[C@H](CNC(=O)c1ccncc1)Cc1ccc2c(c1C(=O)[O-])OCO2	3.360	5.415	2.055
4u54	C[NH2+]Cc1cccc(-c2cccnc2)c1	2.060	5.178	3.118
1sr7	C[C@@H]1C[C@H]2[C@@H]3CCC4=CC(=O)CC[C@]4(C)[C@@]3(Cl)[C@@H](O)C[C@]2(C)[C@@]1(OC(=O)c1ccco1)C(=O)CCl	10.100	6.487	3.613
2vwn	O=C(C[N@@H+]1C[C@H](O)[C@@H](NC(=O)c2ccc(Cl)s2)C1)Nc1ccc(-n2ccccc2=O)cc1F	8.000	7.755	0.245
4p3h	O=C(Nc1ccc(-c2nnn[nH]2)cc1Cc1ccccc1)c1cccc(CC2CCCCC2)n1	6.000	7.990	1.990
3qt6	O=C(O)C1CCCN1C(=O)COP(=O)(O)OP(=O)(O)O	5.370	5.384	0.014
5kat	c1ccc([P+](c2ccccc2)(c2ccccc2)c2ccccc2)cc1	4.100	4.603	0.503
3bxe	O=C(CO)COP(=O)(O)O	5.480	5.074	0.406
2y7x	O=C1[C@@H](NS(=O)(=O)c2ccc3cc(Cl)ccc3c2)CCN1c1ccc2c(c1F)CC[NH2+]C2	8.890	9.319	0.429
5g4o	C[NH+](C)Cc1ccc2c(c1)c1ccccc1n2CC(F)(F)F	4.430	5.901	1.471
5dgw	CC[NH2+][C@H]1CO[C@@H]2OCC[C@H](OC(=O)N[C@@H](Cc3ccccc3)[C@H](O)CN(CC(C)C)S(=O)(=O)c3ccc(OC)cc3)[C@@H]21	11.050	9.861	1.189
3pcf	O=C([O-])c1ccc(O)c(F)c1	6.050	4.407	1.643
2ydt	OC[C@@H]1O[C@@H](OC[C@@H]2[NH2+]C[C@H](O)[C@H]2O)[C@H](O)[C@H]1O	5.520	4.978	0.542
4zo5	COc1ccc(-n2c(CCN3C(=O)c4cccc(OC(C)C)c4C3=O)nc3ccccc3c2=O)cc1	9.820	8.456	1.364
1x8t	CC(OC1CC(C(=O)O)=CC(OP(=O)(O)O)C1O)(C(=O)O)P(=O)(O)O	7.800	5.717	2.083
3qqa	C[C@@H](CCC(=O)NCCS(=O)(=O)[O-])[C@H]1CC[C@H]2[C@H]3[C@H](C[C@H](O)[C@@]21C)[C@@]1(C)CC[C@H](O)C[C@@H]1C[C@H]3O	5.820	7.612	1.792
1y6r	CSC[C@H]1[NH2+][C@@H](c2c[nH]c3c(N)ncnc23)[C@H](O)[C@@H]1O	10.110	8.011	2.099
4arw	CCCCN1C(=N)C(N(C)S(=O)(=O)c2ccccc2)C(=O)NC1=O	7.130	7.787	0.657
2hzy	O=C(O)CCP(=O)(O)CC(=O)CC(=O)O	7.390	5.834	1.556
1enu	Nc1ccc2c(=O)[nH][nH]c(=O)c2c1	5.080	5.117	0.037
5gsa	CS(=O)(=O)c1ccc(-c2cnc(NCc3ccco3)n3cnnc23)cc1	7.090	7.116	0.026
2qm9	Cc1c(C)c2c(c(C)c1O)CC[C@](C)(COc1ccc(C[C@H]3SC(=O)NC3=O)cc1)O2	7.770	5.983	1.787
4mmm	Oc1ccc(-c2ccccc2)cc1O	3.820	4.958	1.138
6qr2	N#Cc1c(-c2ccc3ccn(Cc4ccc[nH]c4=O)c3c2)n[nH]c1N	5.490	5.155	0.335
5lz5	C[C@@]1(c2ccccc2)CC(=O)N(CCOc2ccc(F)c(C#N)c2)C1	6.350	6.326	0.024
5gja	O=C([O-])c1ccccn1	5.550	4.870	0.680
4rlu	O=C(/C=C/c1ccc(O)cc1)c1ccc(O)cc1O	4.820	5.251	0.431
3k4d	O=C([O-])[C@H]1NC(=O)[C@H](O)[C@@H](O)[C@@H]1O	5.110	5.517	0.407
6gw4	C[C@H](CCC(=O)NCC(=O)[O-])[C@H]1CC[C@H]2[C@H]3[C@H](CC[C@@]21C)[C@@]1(C)CC[C@@H](O)C[C@H]1C[C@H]3O	5.920	5.721	0.199
1lf2	Cc1cccc(C)c1OCC(=O)N[C@@H](Cc1ccccc1)[C@@H](O)C[C@H](CC(C)C)NC(=O)c1ccc(N)cc1	7.520	6.720	0.800
4mhz	COc1ccc(/N=C(/S)NCCCn2ccnc2)cc1OC	6.870	6.459	0.411
4lyw	CCc1c(C(=O)Nc2cc(S(=O)(=O)N(CC)CC)ccc2O)[nH]c(C)c1C(C)=O	6.630	7.664	1.034
5wa9	COC(=O)C(C)NP(=O)(O)OCC1OC(n2cnc3c(N)ncnc32)C(O)C1O	6.760	5.989	0.771
6n7d	COc1cc2n[nH]cc2cc1-c1[nH]ncc1NC(=O)c1cnn2cccnc12	9.520	7.901	1.619
4kfq	O=c1[nH]c2ccccc2n2c(S)nnc12	8.230	4.732	3.498
6cks	CCS(=O)(=O)c1ccc(OC)c(-c2cn(C)c(=O)c3ccc(-c4cnn(C)c4)cc23)c1	7.820	6.208	1.612
1cps	CS(=N)(=N)C[C@@H](Cc1ccccc1)C(=O)[O-]	6.660	5.896	0.764
6rih	Cn1nc(-c2ccccc2)cc1C(=O)NC1CC1	3.980	6.126	2.146
4lxd	O=C(NS(=O)(=O)c1ccc(NC2CCOCC2)c([N+](=O)[O-])c1)c1ccc(N2CC[NH+](CC3=C(c4ccc(Cl)cc4)CCOC3)CC2)cc1	7.230	8.273	1.043
3ppr	C[C@@H]1[NH2+]CC[C@@H](C(=O)[O-])[NH2+]1	2.820	5.036	2.216
5qal	NC(=O)c1ccc(-c2cccc(C(=O)[O-])c2)cc1	3.460	4.246	0.786
3t70	C[N@H+](C[C@H]1O[C@@H](n2ccc(=O)[nH]c2=O)C[C@@H]1O)C(c1ccccc1)c1ccccc1	6.300	6.929	0.629
5i1q	C=CCCN1C[C@@H](c2cccc(C(=O)N(C)C)c2)c2cc[nH]c2C1=O	7.920	7.008	0.912
3ekt	CC(C)CN(C[C@@H](O)[C@H](Cc1ccccc1)NC(=O)O[C@H]1CO[C@H]2OCC[C@@H]12)S(=O)(=O)c1ccc(N)cc1	10.590	9.792	0.798
3cke	C/C(=C\CC/C(C)=C/COP(=O)(O)OP(=O)(O)O)CCC=C(CF)CF	6.100	5.182	0.918
1f8b	CC(=O)N[C@@H]1[C@@H](O)C=C(C(=O)[O-])O[C@H]1[C@H](O)[C@H](O)CO	5.400	4.879	0.521
4kow	CO[C@@]1(NC(=O)Cc2cccs2)C(=O)N2C(C(=O)[O-])=C(COC(N)=O)CS[C@@H]21	4.310	5.935	1.625
6g9i	C[NH+](C)CCCN1c2ccccc2CCc2ccc(Cl)cc21	3.930	4.422	0.492
1ela	CC(C)c1ccc(NC(=O)[C@@H]2CCCN2C(=O)[C@H](CCCC[NH3+])NC(=O)C(F)(F)F)cc1	6.360	6.694	0.334
5ulp	Nc1ncnc2c1ncn2[C@@H]1O[C@H](C[N@H+](CC[C@H]([NH3+])C(=O)[O-])Cc2ccc(F)cc2)[C@@H](O)[C@H]1O	4.610	6.351	1.741
5f1r	O=C([O-])[C@@H]1CSc2c(C3CC3)c(Cc3cccc4ccccc34)cc(=O)n21	6.000	5.616	0.384
1fcz	CC1(C)CCC(C)(C)c2cc(C(=O)/C=C/c3ccc(C(=O)[O-])cc3)ccc21	9.220	4.373	4.847
1z1h	CC(C)CCN(C[C@@H](O)[C@@H]1Cc2ccc(cc2)OCCCC(=O)N[C@@H](C(C)C)C(=O)N1)S(=O)(=O)c1ccccc1	8.400	7.497	0.903
4kz7	CC1(C)[C@]2(C)CC[C@@]1(C(=O)[O-])OC2=O	2.490	5.183	2.693
6st0	NC(=O)C[NH2+]CCS(=O)(=O)[O-]	5.130	5.812	0.682
4nld	COc1ccc2c(c1)[C@@H]1C[C@]1(C(=O)N1[C@H]3CC[C@@H]1C[N@@H+](C)C3)Cn1c-2c(C2CCCCC2)c2ccc(C(=O)NS(=O)(=O)N(C)C)cc21	7.700	7.921	0.221
4zyv	Nc1nc2[nH]c(CCCCc3ccc(C(=O)N[C@@H](CCC(=O)[O-])C(=O)[O-])s3)cc2c(=O)[nH]1	7.660	7.187	0.473
4ahs	O=C([O-])c1cccc2ccoc12	2.190	4.404	2.214
3n76	O=C([O-])[C@]1(O)C=C(/C=C/COc2ccccc2)[C@@H](O)[C@H](O)C1	6.850	6.706	0.144
4o1l	C#Cc1cn([C@@H]2O[C@H](CO)[C@@H](O)[C@H]2O)c2ncnc(N)c12	6.700	5.848	0.852
5if6	CC(=O)[C@@]1(O)CC[C@H]2[C@@H]3CCC4=CC(=O)CC[C@]4(C)[C@H]3CC[C@@]21C	7.230	5.164	2.066
3pp1	CN1C(=O)C(F)C(Nc2ccc(I)cc2F)=C2C(=O)N(C[C@@H](O)CO)CN=C21	8.490	7.277	1.213
3uw4	C[NH2+][C@@H](C)C(=O)N[C@H](C(=O)N1CCC[C@H]1C(=O)Nc1snnc1-c1ccccc1)C1CCCCC1	7.770	6.838	0.932
3hl8	CC(C)(C)C1=NN(c2nc3ccc(Cl)cc3s2)C(=O)C1	4.490	5.882	1.392
5b5b	C=C1[C@H](O)CC(=C/C=C2\CCC[C@@]3(C)[C@H]2CC[C@@H]3[C@H](C)CCCC(O)(Cc2ccccc2)Cc2ccccc2)C[C@H]1O	9.370	7.874	1.496
3r5n	C=CCc1ccc(O)c(-c2cc(CC=C)ccc2O)c1	5.780	4.829	0.951
3o9a	CC[C@H](C)CN(C[C@@H](O)[C@H](Cc1ccccc1)NC(=O)O[C@H]1CO[C@H]2OCC[C@@H]12)S(=O)(=O)c1ccc(OC)cc1	10.700	10.870	0.170
1gyx	O=C([O-])c1ccccc1	2.480	4.065	1.585
6gj8	Cn1cnc(Cn2ccc3ccc(C[NH2+]Cc4[nH]c5ccccc5c4[C@H]4NC(=O)c5ccc(O)cc54)cc32)c1	5.870	7.601	1.731
5afn	O=C1C[C@@H](CCc2ccccc2)CN1	4.470	5.983	1.513
5ndd	CCCc1cc(F)ccc1[C@H](O)c1ncc[nH]1	6.460	6.811	0.351
1kak	O=P(O)(O)C(F)(F)c1ccc2ccc(C(F)(F)P(=O)(O)O)cc2c1	4.590	5.169	0.579
5wei	CCNC(=O)c1nc([C@@H]2CCCN2C(C)=O)[nH]c(=O)c1O	5.700	5.882	0.182
4yik	O=c1[nH]c(=O)n(C2CC3OC(c4ccccc4)(P(=O)(O)O)OCC3O2)cc1/C=C/P(=O)(O)O	6.890	6.329	0.561
6r1b	C[N+](C)(C)CCOP(=O)(O)OCC(O)CO	5.440	5.243	0.197
3vd7	OC[C@@H]1[C@H](O)[C@H](O)[C@@H](O)c2nnnn21	4.480	4.909	0.429
3ua8	CNC(=O)c1cn(-c2cc3c(=O)n(NS(C)(=O)=O)c(=O)[nH]c3cc2C(F)(F)F)cn1	7.850	7.959	0.109
2qd6	CC(C)CN(C[C@@H](O)[C@H](Cc1ccccc1)NC(=O)O[C@H]1CO[C@H]2OCC[C@@H]12)S(=O)(=O)c1ccc2c(c1)OCO2	8.680	9.728	1.048
5khg	NC1=CCN(C2OC3COP(=O)(O)OC3C2O)C(=O)N1	4.690	5.541	0.851
5a6x	CO[C@@H]1O[C@@H](C)[C@@H](O)[C@@H](O)[C@@H]1O	6.690	4.996	1.694
3rzi	[NH3+][C@@H](Cc1c[nH]c2ccccc12)C(=O)[O-]	5.330	4.497	0.833
5cc2	O=C([O-])C1=Nc2cc(Cl)ccc2C(=O)C1	4.100	4.448	0.348
5fdd	O=Cc1cc(Cc2ccccc2Cl)cc([N+](=O)[O-])c1O	4.200	5.062	0.862
4x5y	Cc1c(C[N@H+]2CC[C@H](Nc3ncnc4sc(CC(F)(F)F)cc34)CC2)ccc2c1cc(C#N)n2Cc1cn[nH]c1	8.030	7.789	0.241
4pox	NC(=[NH2+])N/C=C/C[C@H]([NH2+][C@H](CCC(=O)[O-])C(=O)[O-])C(=O)[O-]	5.430	5.152	0.278
2fyv	O=C([O-])[C@@H](O)[C@@H](O)[C@H](O)[C@@H](O)C[N@@H+]1C[C@@H](O)[C@H](O)[C@H]1CO	3.520	6.200	2.680
4w9f	Cc1ncsc1-c1ccc(CNC(=O)[C@@H]2C[C@@H](O)CN2C(=O)CC(C)(C)C)cc1	5.490	5.855	0.365
6eyt	O=c1ccn(C2OC(COP(=O)(O)OP(=O)(O)O)C(O)C2O)c(=O)[nH]1	5.720	4.637	1.083
3l0k	CC(=O)C1CC(=O)NC(=O)N1C1OC(COP(=O)(O)O)C(O)C1O	4.620	4.883	0.263
3n46	O=C([O-])[C@H]1Cc2ccccc2N1C(=O)OCc1ccccc1	4.300	5.517	1.217
3gol	CC(=O)N1c2cccc(O)c2NC2=C(C(=O)CC(C)(C)C2)[C@@H]1c1ccc(Cl)cc1Cl	7.090	6.431	0.659
5fp0	O=S(=O)(NC1CCCC1)c1cccc2[nH]c(-c3ccc(C(F)(F)F)cc3)nc12	7.770	6.628	1.142
6hrx	CC(C)Sc1nc2ncnc(N)c2[nH]1	5.100	6.290	1.190
1jaq	CC(C)C[C@H](C(=O)NO)C(=O)N[C@@H](C)C(=O)NCC(N)=O	4.480	4.924	0.444
3d78	CCCCNS(=O)(=O)c1ccccc1	7.640	5.360	2.280
3r0i	CN(O)C(=O)CCC(c1ccc(F)c(F)c1)P(=O)(O)O	6.920	6.241	0.679
4p72	CNC(=O)COc1cccc(Nc2cc(Cl)ccn2)c1	4.090	5.466	1.376
2won	CCc1nn(CCO)c(CC)c1Oc1cc(C#N)cc(C#N)c1	6.200	7.017	0.817
6mia	O=c1c2c3c(sc2ncn1Cc1nn[nH]n1)CCCC3	2.600	4.703	2.103
4xii	COCCN(C[C@@H]1CCC[N@H+](C2CC3CCCCC3C2)C1)C(=O)C1CC([N+](=O)[O-])c2cccnc2C1O	6.600	7.318	0.718
5ets	[NH2+]=c1[nH]c(=O)c2[nH]c(SCc3ccc(Cl)cc3)nc2[nH]1	5.910	5.301	0.609
5o22	CO[C@H](CC(=O)[O-])[C@@H](C)C(=O)[C@H](C)/C=C(\C)[C@H]1OC(=O)[C@H](O)[C@H](O)/C=C/[C@H](C)CCC[C@@H]1C	8.000	6.049	1.951
3u1y	C[C@@](CCc1ccc(-c2ccc(OCCC[NH+]3CCOCC3)cc2)cc1)(C(=O)NO)S(C)(=O)=O	8.670	6.810	1.860
5knv	O=c1[nH]cnc2c1ncn2CCN(CCCCP(=O)(O)O)CCP(=O)(O)O	4.870	6.503	1.633
1q63	Nc1cc(CSc2ncc[nH]2)c2nc(N)[nH]c(=O)c2c1	5.850	6.357	0.507
6ap6	Cc1c(Cl)cccc1Nc1ccccc1C(=O)[O-]	5.370	5.292	0.078
3koo	O=C(NCc1ccc(Cl)cc1Cl)N1CCC(Oc2ncccn2)CC1	7.820	6.349	1.471
4qir	[NH3+]C(CCc1cccnc1)P(=O)(O)CC(Cc1ccccc1)C(=O)O	6.950	7.480	0.530
6stl	[NH3+]CCS(=O)(=O)[O-]	8.800	4.604	4.196
5oh7	O=C1CNC(=O)N1	4.370	5.270	0.900
5cr7	O=C(Nc1ncnc2[nH]cnc12)c1cccc(-c2cccc(-n3cccc3)c2)c1	3.100	7.047	3.947
4b4g	CCCCS(=O)(=O)N(C)[C@@H]1C(=N)N(Cc2ccccc2)C(=O)NC1=O	6.760	6.645	0.115
6qmj	COc1cc([C@@H](CC(=O)[O-])c2ccc(C)c(CN(C)S(=O)(=O)c3ccccc3)c2)cc2nnn(C)c12	7.360	7.183	0.177
1xgj	O=C([O-])c1ccc(NS(=O)(=O)c2ccsc2C(=O)[O-])c(O)c1	6.000	5.226	0.774
4pcs	C[C@@H]1[NH2+][C@@H](C#Cc2ccccc2)[C@H](O)[C@@H]1O	7.850	6.062	1.788
5yqn	Cc1cc(C)nc(SCC(=O)Nc2cccc(COc3cccc(NC(=O)c4cnn(C)c4)c3)c2)n1	4.030	6.549	2.519
2o7n	N#CC1=C(c2cc(Cl)cc(Cl)c2)C(=O)N2CCC[C@]12Cc1ccc(C#N)cc1	7.820	7.992	0.172
6aox	CC(=O)N[C@H]1[C@@H](O)O[C@H](CO)[C@H](O)[C@@H]1O[C@@H]1O[C@H](CO)[C@H](O)[C@H](O)[C@H]1O	4.820	4.494	0.326
3v2p	CCCCCCCCCCCCCCCCCC(=O)[O-]	6.360	5.261	1.099
5ai0	Nc1nonc1-c1ccccc1	3.690	5.793	2.103
6h5w	O=C(N[C@H]1CCS[C@H]2CCC[C@@H](C(=O)[O-])N2C1=O)[C@@H](S)Cc1ccccc1	10.800	7.087	3.713
3eqb	[NH3+]CCNc1nnc(-c2ccc(F)c(F)c2Nc2ccc(I)cc2F)o1	1.820	7.722	5.902
6hni	[NH3+][C@@H](Cc1ccc(O)cc1)C(=O)[O-]	4.030	4.735	0.705
4yux	[NH2+]=C1CSc2ccccc2N1	3.740	4.480	0.740
4n9b	Cn1nccc1C(=O)Nc1cccnc1	5.280	5.037	0.243
6ce8	O=C([O-])Cc1nc2ccccc2s1	3.410	4.721	1.311
6i75	Cc1ccc(S[C@@H]2O[C@H](CO)[C@H](O)[C@H](n3cc(-c4c(F)c(F)c(O)c(F)c4F)nn3)[C@H]2O)cc1	4.640	5.694	1.054
4tyl	Cc1cc2c(cc1N)n(C)c(=O)n2C	3.220	4.355	1.135
6ev0	CN(C)c1c(Cc2cccc3ccccc23)cc(=O)n2c1SC[C@H]2C(=O)[O-]	5.740	5.292	0.448
3ztc	Cc1cc(CC(=O)N2C[C@H](O)C[C@H]2C(=O)NCc2ccc(-c3ccccc3)cc2)on1	4.560	5.725	1.165
4dhn	O=C(COc1ccccc1P(=O)(O)O)NC1CCCC1	3.890	5.334	1.444
1ikv	O=C1Nc2ccc(Cl)cc2[C@@](C#CC2CC2)(C(F)(F)F)O1	6.280	6.775	0.495
6dtx	N#Cc1cc2c(Oc3ccc(F)cc3OCCn3ccc(=O)[nH]c3=O)cc(F)cn2c1	8.350	6.692	1.658
6cco	O=C([O-])c1cccc([C@H]2CCC[C@@H]2c2nc3cccc(O)c3[nH]2)c1	7.290	5.342	1.948
4asy	CN(C(=O)c1ccccc1)[C@@H]1C(=N)N(Cc2ccccc2)C(=O)NC1=O	4.220	5.615	1.395
5t2b	Cn1nc(-c2cnc(N)c(-c3cn[nH]c3)n2)nc1C1(c2ccccc2)CC1	8.300	7.266	1.034
3tam	CC1=CCN(Cc2[nH]nc3ncccc23)C(=O)C1Oc1cc(Cl)cc(C#N)c1	8.430	8.353	0.077
5mt4	O=C(NCc1ccccc1)Nc1ccccc1C(=O)[O-]	3.300	5.189	1.889
5kgx	Cn1c([C@H](OC(C)(C)C)C(=O)[O-])c(-c2ccc3c(c2)CCCO3)c2ccccc21	4.800	7.624	2.824
6hzv	N#Cc1ccc2ncc(-c3ncc4c(n3)n(C3CCOCC3)c(=O)n4CCO)n2c1	8.220	7.594	0.626
4xy2	CN1CC(c2cn(C)nc2COc2ccc(-c3cccc4c3ncn4C)cc2)=CCC1=O	8.100	7.830	0.270
5wbq	CCc1cc2nc(C(F)(F)F)c(C#N)c(N3CC[C@](C)(O)C3)c2[nH]1	5.830	6.834	1.004
5o83	CCC(=O)N1CC[C@H](Nc2ncnc3c2CN(c2cnc(OC)c(C(F)(F)F)c2)CC3)C1	7.960	8.254	0.294
6c1s	COc1cc(-c2ccc3c(n2)CN(c2cnn(CC#N)c2)C3=O)cnc1OC	8.520	7.887	0.633
4b76	[NH3+]Cc1ccc(F)c(Oc2ccccc2)c1F	4.540	5.406	0.866
1li3	Oc1cccc(Cl)c1	4.250	4.269	0.019
2zx9	C[C@@H]1[NH2+][C@H](CNC(=O)[C@H](c2ccccc2)C2CCCC2)[C@@H](O)[C@H](O)[C@@H]1O	10.270	6.066	4.204
4ear	[NH2+]=c1[nH]c(=O)c2[nH]cc(C[N@H+]3C[C@H](O)[C@@H](CO)C3)c2[nH]1	9.820	7.048	2.772
1g9s	O=c1[nH]cnc2c1ncn2C1OC(COP(=O)(O)O)C(O)C1O	3.610	5.405	1.795
6gip	Cc1c(-c2ccnc3ccccc23)ccc2c1C(=O)NC(C)N2	7.380	6.217	1.163
3pkd	CO[C@@H](C(=O)NC1Cc2ccccc2C1)[C@H](O)[C@@H](O)[C@H](O)/C=C/C(C)(C)C	6.120	6.037	0.083
5ofw	NC(=O)c1ccc(F)c(Cl)c1	2.800	5.064	2.264
4gby	CCCCCCCCCO[C@@H]1O[C@H](CO)[C@@H](O)[C@H](O)[C@H]1O	3.460	5.613	2.153
3sgt	Cc1ccc(Oc2ccc(NC(=O)c3ccccc3C(=O)[O-])cc2)cc1C	3.820	4.746	0.926
1pum	OC[C@H]1O[C@@H](O)[C@H](O)[C@@H](O)[C@H]1O	3.050	4.076	1.026
6s4u	CC(C)N1C(=O)C(NCCCCc2cccc(S(N)(=O)=O)n2)=C(c2ccccc2)S1(=O)=O	7.760	6.477	1.283
6esj	CC[N+](C)(CC)CCCN1c2cc(N)ccc2-c2ccc(N)cc2C1c1ccccc1	5.680	6.887	1.207
4d1d	O=C1NC(=O)[C@@H](Cc2ccc3ccccc3c2)N1	5.740	6.088	0.348
4hlc	Cc1cccc(Oc2cc(S(=O)(=O)N3CCC[C@H](n4cc(C)c(=O)[nH]c4=O)C3)ccc2C(=O)[O-])c1	6.760	7.084	0.324
6gev	CC(C)C[C@H]1COc2cc(F)ccc2N1C(=O)c1ccc2c(c1)NC(=O)CO2	8.700	5.826	2.874
4ps8	COc1cc(-c2ccc3nc(NC(C)=O)sc3c2)cnc1OC	9.000	6.175	2.825
4mti	CC[C@H]([NH2+]C)C(=O)N[C@H](C(=O)N1C[C@H]2CCC[N@@H+]2C[C@H]1C(=O)N[C@@H]1CCOc2ccccc21)C1CCCCC1	8.920	8.638	0.282
2ow2	COc1ccc(S(=O)(=O)[C@H](CC(=O)[O-])C(F)F)cc1	8.220	6.092	2.128
3uij	CC[C@H](C)[C@H](NC(=O)[C@@H]1CCCN1C(=O)[C@@H](NC(=O)[C@H](C)[NH3+])C(C)C)C(=O)[O-]	4.700	5.281	0.581
3w5t	CCC(=O)O[C@@H]1CC[C@]2(C)[C@H]3CC[C@@]4(C)[C@@H](CC[C@@H]4[C@H](C)CCC(=O)[O-])[C@@H]3CC[C@@H]2C1	4.520	6.639	2.119
5cnj	[NH3+][C@@]1(C(=O)[O-])C[C@@H](Sc2nnc[nH]2)[C@H]2[C@H](C(=O)[O-])[C@H]21	6.840	6.446	0.394
1yye	N#Cc1cc(-c2ccc(O)c(F)c2)cc2ccc(O)cc12	8.570	6.652	1.918
5wfd	CC[C@H](C)n1cc(C)c2c(C(=O)NCc3c(C)cc(C)[nH]c3=O)cc(-c3ccc(N4CC[NH2+]CC4)nc3)cc21	4.580	7.400	2.820
5mt0	O=C([O-])c1[nH]c2ccc(F)cc2c1NC(=O)[C@H]1C[C@@H]1c1ccccc1	3.300	5.461	2.161
5wfw	COc1cc2c(cc1OC)CC(NC(=O)c1nc([C@@H]3CCCN3C(=O)CSc3ccccc3Cl)[nH]c(=O)c1O)C2	6.100	7.669	1.569
2wtj	C[NH+](C)CCNC(=O)c1cc([C]2SCC3OCCOC23)cnc1N	6.150	6.398	0.248
5xv7	CCc1cc2c(cc1N1CCC([NH+]3CCOCC3)CC1)C(C)(C)c1[nH]c3cc(C#N)ccc3c1C2=O	7.960	8.297	0.337
5gid	C=C1/C(=C/C=C2/CCC[C@@]3(C)[C@H]2CC[C@@H]3[C@H](C)C[C@H]2C[C@@](C)(O)C(=O)N2CCCCc2ccccc2)C[C@@H](O)C[C@@H]1O	6.110	8.450	2.340
5etl	N#Cc1ccccc1CSc1nc2c(=O)[nH]c(N)nc2[nH]1	4.640	5.533	0.893
4jlh	CO[C@H](C(=O)[O-])c1c(C)nc2ccc(Br)cc2c1-c1ccc(Cl)cc1	5.400	5.977	0.577
6pgb	O=C(Cc1ccccc1)NCCCCc1nc(CO)c[nH]1	4.600	5.659	1.059
3u6w	CC(C)C(=O)C(=O)[O-]	6.920	4.169	2.751
1ybg	CN(C(=O)c1cc(OS(=O)(=O)c2ccc3ccccc3c2)ccc1NS(=O)(=O)c1ccc2ccccc2c1)[C@@H](CC(=O)[O-])C(=O)[O-]	4.800	6.377	1.577
3q2h	Cc1noc(C)c1CCC1CCN(S(=O)(=O)C[C@](C)(C[C@H](C)c2ncc(F)cn2)N(O)C=O)CC1	9.160	7.770	1.390
4h3a	CCCCCCCCOc1ccc(C(=O)CC(O)C(=O)[O-])cc1	6.290	6.548	0.258
4c1m	O=C(NO)c1c[nH]c(NCc2cc(C(F)(F)F)cc(C(F)(F)F)c2)[nH+]c1=O	7.800	6.138	1.662
5c0k	CC(C)[C@H](NC(=O)[C@H](C)[NH3+])C(N)=O	2.920	5.403	2.483
1pk0	Nc1ncnc2c1ncn2CCOCP(=O)(O)OP(=O)(O)OP(=O)(O)O	7.570	6.034	1.536
3u3u	CCCCC/C=C\C/C=C\C=C\C=C\C[C@@H](O)CCCC(=O)[O-]	6.880	6.368	0.512
4w55	CCCc1ccccc1	4.740	5.036	0.296
4idv	COCCOc1cnc(N)nc1-c1c[nH]c2ccc(C#CC(C)(C)O)cc12	7.400	7.307	0.093
3v4v	Cc1cc(C(F)(F)F)c(-c2ccc(C[C@H](NC(=O)c3c(Cl)cccc3Cl)C(=O)[O-])cc2)c(O)[n+]1C	7.380	7.037	0.343
3d1v	O=c1[nH]c(=S)[nH]c2ccccc12	3.490	3.647	0.157
2xp3	COc1ccccc1-c1ccc(C(=O)[O-])o1	3.000	4.765	1.765
1w83	O=C(Nc1ccc(Cl)c(COc2cccnc2)c1)c1cc(F)cc(N2CCOCC2)c1	7.190	7.721	0.531
3pcb	O=C([O-])c1cccc(O)c1	2.400	3.999	1.599
3lmp	COc1cc(O)c2c(c1C(=O)NCc1cccc3ccccc13)OC1=CC(O)=C(C(C)=O)C(=O)[C@]12C	6.210	6.651	0.441
2ow7	O[C@@H]1C[S@@+]2CCCC[C@H]2[C@@H]1O	4.850	4.468	0.382
1ohr	Cc1c(O)cccc1C(=O)N[C@@H](CSc1ccccc1)[C@H](O)C[N@@H+]1C[C@H]2CCCC[C@H]2C[C@H]1C(=O)NC(C)(C)C	8.700	7.772	0.928
6ez9	CC(C)C[C@H](OC(=O)N[C@@H](CCC(=O)[O-])C(=O)[O-])C(=O)[O-]	7.770	4.826	2.944
2az9	CC(C)[C@H](NC(=O)[C@H](C)NC(=O)OCc1ccccc1)C(=O)N[C@H](CO)Cc1ccccc1	7.660	6.800	0.860
5t1a	CC(=O)C1=C(O)C(=O)N(c2ccc(Cl)cc2F)[C@@H]1C1CCCCC1	7.890	6.705	1.185
4pyv	CC(C)(C)OC(=O)N[C@@H]1C[NH2+]C[C@H](C(=O)N(Cc2cccc(Cl)c2Cl)C2CC2)C1	6.700	6.063	0.637
6gu4	CCn1cnc2c(Nc3cccc(Cl)c3)nc(N[C@@H]3CCCC[C@@H]3[NH3+])nc21	4.700	6.074	1.374
3t0t	CC(/N=N/C(=O)c1cc(Br)ccc1O)c1nc2ccccc2[nH]1	7.040	6.654	0.386
3gs7	COc1ccccc1/C=N\OCCC(=O)[O-]	5.440	4.521	0.919
6gvh	CC(C)n1nc(-c2ccc3oc(N)nc3c2)c2c(Cl)nc(N)nc21	6.040	7.340	1.300
6fh7	CN1CC(C(=O)NCCCNC(=O)c2ccc(F)cc2)=CCC1=O	3.000	6.495	3.495
5qao	CS(=O)(=O)NCc1ccc(-c2cccc(C(=O)[O-])c2)cc1	3.620	5.085	1.465
6oag	Cc1ccc(-c2cc3c(NC(Cc4ccccc4)P(=O)(O)O)ncnc3s2)cc1Cl	5.430	6.243	0.813
5qah	COC(=O)C1=CC=C[C@H](c2cccc(C(=O)[O-])c2)C1	3.840	5.328	1.488
6ps3	COc1ccccc1OCC[NH2+]C[C@H](O)COc1cccc2[nH]c3ccccc3c12	9.780	6.275	3.505
5a85	Cc1cc2ccnc(N[C@@H]3CC[NH2+]C[C@H]3OCC3CCCCC3)c2[nH]c1=O	5.300	7.327	2.027
4gsc	COC(=O)[C@H](Cc1cnc[nH]1)NC(=O)C[N@@H+](CCc1ccccc1)CC(=O)[O-]	5.850	6.696	0.846
5bwb	O/N=C\c1nccn1CCCCCCCn1ccnc1/C=N/O	5.300	5.648	0.348
5x4q	O=C1Cc2cc(Nc3nc(NCc4cccnc4)ncc3Cl)ccc2N1	7.110	6.497	0.613
4kil	Oc1cc2ccc(-c3ccc(F)cc3)cc2nc1O	6.300	5.021	1.279
6rj6	Cc1cc2c(cc(C(=O)N[C@H](CO)c3ccc(S(=O)(=O)CC(=O)[O-])cc3)n2C)c(Cl)c1Cl	8.520	7.378	1.142
1pwp	Cc1cc(N)c2cc(NC(=O)Nc3ccc4nc(C)cc(N)c4c3)ccc2n1	6.300	6.558	0.258
4c6x	C=C/C(C)=C/[C@@]1(C)SC(=O)C(C)=C1O	3.760	4.993	1.233
4mx5	[NH2+]=c1[nH]c(=O)c2ncc(C(=O)NCCNC(=O)[O-])nc2[nH]1	4.550	5.735	1.185
3axm	O=C(O)C(O)C(O)C(O)C(O)COP(=O)(O)O	5.070	5.739	0.669
5eak	Cn1cc(-c2cnc3c(-c4csc(C(=O)N[C@H]5CCCC[C@H]5[NH3+])c4)cnn3c2)cn1	9.300	7.675	1.625
5o55	C=C1Nc2cc(C(=O)N[C@@H](C)c3cnn(C)c3C)ccc2N(CC)C1=O	4.700	6.694	1.994
5khi	O=P1(O)OCC2OC(n3cnc4cncnc43)C(O)C2O1	6.770	5.193	1.577
4zz1	[NH2+]=c1[nH]c(=O)c2cc(CCCc3csc(C(=O)N[C@@H](CCC(=O)[O-])C(=O)[O-])c3)[nH]c2[nH]1	7.890	6.991	0.899
2vf6	O=P(O)(O)C(O)(Cc1cnc2ccccn12)P(=O)(O)O	8.520	5.917	2.603
5nzo	Cn1nc(-c2ccccc2)cc1N	2.240	5.180	2.940
1tsl	O=C1OC(c2ccc(O)c(Cl)c2)(c2ccc(O)c(Cl)c2)c2cccc3cccc1c23	6.150	6.699	0.549
4d1c	O=C1N=C(Cc2cccc(Br)c2)C(=O)N1	5.700	4.994	0.706
3vp3	CCCc1nnc(N)s1	4.950	5.066	0.116
1efi	Nc1ccc(O[C@H]2O[C@H](CO)[C@H](O)[C@H](O)[C@H]2O)cc1	1.920	5.141	3.221
3tgs	CC1(C)CC(NC(=O)C(=O)Nc2ccc(Cl)cc2)CC(C)(C)[NH2+]1	5.390	5.749	0.359
6c5q	Cc1c(C)n(Cc2cccc(OC(C)(C)C(=O)[O-])c2)c2ccc(C(=O)N[C@@H](C)c3ccc(C(C)(C)C)cc3)cc12	6.660	7.807	1.147
5orb	COc1ccc(SCC(=O)Nc2c3c(nn2C)CCC3)cc1	4.290	5.786	1.496
2jle	Cc1[nH]nc2ccc(F)c(Oc3cc(C#N)cc(C#N)c3)c12	6.420	6.838	0.418
4b5b	Cc1cccc(S(=O)(=O)N(C)[C@@H]2C(=N)N(Cc3ccccc3)C(=O)NC2=O)c1	6.410	6.839	0.429
3nf8	O=C([O-])c1c(CN2C(=O)Cc3cc(Cl)ccc32)ccc2c1OCCO2	3.000	5.309	2.309
2pzi	NC(=O)c1c(NC(=O)C2CC2)sc2c1CCCC2	6.100	4.585	1.515
6max	O=C1c2ccccc2C(=O)c2c(O)c(O)cc(O)c21	4.870	5.407	0.537
5tzo	CCC(=O)N(c1ccccc1)[C@H]1CC[N@H+](CCc2ccccc2)CC1	5.230	5.665	0.435
6gu7	Cc1ncc(-c2ccnc(Nc3ccc(S(C)(=O)=O)cc3)n2)n1C(C)C	5.810	6.618	0.808
5le1	O=C([O-])c1cccc2c1C(=O)N(Cc1c(F)cccc1Cl)C2	4.970	5.988	1.018
2q6c	CC(C)n1c(CC[C@@H](O)C[C@@H](O)CC(=O)[O-])c(-c2ccc(F)cc2)c2c3ccccc3n(-c3ccccc3)c(=O)c21	7.780	8.654	0.874
5jnl	CN(O)C(=O)CC(CCCc1ccc(C(F)(F)F)cc1)CP(=O)(O)O	6.570	6.952	0.382
1pwy	Nc1nc2c(ncn2COCCO)c(=O)[nH]1	4.050	5.080	1.030
4umt	COc1cc(OCC#Cc2ccc3ccncc3c2)ccc1C[NH+]1CC[NH2+]CC1	6.140	7.871	1.731
3ff6	O=C(c1c2ccccc2cc2ccccc12)N1CCC([N@@H+]2CCC[C@@H](C(=O)N3CCOCC3)C2)CC1	7.150	6.819	0.331
5kv8	COCc1cn([C@H]2C=C(C(=O)[O-])O[C@@H]([C@H](O)[C@H](O)CO)[C@@H]2NC(=O)C(C)C)nn1	4.840	6.100	1.260
4cu1	Cc1cc(N)nc(/C=C/c2cncc([C@@H](C[NH3+])Cc3cc(C)cc(N)n3)c2)c1	4.710	6.312	1.602
5trk	O=C([O-])CNC(=O)c1ccc(OCc2ccc(Cl)cc2)c(NC(=O)c2ccccc2)c1	5.210	6.081	0.871
3wqh	Cc1cc2ncc(C(=O)NCC(C)(C)[NH2+]CC(=O)N3CCC[C@H]3C#N)cn2n1	8.480	7.215	1.265
6b7e	CC1(C)OC(=O)c2ccccc2[C@H]1n1cncc1C(F)F	4.550	6.855	2.305
5wf3	O=C(NCCOc1ccccc1)c1nc([C@@H]2CCCN2C(=O)CSc2ccccc2Cl)[nH]c(=O)c1O	5.850	7.487	1.637
1k3t	C=CC(C)(C)C1=Cc2cc3c(cc2O[C@H]1O)O[C@H](C(C)(C)O)C3	4.190	5.975	1.785
6hq4	Nc1ncnc2c1ncn2C1OC2COP(=O)(O)OC2C1O	4.650	5.666	1.016
6e0r	Cc1cc(-n2cc(S(=O)(=O)C3COC3)c3ccc(N[C@@H](C)c4ccc(F)cn4)nc32)n[nH]1	7.700	6.624	1.076
6d5w	Fc1ccc(CN2C3=[NH+]CCCN3c3ccccc32)cc1	4.200	4.969	0.769
3ggc	O=c1[nH]cnc2c1ncn2CCOCCP(=O)(O)O	5.440	6.296	0.856
1jt1	C[C@@H](CS)C(=O)N1CCC[C@@H]1C(=O)[O-]	3.400	5.253	1.853
1tmm	Nc1ncnc2c1ncn2C1OC(COP(=O)(O)CP(=O)(O)OP(=O)(O)O)C(O)C1O	6.640	5.782	0.858
5bpa	CCOC(=O)c1cc2cc(-c3cc(C(=O)NCc4ccc(C(=O)[O-])cc4)nn3C)ccc2[nH]1	9.000	6.545	2.455
5yqw	CC(=O)N[C@H]1[C@H](O[C@@H]2[C@@H](CO)O[C@@H](O)[C@H](NC(C)=O)[C@H]2O)O[C@H](CO)[C@@H](O)[C@@H]1O	7.510	4.734	2.776
3qvv	N#Cc1cc2ccc(O)cc2oc1=O	4.420	6.350	1.930
5t36	CC(C)(C)C(=O)N[C@H]1CCC[C@H]1CNc1cc(Cl)ccc1C(=O)[O-]	7.370	6.119	1.251
4cd8	OC[C@H]1O[C@@H](O[C@H]2[C@H](O)[C@H](O)c3nccn3[C@@H]2CO)[C@@H](O)[C@@H](O)[C@@H]1O	2.890	5.211	2.321
1il5	Nc1nc(O)c(N)c(O)n1	2.660	4.027	1.367
6mbo	COc1cc2c(cc1OCCCN1C=CCC1)N[C@@H](C1CCCCC1)C[NH2+][C@H]2[NH2+][C@H]1CC[N@H+](C(C)C)CC1	5.950	8.587	2.637
6n3l	Cn1c(Nc2ccc(C(F)(F)F)cc2)nc2cc(Oc3cc(NC(=O)C4CC4)ncn3)ccc21	7.570	6.942	0.628
5nn4	CC(=O)N[C@@H](CS)C(=O)[O-]	1.940	5.213	3.273
223l	c1ccccc1	3.400	3.860	0.460
3vyf	CC(C)CC(CC(C)C)NC(=O)[C@@H]1C[NH2+]C[C@H]([N+]2CC(=O)N(c3ccccc3Cl)CC2(C)C)C1	8.800	7.160	1.640
2jst	FC(F)(F)[C@H](Cl)Br	2.590	4.787	2.197
1n1g	Clc1nc(Br)nc2[nH]cnc12	2.300	5.704	3.404
6msn	O=C([O-])C[C@H](S)C(=O)[O-]	4.950	4.636	0.314
4a9s	NC(=O)c1ccc2[nH]c(-c3ccc(Oc4cccc(O)c4)cc3)nc2c1	7.210	6.625	0.585
4pio	C[NH+](C)[C@@H](Cc1c[nH]cn1)C(=O)[O-]	5.700	5.091	0.609
2r0y	CC(=O)NCCCC[C@H]([NH3+])C(=O)[O-]	3.000	4.766	1.766
3g0c	Cn1c(=O)c2c(nc(N3CC[NH2+]CC3)n2Cc2ccccc2Cl)n(C)c1=O	5.700	5.876	0.176
5qck	O=C([O-])c1ccc(NC(=O)[C@@H]2[C@@H](c3ccccc3)CCN2C(=O)/C=C/c2cc(Cl)ccc2-n2cnnn2)cc1	7.640	7.746	0.106
4i06	C[NH2+][C@](CCCC[B-](O)([OH2+])[OH2+])(CC[NH+]1CCCCC1)C(=O)[O-]	7.170	5.641	1.529
6g0w	NC(=O)c1ccc(Oc2cccc(C(=O)N3CCC(c4ccc(F)cc4)CC3)c2)cc1	5.280	5.595	0.315
1joc	O=P(O)(O)OC1C(O)C(O)C(O)C(OP(=O)(O)O)C1O	4.620	3.841	0.779
6qad	CCCC[NH2+][C@@H](Cc1c[nH]c2ccccc12)C(=O)NCC[C@H]1CC[C@H]([NH+](C)C)CC1	7.850	7.882	0.032
2w3l	Cc1c(Cl)c(C(=O)N(c2ccccc2)c2ccccc2)nn1-c1ccccc1C(=O)N1Cc2ccccc2C[C@H]1C[NH3+]	7.520	6.008	1.512
5bms	Clc1c(CNc2nccc(Nc3cc(C4CC4)[nH]n3)n2)ccc2[nH]cnc12	6.340	8.079	1.739
2mji	O=C(c1ccccc1)c1ccc2n1CC[C@H]2C(=O)[O-]	4.250	5.077	0.827
4pd5	N=c1ccn([C@@H]2O[C@H](CO)[C@@H](O)C2(F)F)c(=O)[nH]1	2.860	4.955	2.095
3f38	Cc1cccc(C)c1O	2.620	3.627	1.007
6g9b	C[NH+](C)CCCN1c2ccccc2CCc2ccccc21	3.240	3.923	0.683
2zir	Cn1cncc1[C@@](O)(c1ccc(Cl)cc1)c1cc2cc(C(=O)N[NH+]3CCOCC3)cc(-c3ccccc3)c2o1	8.190	7.098	1.092
5j79	Cc1ccc(O)cc1Nc1ccnc2ccc(S(C)(=O)=O)cc12	8.520	6.842	1.678
6g9a	O=C1c2cc(-c3nc(NC4CCOCC4)ncc3Cl)ccc2CN1CC[NH+]1CCOCC1	7.680	7.726	0.046
3hyg	O=C(C[C@@H](Cc1cccc(O)c1)C(=O)N[C@H]1c2ccccc2C[C@H]1O)NO	7.030	6.376	0.654
5zyi	CCCCCc1ccc(-c2ccc(S(=O)(=O)CCO)cc2)cc1[C@H]1C[C@H]1c1ccccn1	7.070	7.647	0.577
4w9n	Oc1cc(Cl)ccc1Oc1ccc(Cl)cc1Cl	4.260	4.868	0.608
4zlo	C[NH+]1CCN(C2=Nc3cc(F)ccc3Nc3ccc(F)cc32)CC1	4.920	6.103	1.183
4m5o	O=C1N=C(c2ccccc2)C=CC1O	6.420	6.130	0.290
6dzv	CC[C@H]1C[C@@H]2C[C@H]3c4[nH]c5ccc(OC)cc5c4CC[N@@H+](C2)[C@@H]13	6.400	7.082	0.682
2y1g	CC(=O)N(O)CCC(c1ccc(Cl)c(Cl)c1)P(=O)(O)O	6.150	6.359	0.209
2jdy	CO[C@H]1O[C@H](CO)[C@@H](O)[C@H](O)[C@@H]1O	4.370	4.462	0.092
2fhy	O=S(=O)(Nc1nc2cc(Cl)ccc2o1)c1cc(Cl)ccc1Cl	5.960	6.078	0.118
4p4d	O=C(O)CCC(NP(=O)(O)OCCNC(=O)c1ccccc1)C(=O)O	5.740	6.000	0.260
3o9g	CCC(CC)CN(C[C@@H](O)[C@H](Cc1ccccc1)NC(=O)O[C@H]1CO[C@H]2OCC[C@@H]12)S(=O)(=O)c1ccc(CO)cc1	12.300	10.786	1.514
4umq	COc1cc(O)cc(Nc2ccc(C(=O)Nc3ccccc3)c(OCCC[NH3+])c2)c1	5.380	7.362	1.982
5xpn	C=C1[C@H](O)CC(=C/C=C2\CCC[C@@]3(C)[C@H]2CC[C@@H]3[C@H](C)CCC[C@H](OC)c2ccc(O)cc2)C[C@H]1O	6.990	7.960	0.970
4fhi	CCC(CC)(c1ccc(OCC(=O)NO)c(C)c1)c1ccc(OC[C@H](O)C(C)(C)C)c(C)c1	7.000	5.971	1.029
1pw6	NC(=[NH2+])N[C@@H](C(=O)NCC(=O)N1CCC(c2cc(-c3cccc(Cl)c3Cl)n[nH]2)CC1)C1CCCCC1	5.220	7.533	2.313
4uru	COc1ccc(S(=O)(=O)Nc2nccs2)cc1	2.220	5.628	3.408
5yg4	Cc1n[nH]c2c1[C@]1(C(C#N)=C(N)O2)c2cc(N3CCC(CC(=O)[O-])CC3)cc(F)c2CC1(C)C	7.370	8.387	1.017
5ar5	COCCNC(=O)c1ccc2c(c1)nc(-c1c[nH]c(-c3ccc(Cl)cc3)n1)n2CCOC	6.300	6.836	0.536
4mx0	CCC(CC)[C@H](NC(C)=O)[C@@H]1[C@H](O)[C@@H](C(=O)[O-])C[C@H]1NC(N)=[NH2+]	6.730	5.894	0.836
4hlw	c1ccc(OCCSc2nc3ccccc3[nH]2)cc1	5.380	6.312	0.932
3vvz	CCNc1cc2c(cc1C)C(c1ccccc1C(=O)OCC)c1cc(C)c(NCC)cc1O2	4.580	6.449	1.869
1q66	Nc1nc2c(CSc3ccccc3)cc(C[NH3+])cc2c(=O)[nH]1	5.770	5.860	0.090
6hck	CC(C)C[C@H]([NH3+])C(=O)N[C@@H](CC(C)C)C(=O)[O-]	4.600	4.779	0.179
6bqg	C[N@@H+]1C[C@H](C(=O)N[C@]2(C)O[C@@]3(O)[C@@H]4CCCN4C(=O)[C@H](Cc4ccccc4)N3C2=O)C=C2c3cccc4[nH]cc(c34)C[C@H]21	8.930	8.041	0.889
6c3e	O=[N+]([O-])c1ccc2[nH]c(Cc3ccccc3)nc2c1	7.200	5.424	1.776
4g68	O=C1OC[C@@H](O[C@@H]2OC[C@@H](O[C@@H]3OC[C@@H](O)[C@H](O)[C@H]3O)[C@H](O)[C@H]2O)[C@H](O)[C@H]1O	7.920	5.438	2.482
4obp	Nc1ncnc2ccc(-c3ccnc(F)c3)nc12	7.770	6.339	1.431
2vl8	O=c1ccn(C2OC(COP(=O)(O)OP(=O)(O)O)C(O)C2O)c(=O)[nH]1	4.520	4.645	0.125
6hs0	Clc1cccc(C[NH+]2CC[NH2+]CC2)c1	5.500	5.195	0.305
1hp0	Nc1nccc2c1ncn2[C@@H]1O[C@H](CO)[C@@H](O)[C@H]1O	6.700	5.429	1.271
5uwf	COc1ccc(Cn2c(=O)n3ncnc3c3c4c(sc32)CN(C(=O)[C@@H]2CC2(F)F)CC4)cc1	7.230	8.476	1.246
6czi	CC1=N/C(=C\c2cc(F)c(O)c(F)c2)C(=O)N1C	6.250	4.577	1.673
4yv1	O=C(Oc1cccc2cccnc12)N1CCCCC1	3.080	5.678	2.598
3hdm	O=C([O-])c1ccc(-c2c[nH]c3ncc(-c4ccccc4)cc23)cc1	7.400	5.746	1.654
5xag	COc1ccc([C@H]2[C@H](CO)C(=O)N2c2cc(OC)c(OC)c(OC)c2)cc1O	5.460	6.336	0.876
3arn	CC(C)(CCCOCn1ccc(=O)[nH]c1=O)NS(=O)(=O)c1ccccc1	5.410	6.673	1.263
1onp	O=C[N+](=O)CCCP(=O)(O)O	7.520	5.186	2.334
5abw	Cc1noc(C)c1C1=C[C@H](C(=O)NCc2ccc(S(C)(=O)=O)cc2)C(=O)N(c2cccc(Cl)c2)C1C	7.770	6.487	1.283
3hhm	C=C1C(=O)O[C@H](COC)[C@@]2(C)C1=C(O)C(=O)[C@H]1[C@@H]3CCC(=O)[C@@]3(C)C[C@@H](OC(C)=O)[C@@H]12	7.920	6.427	1.493
6n19	O=C([O-])CCCC(=O)Nc1ccc(C(=O)[O-])c(C(=O)[O-])c1	3.020	5.457	2.437
1d8m	COc1ccc(S(=O)(=O)N2CN(Cc3ccccc3)C(=O)C[C@@H]2C(=O)NO)cc1	8.510	6.540	1.970
3skh	O=C([O-])c1c(-c2ccccc2F)c2cc(Cl)ccc2n1Cc1ccccc1	6.050	7.368	1.318
2wcx	Cn1c(-c2ccccc2)c(C2CCCCC2)c2sc(C(=O)[O-])cc21	7.600	6.251	1.349
4puk	CNc1nc2cc3c(=O)[nH]c(=[NH2+])[nH]c3cc2[nH]1	7.280	6.331	0.949
5bnj	Cn1cc(-c2ccc(-c3cncc(Cl)c3N3CCC4(CCNC4=O)CC3)cc2)cn1	8.700	7.403	1.297
3u4o	Nc1cc(Cn2c(C(=O)[O-])c(C3C=CC=NC3=O)c3cc(Cl)ccc32)ccn1	7.280	7.378	0.098
6hky	CON(C)C(=O)N1[NH2+][C@@H](c2cc(F)ccc2F)S[C@@]1(CCC[NH3+])c1ccccc1	9.340	7.666	1.674
2ff1	O=c1[nH]cnc2c([C@@H]3[NH2+][C@H](CO)[C@@H](O)[C@H]3O)c[nH]c12	8.210	7.529	0.681
1lhw	COc1cc2c(cc1O)CC[C@@H]1[C@@H]2CC[C@]2(C)[C@@H](O)CC[C@@H]12	9.080	7.386	1.694
1il9	Cc1nc2c(=O)[nH]c(N)nc2o1	3.400	5.378	1.978
5h8x	O=S(=O)(Nc1ccc(O)c(O)c1)c1ccc(-c2ccccc2)cc1	5.510	5.329	0.181
5t23	C[C@@H](c1nc(-c2cnc(N)c(-n3nnc4ccccc43)n2)nn1C)[NH+]1CCOCC1	5.800	6.935	1.135
2xm9	Oc1ccc(-c2cc[nH]n2)cc1-c1nc(N[C@H]2CC[NH2+]C2)c2ccccc2n1	8.050	7.326	0.724
5ake	O=C(Nc1ccc2c(c1)-c1ccccc1S2(=O)=O)N1CCC(F)(F)CC1	7.820	5.981	1.839
2qt5	CC(C)[C@H](NC(=O)[C@H](CCC(=O)[O-])NC(=O)[C@@H](NC(=O)C[NH3+])[C@@H](C)O)C(=O)[O-]	5.030	5.439	0.409
5lt6	CCCCC[NH2+][C@@H](CC[C@H]([NH3+])C(=O)[O-])C[C@H]1O[C@@H](n2cnc3c(N)ncnc32)[C@H](O)[C@@H]1O	5.410	7.369	1.959
6die	O=C([O-])c1ccc(C(=O)[O-])c(C(=O)[O-])c1	3.130	4.863	1.733
3kqs	[NH2+]=c1[nH]c2ccccc2[nH]1	5.200	4.294	0.906
4g19	[NH3+][C@@H](CCC(=O)N[C@@H](CS)C(=O)NCC(=O)[O-])C(=O)[O-]	3.580	4.731	1.151
6dcy	Cc1occ(O)c(=O)c1C(=O)[O-]	5.460	4.774	0.686
4jpa	C[C@]1(CS(=O)(=O)N2CCN(c3ncc(OCc4cccc(C#N)c4)cn3)CC2)NC(=O)NC1=O	8.480	9.211	0.731
6cee	Cn1c(=O)c(CCC(=O)[O-])nc2ccccc21	4.190	5.704	1.514
4bdk	COc1ccc(CNC(=O)c2ccc3nccnc3c2)cc1	5.440	6.218	0.778
6dlj	O=C([O-])/C(O)=C/C(=O)c1ccccc1[N+](=O)[O-]	5.550	5.404	0.146
4m5j	COc1ccc(C(=O)CSc2nc3nc(N)[nH]c(=O)c3[nH]2)cc1	4.840	6.025	1.185
4nyj	[NH3+]CC(=O)N[C@H]1CC[N@H+](Cc2c[nH]c3ccccc23)CC1	3.490	6.051	2.561
2bkt	COc1ccccc1COCCCOc1ccc(N2C(=O)C[NH2+]C[C@H]2COc2ccc3c(c2)NCCC3)cc1	7.640	7.856	0.216
3nij	CC[C@H](C)[C@H](NC(=O)[C@@H]([NH3+])Cc1c[nH]cn1)C(=O)N[C@@H](C)C(=O)[O-]	4.890	5.448	0.558
6pyb	COc1cc(C[C@H]2COC[C@@H]2Cc2ccc(O)c(OC)c2)ccc1O	5.380	5.599	0.219
1bky	Cn1ccc(N)nc1=O	3.840	4.659	0.819
4ryc	COCCCOc1cc(C(=O)N(C[C@@H]2C[NH2+]C[C@H]2NS(=O)(=O)c2ccc(C)cc2)C(C)C)ccc1OC	7.100	7.253	0.153
5lb7	CC(C)C[C@H](NC(=O)[C@H](Cc1ccccc1)NC(=O)[C@@H]([NH3+])CO)C(=O)[O-]	5.050	5.320	0.270
3lpf	COc1cccc(NC(=S)N(CCO)Cc2cc3cc(C)c(C)cc3[nH]c2=O)c1	6.680	6.058	0.622
1cs4	Nc1ncnc2c1ncn2C1CC(OP(=O)(O)O)C(CO)O1	5.570	5.303	0.267
6ewk	O[NH2+]Cc1nc(CCCCC[NH+]2CCOCC2)ccc1O	3.770	6.283	2.513
4w9e	CC(C)(C)CC(=O)N1C[C@H](O)C[C@H]1C(=O)NCc1ccc(-c2cncs2)cc1	5.150	5.831	0.681
4m5n	[NH2+]=c1[nH]c(=S)[nH]c2[nH]cnc12	5.120	5.022	0.098
6apw	O=C1N[C@@H]2[C@H](CCCCCc3cn(Cc4ccc(C(=O)[O-])cc4)nn3)S[CH][C@@H]2N1	6.170	7.370	1.200
4bfr	C[C@H]1Cc2ccccc2N1C(=O)Cc1nc(N2CCOCC2)cc(=O)[nH]1	7.640	6.238	1.402
2xp6	Cc1nc(-c2cccc(Cl)c2)[nH]c1C(=O)[O-]	4.700	5.493	0.793
5ak4	Cc1[nH]ncc1-c1ccccc1	4.230	5.135	0.905
4yuz	Cc1ccc(COc2cccc3nc(N)nc(N)c23)cc1	5.040	6.135	1.095
4btl	CC[NH+](CC)CCNS(=O)(=O)c1ccc(Oc2c(Cl)cccc2[N+](=O)[O-])cc1	5.600	5.831	0.231
4dgr	CCC[NH+](CCC)Cc1cc(C(=O)[O-])ccc1N1C(=O)CCC1(CO)CO	5.040	4.642	0.398
3mo0	COc1cc2nc(NCCC[N+](C)C)nc(NC3CC[N+](Cc4ccccc4)CC3)c2cc1OC	6.810	6.874	0.064
4mm7	C[NH+](C)C[C@@H](c1ccc(O)cc1)C1(O)CCCCC1	3.630	5.716	2.086
6kdx	Cc1cc(C)n2nc(CCNc3ccc4ccccc4n3)nc2n1	6.530	6.306	0.224
6etg	[NH3+]NC(=O)c1ccc(-c2nn[nH]n2)cc1	4.660	4.919	0.259
1we2	O=C([O-])C1=C[C@@H](O)[C@@H](O)[C@H](O)C1	4.360	3.860	0.500
4uct	Cc1cn2nc(N)nc2nc1OC(C)C	3.120	5.897	2.777
2zx5	C[C@@H]1[NH2+][C@H](CNC(=O)CCc2c[nH]c3ccccc23)[C@@H](O)[C@H](O)[C@@H]1O	12.330	5.763	6.567
5gvn	Cc1n[nH]c2c1[C@](c1cc(F)cc(-c3cccc(CCC(=O)[O-])c3)c1)(C(C)C)C(C#N)=C(N)O2	7.050	6.476	0.574
1idb	Cc1cccc(C)c1OCC(=O)N[C@@H](Cc1ccccc1)[C@H](O)C[N@@H+]1CC[C@@H](S(=O)(=O)c2ccncc2)C[C@H]1C(=O)NC(C)(C)C	7.960	8.488	0.528
4yrc	Nc1ccc2cccc(O)c2n1	2.700	4.212	1.512
2wbb	Cc1ccc(S(=O)(=O)NC(=O)Nc2ncc(Br)s2)cc1	6.040	6.315	0.275
1db4	Cc1c(CC(N)=O)c2cc(OCCCP(=O)(O)O)ccc2n1Cc1ccccc1	7.240	6.781	0.459
5yy6	Cc1cccc(C)c1-n1c(=O)c2cc(C(=O)[C@@H]3C(=O)CCC[C@H]3O)ccc2n(C)c1=O	7.620	5.935	1.685
4tpm	OCC1CCN(c2nccnc2OC2CN(c3ccc4ccccc4n3)C2)CC1	8.620	7.292	1.328
5m6h	C[C@@H]1C[N@H+](CC(=O)N2CC(C)(C)c3ncc(Cc4ccccc4)cc32)[C@@H](C(=O)N2CCOCC2)C[NH2+]1	6.820	7.289	0.469
2q72	C[NH+](C)CCCN1c2ccccc2CCc2ccccc21	2.680	3.936	1.256
3iu9	Nc1n[nH]c(SCc2ccc(Cl)cc2Cl)n1	6.620	5.784	0.836
4ryl	O=C(NCC(=O)N1CCCC1)Nc1ccc2cnccc2c1	7.280	5.401	1.879
5iua	Nc1nc(NCCC[NH+]2CCN(c3ccccc3)CC2)nc2nc(-c3ccco3)nn12	8.820	7.955	0.865
4rvt	CCCCCC(=O)c1c(O)c(-c2ccc(O)cc2)c[nH]c1=O	5.720	7.107	1.387
4flj	CO[C@@H](C(=O)NC[C@@H]1CCCN(C(=O)C2CC2)C1)[C@H](O)[C@@H](O)[C@H](O)/C=C/C(C)(C)C	5.130	6.219	1.089
3pdc	O=C(CC1CCCC1)Nc1nc2cc(Cl)ccc2o1	7.490	5.812	1.678
3kry	COCC[N@H+]1CC[C@@](C(=O)N=O)(S(=O)(=O)c2ccc(Oc3ccc(OC(F)(F)F)cc3)cc2)CC1	10.000	6.101	3.899
3g1m	O=C(Cc1cccs1)N1CCC(c2nc(-c3cccs3)no2)CC1	6.300	6.042	0.258
6cjy	O=C1NCc2cc(Nc3ncnc4[nH]cnc34)ccc21	7.640	6.147	1.493
5tkd	CNc1cc(Nc2cc(C)cc(C)c2)nn2c(C(N)=O)cnc12	8.150	5.477	2.673
4mp2	O=C(c1cc(Br)c(O)cc1O)N1Cc2ccccc2C1	5.450	4.406	1.044
5ddb	FC(F)c1nnc(N2CCN(c3ncnc4sc(CC(F)(F)F)cc34)CC2)s1	7.090	6.711	0.379
4hnc	O=C([O-])C(O)(c1ccccc1)c1ccccc1	3.170	4.903	1.733
6p5w	Cc1ccc([C@H]2c3c(C)nn(-c4ccccc4)c3N[C@@H](O)[C@H]2NC(=O)c2cccc(C)c2)cc1	5.290	6.651	1.361
6d6t	CCOC(=O)c1ncn2c1CN(C)C(=O)c1cc(F)ccc1-2	8.210	5.893	2.317
3gus	O=[N+]([O-])c1ccc(SCCCCCCO)c2nonc12	6.050	5.283	0.767
2f6z	CNC(=O)[C@@H]1Cc2ccc(NS(=O)(=O)[O-])cc2CN1C(=O)CCc1cccc(NS(=O)(=O)[O-])c1	5.320	5.858	0.538
5qae	O=C([O-])c1cccc(-c2cccc(F)c2)c1	3.620	4.768	1.148
4his	O=C([O-])c1ccc2nc(-c3cc(Cl)cc(Cl)c3)oc2c1	8.090	6.351	1.739
5v86	CCCC[N@H+]1CC[C@H](N(Cc2ccccc2)C(=O)Nc2ccc(Cl)c(Cl)c2)CC1	7.100	6.438	0.662
6q6y	O=S(=O)(Nc1cc(-c2ccccc2)cnc1Cl)c1ccccc1	6.000	5.510	0.490
4xub	Cc1cn(CCn2cnc(-c3cnn(C)c3)c2-c2ccc(C=N)cc2)nn1	5.970	5.797	0.173
5h14	Cc1cc(C)n(-c2cc(N3CCc4ccccc4C3)ccc2[N+](=O)[O-])n1	5.060	6.450	1.390
4w53	Cc1ccccc1	3.990	4.160	0.170
4lgu	C[NH2+][C@@H](C)C(=O)N[C@H](C(=O)N1C[C@H]2CCC[N@@H+]2C[C@H]1C(=O)N[C@@H]1CCOc2ccccc21)C1CCCCC1	8.680	8.254	0.426
4mw6	C=CCc1cc(Cl)cc(C[NH2+]CCCNC(=O)Nc2ccsc2)c1OCc1ccccc1	5.780	6.873	1.093
5xgh	Oc1cc(NCc2ccc(F)cc2)cc(-c2nc(N3CCOCC3)c3sccc3n2)c1	5.990	7.174	1.184
4b95	O=C(NCc1ccc(Cl)cc1)[C@@H]1C[C@@H](O)CN1C(=O)c1ccccc1Cl	4.280	4.841	0.561
5w5o	CN1CCN(CCOc2cc3ncc(-c4cc(N)nc(Cl)c4)n3cc2S(=O)(=O)C(C)(C)C)CC1	8.100	7.175	0.925
4ln7	Oc1cc(-c2ccc(F)cc2)c(-c2ccc(F)cc2)nc1O	7.390	6.167	1.223
6q39	[NH3+][C@@]1(C(=O)[O-])C[N@@H+](C[C@@H]2CCCC[NH2+]2)C[C@@H]1CCC[B-]([OH2+])([OH2+])[OH2+]	7.850	7.346	0.504
2n14	COc1ccc(C2=N[C@@H](c3cccc(Cl)c3)[C@@H](c3ccc(Cl)cc3)N2C(=O)N2CCNC(=O)C2)c(OC(C)C)c1	5.330	7.790	2.460
1bji	CCCN(CCc1ccccc1)C(=O)[C@@H]1OC(C(=O)[O-])=C[C@H]([NH3+])[C@H]1NC(C)=O	8.700	6.337	2.363
3e01	Cc1cc(C#N)cc(Oc2ccc(Cc3n[nH]c4nnccc34)cc2Br)c1	7.520	7.734	0.214
5g42	NC(=O)n1ccc2cc(Cl)ccc21	2.300	5.392	3.092
3s53	CC(C)CN(C[C@@H](O)[C@H](Cc1ccccc1)NC(=O)O[C@H]1CO[C@H]2OCC[C@@H]12)S(=O)(=O)c1ccc(N)cc1	9.640	9.803	0.163
4h4b	O=C1c2ccc(S(=O)(=O)[O-])cc2C(=O)c2ccc(S(=O)(=O)[O-])cc21	2.700	5.499	2.799
3rw9	N=CCCSC[C@H]1O[C@@H](n2cnc3c(N)ncnc32)[C@H](O)[C@@H]1O	5.960	5.405	0.555
4whq	Oc1ccc(F)cc1O	4.120	4.396	0.276
5ale	Oc1ccc(Cl)cc1-c1ccno1	5.950	4.806	1.144
5xmp	Cc1n[nH]c2c1[C@](c1cc(-c3ccc(S(=O)(=O)N(C)CC(F)(F)F)cc3)cc(C(F)(F)F)c1)(C(C)C)C(C#N)=C(N)O2	7.370	7.214	0.156
1x78	N#CCc1cc(O)cc2cc(-c3ccc(O)cc3)oc12	7.850	5.682	2.168
6f4x	Nc1ncnc2c([C@@H]3O[C@H](CO)[C@@H](O)[C@H]3O)n[nH]c12	4.970	4.975	0.005
5mxk	CC(=O)Nc1ccc2c(c1)CCCC2=O	3.390	5.449	2.059
2g1y	CCc1nc(N)nc(N)c1-c1ccc2c(c1)N(CCCOC)C(=O)C(C)(C)O2	7.050	6.731	0.319
5ech	C/C=C/CC[C@H]1C(=O)CC[C@@H]1CC(=O)[O-]	3.800	6.100	2.300
5wzs	Cc1c(C(=O)C(N)=O)c2c(OCC(=O)[O-])cccc2n1Cc1cccc2ccccc12	6.550	6.591	0.041
3pm1	CCN1c2cc(N)ccc2-c2ccc(N)cc2C1c1ccccc1	5.930	5.997	0.067
9abp	OC[C@H]1O[C@@H](O)[C@H](O)[C@@H](O)[C@H]1O	8.000	4.047	3.953
5lp6	COc1cc2c(c(OC)c1OC)-c1ccc(SC)c(=O)cc1[C@H](NC(C)=O)CC2	4.760	7.395	2.635
2y5l	O=C(Nc1ncc(Br)s1)NS(=O)(=O)c1cccc(Cl)c1	6.480	6.996	0.516
4ncm	C[C@H](Nc1nc(-c2c[nH]c3ncc(Cl)cc23)ncc1F)C(=O)N(C)C	7.000	7.560	0.560
4fs3	Cc1c(CN(C)C(=O)CCc2cnc3c(c2)CCC(=O)N3)oc2ccccc12	7.850	6.655	1.195
3usn	CNC(=O)[C@H](Cc1ccccc1)NC(=O)Nc1nnc(S)s1	6.150	6.052	0.098
6fgl	CC(=O)N(c1cc(O)ccc1C)c1cn(C(C)=O)c2ccccc12	4.620	5.976	1.356
3wyk	O=c1ccn(-c2cccc(C(F)(F)F)c2)nc1-c1ccnn1-c1ccccc1	7.640	6.982	0.658
2f18	OC[C@H]([NH2+]C[C@H]1[NH2+]C[C@H](O)[C@@H]1O)c1ccccc1	4.100	6.119	2.019
4mw5	COc1cc(Cl)cc(C[NH2+]CCCNC(=O)Nc2ccccc2)c1	7.350	6.717	0.633
1o0o	Nc1ncnc2c1ncn2C1OC(COP(=O)(O)O)C(O)C1OP(=O)(O)O	5.100	5.695	0.595
4p0w	CC1CCC[C@@H]2[C@@](C)(CC3=CC(=O)C=CC3=O)[C@H](C)CC[C@]12C	5.960	6.358	0.398
5up3	CC(C)n1cnnc1-c1cccc(N2Cc3ccccc3C2=O)n1	7.900	5.600	2.300
3t2t	CO[C@@H]1O[C@H](CO)[C@H](O)[C@H](OC(=O)c2ccc(C)cc2)[C@@H]1OC(C)=O	2.400	5.202	2.802
2ly0	c1csc(-c2cc(C[NH2+][C@]34C[C@H]5C[C@H](C[C@H](C5)C3)C4)no2)c1	4.800	5.432	0.632
6guf	CCn1cnc2c(Nc3cccc(Cl)c3)nc(N[C@@H]3CCCC[C@@H]3[NH3+])nc21	6.650	5.986	0.664
6fmk	CC(=O)N[C@@H](C)C(=S)N1C[C@H](O)C[C@H]1C(=S)NCc1ccc(-c2scnc2C)cc1	4.670	6.522	1.852
1bqm	COc1ccc2c(c1)N(C(=O)OC(C)C)[C@@H](CSC)C(=S)N2	7.350	6.524	0.826
1qw7	CCOP(=O)(Cc1ccc(C)cc1)OCC	3.600	4.848	1.248
3ewz	N#Cc1cn(C2OC(COP(=O)(O)O)C(O)C2O)c(=O)[nH]c1=O	4.100	5.633	1.533
4p0x	CC(C)C1=CC2=CC(=O)[C@H]3C(C)(C)CCC[C@]3(C)C2=C(O)C1=O	5.920	5.155	0.765
2nv7	O/N=C/c1ccc(-c2ccc(O)cc2)c2ccccc12	8.300	5.297	3.003
4dve	O=C([O-])CCCC[C@@H]1SC[C@@H]2NC(=O)N[C@H]12	9.520	8.240	1.280
6ge0	COc1cccc([C@@H](C)NC(=O)CN2Cc3ccc(-c4nc(NC5CCOCC5)ncc4Cl)cc3C2=O)c1	8.680	9.161	0.481
4od9	COc1ccc(CNC(=O)[C@@H](Cc2ccccc2)NC(=[NH2+])NC(=O)Cc2ccc(OC)c(OC)c2)cc1OC	7.240	7.150	0.090
3dcq	CC[C@H](NC(=O)C[C@@H]1O[C@@H](C)[C@@H](O)[C@@H](O)[C@@H]1O)C(=O)N1CCC[C@H]1C(=O)N[C@@H](CC(C)C)C(N)=O	5.230	6.267	1.037
5nib	CCS(=O)(=O)c1ccc(CC(=O)Nc2cc(-c3cccnc3OCc3cccc(C#N)c3)cs2)cc1	7.720	7.222	0.498
3i3d	CC(C)S[C@@H]1O[C@H](CO)[C@H](O)[C@H](O)[C@H]1O	1.990	4.958	2.968
4n7e	Cc1cccc(NC(=O)c2ccc(C(F)(F)F)cc2C(=O)[O-])n1	6.480	5.511	0.969
4p4j	O=C(O)CCC(NP(=O)(O)OCC(NC(=O)c1ccccc1)C(=O)O)C(=O)O	6.150	6.053	0.097
2g79	CC1=C(/C=C/C(C)=C/C=C/C(C)=C/C=O)C(C)(C)CCC1	6.920	5.599	1.321
3lk0	C[N+](C)CCCN1c2ccccc2Sc2ccc(Cl)cc21	3.160	5.399	2.239
5ai4	CN(CCO)c1ccc(Br)cn1	3.470	4.935	1.465
3zs0	O=c1[nH]c(=S)n(Cc2ccc(F)cc2)c2[nH]cnc12	6.700	5.538	1.162
5fbe	COC(=O)c1ccccc1CNC(=O)N1CCC[C@H]1C(=O)Nc1cccc(OC(F)(F)F)c1	4.850	6.075	1.225
4yhq	CC(C)CN(C[C@@H](O)[C@H](Cc1ccccc1)NC(=O)O[C@H]1CO[C@H]2OCC(F)(F)[C@H]21)S(=O)(=O)c1ccc(N)cc1	8.770	9.962	1.192
4x7h	COc1cc2nccc(Oc3ccc(NC(=O)c4c(-c5ccncc5)n(C)n(-c5ccccc5)c4=O)nc3)c2cc1OC	7.380	7.527	0.147
4p4i	O=C(O)CCC(NP(=O)(O)OCC(NC(=O)c1ccccc1)C(=O)O)C(=O)O	7.460	6.007	1.453
4q9m	Cc1onc(-c2ccccc2Cl)c1C(=O)Nc1ccc(C(C)C)cc1	7.180	5.258	1.922
5tjx	Cc1nc(N)cc2c1CNC(=O)c1cnn(c1)Cc1ccc(Cn3cccn3)cc1OCCC/C=C/CCO2	6.820	7.765	0.945
7cpa	CC(C)C(NC(=O)C(Cc1ccccc1)NC(=O)OCc1ccccc1)P(=O)(O)OC(Cc1ccccc1)C(=O)O	13.960	5.595	8.365
4l7b	O=C([O-])[C@H]1CCCC[C@H]1C(=O)N1CCc2ccccc2[C@H]1CN1C(=O)c2ccccc2C1=O	5.640	6.399	0.759
4pkw	CNC(=O)[C@H](Cc1c[nH]c2ccccc12)NC(=O)[C@@H](CC(=O)NO)CC(C)C	4.650	6.688	2.038
6f5u	CC(C)COC[C@@H](CN(Cc1ccccc1)c1ccccc1)[NH+]1CC=CC1	3.540	5.997	2.457
5ai8	Cc1ccc2nc(N)sc2c1	3.900	4.417	0.517
4dxj	CCC[NH2+]CC(P(=O)(O)O)P(=O)(O)O	7.420	6.209	1.211
3st6	C=C(O[C@H]1C=CC=C(C(=O)[O-])C1=O)C(=O)[O-]	3.620	5.015	1.395
3njq	O=C([O-])c1ccc(NC(=O)c2cccc(CC3CCCCC3)n2)c(Cc2ccccc2)c1	4.890	6.999	2.109
6nt2	CCOCC1(COCC)CCC(c2[nH]ncc2C[N@@H+](C)CC[NH2+]C)CC1	8.820	7.042	1.778
1xo2	O=c1c(O)c(-c2ccc(O)c(O)c2)oc2cc(O)ccc12	6.070	5.720	0.350
5yzc	NC(=O)c1ccc([N+](=O)[O-])cc1NC(=O)Cc1ccccc1	5.520	5.299	0.221
4gjc	Cc1ccc(S(=O)(=O)N[C@H]2C[NH2+]C[C@@H](C(=O)NCC3c4ccccc4Oc4ccccc43)C2)cc1	7.050	6.270	0.780
5ezh	O=C(NCC1CCN(c2ccccn2)CC1)N1CCCC1	4.620	5.924	1.304
2v10	CC/C=C/NC(=O)[C@H](C)C[C@H](O)[C@@H]([NH3+])C[C@H](Cc1ccc(OC)c(OCCCOC)c1)C(C)C	9.400	8.302	1.098
5lyw	Cc1ccccc1OC[C@H]1CCCN1c1ncnc2nc[nH]c12	6.150	5.463	0.687
4umj	CCCCC[NH+](C)CCC(O)(P(=O)(O)O)P(=O)(O)O	5.570	5.930	0.360
4bds	Nc1c2ccccc2nc2ccccc12	7.600	4.870	2.730
2gga	O=C(O)C[NH2+]CP(=O)(O)O	1.960	5.066	3.106
4m4q	O=c1[nH]c(-c2ccc(F)cc2)c(-c2ccc(-c3nnn[nH]3)cc2)cc1O	7.960	5.981	1.979
4edz	Cc1cc2ccccc2c(-c2ccc(C(=O)NCC[N+]3CCOCC3)cc2)n1	8.080	7.030	1.050
5qb1	CC(=O)Nc1cccc(-c2cc(C(=O)[O-])cc(-c3cccc(NC(C)=O)c3)c2)c1	4.700	4.355	0.345
1hww	O[C@@H]1[C@H](O)C[N@H+]2CCC[C@@H](O)[C@H]12	7.700	5.429	2.271
6drx	CCN(CC)C(=O)N[C@H]1C=C2c3cccc4[nH]cc(c34)C[C@H]2[N@H+](C)C1	9.240	6.839	2.401
3t0l	O=C(COc1ccccc1P(=O)(O)O)Nc1ccccc1C(F)(F)F	4.520	5.481	0.961
3gyn	CC(C)CC[C@]1(C)CN(C2CCCC2)C(=O)C(C2=Nc3ccc(NS(C)(=O)=O)cc3S(=O)(=O)N2)=C1O	7.210	8.477	1.267
5eml	O=C(COc1cccc2cccnc12)NC[C@@H](O)C[N@@H+]1CCc2ccccc2C1	7.640	6.259	1.381
6r12	O=C1C[C@H](NC(=O)Cc2ccccc2)C(=O)N1	4.400	5.140	0.740
5lws	Cc1c(C=O)c(-c2nnc3c4c(C[n+]5cc6c(C)n(C)c(C)c6c(Cl)n5)n(C)c(C)c4cnn23)c(C)n1C	3.940	7.217	3.277
1agw	O=CN1CCN(c2ccc(/C=C3\C(=O)Nc4ccccc43)cc2)CC1	4.700	6.134	1.434
1avd	O=C([O-])CCCC[C@@H]1SC[C@@H]2NC(=O)N[C@H]12	15.000	8.133	6.867
1tkc	Cc1nc(C)c(C[n+]2csc(CCOP(=O)(O)OP(=O)(O)O)c2C)c(N)n1	4.850	7.178	2.328
6f7i	CO[C@@H](C)c1c(NC(=O)Nc2cnc(C(=O)N3CCCC3)c(Cl)c2)cnc2cc(Cl)nn12	7.850	6.730	1.120
4g55	O=C1N/C(=N/S(=O)(=O)c2cccc3ccccc23)S/C1=C\c1ccc(Br)cc1	4.920	5.683	0.763
1oxq	CC[C@H](C)[C@H](NC(=O)[C@@H]1CCCN1C(=O)[C@@H](NC(=O)[C@H](C)[NH3+])C(C)C)C(=O)[O-]	6.300	5.240	1.060
1meu	O=C1N(Cc2ccc(CO)cc2)[C@H](Cc2ccccc2)[C@H](O)[C@@H](O)[C@@H](Cc2ccccc2)N1Cc1ccc(CO)cc1	6.100	6.559	0.459
3o9h	CCC(CC)CN(C[C@@H](O)[C@H](Cc1ccccc1)NC(=O)O[C@H]1CO[C@H]2OCC[C@@H]12)S(=O)(=O)c1ccc2c(c1)OCO2	12.100	9.748	2.352
5wqk	Cc1cc(=O)nc(SCC(=O)c2cccc3ccccc23)[nH]1	6.300	5.512	0.788
5qaz	O=C([O-])c1cccc(-c2ccc3[nH]ccc3c2)c1	3.400	4.699	1.299
1nd5	O=P(O)(O)C([NH2+]Cc1ccccc1)c1ccccc1	8.400	5.751	2.649
5ceo	N#Cc1ccnc(Nc2cc([C@H]3CC[N@H+](C4COC4)CC3)cc(N3CCC(F)(F)C3)n2)c1	9.300	7.032	2.268
3nf9	O=C([O-])c1c(CN2C(=O)Cc3ccc(Cl)cc32)ccc2c1OCO2	3.540	4.858	1.318
3vtc	C=C1[C@H](O)CC(=C/C=C2\CCC[C@@]3(C)[C@H]2CC[C@@H]3[C@H](C)CC#C[C@H](O)C[C@]23C[C@H]4C[C@H](C[C@H](C4)C2)C3)C[C@H]1O	7.890	7.643	0.247
3aje	C[C@@H](O)[C@H]([NH3+])C(=O)[O-]	5.030	4.232	0.798
5i89	C[C@@H]1CC(=O)Nc2cccc(-c3ccc4c(c3)c(C3CC3)nn4C)c2N1	7.480	7.931	0.451
4p4f	O=C(O)CCC(NP(=O)(O)OCc1ccc(-c2ccccc2)cc1)C(=O)O	6.770	6.877	0.107
4pnw	O=C(Cn1c2c(c3cc(Br)ccc31)CC[C@@H](C(=O)[O-])C2)N[C@@H](Cc1ccccc1)C(=O)[O-]	5.050	6.193	1.143
3wi2	CC(C)c1nc2ccc(OCc3ccc4ccccc4n3)cc2n1-c1ccccc1	7.040	7.533	0.493
5enb	Cc1ccccc1NC(N)=S	3.110	4.047	0.937
3dtc	CC(C)Oc1ccc2c(ccc3c2c2c(c4c5ccccc5n(CCO)c34)C=NC2=O)c1	7.590	7.965	0.375
4w57	CCCCc1ccccc1	4.850	5.468	0.618
4kxm	CC(C)=CCNc1ncnc2c1ncn2C1OC(COP(=O)(O)O)C(O)C1O	5.590	5.717	0.127
4hbn	Nc1ncnc2c1ncn2C1OC2COP(=O)(O)OC2C1O	6.100	5.635	0.465
4b12	Cc1c(C(=O)CCc2ccccc2)oc2cccc(OC3CC[NH2+]CC3)c12	4.990	6.187	1.197
5w8h	O=C([O-])c1csc(-n2nc(-c3ccc(F)cc3)cc2C(F)(F)F)n1	4.630	6.411	1.781
1vea	[NH3+]C(Cc1cnc[nH]1)C(=O)Nc1ccc2ccccc2c1	7.520	6.155	1.365
5j71	O=S(=O)(c1ccc(O)cc1O)N1Cc2ccc(NC3CC[NH2+]CC3)cc2C1	6.960	6.750	0.210
2ban	CCc1c(C)[nH]c(=O)c(N(C)CCOC)c1Cc1cccc(C)c1	9.000	6.587	2.413
3oe6	CC1(C)C[n+]2c(CS/C(=N/C3CCCCC3)NC3CCCCC3)csc2N1	8.090	6.938	1.152
2onc	N#Cc1ccccc1Cn1c(N2CCC[C@@H]([NH3+])C2)[nH+]c2ccccc2c1=O	7.890	8.088	0.198
1kyn	O=C(c1ccc2ccccc2c1)C(c1cccc2ccccc12)P(=O)(O)O	5.390	5.939	0.549
6kjf	CCC(C)(C)C(=O)O[C@H]1C[C@@H](C)C=C2C=C[C@H](C)[C@H](CC[C@@H](O)C[C@@H](O)CC(=O)[O-])[C@H]21	4.970	7.564	2.594
6oxu	CC[C@H](C)CN(C[C@@H](O)[C@H](Cc1ccccc1)NC(=O)O[C@H]1CO[C@H]2OCC[C@@H]12)S(=O)(=O)c1ccc([C@@H](C)O)cc1	10.020	11.091	1.071
2oph	CC(=O)N(C)[C@H]1CC[C@H]([C@H](C)[C@H]([NH3+])C(=O)N2CC[C@H](F)C2)CC1	7.800	6.457	1.343
3w0l	O=C(CO)C(O)C(O)C(O)COP(=O)(O)O	7.020	5.411	1.609
5boy	CCOC(=O)c1cc2cc(-c3cncn3C)ccc2[nH]1	5.600	6.109	0.509
2wxp	CS(=O)(=O)N1CC[NH+](Cc2cc3nc(-c4cccc5n[nH]cc45)nc(N4CCOCC4)c3s2)CC1	8.520	9.175	0.655
3s9y	Nc1c(F)c(=O)[nH]c(=O)n1C1OC(COP(=O)(O)O)C(O)C1O	6.440	5.491	0.949
4lw1	O=C([O-])c1ccc(-c2ccc(F)c(Cl)c2)o1	3.150	4.562	1.412
3n5h	O=C([O-])Cc1c(C(=O)[O-])[nH]c2c(Cl)ccc(Cl)c12	5.700	5.565	0.135
2iiv	C[C@@H]1C(=O)NCCCN1C(=O)C[C@H]([NH3+])Cc1cc(F)c(F)cc1F	8.180	6.456	1.724
5xmr	Cc1n[nH]c2c1[C@](c1cc(-c3ccc(S(=O)(=O)Cc4ccccc4)cc3)cc(C(F)(F)F)c1)(C(C)C)C(C#N)=C(N)O2	7.610	7.198	0.412
4m5m	[NH2+]=c1[nH]c(=S)c2[nH]cnc2[nH]1	4.740	4.579	0.161
5diq	O=C([O-])c1ccccc1OCc1cccc2ccccc12	5.170	4.929	0.241
6sal	O=C([O-])c1ccc(NCc2c(-c3c(Cl)cccc3C(F)(F)F)noc2-c2cc[nH]c2)cc1	6.580	6.025	0.555
3lq4	Cc1ncc(C[n+]2csc(CCOP(=O)(O)OP(=O)(O)O)c2C)c(N)n1	5.220	6.095	0.875
3tkm	Cc1cc(SCc2sc(-c3ccc(C(F)(F)F)c(F)c3)nc2C)ccc1OCC(=O)[O-]	9.000	6.870	2.130
5kdr	CCCCCC(=O)N[C@@H](CC(=O)N[C@H](C(=O)[C@@H]1C(=O)NC(=O)[C@H]1C)C(C)C)c1ccccc1	8.300	7.334	0.966
5dva	O=C([O-])c1cccc(-c2ccncc2)c1	3.550	4.804	1.254
5kya	CC(C)[C@@H]1c2nn(-c3cccc(S(C)(=O)=O)c3)cc2CN1c1ncc(CO)c(C(F)(F)F)n1	8.220	6.725	1.495
4az3	Cc1ccccc1[C@H](CC(=O)[O-])NC(=O)c1cc(OC[C@H](O)C(C)(C)C)n(-c2ccccc2F)n1	8.300	7.053	1.247
4yxd	CC(C)Oc1cccc(NC(=O)c2ccccc2C(F)(F)F)c1	4.340	6.123	1.783
2fq6	Cc1ncc(COP(=O)(O)O)c(/C=N/NC(=O)CNC(=O)c2ccccc2C(F)(F)F)c1O	7.100	6.066	1.034
3kc3	Nc1nccc(Nc2cc(-c3cc4ccccc4o3)c3[nH]ncc3c2)n1	6.800	8.811	2.011
4p4e	O=C(O)CCC(NP(=O)(O)OCCCCc1ccccc1)C(=O)O	6.740	6.554	0.186
3lm1	CC(=O)N[C@H]1[C@@H](Oc2ccc([N+](=O)[O-])cc2)O[C@H](CO)[C@H](O)[C@@H]1O	4.700	5.528	0.828
6m7i	Nc1c(-c2nn[nH]n2)cnn1-c1ccc(Cl)cc1Cl	3.410	5.677	2.267
6h7m	CC(C)(C)[NH2+]C[C@H](O)c1ccc(O)c(CO)c1	7.800	4.765	3.035
3vrw	C=C1[C@H](O)CC(=CC[C@H]2CCC[C@@]3(C)[C@H]2CC[C@@H]3[C@H](C)[C@@H](CCCC)CC(O)(CC)CC)C[C@H]1O	9.390	9.605	0.215
5trs	COC[C@H](NC(=O)[C@H](CC(=O)NOC(C)(C)C)NC(=O)c1cc(C)on1)C(=O)NCc1cccc2ccccc12	8.000	6.219	1.781
3qup	O=C(c1cc2cc(F)ccc2[nH]1)N1C[C@]2(CC[N@@H+]([C@@H]3CCC[NH2+]C3)C2)c2ccccc21	6.320	6.310	0.010
5myn	Clc1ccc(Nc2nc(-c3ccccn3)cs2)nc1	4.520	5.595	1.075
5ajz	N#Cc1c[nH]c2ccc(Oc3ccc(NC(=O)C[NH3+])cc3)cc12	5.700	5.407	0.293
3sm0	CNc1nc2cc3c(=O)[nH]cnc3c(CC[NH2+]CC3CCCC3)c2[nH]1	6.130	8.659	2.529
6fne	Cc1ccc2c(c1[N+](=O)[O-])C(=O)C[C@@H](C(F)(F)F)O2	5.520	4.955	0.565
5zk3	O=C(O[C@H]1C[N@H+]2CC[C@@H]1CC2)C(O)(c1ccccc1)c1ccccc1	8.740	6.791	1.949
1v0n	O[C@H]1[C@H](O)CO[C@@H](O[C@@H]2CC[NH2+]C[C@H]2O)[C@@H]1O	7.550	5.588	1.962
6qyp	CCc1sc2ncnc(O[C@H](Cc3ccccc3)C(=O)[O-])c2c1-c1cc(N2CC[NH+](C)CC2)c(O)c(Cl)c1C	7.150	7.304	0.154
4ezk	CC(C)(O)[C@H]1CC[N@H+](Cc2ccc3nc(-c4cccc5n[nH]cc45)nc(N4CCOCC4)c3n2)CC1	8.200	8.824	0.624
3oyn	CCN1C[C@H](C)n2c(c(O)c3c(=O)n(Cc4ccc(F)c(Cl)c4)nc(C(=O)NC)c32)C1=O	7.600	7.576	0.024
1u3s	Oc1ccc2cc(-c3noc4cc(O)ccc34)ccc2c1	8.850	5.914	2.936
3wab	[NH3+]CCCCC[C@@H](CS)C(=O)[O-]	7.470	5.455	2.015
5ksx	Cc1ccc(-c2cc3c(NC(Cc4ccccc4)C(=O)NP(=O)(O)O)ncnc3s2)cc1	5.430	6.221	0.791
1ax2	CC(=O)N[C@H]1[C@@H](O)O[C@H](CO)[C@@H](O[C@@H]2O[C@H](CO)[C@H](O)[C@H](O)[C@H]2O)[C@@H]1O	3.990	4.802	0.812
5l4e	CCC[C@@H](C)C1(CC)C(=O)NC(=S)NC1=O	4.610	5.107	0.497
4ahv	[NH3+]Cc1ccccc1-n1cccn1	1.820	4.448	2.628
6j06	Cc1ccc(C/C(=C\COP(=O)(O)OP(=O)(O)O)CO)cc1	6.590	4.651	1.939
2zmj	C=C1[C@H](O)CC(=C/C=C2\CCC[C@@]3(C)[C@H]2CC[C@@H]3[C@@H](C)/C=C/C[C@@H](O)C[C@]23C[C@H]4C[C@H](C[C@H](C4)C2)C3)C[C@H]1O	7.520	7.289	0.231
3km4	C[NH2+]C[C@H](CC1CCCCC1)NC(=O)N1CCC[C@@H]([C@@](O)(CCCNC(C)=O)c2cccc(Cl)c2)C1	8.890	8.009	0.881
4x7o	Cc1nc(N)c2c(-c3ccc4c(ccn4C(=O)Cc4cc(F)cc(C(F)(F)F)c4)c3)cn(C)c2n1	8.700	8.280	0.420
6e0q	C=C1C=C(O)C(=O)C(O)C=C1C(=O)[O-]	8.100	4.809	3.291
5ewh	Oc1cccc2cnccc12	3.770	4.721	0.951
1xz8	O=c1ccn(C2OC(COP(=O)(O)O)C(O)C2O)c(=O)[nH]1	4.520	4.645	0.125
6h1i	Cc1ccc2cc(C(=O)Nc3cc(NC(=O)c4ccc5c(c4)OCCO5)ccc3C)ccc2n1	7.360	6.201	1.159
4eg5	O=C1C/C(=N\CCC[NH2+]Cc2cc(Cl)cc(Cl)c2)Nc2ccccc21	8.100	6.658	1.442
5ajy	Cn1cc(-c2c[nH]c3ccc(Oc4ccc(NC(=O)C[NH3+])cc4)cc23)cn1	6.300	6.408	0.108
5pzn	CNC(=O)c1c(-c2ccc(F)cc2)oc2ccc(-c3cccc(C(=O)NC(C)(C)C)c3)cc12	7.390	5.548	1.842
5e80	Cc1c(Cl)cccc1NC(=O)CCCn1nc(C)c2c(C)n(-c3ccccc3)nc2c1=O	8.300	6.856	1.444
2q93	COc1ccccc1-c1ccc(C(=O)[O-])o1	6.250	4.691	1.559
5lz2	N#Cc1cccc(S(=O)(=O)NC2CC2)c1	3.000	6.322	3.322
4y85	Nc1nnc(-c2c[nH]c3ncc(-c4c[nH]c5ccccc45)cc23)o1	7.890	5.897	1.993
1y2f	Cc1ccc(Nc2nccc(-c3ccnc(N4CC[NH+](CC[NH3+])CC4)c3)n2)cc1Cl	4.920	6.368	1.448
2z7g	CCCCCC[C@H]([C@H](C)O)n1cnc2c(N)ncnc21	8.950	6.941	2.009
5lsc	O=C(CSc1nnc(-c2ccccc2C(=O)[O-])[nH]1)Nc1nc2ccccc2s1	4.700	6.019	1.319
3peq	CCCCN(c1cccc(-c2ccc(SC)cc2)c1C)S(=O)(=O)c1ccc(OCC(=O)[O-])c2ccccc12	7.500	7.016	0.484
6ew6	Nc1ncnc(Nc2ccccc2Cl)n1	3.080	5.952	2.872
1rs4	Nc1nc2nn(-c3cccc(C(=O)NCc4cc(Cl)cc(Cl)c4)c3)nc2c(=O)[nH]1	7.170	6.554	0.616
4fe6	C/N=C(\C)C1C(=O)Nc2ccc(S(=O)(=O)N(CC(C)C)C[C@@H](O)[C@H](Cc3ccccc3)NC(=O)O[C@H]3CO[C@H]4OCC[C@@H]34)cc21	10.000	10.986	0.986
6ob0	N#Cc1cc(-c2ccc3c(c2)Oc2ccccc2C=C3C(=O)NCC[NH+]2CCOCC2)ccc1O	4.960	7.122	2.162
2q94	O=C([O-])c1ccc(-c2ccccc2OC(F)(F)F)o1	6.430	4.845	1.585
6oco	N#Cc1cnc(-c2cccnc2)nc1N1C[C@@H]2C[C@H]1CN2c1cccc(Cl)c1	6.320	6.835	0.515
5trj	O=C([O-])COc1ccccc1C(=O)Nc1c(OCc2ccc(Cl)cc2)cccc1C(=O)[O-]	5.920	6.067	0.147
6i10	O=C1c2cnn([C@@H]3CCS(=O)(=O)C3)c2NCN1Cc1ccc(Cl)c(Cl)c1	4.530	7.338	2.808
1tkt	CCCc1c(OC2CCCCC2)c2cc(Cl)ccc2[nH]c1=O	6.150	7.136	0.986
4mk7	COc1ccc(-c2ccc[nH]c2=O)cc1C(C)(C)C	6.360	5.790	0.570
6o0h	COC(=O)c1cc(Cl)c(O)c(S(=O)(=O)Nc2cc(-c3ccccc3)c(F)cc2F)c1	8.150	6.668	1.482
5two	O=C(NCc1ccccc1)c1ccc2c(ccn2Cc2ccc(Cl)c(F)c2)c1	8.090	6.134	1.956
6fiv	CC(C)[C@H](NC(=O)[C@H](C)NC(=O)OCc1ccccc1)C(=O)N[C@H](CO)Cc1ccccc1	8.080	6.789	1.291
3e0q	[NH3+]C1[NH2+]C(O)NC(=O)C1Br	5.890	5.435	0.455
2cnh	CN1CCOc2cc(S(=O)(=O)N[C@@H](Cc3ccc([C@@H]4CC(=O)NS4(=O)=O)cc3)c3nc4ccccc4[nH]3)ccc21	7.230	8.460	1.230
1c2t	Nc1nc2ccc(C[C@H](C(=O)[O-])c3ccc(C(=O)N[C@@H](CCC(=O)[O-])C(=O)[O-])cc3)cc2c(=O)[nH]1	6.590	6.760	0.170
2vj1	O=Cc1ccccc1	5.300	4.234	1.066
5n20	CC(=O)Nc1cc(Nc2cc(NC3C=C3)n3ncc(C#N)c3n2)ccc1N1CC[C@@H]([NH+](C)C)C1	4.210	8.441	4.231
5k0s	Oc1cc(NCCC[NH2+]Cc2cc(Cl)cc(Cl)c2)nc2ccccc12	8.220	7.483	0.737
4wuy	Cc1cn(CC[NH+]2CCN(c3ccccc3-c3cc(C#N)cc(C(=O)NCCC[NH+]4CCCC4)c3)CC2)c2ccccc12	7.820	7.535	0.285
4kb7	CNC(=O)c1c(-c2ccc(F)cc2)oc2cc(N(CC[C@H]3OB([OH2+])c4ccccc43)S(C)(=O)=O)c(C3CC3)cc12	7.490	8.298	0.808
3vp4	CCc1nnc(N)s1	4.730	4.646	0.084
5n49	Cc1cc2c(cc1N1C(=O)c3cccc4cccc(c34)C1=O)n(C)c(=O)n2C	6.330	5.079	1.251
2yln	[NH3+][C@@H](CS)C(=O)[O-]	7.680	4.398	3.282
6qyo	CCc1sc2ncnc(O[C@H](Cc3ccccc3)C(=O)[O-])c2c1-c1ccc(OCC[N@H+]2CC[N@H+](C)CC2)c(Cl)c1C	7.520	7.482	0.038
1me7	NC(=O)c1ncn(C2OC(COP(=O)(O)O)C(O)C2O)n1	7.190	5.236	1.954
1q9d	CCC[C@@H](C(=O)NCCc1ccc(O)cc1)N1C(=O)[C@@H]2Cc3ccccc3CN2C(=O)[C@@H]1Cc1ccc(O)cc1	4.600	6.564	1.964
5oah	O=C(NCCCC[C@H](NC(=O)c1cccc(O)c1O)C(=O)[O-])c1cccc(O)c1O	8.310	5.394	2.916
5djp	O=C([O-])c1cc2c(-c3cccc4ccccc34)cccc2[nH]1	5.150	4.977	0.173
5alk	CCCCc1nc2n[nH]c(N)c2c2c1CSC(C)(C)C2	6.600	6.381	0.219
6mo0	[NH3+]Cc1ccc(-c2ncc(OCC3CC[NH2+]CC3)nc2-c2ccc(-c3ccoc3)cc2)cc1	6.230	6.885	0.655
5aia	O=C([O-])c1cc(C2CCCCC2)ccc1O	5.200	5.311	0.111
4hvb	Cc1ccc(-c2ccc3ncc4c(c3n2)n(C2CCN(C(=O)[C@H](C)O)CC2)c(=O)n4C)cn1	9.950	7.098	2.852
3eyl	CC[C@H]([NH3+])C(=O)N[C@@H]1C(=O)N2[C@H](CC[C@H]2C(=O)NC(c2ccccc2)c2ccccc2)CC[C@@H]1CC[NH3+]	6.600	6.824	0.224
3mg6	COc1ccc2c(c1)[C@H](CC(=O)N[C@H](C(=O)N[C@@H](CCc1ccccc1)C(=O)NCc1ccc(C)cc1)[C@@H](C)O)CC2=O	7.890	7.743	0.147
3fqk	CNC(=O)c1c(-c2ccc(F)cc2)oc2cc(N(CCO)S(C)(=O)=O)c(C3CC3)cc12	7.090	7.798	0.708
6oxt	CC[C@H](C)CN(C[C@@H](O)[C@H](Cc1ccccc1)NC(=O)O[C@H]1CO[C@H]2OCC[C@@H]12)S(=O)(=O)C1CCC([C@H](C)O)CC1	9.950	9.830	0.120
5xmv	Cc1n[nH]c2c1[C@](c1cc(-c3ccccc3Cl)cc(C(F)(F)F)c1)(C(C)C)C(C#N)=C(N)O2	7.680	6.453	1.227
4zg9	O=C([O-])CCN1C(=O)[C@@H]2Cc3c(n(Cc4ccc(F)cc4)c4ccccc34)CN2C1=O	7.590	5.849	1.741
1r5g	CCSCC[C@@H]([NH3+])[C@H](O)C(=O)N[C@@H](C)c1cccc2ccccc12	7.520	5.774	1.746
1utt	CN1c2ccc([C@H]3CN(Cc4ccccc4)C(=O)CO3)cc2CS1(=O)=O	4.000	6.716	2.716
2zis	Cn1cncc1[C@@](O)(c1ccc(C#N)cc1)c1cc2cc([N+](=O)[O-])cc(-c3cccc(C#N)c3)c2o1	8.550	7.754	0.796
3q92	CSc1ccccc1Nc1nc(N2CC[NH2+]CC2)nc2c(NCC3CC3)ncnc12	7.920	7.277	0.643
2v12	CCCCNC(=O)[C@H](C)C[C@H](O)[C@@H]([NH3+])C[C@H](CNC(=O)c1ccccc1OCCCOC)C(C)C	9.050	6.747	2.303
4cd6	OC[C@H]1O[C@@H](O[C@H]2[C@H](O)C[NH2+]C[C@@H]2CO)[C@@H](O)[C@@H](O)[C@@H]1O	3.590	5.593	2.003
4j4o	CCc1ccccc1NC(=O)CSc1nc2cccnc2[nH]1	6.900	5.671	1.229
2tsr	Cc1nc2ccc(CN(C)c3ccc(C(=O)N[C@@H](CCC(=O)[O-])C(=O)[O-])s3)cc2c(=O)[nH]1	7.540	6.813	0.727
2q9y	CC[N+](CC)(CC)Cc1ccccc1	4.440	4.530	0.090
3vva	C/C(=C\Cc1c(O)c(Cl)c(C)c(C=O)c1O)CC/C=C(\C)[C@H](C)O	9.320	6.478	2.842
6bg3	C[C@@H](O)O[C@H]1C[N@@H+](Cc2ccccc2)CC[C@@H]1NC(=O)Nc1cccc(C(F)(F)F)c1	4.920	6.821	1.901
2i47	CC#CCOc1ccc(S(=O)(=O)CC2(C(=O)NO)CCN(S(=O)(=O)c3c(C)noc3C)CC2)cc1	8.660	7.830	0.830
2clo	O=P(O)(O)OCCNS(=O)(=O)c1ccc2ccccc2c1	4.060	5.381	1.321
1hqh	[NH2+]=C(N=O)NCC[C@H]([NH3+])C(=O)[O-]	6.300	5.131	1.169
4mm9	COCCCC[C@@H]([NH2+]OCC[NH3+])c1ccc(C(F)(F)F)cc1	5.680	6.443	0.763
2j9h	CCCCCCSC[C@H](NC(=O)CC[C@H]([NH3+])C(=O)[O-])C(=O)NCC(=O)[O-]	3.390	5.825	2.435
3m8q	Cc1cc(C#N)cc(C)c1Oc1ccnc(NC2CC[N+](Cc3ccc(S(C)(=O)=O)cc3)CC2)n1	9.520	6.980	2.540
2euf	CC(=O)c1c(C)c2cnc(Nc3ccc(N4CC[NH2+]CC4)cn3)nc2n(C2CCCC2)c1=O	7.820	8.315	0.495
4q0a	C[C@H](CCC(=O)[O-])[C@H]1CC[C@H]2[C@@H]3CC[C@@H]4C[C@H](O)CC[C@]4(C)[C@H]3CC[C@@]21C	6.480	6.084	0.396
3t1l	CO[C@@H]1O[C@H](CO)[C@H](O)[C@H](OC(=O)c2ccc(C)cc2)[C@@H]1OC(C)=O	3.260	5.178	1.918
4tmr	COC(=O)c1ccc(-c2cc(C#N)cc([C@@]3(C(C)C)C(C#N)=C(N)Oc4[nH]nc(C)c43)c2)s1	7.220	6.245	0.975
4bkz	[NH3+]CCCNC(=O)c1n[nH]c2c1ccc1n[nH]c(Nc3cccc(F)c3)c12	7.570	7.357	0.213
6hrw	O=C1C[C@@H]2CC[C@H](C1)[N@@H+]2CCc1ccc(Cl)cc1	6.000	5.585	0.415
1e72	OC[C@H]1[NH+]=C(NO)[C@H](O)[C@@H](O)[C@@H]1O	3.220	5.434	2.214
3zxv	COc1ccc2cc(-c3nc(C(C)(C)C)[nH]c3-c3ccnc(N)c3)ccc2c1	7.310	7.076	0.234
1r58	CC(C)SCC[C@@H]([NH3+])[C@H](O)C(=O)NNC(=O)c1cccc(Cl)c1	6.960	6.612	0.348
5l8t	Cc1ncccc1N[C@@H]1CCCS(=O)(=O)C1	3.550	5.213	1.663
4k3k	CC(C)CCC(=O)N[C@@H](Cc1ccccc1)C(=O)[O-]	2.350	5.265	2.915
1hge	CO[C@]1(C(=O)[O-])C[C@H](O)[C@@H](NC(C)=O)[C@H]([C@H](O)[C@H](O)CO)O1	2.270	5.371	3.101
3oad	COCCc1ccc(Cl)c(CN(C(=O)[C@H]2C[NH2+]CC[C@]2(O)c2ccc(OCCOc3c(Cl)cc(C)cc3Cl)nc2)C2CC2)c1	9.620	8.883	0.737
5y6d	C[C@H](CS)C(=O)N[C@@H](C(=O)[O-])c1ccc(F)cc1	7.260	5.199	2.061
5ml8	O=S(=O)(c1ccc(S(=O)(=O)N(Cc2ccc(Cl)cc2)C2CCCC2)cc1)N(Cc1ccccc1)CC1CC[NH2+]CC1	8.100	7.077	1.023
3qzq	CCOC(=O)CC[C@H](C[C@@H]1CCNC1=O)NC(=O)[C@@H](CC(=O)[C@@H](NC(=O)c1cc(C)on1)C(C)C)Cc1ccc(F)cc1	5.640	7.762	2.122
1dis	COc1cc(Cc2cnc(N)nc2N)cc(OCCC[C@@H](CCC(=O)[O-])C(=O)[O-])c1Br	11.000	6.268	4.732
6g9h	CN(C(=O)CN1Cc2ccc(-c3nc(NC4CCOCC4)ncc3Cl)cc2C1=O)C(C)(C)C	8.400	8.018	0.382
6b7h	COc1cccc(C(=O)N[C@H]2C[C@@]([NH3+])(C(=O)[O-])[C@@H]3[C@@H](C(=O)[O-])[C@H]23)c1	9.030	6.752	2.278
2hdu	CC(=O)Nc1sccc1C(=O)[O-]	2.300	4.103	1.803
4ufz	CC(C)(C)c1nc(-c2nccs2)c2c(N)c(C#N)c(N)nc2n1	6.310	6.582	0.272
5e8r	CC(C)Oc1ccc(-c2c[nH]cc2C[N@@H+](C)CC[NH3+])cc1	8.700	6.325	2.375
3d20	CC(C)CN(C[C@@H](O)[C@H](Cc1ccccc1)NC(=O)O[C@H]1CO[C@H]2OCC[C@@H]12)S(=O)(=O)c1ccc(N)cc1	8.300	9.819	1.519
4kz5	Cc1onc(-c2ccccc2Cl)c1C(=O)NCC(=O)[O-]	2.000	5.180	3.180
3gk2	C[NH+]1CCN(c2ccccc2/C=N\NC(N)=S)CC1	2.700	5.528	2.828
5uqx	CCc1c(-c2ccc(C(=O)NC)nc2)cnc(N)c1-c1ccc(O)cc1	6.210	6.196	0.014
3gw5	C[NH2+]C[C@H](CC1CCCCC1)NC(=O)N1CCC[C@@H]([C@@](O)(CCCCOC)c2cccc(Cl)c2)C1	9.330	8.173	1.157
6esy	Cc1ccc2c(c1)S[C](c1ccc(N(C)C)cc1)N2C	5.590	4.152	1.438
4ea3	O=C(NCCC[N+]1CCC2(CC1)OCc1ccccc12)[C@H]1CCC[N+]1Cc1ccccc1	9.570	6.339	3.231
1qxw	CCCC[C@H]([NH3+])C(O)(O)C[NH2+]C1CC1	5.150	6.730	1.580
3iu8	Fc1ccc(CSc2ncn[nH]2)cc1	6.240	5.429	0.811
6qmd	Cn1nnc2cc([C@H](CC(=O)[O-])c3ccc(Cl)cc3)ccc21	3.770	5.687	1.917
5ejw	Cc1ccccc1Cn1c(=[NH2+])n(C[C@H](O)c2ccc(Cl)c(Cl)c2)c2ccccc21	3.300	6.213	2.913
4zt3	Fc1ccc2[nH]c(NCCC[NH2+]Cc3cc(Cl)cc(Cl)c3)nc2n1	8.000	6.943	1.057
4cc6	OCCNc1cc(-c2n[nH]c3cnccc23)nc(C(F)(F)F)c1	6.640	6.732	0.092
4yyl	O=C(COc1ccc(F)cc1)c1ccc(O)c(O)c1O	5.010	5.491	0.481
6hbm	OC[C@@H]1O[C@@H](O)[C@H](O)[C@H]1O	5.020	4.064	0.956
4av0	COc1ccc(C#CCO[C@H]2O[C@H](CO)[C@@H](O)[C@H](O)[C@@H]2O)cc1	6.980	6.535	0.445
5zcu	O=S(=O)(NCc1ccccn1)c1ccc(Br)c2ccccc12	5.670	5.959	0.289
5m6u	C[C@H](Nc1ncnc(N)c1C#N)c1nn2cccc2c(=O)n1-c1ccccc1	8.370	7.617	0.753
5kv9	CC(C)C(=O)N[C@@H]1[C@@H](n2cc(-c3ccccc3)nn2)C=C(C(=O)[O-])O[C@H]1[C@H](O)[C@H](O)CO	5.850	6.330	0.480
5mwg	Cn1c(=O)c(=O)n(C)c2cc(N3CCCCC3)c(NS(=O)(=O)c3ccc4c(c3)CCCC4)cc21	5.770	5.880	0.110
2ay7	O=C([O-])CCCc1ccccc1	2.300	5.070	2.770
3h0s	Cc1ccc2c(c1)C(=O)CC1(CCN(C(=O)c3cccc4cn[nH]c34)CC1)O2	6.200	6.786	0.586
5fqc	[NH3+]Cc1ccc(C(=O)N[C@H]2Cc3cccc(C(=O)[O-])c3O[B-]2(O)O)cc1	8.520	5.982	2.538
2woa	O=C([O-])C[C@@H](O)CCc1ccc2c(c1)Cc1ccccc1-2	5.940	5.200	0.740
3muf	O=C(O)C1=CC(OP(=O)(O)O)C(O)C(O)C1	6.490	5.910	0.580
4ocz	CC(C)C(=O)N1CCC(NC(=O)Nc2ccc(C(F)(F)F)cc2)CC1	9.180	5.918	3.262
3oag	Cc1cc(Cl)c(OCCOc2ccc([C@H]3CC[NH2+]C[C@@H]3C(=O)N(Cc3cc(C[NH2+]C4CC4)ccc3Cl)C3CC3)cn2)c(Cl)c1	9.510	7.845	1.665
4mk8	COc1c(CCc2ccc(NS(C)(=O)=O)cc2)cc(-c2ccc[nH]c2=O)cc1C(C)(C)C	9.000	8.629	0.371
3ske	Nc1cc(Cn2c(C(=O)[O-])c(-n3c(=O)[nH]c4cscc4c3=O)c3cc(C(F)(F)F)ccc32)ccn1	7.770	7.073	0.697
5nvz	CC(=O)C1(C(=O)N[C@H](C(=O)N2C[C@H](O)C[C@H]2C(=O)NCc2ccc(-c3scnc3C)cc2)C(C)(C)C)CC1	6.770	7.022	0.252
1rdi	CO[C@@H]1O[C@@H](C)[C@@H](O)[C@@H](O)[C@@H]1O	2.060	5.070	3.010
4jhz	CO[C@H]1CC[C@H](OC)[C@@H](NC(=O)C[N@H+]2CC[N@H+](Cc3ccc4c(c3)OCO4)CC2)C1	6.020	5.375	0.645
1h3c	C=CC[N@@H+](C)CCCCCCOc1ccc2c(-c3ccc(Br)cc3)nsc2c1	6.510	6.780	0.270
3nii	CC[C@H](C)[C@H](NC(=O)[C@@H]([NH3+])CCCC[NH3+])C(=O)N[C@@H](C)C(=O)[O-]	4.230	5.069	0.839
1pfy	CSCC[C@H]([NH3+])C(=O)NS(=O)(=O)OC[C@H]1O[C@@H](n2cnc3c(N)ncnc32)[C@H](O)[C@@H]1O	8.150	6.668	1.482
3px9	[NH2+]=c1[nH]c(=O)c2ncc(C(=O)NCc3ccco3)nc2[nH]1	3.420	6.118	2.698
2p8n	Nc1ncnc2[nH]cnc12	3.150	5.773	2.623
1fd7	O=C(NCc1ccccc1)c1cccc(O[C@H]2O[C@H](CO)[C@H](O)[C@H](O)[C@H]2O)c1	1.850	5.572	3.722
3vqs	O=C(NCc1ccc(OC(F)(F)F)c(F)c1)[C@H]1CN(c2nc3nc(C4CC4)ncc3s2)CCN1S(=O)(=O)c1ccc(C(F)(F)F)cc1	7.750	8.689	0.939
5ax9	COc1ccc(C#N)cc1-c1ccnc(Nc2ccc(N3CCOCC3)c(OC)c2)c1	8.100	7.311	0.789
6ccn	CC(C)(CO)[C@@H](O)C(=O)NCCc1nc2c(O)cccc2[nH]1	4.520	5.458	0.938
5l01	Nc1nc(O[C@H](c2ccc(Cl)cc2-c2ccccc2)C(F)(F)F)cc(N2CCC3(CC2)C[NH2+][C@H](C(=O)[O-])C3)n1	7.480	8.511	1.031
3fjz	O=C(O)C[NH2+]CP(=O)(O)O	4.050	5.029	0.979
1nu3	CCCC(CCC)C(N)=O	4.000	4.773	0.773
5npd	OC[C@H]1[C@@H]2[NH2+][C@@H]2[C@H](O)[C@@H](O)[C@@H]1O	7.420	4.959	2.461
3qiz	CO[C@H](C[C@H](CC[N+](C)CCCc1ccc(F)c(C)c1)C(=O)N=O)c1ccc(F)cc1	5.210	6.892	1.682
4zjj	CCN1c2ccc(F)cc2N=C(N[C@H]2CCN(C(=O)NC(C)(C)C)C2)c2cc(Cl)ccc21	8.000	6.436	1.564
3ken	[NH3+][C@@H](CSC(c1ccccc1)(c1ccccc1)c1ccccc1)C(=O)[O-]	5.400	4.938	0.462
6cmr	CC1([NH3+])CCN(c2cnc(-c3cccc(Cl)c3Cl)c(N)n2)CC1	6.610	6.196	0.414
3v2w	CCCCCCc1cccc(NC(=O)C([NH3+])CCP(=O)(O)O)c1	7.110	6.860	0.250
4ng9	CCOc1cc([C@@H](Nc2ccc3c(N)nccc3c2)C(=O)NCc2cccc(S(N)(=O)=O)c2)ccc1OC(C)C	7.120	7.607	0.487
5iq6	O=C(N[C@@H](Cc1ccc(O)cc1)C(=O)[O-])c1cc(-c2ccccc2)c(=O)n2c1sc1ccc(OC3CCCCC3)cc12	5.260	7.364	2.104
1a86	CC(C)C[C@H](C(=O)NO)C(=O)N[C@@H](CC(=O)[O-])C(=O)NCc1ccccc1	4.000	5.747	1.747
1tfq	C[NH2+][C@@H](C)C(=O)N[C@H](C(=O)N1CCC[C@H]1C(=O)N[C@@H]1CCCc2ccccc21)C(C)(C)C	7.920	6.439	1.481
4iz0	Cc1cc(NS(=O)(=O)c2cc(Cl)c(Cl)cc2Cl)no1	4.000	5.866	1.866
5zgg	O=C(CCc1cccnc1)c1ccccc1O	5.000	5.156	0.156
5wfm	O=C(NCCS(=O)(=O)c1ccccc1)c1nc([C@@H]2CCCN2C(=O)CSc2ccccc2Cl)[nH]c(=O)c1O	6.520	7.695	1.175
5g3m	NC(=O)c1ccc(Cc2ccccc2)cc1	5.660	4.371	1.289
1u65	CCc1c2c(nc3ccc(OC(=O)N4CCC([NH+]5CCCCC5)CC4)cc13)-c1cc3c(c(=O)n1C2)COC(=O)[C@]3(O)CC	7.580	9.341	1.761
1c3e	Nc1nc2ccc(C[C@@H](C(=O)[O-])c3ccc(C(=O)N[C@@H](CCC(=O)[O-])C(=O)[O-])cc3)cc2c(=O)[nH]1	6.590	6.760	0.170
2pg2	CCN(CC)C(=O)c1c(NC(=O)c2cccs2)sc2c1CCCC2	5.770	5.945	0.175
4e5g	O=C([O-])/C(O)=C/C(=O)c1ccccc1	4.670	4.979	0.309
5ezg	O=C(NCC1CCN(c2ncccn2)CC1)N1CCCC1	4.920	5.768	0.848
2ien	CC(C)CN(C[C@@H](O)[C@H](Cc1ccccc1)NC(=O)O[C@H]1CO[C@H]2OCC[C@@H]12)S(=O)(=O)c1ccc(N)cc1	9.000	9.811	0.811
4lh7	NC(=O)c1cc2c(N)ncc(C(N)=O)c2s1	4.470	5.233	0.763
1gca	OC[C@H]1O[C@@H](O)[C@H](O)[C@@H](O)[C@H]1O	6.700	4.054	2.646
2qx0	Nc1nc2c(c(=O)[nH]1)N=C(CO)CN2	6.110	5.066	1.044
3hab	CS(=O)(=O)c1ccc2c(c1)nc1n2C[C@H]([NH3+])[C@@H](c2cc(F)c(F)cc2F)C1	8.380	6.995	1.385
2r2l	COC(=O)N1CCC(CN([C@H]2Cc3cc(C#N)ccc3N(Cc3cncn3C)C2)S(=O)(=O)c2ccccn2)CC1	9.000	8.636	0.364
2w6z	CC(C)=CC[n+]1cnc(N)c2nc[nH]c21	2.820	5.704	2.884
3ztd	COC(=O)c1ccc(CNC(=O)[C@@H]2C[C@@H](O)CN2C(=O)Cc2cc(C)no2)cc1	4.020	5.506	1.486
3n45	O=C([O-])[C@@H]1Cc2ccccc2N1C(=O)OCc1ccccc1	3.300	5.546	2.246
6rqk	OC[C@@H]1[C@@H](O)[C@H](O)[C@H](O)c2nccn21	2.800	5.424	2.624
5all	C[C@@H]1C[C@H](C[NH3+])C[C@H](CO)C1	5.570	5.196	0.374
4cfm	Cc1ccccc1-c1nc2c(OCC3CCCCC3)nc(N)nc2[nH]1	4.740	6.963	2.223
6hq3	Nc1ncnc2c1ncn2C1OC2COP(=O)(O)OC2C1O	6.110	5.634	0.476
6qfq	Cc1n[nH]c(C)c1-c1cccc2c(CCCOc3cccc4ccccc34)c(C(=O)[O-])[nH]c12	7.100	7.359	0.259
4eqc	CCn1c(=O)c(-c2ccc(-c3cncs3)cc2Cl)cc2cnc(Nc3ccc(N4CC[NH+](C)CC4)cc3)nc21	8.100	8.525	0.425
2b1q	OC[C@H]1O[C@H](O[C@H]2O[C@H](CO)[C@@H](O)[C@H](O)[C@H]2O)[C@H](O)[C@@H](O)[C@@H]1O	1.590	4.426	2.836
4u58	NC(=O)[C@H](CCCC[NH3+])NC(=O)c1ccc(-c2cccnc2)cc1	2.000	6.272	4.272
5v49	CN(CC[NH2+][C@@H]1CCNc2c(Cl)cc(Cl)cc21)c1nc2nc(Cl)ccc2[nH]1	7.300	8.322	1.022
5tqf	CN1Cc2cc(ccc2S(=O)(=O)C2CC2)NC(=O)CCc2cccc(c2)[C@@H](Nc2ccc3c(N)nccc3c2)C1=O	8.300	7.838	0.462
3px8	[NH2+]=c1[nH]c(=O)c2ncc(C(=O)[O-])nc2[nH]1	3.640	4.809	1.169
4g34	Nc1nccc2scc(-c3ccc4c(ccn4C(=O)Cc4ccccc4)c3)c12	7.930	7.070	0.860
1y1m	[NH3+]C1(C(=O)[O-])CCCC1	1.820	4.471	2.651
1sqp	CO/C(=C/C(N)=O)[C@H](C)[C@H](/C=C/c1csc(-c2csc([C@@H](C)/C=C/C=C/C(C)C)n2)n1)OC	8.200	7.262	0.938
6gj5	O=C1N[C@H](c2c([C@H]3CCC[NH2+]3)[nH]c3ccccc23)c2ccccc21	3.360	6.331	2.971
5vqu	Cc1c(Oc2ccccc2OCCn2ccc(=O)[nH]c2=O)cc(N(C)C(=O)CF)c2ccc(C#N)cc12	5.110	7.992	2.882
3hb8	O=c1ccn(C2CC(O)C(COP(=O)(O)O)O2)c(=O)[nH]1	5.120	5.133	0.013
3dbs	CS(=O)(=O)N1CC[NH+](Cc2cc3nc(-c4cccc5[nH]ncc45)nc(N4CCOCC4)c3s2)CC1	7.120	9.061	1.941
5o5f	CCn1c(=O)c(=O)[nH]c2cc(C(=O)N[C@H](c3cccc(F)c3)c3nccn3C)ccc21	4.300	6.969	2.669
5tks	COC(=O)Nc1ccc2c(c1)CCCCCCC[C@H](NC(=O)/C=C/c1cc(Cl)ccc1-n1cnnn1)c1nc-2c(Cl)[nH]1	7.170	7.645	0.475
6peb	O=C(Nc1ccc(CN2C(=O)c3ccccc3C2=O)cc1)N1CC(c2cccnc2)C1	8.570	6.867	1.703
4gts	COc1ccc(S(=O)(=O)N2Cc3cc(-c4ccc(C=O)o4)ccc3N(Cc3cncn3C)C[C@H]2Cc2ccc(O)cc2)cc1	7.890	8.575	0.685
2yne	Cc1nn(C)c(C)c1Cc1nnc(-c2sc3ccccc3c2OC2CC[NH2+]CC2)o1	8.570	7.159	1.411
1juy	O=C1NC(=O)C2(N1)OC(COP(=O)(O)O)C(O)C2O	7.660	6.716	0.944
4o12	N#CN/C(Nc1ccncc1)=[NH+]\CCCCCCOc1ccc(Cl)cc1	8.700	6.190	2.510
2bgd	COc1ccc(-c2ccccc2)cc1N1CC(=O)NS1(=O)=O	5.000	5.634	0.634
4e1e	CCCCCC[NH2+]CC(P(=O)(O)O)P(=O)(O)O	6.310	6.736	0.426
3qpo	COc1cc2ncnc(N3CCC[C@@H](c4ccccc4)C3)c2cc1OCCc1ccccn1	6.610	7.378	0.768
4an9	O=C(c1ccc(F)c(F)c1Nc1ccc(I)cc1F)N1CC(O)C1	7.360	7.210	0.150
1uze	C[C@H]([NH2+][C@@H](CCc1ccccc1)C(=O)[O-])C(=O)N1CC=C[C@H]1C(=O)[O-]	8.900	5.766	3.134
3l0e	Cn1cnc(S(=O)(=O)N(Cc2ccc(-c3cccc(S(C)(=O)=O)c3)cc2)Cc2c(F)cccc2Cl)c1	8.000	8.343	0.343
4kij	O=C([O-])c1cc(O)c(O)c(Oc2cccc([N+](=O)[O-])c2)c1	4.300	4.666	0.366
5urk	O=C1CC2=NC(=O)N(c3cccc(OCc4ccccc4)c3)CC2=CN1Cc1ccccc1	6.100	6.468	0.368
5o4t	Cn1c(=O)c(=O)n(C)c2ccccc21	3.400	4.264	0.864
4p0v	CC(C)C1=CC2=C(C(O)C1=O)[C@@]1(C)CCCC(C)(C)[C@@H]1C(=O)C2	5.920	4.764	1.156
5ioy	O=C(NCC1CCCC1)N1CCCC1	5.220	5.220	0.000
6asu	Cc1ccc(/C(O)=C/C(=O)C(=O)[O-])cc1	5.210	4.788	0.422
4egh	O=C(c1ccc(O)cc1)N1CCOCC1	3.260	5.615	2.355
4mwc	Cc1sc2ccccc2c1C[NH2+]CCCNC(=O)Nc1ccsc1	5.870	6.053	0.183
5j7b	CC(C)(C)S(=O)(=O)c1ccc2nccc(Nc3[nH]nc4ccc(F)cc34)c2c1	8.300	6.884	1.416
2wo9	CC(=O)c1ccc(-c2ccc(CC[C@H](O)CC(=O)[O-])cc2)cc1	7.210	5.162	2.048
5c7b	C[C@@H]1C[N@H+](CC(=O)N2CCCC2)CC[NH2+]1	3.000	6.731	3.731
5gvp	Cc1n[nH]c2c1[C@](c1cc(-c3cccc(CCC(=O)[O-])c3)cc(C(F)(F)F)c1)(C(C)C)C(C#N)=C(N)O2	6.780	6.187	0.593
2z7h	C[NH+](CCCCc1ccccc1)CCC(O)(P(=O)(O)O)P(=O)(O)O	6.940	6.013	0.927
5u5h	COc1ccc(F)c(C[C@@H]2CCc3c(C(C)C)nc(N)n3C2)c1	5.890	7.922	2.032
2g71	O=S(=O)(NCCC(F)(F)F)c1ccc2c(c1)C[NH2+][C@@H](CF)C2	7.460	6.886	0.574
4hco	CC1=CC(=O)C(C(C)C)=CC1=O	4.320	5.011	0.691
5ux4	[NH3+]C1[NH2+][C@@]2(CO1)c1cc(-c3cccnc3F)ccc1Oc1c2cc([C@@H]2C=CCOC2)nc1F	7.050	8.842	1.792
6ijl	CCCOC(=O)N1CCN(C(=O)c2ccc3ccc(-c4ccc(C5([NH3+])CC5)cc4)nc3c2)C[C@H]1C	7.930	8.226	0.296
3rjw	COc1cc2c(NC3CC[N+](C(C)C)CC3)nc(C3CCCCC3)nc2cc1OCCC[N+]1CCCC1	7.570	7.752	0.182
4oyt	[NH2+]=C1N=C2NC[C@@H](CNc3ccc(C(=O)N[C@@H](CCC(=O)[O-])C(=O)[O-])cc3)N(C=O)[C@@H]2C(=O)N1	2.810	6.913	4.103
4s3f	C#CCCOP(=O)(O)OP(=O)(O)O	6.240	5.018	1.222
1oth	[NH3+]C(CCCNC(=O)CP(=O)(O)O)C(=O)O	7.000	4.952	2.048
5z89	COCCOCCOCCOCCOCCOc1ccc(C(C)(C)CC(C)(C)C)cc1	6.710	6.414	0.296
4tyb	N#C[C@@H](c1ccccc1)[NH+]1CCOCC1	1.700	5.257	3.557
6r4v	CCCCC[NH+](C)CCC(O)(P(=O)(O)O)P(=O)(O)O	5.760	5.926	0.166
4p0n	COc1nc2cccnc2n1[C@H]1C[C@H](Nc2nc3ccccc3s2)C1	8.660	6.387	2.273
3zxr	CC(C)(C)c1nc(-c2cnc3ccccc3c2)c(-c2ccncc2)[nH]1	7.700	6.652	1.048
5aki	c1cc(-c2cc(NCC3CCCCC3)n[nH]2)ccn1	6.120	6.221	0.101
1zd3	O=C([O-])CCCNC(=O)NC1CCCCC1	3.300	5.781	2.481
2z50	CCCCCCC(O)(P(=O)(O)O)P(=O)(O)O	4.950	5.637	0.687
2y5k	CNC(=O)Nc1cc(OC)cc(NC(=O)NS(=O)(=O)c2cc(C)c(CCOC)s2)n1	6.660	7.577	0.917
1tkz	CCCc1c(SC2CCCCC2)c2cc(Cl)ccc2[nH]c1=O	6.620	5.697	0.923
3u78	COc1cc2c(N)nc(NCCC[N+](C)C)nc2cc1OCCCCC[NH3+]	5.600	6.323	0.723
1n1v	CC(=O)N[C@@H]1[C@@H](O)C=C(C(=O)[O-])O[C@H]1[C@H](O)[C@H](O)CO	3.850	4.902	1.052
4uwf	O=c1cc(N2CCOCC2)[nH+]c2n1CC[C@@H](C(F)(F)F)N2c1cc(F)cc(F)c1	8.150	6.569	1.581
5ur6	Cc1ccc(CS(=O)(=O)Nc2ccc(C#N)c(C3CC3)c2)cc1	7.060	7.501	0.441
3hx3	CC1=C(/C=C/C(C)=C/C=C\C(C)=C\C=O)C(C)(C)CCC1	8.000	5.553	2.447
2eg8	O=C([O-])c1[nH]c(=O)[nH]c(=O)c1F	4.500	5.249	0.749
4yab	Cc1nc(-c2ccc3c(c2)CC(=O)N3C)cs1	5.070	5.418	0.348
2cbr	CC1(C)CCC(C)(C)c2cc(NC(=O)c3ccc(C(=O)[O-])cc3)ccc21	6.850	4.819	2.031
5bot	CCOC(=O)c1cc2cc(C(N)=O)ccc2[nH]1	4.410	5.326	0.916
3olf	Cc1cc(C(=O)[O-])ccc1NC(=O)[C@H](C1CCCCC1)n1c(-c2ccc(Cl)cc2)nc2cc(F)c(F)cc21	7.700	7.391	0.309
3e6k	[NH3+][C@@H](CCCC[B-](O)([OH2+])[OH2+])C(=O)[O-]	5.150	5.261	0.111
5uvc	O=C(NCc1ccccc1)c1cccc(NCc2n[nH]c(-c3ccncc3)n2)c1	8.210	6.758	1.452
2ea2	CCc1ccc(NS(=O)(=O)c2ccc(F)cc2)c(C(=O)[O-])c1C	7.800	6.387	1.413
4py2	O=C(NCCC[NH2+]Cc1cc(Cl)cc(Cl)c1)Nc1ccsc1	6.570	6.262	0.308
4urx	Brc1ccc(C[NH+]2CC=CC2)cc1	2.890	4.411	1.521
3upi	C[C@@H]1COc2c1ccc1c2c(C2C=CC=NC2=O)c(C(=O)NS(C)(=O)=O)n1Cc1cc(F)ccc1F	8.220	8.267	0.047
4jjs	CC(C)N(c1ccc(Oc2ccccc2C(F)(F)F)cc1C(=O)[O-])C(=O)[C@H]1CC[C@H](C)CC1	6.700	6.275	0.425
3is9	COC(=O)CCCC=C(c1cc(C#N)c(OC)c(C(=O)OC)c1)c1cc(C#N)c(OC)c(C(=O)OC)c1	6.420	6.101	0.319
4z7n	CC(C)[C@H](NC(=O)[C@H](CC(=O)[O-])NC(=O)CNC(=O)[C@H](C)[NH3+])C(=O)[O-]	5.040	5.484	0.444
6ggg	CNC(=O)C[C@H]1COc2cc(F)c(CC(C)C)cc2N1C(=O)c1ccc2c(c1)NC(=O)CO2	9.200	6.718	2.482
5jyp	O=C(Cc1ccccc1)Nc1nnc([C@H]2CCC[C@H](c3nnc(NC(=O)Cc4ccccc4)s3)C2)s1	7.000	5.218	1.782
5eym	CCNC(=O)C#Cc1ccc2c(c1)NC(=O)C2/C(=N/c1ccc(C[NH+](C)C)cc1)c1ccccc1	7.600	6.823	0.777
2q92	O=C([O-])c1ccc(-c2ccccc2[N+](=O)[O-])o1	5.960	4.204	1.756
5vjn	O=P(O)(O)OCC1[NH2+]C(COP(=O)(O)O)C(O)C1O	5.060	5.223	0.163
1tg5	CC(C)(C)n1nc(-c2ccc(Cl)cc2Cl)c(C(=O)c2ccc(S(C)(=O)=O)cc2Cl)c1O	7.920	6.754	1.166
4uia	CC(C)CCNC(=O)[C@@H](CC1CCCCC1)NC(=O)N[C@@H](CCCC[NH3+])C(=O)[O-]	6.720	6.261	0.459
5f6u	CCOC(=O)CCc1ccc(-c2ccccc2O)c(O)c1	2.520	5.064	2.544
2ewp	C[NH+](C)CCOc1ccc(/C(=C(/CCCO)c2ccccc2)c2ccc(O)cc2)cc1	7.100	6.640	0.460
5eps	CN1C(=O)CNc2ccccc21	4.420	4.358	0.062
3wzq	[NH2+]=C1N[C@@H]2[C@H](CCCCC(=O)NCCCCCC(=O)[O-])SC[C@@H]2N1	6.230	7.431	1.201
5alp	O=C(Nc1ccc([N+](=O)[O-])cc1)N1CCS[C@@H](c2ccccc2)C1	7.070	6.351	0.719
4dhm	O=C(COc1ccccc1P(=O)(O)O)Nc1cccc(C(F)(F)F)c1	3.780	5.665	1.885
6ilq	CCCCC1NC(C(C)C)=C(CC(=O)OCC)C(=O)N1Cc1ccc(-c2ccccc2[C@@H]2NC(=O)O[NH2+]2)cc1	6.360	8.165	1.805
1a5v	CC(=O)Nc1cc(S(=O)(=O)O)cc2cc(S(=O)(=O)O)cc(O)c12	3.100	5.552	2.452
5lss	CCC[NH2+][C@@H](CC[C@@H]([NH3+])C(=O)[O-])C[C@H]1O[C@@H](n2cnc3c(N)ncnc32)[C@H](O)[C@@H]1O	6.310	6.643	0.333
2vev	O=C1C[C@@H](c2ccc(C[C@H](NS(=O)(=O)c3cccc(C(F)(F)F)c3)c3ncc(Cc4ccccc4)[nH]3)cc2)S(=O)(=O)N1	6.520	8.230	1.710
6j10	Cc1cc(C2CCCCC2)n(O)c(=O)c1	6.350	4.836	1.514
2x6j	CC(=O)N[C@@H]1[NH2+]C(C)[C](c2ccc(Cl)c(S(=O)(=O)NCCO)c2)S1	7.440	7.768	0.328
6f5w	C#CCO[C@@H]1O[C@@H](C)[C@@H](O)[C@@H](O)[C@@H]1O	3.830	5.804	1.974
3lbj	C[NH+](C)CCC[N@H+](C)[C@H]1CCN(C(=O)c2[nH]c3cc(Cl)ccc3c2-c2c(-c3ccccc3)ncn2Cc2ccc(Cl)cc2)C1	4.960	8.776	3.816
4ok3	O=C([O-])Cc1cn(Cc2cccc(Cl)c2)c2ccccc12	4.150	4.867	0.717
5tus	O=C(N/N=C\c1c(O)ccc2ccccc12)c1ccccc1O	4.430	5.785	1.355
6mlw	O=P(O)(O)CC1OC(CO)C(O)C(O)C1F	3.740	4.816	1.076
3n7r	O=C(N[C@@H]1CC[C@@H](c2cccc(F)c2F)CN(CC(F)(F)F)C1=O)N1CCC(n2c(=O)[nH]c3ncccc32)CC1	7.700	8.880	1.180
6ibv	[OH2+][B-]([OH2+])([OH2+])c1cc2cc(CBr)ccc2s1	5.230	6.338	1.108
6m9t	CCCC[C@](C)(O)C/C=C/[C@H]1[C@H](O)CC(=O)[C@@H]1CCCCCCC(=O)[O-]	7.700	5.892	1.808
4phw	O=C(c1ccc(Oc2ncccc2C2CCOCC2)cc1)c1nc2ccccc2[nH]1	10.000	7.563	2.437
6fmi	CC(=O)N[C@@H](C)C(=O)N1C[C@H](O)C[C@H]1C(=S)NCc1ccc(-c2scnc2C)cc1	5.030	6.622	1.592
3ith	C=Cc1cc(N(C)C)nc(S(C)(=O)=O)n1	8.100	4.815	3.285
1q95	O=C(O)CC(NC(=O)CP(=O)(O)O)C(=O)O	7.570	5.732	1.838
6n53	[N-]=[N+]=NC1C(O)C(COP(=O)(O)O)OC1n1ccc(=O)[nH]c1=O	7.870	5.176	2.694
5or9	Cn1nc2c(c1NC(=O)[C@@H]1CCCN1S(=O)(=O)c1ccc(F)cc1)CCC2	4.060	6.924	2.864
6fe5	CC(C)C[C@H](NC(=O)N[C@@H](CCC(=O)[O-])C(=O)[O-])C(=O)[O-]	9.300	5.198	4.102
6ccu	CCC[C@H](NC(=O)[C@H](Cc1c[nH]cn1)NC(=O)[C@@H]1C=CC[NH2+]1)C(=O)N[C@H](C(=O)[O-])C(C)C	4.450	7.301	2.851
4oyo	Cc1[nH]ncc1-c1ccccc1Cl	3.520	5.432	1.912
6jid	O=C(c1ccc2c(c1)CS(=O)(=O)N2)N1CCc2[nH]c(-c3ccccc3)nc(=O)c2C1	5.080	6.544	1.464
5wvd	C[N@H+]1CC[C@H](C(=O)Nc2ncc(-c3ccccc3)s2)CC1	7.680	4.936	2.744
5jmw	Cc1ccc(CCCC(CC(=O)N(C)O)CP(=O)(O)O)cc1	6.760	6.446	0.314
2n0u	CC(C)Oc1cc(C#N)ccc1C1=N[C@@H](c2cccc(Cl)c2)[C@@H](c2ccc(Cl)cc2)N1C(=O)N1CCNC(=O)C1	6.220	8.116	1.896
1yz3	Clc1ccc2c(c1Cl)C[NH2+]CC2	8.810	6.281	2.529
3tc5	CC1CC2C3CCC4=CC(=O)C=CC4(C)C3(F)C(O)CC2(C)C1(O)C(=O)COP(=O)(O)O	5.170	6.973	1.803
3bpr	CC(C)n1cnc2c(Nc3cccc(Cl)c3)nc(NCCO)nc21	4.950	6.564	1.614
4obz	COc1ccc(CC(=O)NC(=[NH2+])NCc2ccc(C)cc2)cc1OC	5.720	5.159	0.561
1fgi	Cc1c[nH]c(/C=C2\C(=O)Nc3ccccc32)c1CCC(=O)[O-]	5.000	5.672	0.672
3vru	C=C1[C@H](O)CC(C/C=C2\CCC[C@@]3(C)[C@H]2CC[C@@H]3[C@H](C)CCC(C)(C)O)C[C@H]1O	10.000	9.144	0.856
2chz	CC(=O)Nc1nc(C)c(-c2ccc(Cl)c(S(=O)(=O)NCCO)c2)s1	7.800	6.883	0.917
3qiy	O=C(CCC[N+](Cc1ccc(Cl)cc1)Cc1ccc(Cl)cc1)NO	5.340	5.339	0.001
4lh5	Cc1nc2c(c(-c3ccc4c(c3)CCCO4)c1[C@H](OC(C)(C)C)C(=O)[O-])CCCC2	6.700	7.624	0.924
4zy5	[NH3+][C@H]1CC[C@H](CNc2nccc(Nc3cc(C4CC4)n[nH]3)n2)CC1	7.590	7.253	0.337
1ugp	CCCC(=O)[O-]	2.890	4.223	1.333
6iik	Cc1cc(C(=O)C[NH+]2CCCC2)c(C)n1-c1ccc(F)cc1	4.910	6.753	1.843
2gg2	Nc1n[nH]c(N)c1/N=N/c1cccc(C(F)(F)F)c1	6.600	5.255	1.345
2piy	CC(C)C(NS(=O)(=O)CCCc1ccccc1)P(=O)(O)CC(C(=O)O)c1cccc(C[NH3+])c1	7.700	6.971	0.729
5mih	O[C@@H]1[C@@H](O)[C@H](Oc2ccccc2)O[C@H]([C@H]2CO2)[C@@H]1O	4.190	5.802	1.612
6mso	O=C([O-])C[C@H](S)C(=O)[O-]	5.420	4.630	0.790
1y2g	CC(=O)N(C)c1cccc(-c2nnc3ccc(-c4ccccc4)nn23)c1	4.080	6.400	2.320
5hna	CCCCCCCCCCOc1cc(O)cc(COc2cc(Cl)c(S(N)(=O)=O)cc2C(=O)[O-])c1	4.230	7.591	3.361
3g86	CS(=O)(=O)Nc1ccc2c(c1)S(=O)(=O)C=C(c1c(O)c3cc(F)ccc3n(Cc3ccc(F)cc3)c1=O)N2	8.300	7.199	1.101
3g70	O=C(C1=C(c2ccc(/C=C\COc3c(F)ccc(F)c3Cl)cc2)C[C@@H]2C[NH2+]C[C@H]1[NH2+]2)N(Cc1cccc(Cl)c1Cl)C1CC1	9.400	8.501	0.899
1gcz	CCOC(=O)c1cc2ccc(O)cc2oc1=O	5.130	5.596	0.466
5gvm	Cc1n[nH]c2c1[C@](c1cc(-c3cccc(CC(=O)[O-])c3)cc(C(F)(F)F)c1)(C(C)C)C(C#N)=C(N)O2	6.730	5.880	0.850
2qch	O=c1[nH]c(=O)n(C2CC(O)C(COP(=O)(O)O)O2)cc1I	3.600	6.172	2.572
4mmf	O[C@]1(c2ccc(Cl)cc2)c2ccccc2C2=[N+]1CCN2	6.530	6.580	0.050
5akg	Nc1nnc(-c2cccs2)s1	4.460	4.300	0.160
4k2f	N#C[C@@H](c1ccc(Cl)cc1)c1cccc(Cl)n1	7.400	5.279	2.121
3oeu	Cc1ccccc1CCC(=O)N[C@H](C(=O)N[C@@H](CCc1ccccc1)C(=O)NCc1ccccc1Cl)[C@@H](C)O	7.510	5.916	1.594
6ek3	NC(=O)c1ccc(Oc2ccc(C(N)=O)cc2)cc1	6.480	3.981	2.499
4a9r	NC(=O)c1ccc2[nH]c(-c3ccc(Oc4ccc(Cl)cc4)cc3)nc2c1	7.800	6.957	0.843
6o6g	O=C([O-])c1ccc2c(c1)N(CC1CCC1)C[C@H](c1ccc(Cl)cc1Cl)CO2	6.520	6.556	0.036
6bqj	COc1ccc2c(O[C@@H]3C[C@@H](C(=O)N[C@@H](CC(F)F)C(=O)NS(=O)(=O)C4C=C4)N(C(=O)[C@@H](NC(=O)OC(C)(C)C)C(C)(C)C)C3)cc(-c3ccccc3)nc2c1	6.000	9.149	3.149
6iin	Cc1cc(C(=O)C[NH+]2CCC(O)CC2)c(C)n1-c1ccc(C#N)cc1	6.080	7.380	1.300
2w6n	Nc1ncc(C(=O)N(Cc2ccccc2)Cc2ccccc2)o1	6.900	5.437	1.463
5ak6	OCCSc1ccc(Cl)cn1	3.490	4.735	1.245
4qg7	COc1c(C[N@@H+]2CCC[C@H](n3cc(C)c(=O)[nH]c3=O)C2)ccc(C(=O)[O-])c1Oc1cccc(Cl)c1	8.000	8.341	0.341
2oqv	CS(=O)(=O)c1cccc(-c2cc(N3CC[C@H](c4cc(F)c(F)cc4F)[C@@H]([NH3+])C3)ncn2)c1	8.400	7.812	0.588
4ycw	C[C@H]1CCC[C@H](C[C@H]2Cc3cc(O)cc(O)c3C(=O)O2)O1	5.680	5.765	0.085
6gvi	CC(C)n1nc(-c2ccc3oc(N)nc3c2)c2c(N)nc(N)nc21	6.820	7.683	0.863
2bub	[NH3+][C@@H](CC(=O)N1CCC[C@H]1CNC(=O)c1ccccc1)Cc1ccccc1F	7.050	5.856	1.194
4y6s	Cc1ccc(C(CC(=O)N(C)O)CP(=O)(O)O)cc1	5.030	5.026	0.004
6agk	COc1cc(C(=O)c2cccc(-c3ccc(C)c(O)c3)n2)cc(OC)c1OC	5.580	6.668	1.088
5ofv	Cc1ccc(F)cc1C(=O)[O-]	1.580	4.770	3.190
4bvb	NC(=O)[C@H]1CCCc2c1[nH]c1ccc(Cl)cc21	4.480	5.639	1.159
4k69	CCC[C@@H](CC(=O)[O-])n1c(=O)n(Cc2cc(Br)cc3c2CC(=O)N3)c2ccccc21	7.400	7.259	0.141
1oiy	NC(=O)c1ccc(Nc2nc(OCC3CCCCC3)c3nc[nH]c3n2)cc1	7.190	7.346	0.156
5wa7	O=C(NCCOc1ccccc1)c1nc([C@@H]2CCCN2C(=O)CCc2ccccc2Cl)[nH]c(=O)c1O	6.400	7.413	1.013
4lph	Cc1ccc(-c2cc3c(NCP(=O)(O)O)ncnc3s2)cc1	5.040	4.997	0.043
5a0c	CC1=C(C#N)[C@@H](c2ccc(C#N)cc2S(C)(=O)=O)NC(=O)N1c1cccc(C(F)(F)F)c1	9.270	7.635	1.635
4mfe	O=C([O-])C(=O)CO	2.270	3.886	1.616
5fwg	[NH3+][C@@H](CCC(=O)N[C@@H](CS[C@@H]1c2ccccc2-c2ccccc2[C@H]1O)C(=O)NCC(=O)[O-])C(=O)[O-]	6.720	6.180	0.540
5ar8	CS(=O)(=O)c1cccc(Nc2nccc(-c3sc(N4CCOCC4)nc3-c3cccc(NS(=O)(=O)c4c(F)cccc4F)c3)n2)c1	8.100	8.158	0.058
6o2p	CC(C)(C)c1cc(C(C)(C)C)c(NC(=O)C2C=Nc3ccccc3C2=O)cc1O	8.180	6.398	1.782
4hbv	CN1Cc2cc(Br)ccc2NC1=O	4.640	4.736	0.096
5ovh	COc1cc2nc(C)nc(N[C@H](C)c3ccc(-c4ccccc4CO)s3)c2cc1OC	6.550	6.212	0.338
2ie4	C=C1[C@@H]([C@@H](O)C[C@H](C)[C@H]2O[C@@]3(CCCCO3)CC[C@H]2C)O[C@@H]2CC[C@@]3(CC[C@H](/C=C/[C@@H](C)[C@@H]4CC(C)=C[C@@]5(O[C@H](C[C@@](C)(O)C(=O)[O-])CC[C@H]5O)O4)O3)O[C@H]2[C@@H]1O	10.000	9.539	0.461
3bti	COc1ccc2c(c1OC)CN1CCc3cc4c(cc3C1=C2)OCO4	6.140	4.727	1.413
6f8b	O=C(CS)Nc1ccc(Cl)c(Cl)c1	5.210	5.211	0.001
4yh3	COc1ccc(/C=C(/C(=O)N2CC(=O)Nc3ccccc32)c2ccccc2)cc1	4.590	6.840	2.250
3fq7	Cc1ncc(COP(=O)(O)O)c(CNc2cccc(C(=O)O)c2)c1O	2.520	5.667	3.147
3c45	CS(=O)(=O)c1ccc(-c2noc([C@@H](CC3C=C3)[C@H]([NH3+])C(F)=C3CCCC3)n2)c(Cl)c1	9.680	7.674	2.006
3zlv	COC[n+]1ccc(C(N)=O)cc1	3.520	4.920	1.400
4bdb	C/C(=N\O)c1ccc(O)cc1O	4.070	5.095	1.025
4e5f	O=C1Cc2ccccc2C(=O)[N+]1=O	4.820	4.380	0.440
6fpu	C[C@@H]1O[C@@H]2CO[C@@]3(CNc4nc5cc6c(=O)[nH]c(=[NH2+])[nH]c6cc5[nH]4)OCO[C@H]3[C@@H]2O1	6.490	7.438	0.948
2h96	CCOc1nc(C(=O)NCc2cc(OC)ccc2OC)ccc1C#N	6.640	7.237	0.597
4u7v	CC(C)[C@H]([NH3+])C(=O)N[C@@H](Cc1ccccc1)C[C@H](O)[C@H](Cc1ccccc1)NC(=O)OCc1cncs1	5.490	7.433	1.943
4wyz	O=c1ccn(C2OC(CO)C(OP(=O)(O)O)C2O)c(=O)[nH]1	4.300	4.448	0.148
4b6q	O=C1[C@@H](O)[C@H](O)C[C@](O)(C(=O)[O-])[C@H]1Cc1ccc2sccc2c1	7.550	5.648	1.902
1nxy	O=C(Cc1cccs1)N[C@H](B(O)O)c1cccc(C(=O)[O-])c1	7.190	5.382	1.808
6bfn	COc1cc(N2CCOCC2)ccc1NC(=O)c1cccc(-c2ccn[nH]2)n1	8.030	7.424	0.606
6ezh	COc1c(C(=O)CC[C@H]2CC[N@H+](CC3CCCCC3)CC2)cc(Cl)c2[nH]ccc12	7.040	6.738	0.302
4y62	O=C(NC[C@H]1O[C@@H](n2ccc(=O)[nH]c2=O)[C@H](O)[C@@H]1O)[C@@H](CO)n1cc(-c2ccccc2)nn1	2.950	6.288	3.338
2xzg	Nc1ccc(CN2C(=O)c3cccc4cc(S(=O)(=O)[O-])cc(c34)C2=O)cc1	4.740	5.538	0.798
2clf	O=C(NCCOP(=O)(O)O)c1ccc(OC(F)(F)F)cc1	3.550	5.395	1.845
3qpp	COc1cc2ncnc(N3CCC[C@@H](c4ccccc4)C3)c2cc1OCCc1ccc2ccccc2n1	7.920	8.254	0.334
4h5c	CC(C)Oc1ccc(-c2ccnc(NC(P(=O)(O)O)P(=O)(O)O)c2)cc1	7.550	5.934	1.616
2jjk	O=C(NCCCCCCCNC(=O)NS(=O)(=O)c1cccc(Cl)c1)NS(=O)(=O)c1cccc(Cl)c1	8.050	6.313	1.737
5dtj	Clc1ccc(OCCCCCn2ccnc2)c(Cl)c1	4.470	6.601	2.131
5swg	Oc1ccccc1O	4.480	3.841	0.639
6ggn	COc1ncc(-c2nc3c(n2C(C)C)[C@H](c2ccc(Cl)cc2C)N(c2cc(Cl)ccc2C)C3=O)c(OC)n1	10.100	7.908	2.192
4edy	O=C(NCC[N+]1CCOCC1)c1ccc(-c2c(CO)ccc3ccccc23)cc1	5.830	5.815	0.015
4l7d	Cc1cccc2c1CCN(C(=O)[C@@H]1CCCC[C@@H]1C(=O)[O-])[C@@H]2CN1Cc2ccccc2C1=O	6.120	6.846	0.726
4hze	[NH3+][C@](CCCCB(~[OH-])([OH2+])[OH2+])(CC[NH+]1CCCCC1)C(=O)[O-]	6.290	5.426	0.864
4ojr	Cc1c(-c2c([C@H](OC(C)(C)C)C(=O)[O-])n(C)c(=O)c3ccccc23)cc(F)c2c1CCCO2	7.420	8.045	0.625
1jjk	O=c1cc(O)n(C2OC(COP(=O)(O)O)C(O)C2O)c(O)n1	11.060	5.807	5.253
4qhp	[NH3+]Cc1ccc(CC(CP(=O)(O)C([NH3+])CCc2ccccc2)C(=O)O)cc1	8.050	6.858	1.192
5vad	O=C(NC1Cc2ccccc2C1)c1nccnc1NC(=O)C1CCCCC1	9.120	5.647	3.473
4oz2	Cc1[nH]ncc1-c1ccc(F)cc1	3.000	5.323	2.323
3sfi	O=C(CCCC(F)(F)F)N1CCC(c2nc(-c3nccs3)no2)CC1	6.400	7.914	1.514
3oz1	CC[C@H]([NH2+]C)C(=O)N[C@@H]1C(=O)N2[C@H](CC[C@H]2C(=O)NC(c2ccccc2)c2ccccc2)CC[C@@H]1CC[NH2+]Cc1ccccc1	8.700	8.365	0.335
6nm4	COc1cc(OC)cc(-c2noc(N3CC[N@@H+](C)C4(CCN(c5ccnc(C)c5)CC4)C3)n2)c1	7.060	6.514	0.546
4mha	CCCCNc1ncc(C(=O)NCc2ccc(S(N)(=O)=O)cc2)c(N[C@H]2CC[C@H](O)CC2)n1	8.280	6.992	1.288
5i13	Oc1ccc(C/N=N/c2ccc(Cl)cc2)c(O)c1O	5.080	5.296	0.216
2gfk	O=C([O-])c1c(-c2ccccc2)oc(-c2ccccc2)c1C(=O)[O-]	4.520	4.118	0.402
2i4p	CCCCCCCN(CCc1ccc(O[C@@](C)(CC)C(=O)[O-])cc1)c1nc2ccccc2o1	5.700	7.150	1.450
4hai	Cc1cc(C)c(S(=O)(=O)N2CCC(C(=O)NC3CCCCCC3)CC2)c(C)c1	8.100	6.091	2.009
5xig	O=C1CCC[NH2+][C@@H]1CCCn1cnc2ccccc2c1=O	6.380	5.915	0.465
2i2b	Nc1ncnc2c1ncn2[C@@H]1OC[C@@H](O)[C@H]1O	2.440	6.187	3.747
2wti	NC(=O)c1ccc(-c2cc([C]3SCC4OCCOC34)cnc2N)cc1	7.040	5.994	1.046
5c87	O=c1[nH]ccc2ccccc12	3.700	4.499	0.799
1oi9	Oc1ccc(Nc2nc(OCC3CCCCC3)c3nc[nH]c3n2)cc1	7.160	7.733	0.573
2j4k	O=c1ccn(C2OC(COP(=O)(O)O)C(O)C2O)c(=O)[nH]1	4.850	4.643	0.207
5dhh	Cc1cccc2c1CC[C@H](C[N@H+]1CC[C@H](c3c(Cl)cccc3Cl)CC1)C[C@@H]2O	9.180	6.417	2.763
5ttf	CCNc1nc(NC2CC[NH2+]CC2)c2cc(OC)c(OC)cc2n1	6.210	6.192	0.018
4ijh	O=C([O-])c1sc2cc(-n3c(S)nnc3-c3ccc(F)cc3)ccc2c1Cl	4.330	6.603	2.273
5ow1	O=P(O)(O)C(F)(F)c1cccc(-c2cccc(C3CCCCC3)c2O)c1	4.150	7.364	3.214
6mck	Cc1cc2c(C(N)=O)cccc2n1-c1nc2c(c(NCc3ccccc3)n1)COCC2	7.920	7.330	0.590
3qvu	O=[N+]([O-])c1ccc(O)cc1	3.550	4.531	0.981
4o28	O=C(NCc1ccc(S(=O)(=O)c2cc(F)cc(F)c2)cc1)c1ccc2nccn2c1	7.540	6.530	1.010
6cwf	CO[C@@H]1O[C@@H]2CO[C@](C)(C(=O)[O-])O[C@H]2[C@H](O)[C@@H]1NC(C)=O	7.540	5.574	1.966
5he2	COc1cccc(OC)c1CNC(=O)c1cc([C@@H]2NC(=O)NC(C)=C2C(=O)Nc2ccc3n[nH]cc3c2)ccc1F	6.890	7.579	0.689
3o95	CCc1nc(CC(C)(C)C)c(C[NH3+])c(-c2ccc(C)cc2)c1CC(=O)[O-]	8.280	5.407	2.873
3c6t	N#Cc1cc(Cl)cc(Oc2cc(Cl)cc(OCC(=O)Nc3ccc(S(N)(=O)=O)cc3Cl)c2)c1	8.680	7.631	1.049
6chl	Cc1cc(=O)n2nc(N[C@H](CC#N)c3cccc(Cl)c3)nc2[nH]1	8.050	6.793	1.257
2xgs	O=c1ccn(C2OC(COP(=O)(O)CP(=O)(O)O)C(O)C2O)c(=O)[nH]1	3.280	4.997	1.717
6szj	COc1cccc(-c2nn(C(C)(C)C)c(N)c2C(N)=O)c1	5.820	5.616	0.204
2bw7	C[C@]12CC[C@@H]3c4cc(O)c(O)cc4CC[C@H]3[C@@H]1CC[C@@H]2O	5.700	6.564	0.864
4dpt	O=C(O)CC(O)(CF)CCOP(=O)(O)OP(=O)(O)O	7.300	6.014	1.286
3q2a	Nc1ccc(C(=O)[O-])cc1	5.300	4.045	1.255
1ms0	CC(=O)N[C@@H]1[C@@H](O)CC(C(=O)[O-])O[C@H]1[C@H](O)[C@H](O)CO	2.910	4.934	2.024
4h5e	CC(C)CCOP(=O)(O)OP(=O)(O)O	6.070	5.536	0.534
4g3f	N#Cc1cccc(-c2csc(Nc3cc(F)ccc3O)n2)c1	8.360	6.496	1.864
5tri	O=C([O-])c1cccc(OCc2ccc(Cl)cc2)c1N1Cc2ccccc2C1=O	5.060	6.578	1.518
4gb9	CN(C)c1nc2ccccc2n1-c1nc(N2CCOCC2)c2nc(C[N@H+]3CC[C@H](C(C)(C)O)CC3)n(C)c2n1	6.270	8.821	2.551
1h36	C[N@@H+](C/C=C/COc1ccc(C(=O)c2ccc(Br)cc2)cc1)C1CC1	7.740	5.769	1.971
4jps	Cc1nc(NC(=O)N2CCC[C@H]2C(N)=O)sc1-c1ccnc(C(C)(C)C(F)(F)F)c1	8.300	7.130	1.170
3h0q	Cc1ccc2cc(CC3CCN(C(=O)c4cc(-c5ccccc5)nc5ccccc45)CC3)ccc2n1	6.070	7.489	1.419
1bqn	COc1ccc2c(c1)N(C(=O)OC(C)C)[C@@H](CSC)C(=S)N2	6.220	6.587	0.367
4kov	CO/N=C(\C(=O)N[C@@H]1C(=O)N2C(C(=O)[O-])=C(COC(N)=O)CS[C@H]12)c1ccco1	3.750	6.700	2.950
5ujv	CC1=CC(=O)CC(C)(C)[C@@]1(O)/C=C/C(C)CC(=O)[O-]	3.600	6.502	2.902
4pct	C#C[C@@H]1[NH2+][C@@H](C)[C@@H](O)[C@H]1O	7.150	5.244	1.906
4b6c	Cc1ccc(-c2cnc(Nc3ccc(OCCC[N@H+]4CC[N@H+](C)CC4)cc3)c(C(N)=O)n2)cc1C	6.160	6.805	0.645
3wka	Cn1c(N)c(N2CCCCC2)c(=O)[nH]c1=O	4.540	5.268	0.728
2f9b	Nc1ccc2[nH]c(-c3cc(CC(=O)[O-])cc(-c4cccc([N+](=O)[O-])c4)c3O)cc2n1	6.520	6.028	0.492
1jh1	C=CC/N=C1/NN=C(c2ccc(Cl)cc2)CS1	4.390	5.674	1.284
4avg	O=C([O-])C(=O)CC(=O)[C@]1(Cc2ccc(Cl)cc2)CC[N@@H+](CC2CCCCC2)CC1	7.220	5.921	1.299
5dyy	O=S(=O)(NC[C@@H]1CCC[N@@H+](Cc2ccccc2)C1)c1ccc2ccccc2c1	7.240	6.839	0.401
4u5u	NC(=O)[C@H](CCCC[NH3+])[NH2+]Cc1cccc(-c2cccnc2)c1	2.890	6.179	3.289
6cmj	CC(C)Cc1cc(-c2c[nH]c3ncc(-c4ccccc4)cc23)ccc1C(=O)[O-]	8.300	7.827	0.473
2vvt	CCCCOc1nc(NCC[NH+]2CCOCC2)c2ncn(Cc3c(F)cccc3F)c2n1	5.240	5.952	0.712
2uyi	CCN(CC)C(=O)c1c(NC(=O)c2cccs2)sc2c1C[C@H](C)CC2	6.320	6.478	0.158
5n1x	CCNc1cc(-c2cccnc2)nc2ccnn12	3.160	6.855	3.695
4gtv	CCN(CC)C(=O)Oc1ccc(C[C@@H]2CN(Cc3cncn3C)c3ccc(C#N)cc3CN2S(=O)(=O)c2ccc(OC)cc2)cc1	7.420	8.470	1.050
5acw	Cn1c(S)nnc1C(F)(F)F	3.840	5.084	1.244
3i81	C[C@@]1(C(=O)Nc2ccc(F)nc2)CCCN1c1nc(Nc2cc(C3C=C3)[nH]n2)c2cccn2n1	7.890	7.446	0.444
2ieo	CC(C)CN(C[C@@H](O)[C@H](Cc1ccccc1)NC(=O)O[C@H]1CO[C@H]2OCC[C@@H]12)S(=O)(=O)c1ccc(N)cc1	8.490	9.817	1.327
3uwo	Cn1c(=O)[nH]c2ncc(-c3cccc(C(N)=O)c3)cc21	6.360	4.888	1.472
4exh	CC(=O)N[C@H](C(=O)N[C@H](C(=O)N[C@@H](CC(C)C)[C@@H](O)CC(N)=O)C(C)C)C(C)C	6.150	6.784	0.634
5yjb	Cc1ccc(-c2ncc(OCC3CC[NH2+]CC3)cc2-c2ccc(C#N)cc2)cc1	7.540	7.555	0.015
3tct	O=C([O-])c1ccc2nc(-c3cc(Cl)cc(Cl)c3)oc2c1	8.520	6.339	2.181
5t4e	CC#CCn1c(N2CCC[C@@H]([NH3+])C2)nc2c1c(=O)[nH+]c1n2CCCN1Cc1nc(C)c2ccccc2n1	5.360	7.796	2.436
5db1	COc1cc2[nH]c(C#N)cc2cc1C[N@H+]1CC[C@H](Nc2ncnc3sc(CC(F)(F)F)cc23)CC1	7.660	7.732	0.072
1h1h	Nc1ncnc2c1ncn2C1OC(COP(=O)(O)O)C(O)C1OP(=O)(O)O	5.220	5.693	0.473
3azb	Clc1cccc(COc2ccc(Cl)c3cccnc23)c1	4.920	5.318	0.398
2xcs	COc1ccc2ncc(C#N)c(CC[N+]3CCC([NH2+]Cc4cc5c(cn4)OCS5)CC3)c2c1	7.850	8.338	0.488
5w92	O=C(NCCS(=O)(=O)c1ccccc1)c1nc([C@@H]2CCCN2C(=O)c2c(Cl)cncc2Cl)[nH]c(=O)c1O	7.700	7.630	0.070
4ijq	Nc1nc2c(ncn2CC(COCP(=O)(O)O)COCP(=O)(O)O)c(=O)[nH]1	7.520	6.691	0.829
4mw0	O=C(NCCC[NH2+]Cc1cc(Cl)cc(Cl)c1)Nc1ccccc1O	7.410	6.071	1.339
5v40	CCOC(=O)c1c(-c2ccccc2)oc2ccc(O)c(C[NH+](C)C)c12	5.800	5.134	0.666
5eud	COc1cc(C)c(C[NH2+]C[C@@H](NC(=O)c2cc(C)on2)c2ccc(C#CCO)cc2)cc1C	6.820	7.452	0.632
3pvw	CCCn1c(CNc2cccc(C(=O)NCc3c(F)cccc3F)c2)nnc1-c1ccncn1	7.270	6.764	0.506
5cgv	O=C([O-])/C(O)=C/C(=O)[C@]1(Cc2ccc(Cl)cc2)CC[N@@H+](Cc2ccccc2)CC1	6.470	7.217	0.747
6moo	CC(C)([NH3+])[C@H](NC(=O)c1ccc(C#CC#C[C@@H]2C[C@H]2CO)cc1)C(=O)NO	9.170	8.614	0.556
4mk2	N#Cc1cccc(-c2c[nH]c(=O)c(O)c2)c1	6.140	5.892	0.248
5tho	CCN(CC)C(=O)C[C@H](NC(=O)CCc1ccccc1)C(=O)N[C@@H](COC)C(=O)NCc1cccc2ccccc12	7.640	6.987	0.653
6agp	Nc1nc2c(ncn2C2OC(COP(=O)(O)OP(=O)(O)O)C(O)C2O)c(=O)[nH]1	5.050	5.368	0.318
4my6	CC(=O)N[C@@H](Cc1ccccc1Cl)C(=O)N1CCC[C@]12C=C[C@@H]1CC[C@@H](C(=O)N3CC[C@@H]4C=C[C@H]5CC[C@@H](C(=O)[O-])N5C(=O)[C@H]43)N1C2=O	5.620	8.862	3.242
3wk4	C[C@@H](NC(=O)Nc1ccccc1)C1CC1	5.130	5.577	0.447
4o91	CC[N@H+]1CC[N@H+](Cc2ccc(NC(=O)c3ccc(C)c(Oc4ccnc5[nH]ccc45)c3)cc2C(F)(F)F)CC1	6.830	7.512	0.682
5v42	CCOC(=O)c1c(-c2ccccc2)oc2ccc(O)c(C[NH+]3CCCC3)c12	6.620	5.556	1.064
1d3v	[NH3+][C@@H](CCCC[B-](O)(O)O)C(=O)[O-]	6.960	5.196	1.764
4ir5	CC(=O)c1cc(-c2ccccc2CO)c2cc(Oc3ccccc3)ccn12	6.210	4.893	1.317
2g6p	Cc1nc(-c2ccccn2)nc(NCCc2ccccc2)c1Cl	6.220	6.681	0.461
5ws3	CCN(Cc1cccnc1)C(=O)CN(c1ccc(OC)nc1)S(=O)(=O)c1ccccc1C	8.960	7.532	1.428
1qm4	CO/C=C\[C@H]([NH3+])C(=O)[O-]	4.300	3.914	0.386
4qn9	C[C@H](CCC(=O)[O-])[C@H]1CC[C@H]2[C@@H]3CC[C@@H]4C[C@H](O)CC[C@]4(C)[C@H]3C[C@H](O)[C@@]21C	4.410	6.534	2.124
4x6x	O=C([O-])CCc1ccc(OC2CCN(C(=O)N[C@H]3[C@H](c4ccccc4)[C@@H]3c3ccccc3)CC2)cc1	8.640	6.953	1.687
2v13	CCCCNC(=O)[C@H](C)C[C@H](O)[C@@H]([NH3+])C[C@@H](C)CNC(=O)c1ccccc1OCCCOC	7.590	6.629	0.961
4zt7	Fc1ccc2[nH]c(NCCC[NH2+][C@@H]3CCNc4c(Cl)cc(Cl)cc43)nc2n1	8.000	8.468	0.468
5v24	CC(C)n1cnnc1-c1nc(C(=O)Nc2ccccn2)cs1	6.400	5.798	0.602
4e5d	COc1ccc2nc(-c3ccccc3F)sc2c1	6.220	6.406	0.186
4pb1	NC(=O)c1ncn([C@@H]2O[C@H](CO)[C@@H](O)[C@H]2O)n1	2.820	4.820	2.000
4uwg	CC(C)OCCN1C2=[NH+]C(=[N+]3CCOCC3)CC(=O)N2CC[C@H]1C(F)(F)F	8.150	6.277	1.873
2x6k	Oc1cccc(-c2nc(N3CCOCC3)c3oc4ncccc4c3n2)c1	5.640	6.801	1.161
4aoc	CO[C@H]1O[C@H]([C@@H](O)CO)[C@@H](O)[C@H](O)[C@@H]1O	4.270	5.529	1.259
6n6o	C[C@@H](Oc1cc(C(=O)N(C)C)ccc1Nc1nc(O[C@H]2CC[C@@](C)(O)CC2)c2c(Cl)c[nH]c2n1)C(F)(F)F	9.150	8.166	0.984
5o4s	Cn1c(=O)c(=O)n(C)c2cc(N3CCOCC3)c(NS(=O)(=O)c3ccc4c(c3)CCCC4)cc21	5.470	6.144	0.674
5v19	CCn1cc(NC(=O)c2ccoc2)cn1	3.300	5.617	2.317
4jkt	O=C(Cc1ccccc1)Nc1nnc(CCSCCc2nnc(NC(=O)Cc3ccccc3)s2)s1	7.090	5.093	1.997
4qsk	Nc1ncnc2c1ncn2C1OC(CO[PH](=O)O)C(O)C1O	5.100	5.791	0.691
3ad8	O=C([O-])c1ccc[nH]1	3.160	3.963	0.803
4bdg	Nc1cc(-c2cccnc2)n[nH]1	4.120	4.622	0.502
3l54	c1cc(-c2ccnc3ccc(-c4cnc5[nH]ncc5c4)cc23)ccn1	8.150	6.867	1.283
5kyj	COc1ncc(F)c(N2Cc3cn(-c4cccc(S(C)(=O)=O)c4)nc3[C@H]2C(C)C)n1	7.890	7.163	0.727
5wi1	O=C1OCCC[C@@H]1/C=N/c1ccccc1	5.000	5.589	0.589
3hyf	O=C([O-])c1nc(Cc2ccc(Cl)c(Cl)c2)[nH]c(=O)c1O	5.920	5.662	0.258
3eju	CC(C)(C)c1ccc(C(=O)C[C@@H]2CC[C@@H](O)[C@@H]3[C@H](O)[C@H](O)C[N@@H+]23)cc1	6.600	6.524	0.076
5w3i	COCCNC(=O)c1nc([C@@H]2CCCN2C(=O)COc2ccccc2)[nH]c(=O)c1O	5.800	6.578	0.778
5uoy	COc1ccc(Cn2c(=O)n3ncnc3c3c4c(sc32)C[N@H+](CC2CCOCC2)CC4)cc1	7.570	8.953	1.383
1o42	CC(=O)NC(Cc1ccc(OP(=O)(O)O)cc1)C(=O)NC1CCCCN(Cc2ccc(-c3ccccc3)cc2)C1=O	8.050	7.494	0.556
2oqi	[NH3+][C@H]1CN(CCc2ccc3c(c2)OCO3)C(=O)C[C@@H]1c1cc(F)c(F)cc1F	8.490	6.127	2.363
1tpz	Nc1nc2c(ncn2C2OC(COP(=O)(O)OP(=O)(O)O)C(O)C2O)c(=O)[nH]1	6.190	5.354	0.836
6n5f	CCCCCCCCC(=O)NCCCCCCCC(N)=O	6.860	5.200	1.660
2p98	[NH3+]NC(=O)c1cn2ccc3ccccc3c2n1	6.190	5.537	0.653
3i6c	O=C(N[C@H](Cc1cccc(F)c1)C(=O)[O-])c1ccc2ccccc2c1	4.920	6.169	1.249
4pnk	CC1=C(C(=O)Nc2ccc3n[nH]cc3c2)[C@H](c2ccc(F)cc2)NC(=O)N1	6.600	6.343	0.257
1dfo	Nc1nc(=O)c2c([nH]1)N=C[C@H](CNc1ccc(C(=O)N[C@@H](CCC(=O)[O-])C(=O)[O-])cc1)N2C=O	6.700	7.937	1.237
3srb	C=CCNc1ncnc2ccc(Br)cc12	4.190	4.927	0.737
5ugg	CCCCCCCCNC(=O)[C@H](Cc1ccc(OCc2ccc3ccccc3n2)cc1)NC(=O)[C@H]1CC[C@H](C[NH3+])CC1	6.420	8.031	1.611
4r5g	C(#C[P+](c1ccccc1)(c1ccccc1)c1ccccc1)c1ccccc1	5.220	6.101	0.881
6ap8	Cc1c(Nc2ccccc2C(=O)[O-])cccc1[N+](=O)[O-]	5.100	5.092	0.008
5wzt	Cc1c(C(=O)C(N)=O)c2c(OCC(=O)[O-])cccc2n1Cc1cccc(Br)c1	6.660	6.711	0.051
6a9o	O=C(Nc1ccc2c(c1)[nH]c(=O)c1ccccc12)c1ccccc1	5.240	5.225	0.015
5m0s	C[C@H](CCC(=O)NCCNC(=O)OCc1cc(Cl)cc(Cl)c1)[C@H]1CC[C@H]2[C@@H]3[C@@H](O)C[C@@H]4C[C@H](O)CC[C@]4(C)[C@H]3CC[C@@]21C	6.690	7.019	0.329
4ms0	Nc1cc(Cl)nc(N)n1	3.390	4.465	1.075
1hvy	Cc1nc2ccc(CN(C)c3ccc(C(=O)N[C@@H](CCC(=O)[O-])C(=O)[O-])s3)cc2c(=O)[nH]1	6.540	6.842	0.302
5wi0	CCCc1cc(=O)[nH]c(Nc2ccccc2F)[nH+]1	3.440	6.645	3.205
3hnb	Nc1n(CC[N+]2CCCCC2)c2ccccc2[n+]1C[C@@H](O)COc1ccc(Cl)cc1Cl	5.110	7.136	2.026
5hn0	O=C([O-])Cc1ccc(O)c(-c2ccccc2)c1	3.700	4.652	0.952
6hrz	NC(=[NH2+])Nc1nc2ccccc2s1	4.000	5.176	1.176
5h9s	OC[C@H]1O[C@@H](S[C@@H]2O[C@H](CO)[C@H](O)[C@H](n3cc(-c4cccc(F)c4)nn3)[C@H]2O)[C@H](O)[C@@H](O)[C@H]1O	4.060	5.885	1.825
5j3s	N#Cc1ccc2cc3c(=O)[nH]c(=O)nc-3n(-c3cccc(-c4nnn[nH]4)c3)c2c1	7.720	7.015	0.705
4w9g	Cc1cc(CNC(=O)[C@@H]2C[C@@H](O)CN2C(=O)CC(C)(C)C)ccc1-c1cncs1	5.260	6.905	1.645
5tnt	Cc1ncn(-c2ccc(C(=O)N[C@@H]3[C@H]4CC[C@@H]3N(c3ncc(Cl)c5c(N)noc35)C4)c(Cl)c2)n1	8.310	8.681	0.371
2ff2	O=c1[nH]cnc2c([C@@H]3[NH2+][C@H](CO)[C@@H](O)[C@H]3O)c[nH]c12	8.210	7.529	0.681
5nai	O=C(N[C@H](Cc1c[nH]c2ccccc12)C(=O)[O-])c1nc(Cl)c2ccccc2c1O	6.100	5.730	0.370
5gvk	Cc1n[nH]c2c1[C@](c1cc(C#N)cc(-c3ccc(S(=O)(=O)N(C)C)s3)c1)(C(C)C)C(C#N)C(=N)O2	7.000	8.284	1.284
2xsb	CC(=O)N[C@H]1C(=O)O[C@H](CO)[C@@H](O)[C@@H]1O	4.960	4.712	0.248
4u2y	OC[C@H]1O[C@H](O[C@@H]2[C@@H](CO)[NH2+][C@H](CO)[C@H]2O)[C@H](O)[C@@H](O)[C@@H]1O	3.990	5.025	1.035
3zsz	CC[C@H](C)NC(=O)c1ccccc1C[N@@H+](C)Cc1ccc2c(c1C(=O)[O-])OCO2	2.700	4.839	2.139
3sv9	CCC[C@H](NC(=O)[C@@H]1[C@H]2CCC[C@H]2CN1C(=O)[C@@H](NC(=O)[C@@H](NC(=O)c1cnccn1)C1CCCCC1)C(C)(C)C)[C@@H](O)C(=O)NC1CC1	5.000	8.804	3.804
5olb	O=C(CC[NH+]1CCN(C(=O)OCc2cc(Cl)cc(Cl)c2)CC1)c1ccc2[nH]c(=O)oc2c1	7.890	5.611	2.279
4e96	COc1ccccc1S(=O)(=O)Nc1ccc2c(c1)CN(C)C(=O)N2	6.660	5.973	0.687
4glw	COc1nc2nc(N)nc(N)c2nc1C	6.100	5.996	0.104
2z7i	CCCCCCCCCCCC[PH](C)(C)CC(P(=O)(O)O)P(=O)(O)O	7.000	6.236	0.764
4x7n	Cc1ccc2cc(-c3c(C)ccc(C(=O)c4c(-c5ccccc5)n(C)n(-c5ccccc5)c4=O)c3N)ccc2n1	8.220	6.760	1.460
2x6i	COc1ccc2c(c1OC)N/C(=[NH+]\C(=O)c1cccnc1)N1CC[NH2+]C21	6.080	8.313	2.233
5n8v	COc1ccc(C[N@H+]2CCc3c(c(C(=O)NCc4cccc5ccccc45)nn3CC[NH3+])C2)c2ccccc12	6.680	6.752	0.072
3vuc	CC[C@H](C[C@H](O)[C@@H]([NH3+])C[N@@H+]1CC(=O)N(c2ccccc2Cl)CC1(C)C)C(=O)N[C@H]1[C@H]2C[C@H]3C[C@@H]1C[C@](O)(C3)C2	9.050	7.967	1.083
6fns	O=C([O-])[C@H](Cc1cnc[nH]1)[NH+]1CCOCC1	4.030	5.329	1.299
4a4f	CNC(NC)=[NH+]CCC[C@H]([NH3+])C(=O)[O-]	2.880	4.299	1.419
4dhu	O=C(COc1ccccc1P(=O)(O)O)Nc1cccc(Cl)c1Cl	5.300	5.750	0.450
1fj4	C=C/C(C)=C/[C@@]1(C)SC(=O)C(C)=C1O	4.590	4.971	0.381
4na8	C[C@]1(c2ccccc2)C[C@@H](c2cccc(-c3ccc(C(N)=O)cc3C(=O)[O-])c2)Nc2ccc(C(N)=[NH2+])cc21	8.820	8.018	0.802
1uh1	CO[C@H]1O[C@H](CO)[C@H](O)[C@H](O[C@@H]2O[C@H](CO)[C@H](O)[C@H](O)[C@H]2NC(C)=O)[C@H]1O	5.480	5.041	0.439
4lh6	NC(=O)c1cnc(N)c2cc(Br)sc12	4.110	5.064	0.954
5uex	CCS(=O)(=O)Nc1ccc2c(c1)-c1cn(C)c(=O)cc1OCCCCc1cc(F)cc(F)c1O2	8.820	7.435	1.385
4n1b	O=C([O-])[C@H]1CCCC[C@H]1C(=O)N1CCc2ccccc2[C@H]1CN1Cc2ccccc2C1=O	5.960	6.542	0.582
5a5r	COc1cncc(-c2cnc(NC3CC[NH2+]CC3)c3[nH]c(=O)c(C)cc23)c1	5.900	7.763	1.863
3qs1	Cc1cccc(C)c1OCC(=O)N[C@@H](Cc1ccccc1)[C@H](O)C(=O)N1CSC(C)(C)[C@H]1C(=O)N[C@H]1c2ccccc2C[C@H]1O	7.960	8.246	0.286
4quo	[NH3+]Cc1cccc(CC(CP(=O)(O)C([NH3+])CCc2ccccc2)C(=O)O)c1	7.920	6.706	1.214
6r8r	Cc1ccccc1OCC(=O)Nc1ccc2cnccc2c1	7.070	5.325	1.745
4zsg	CC(C)NC(=O)n1nc(N)nc1Nc1ccc(Cl)cc1	5.000	6.830	1.830
4e5h	O=C([O-])C(=O)CC(=O)C1(Cc2ccc(Cl)cc2)CC[N+](Cc2ccccc2)CC1	6.370	5.282	1.088
1htf	CC1(C)S[C@H]([C@H](NC(=O)Cc2ccccc2)C(=O)NCc2ccccc2)[NH2+][C@H]1C(=O)N[C@@H](CO)Cc1ccccc1	6.830	6.758	0.072
5ajx	Cc1noc(C)c1Cn1cc(C#N)c2cc(Oc3ccc(NC(=O)[C@@H]4CCC[NH2+]4)cc3)ccc21	7.960	6.086	1.874
3l13	CS(=O)(=O)N1CC[N+](Cc2cc3nc(-c4cccc(CO)c4)nc(N4CCOCC4)c3s2)CC1	7.820	8.090	0.270
3c43	CS(=O)(=O)c1ccc(-c2noc([C@@H](CC3CC3)[C@H]([NH3+])C(=O)N3CC[C@H](F)C3)n2)c(F)c1	7.720	8.371	0.651
6qef	O=C(NCc1cc(F)cc(Cl)c1)[C@@]1(O)CCN(c2ccccc2)C1=O	7.220	6.935	0.285
6hvi	CN(C)c1cccc(-c2cc(Nc3cnccc3S(C)(=O)=O)cc3nccnc23)c1	6.420	7.293	0.873
1hn2	Nc1cccc2cc3ccccc3cc12	6.000	5.016	0.984
4nxs	OC[C@@H]1[C@H](O)[C@H](O)[C@@H](O)CN1C(=S)Nc1ccc(F)cc1	7.370	5.860	1.510
1jq3	Nc1ncnc2c1ncn2[C@@H]1O[C@H](CS[C@@H](CC[NH3+])CCCCC[NH3+])[C@@H](O)[C@H]1O	6.700	6.927	0.227
4ijp	NC(=O)c1cc2c(-c3ccc(C(=O)NCc4ccnc(Cl)c4)s3)cccc2s1	7.800	7.081	0.719
3uhm	C[C@@](CCN1CC=C(c2ccccc2)CC1=O)(C(=O)NO)S(C)(=O)=O	8.440	5.266	3.174
4fhh	CCC(CC)(c1ccc(OCC(=O)NO)c(C)c1)c1ccc(OC[C@@H](O)C(C)(C)C)c(C)c1	7.460	5.952	1.508
1x07	CC(C)=CCOP(=O)(O)OP(=O)(O)O	3.280	4.702	1.422
2g8n	O=S(=O)(Nc1ccc(Cl)cc1)c1ccc2c(c1)C[NH2+][C@@H](CO)C2	7.200	6.736	0.464
2bgr	CSCC[C@H]([NH3+])C(=O)N[C@@H](CC(=O)[O-])C(=O)N1CCC[C@H]1C=O	3.600	5.228	1.628
6i16	Cn1cc(NC(=O)c2cn(Cc3ccc(Cl)c(Cl)c3)c(=O)c3cccnc23)cn1	4.000	7.201	3.201
3ppo	C[N+](C)(C)CC(=O)CC(=O)[O-]	5.300	4.190	1.110
5hj9	[NH3+][C@](CCCC[B-](O)(O)O)(CC[N+]1CCCCC1)C(=O)[O-]	5.850	5.633	0.217
1n3z	O=c1ccn(C2OC(CO)C(OP(=O)(O)O)C2O)c(=O)[nH]1	4.200	4.449	0.249
1fls	COc1ccc(S(=O)(=O)N(Cc2cccnc2)c2c(C)cccc2C(=O)NO)cc1	7.480	7.071	0.409
4hy4	C[NH2+][C@@H](C)C(=O)N[C@H](C(=O)N1C[C@H]2CCC[N@@H+]2C[C@H]1C(=O)N[C@@H]1CCCc2ccccc21)C1CCCCC1	8.570	8.073	0.497
3bki	O=c1[nH]c2cc3no[n+](O)c3cc2[nH]c1=O	5.120	4.446	0.674
1ux7	CO[C@@H]1OC[C@@H](O[C@@H]2OC[C@@H](O)[C@H](O)[C@H]2O)[C@H](O)[C@H]1O	3.000	5.251	2.251
5u5l	COc1ccc2nc(COc3ccc(CC4SC(=O)NC4=O)cc3)n(C)c2c1	4.850	6.701	1.851
2chx	COc1ccc2c(nc(NC(=O)c3cccnc3)n3ccnc23)c1OC	7.740	6.748	0.992
5j58	Clc1cc(Cl)cc(C[NH2+][C@H]2CCCN(c3nc4ccc(Cl)nc4[nH]3)C2)c1	7.300	6.923	0.377
5sy2	CCN(C(=O)c1cnc(C)nc1NCc1ccco1)[C@H]1CCC[NH2+]C1	4.960	6.605	1.645
4cqg	CC(=O)c1cnc2ccc(-c3cc(Cl)c(O)c(Cl)c3)nc2c1N[C@H]1CC[C@H](C[NH+](C)C)CC1	9.390	5.881	3.509
5dd9	Cc1nnc(N2CCN(c3ncnc4sc(CC(F)(F)F)cc34)CC2)s1	6.110	6.287	0.177
1b11	CC(C)[C@H](NC(=O)[C@H](C)NC(=O)OCc1ccccc1)C(=O)N[C@H](CO)Cc1ccccc1	7.390	6.808	0.582
5lhh	CCn1c(C(=O)Nc2cccc(COC)c2COc2ccc(OC[C@@H]3C=CNC3)cc2)cc2sccc21	8.170	7.446	0.724
5jyo	O=C(Cc1cccc(OC(F)(F)F)c1)Nc1ccc(CCCCc2nnc(NC(=O)Cc3ccccn3)s2)nn1	8.520	6.450	2.070
4k5y	CCC(CC)Nc1cc(C)nc(Oc2c(C)cc(C)cc2C)c1C	8.170	5.947	2.223
6abp	O[C@H]1CO[C@@H](O)[C@H](O)[C@H]1O	6.360	5.343	1.017
5aiv	COCCCNC(=O)c1nc(-c2cccc3[nH]ccc23)no1	6.190	5.858	0.332
1f28	Cc1nc2ccc3ccc(CNc4ccc5c(c4)CN([C@@H](CCC(=O)[O-])C(=O)[O-])C5=O)cc3c2c(=O)[nH]1	7.800	6.837	0.963
5f6v	Oc1ccccc1-c1ccccc1O	2.240	4.639	2.399
4m5u	O=c1[nH]c(-c2ccc(-c3nn[nH]n3)cc2)c(-c2ccc(F)cc2)cc1O	7.960	5.642	2.318
6e59	C[C@@H](O[C@H]1OCC[N@H+](Cc2nn[nH]c2C[NH+](C)C)[C@H]1c1ccc(F)cc1)c1cc(C(F)(F)F)cc(C(F)(F)F)c1	8.670	7.680	0.990
4p75	COc1cccc(-c2cc(C(F)(F)F)[nH]n2)c1	4.100	5.413	1.313
5drc	O=C(C[C@H](O)C(=O)[O-])c1c[nH]c2ccccc12	5.980	4.861	1.119
5mys	O=C(COc1cccc(F)c1)Nc1nc(-c2ccccn2)cs1	4.300	6.033	1.733
6bu3	O=C(Nc1cccc(-c2nnn[nH]2)c1)c1cc(C(F)(F)F)cc2[nH]cnc12	6.550	7.285	0.735
2xb9	COc1ccc(C[C@H]2C(=O)[C@@H](O)[C@H](O)C[C@]2(O)C(=O)[O-])cc1	6.770	5.933	0.837
6bt0	CN(C)C(=O)c1ccc(Cn2c(C(=O)[O-])cc3c(Br)cc(Sc4ccc(Cl)c(Cl)c4)cc32)cc1	5.680	7.219	1.539
2fkf	O=P(O)(O)OCC1OC(OP(=O)(O)O)C(O)C(O)C1O	2.920	4.776	1.856
4jnm	Nc1ccc(CNC(=O)Nc2ccc(S(=O)(=O)c3ccccc3)cc2)cn1	8.520	6.071	2.449
5zku	OC[C@H]1O[C@@]2(CO[C@]3(CO)O[C@H](CO)[C@@H](O)[C@@H]3O2)[C@@H](O)[C@@H]1O	4.300	5.708	1.408
4esi	[NH2+]=c1[nH]c(=O)c2ncc(C(=O)NCc3cn[nH]n3)nc2[nH]1	4.150	5.583	1.433
3otq	CCc1cc(-c2cccnc2)nn1-c1ccc(NC(=O)c2cccnc2)cc1	7.390	5.905	1.485
4bfz	CNC(=O)COc1ccc(-c2ccc(C#N)cc2)c(C[NH+]2CCN(c3ccccn3)CC2)c1	6.260	7.211	0.951
2fdd	Cc1nc(COc2ccc(C[C@H](NC(=O)O[C@H]3CO[C@H]4OCC[C@@H]34)[C@H](O)CN(CC(C)C)S(=O)(=O)c3ccc4c(c3)OCO4)cc2)cs1	8.320	10.212	1.892
3cbs	CC(/C=C/c1c(C)cc(O)c(C)c1C)=C\C=C\C(C)=C\C(=O)[O-]	7.240	5.353	1.887
3ixg	OB(O)c1cc2ccccc2s1	7.570	5.279	2.291
6g4m	O[NH2+]Cc1nc(CCCCNc2c3ccccc3nc3ccccc23)ccc1O	6.600	6.553	0.047
3s9i	O=C(C[C@H](O)C(=O)[O-])c1ccccc1	5.700	4.961	0.739
2wpb	CCCN(CCC)C(=O)[C@H](O)[C@H](O)CO	2.890	5.651	2.761
6cea	O=C([O-])CCc1ccc2ccccc2n1	3.140	5.836	2.696
6ela	COc1ccc(-c2ccc(Sc3ccccc3[C@H](CCC(=O)[O-])C(=O)[O-])cc2)cc1	7.590	6.454	1.136
1xur	O=C(NCc1cccnc1)c1cc(C(=O)NCc2cccnc2)ncn1	5.180	6.084	0.904
2agv	CC(C)(C)c1cc(O)c(C(C)(C)C)cc1O	7.700	4.329	3.371
5mwd	Cc1cc(C)n(-c2ncc(Cl)c(Nc3ccc4c(c3)CC(=O)N4)n2)n1	5.720	6.537	0.817
6mjw	Nc1ccc(-c2cc(Cl)c(Cl)c3[nH]c4c(c23)CN(C(=O)CO)CC4)cn1	7.990	7.407	0.583
4ddl	COc1cc2nncc(-c3cnc(N4CCC(C(C)(C)O)CC4)c(C)c3)c2cc1OC	8.310	7.256	1.054
5yea	N#Cc1cc(NS(=O)(=O)c2ccc(C(=O)[O-])cc2)ccc1Oc1ccc(Cl)c(C(F)(F)F)c1	8.300	6.848	1.452
4caf	Cc1n[nH]c(C)c1Cc1nnc(-c2sc3ccccc3c2OC2CC[NH2+]CC2)o1	7.120	7.343	0.223
3lp0	CCOC(=O)C1=C(O)N(O)c2ncccc2C1O	6.960	5.844	1.116
6ftn	CC(=O)Nc1nc(C)c(-c2cc(C)c3c(c2)CN([C@@H](C)C2CC2)C3=O)s1	6.700	6.905	0.205
5m5q	Cc1ccc(-c2[nH]c3ncccc3c2CCC(=O)N2CCOC[C@H]2c2nc3ccccc3[nH]2)c(-c2ccccc2)c1	7.050	8.303	1.253
3dya	N#Cc1cc(Cl)cc(Oc2c(Br)ccc(Cc3n[nH]c4nnccc34)c2F)c1	8.520	8.152	0.368
6hzp	[NH3+]CC(=O)CCC(=O)[O-]	1.980	4.158	2.178
3kce	Cc1ccc2[nH]c(C(=O)[O-])cc2c1	4.800	4.239	0.561
6bau	[NH3+][C@@H](CS)C(=O)[O-]	4.510	4.428	0.082
2jt5	O=NC(=O)CN(CCO)S(=O)(=O)c1ccc(-c2ccccc2)cc1	7.740	6.657	1.083
6oa3	Cn1c(=S)c2nc(SCC[NH+]3CCOCC3)[nH]c2n(C)c1=O	6.400	5.971	0.429
4anb	[NH3+]CC1(O)CN(C(=O)c2ccc(F)c(F)c2Nc2ccc(I)cc2F)C1	8.180	7.037	1.143
5am1	O=C1CC2(CCN(C(=O)N[C@H]3C[C@@H]3c3ccccc3)CC2)Oc2ccccc21	8.520	6.798	1.722
6dh5	CCC(CC)CN(C[C@@H](O)[C@H](CC1CCCCC1)NC(=O)O[C@H]1CO[C@H]2OCC[C@@H]12)S(=O)(=O)C1CCC([NH3+])CC1	11.300	9.339	1.961
5k8o	O=C([O-])c1cc([N+](=O)[O-])ccc1O	5.960	4.932	1.028
4ju3	Cc1ccc(S(=O)(=O)Nc2ccc(Oc3ccc(C(=O)[O-])cc3)cc2C(=O)[O-])cc1	7.070	5.036	2.034
4kox	CC(=O)OCC1=C(C(=O)[O-])N2C(=O)[C@@H](NC(=O)Cc3cccs3)[C@H]2SC1	4.770	5.707	0.937
6i15	CNC(=O)c1cccn(Cc2ccc3c(c2)OC(F)(F)O3)c1=O	4.000	5.574	1.574
2pjt	CC#CCNc1ccc(S(=O)(=O)CC2(C(=O)NO)CCN(C(=O)OC(C)(C)C)CC2)cc1	6.070	7.217	1.147
5eva	Cn1nccc1C(=O)Nc1ccc(F)cc1F	3.700	6.174	2.474
4mw2	C=CCc1cc(Cl)cc(C[NH2+]CCCNC(=O)Nc2ccsc2)c1O	6.700	6.219	0.481
5kql	O=C(Nc1ccccc1)[C@H](c1ccccc1)S(=O)(=O)[O-]	4.000	4.657	0.657
2kdh	O=C(O[C@@H]1Cc2c(O)cc(O)cc2O[C@@H]1c1cc(O)c(O)c(O)c1)c1cc(O)c(O)c(O)c1	2.960	6.109	3.149
5ugh	C[NH+](C)CCc1nnc2cc(-c3ccccc3)c3cc(Cl)ccc3n12	6.770	6.241	0.529
4ybs	Cc1nc(S(=O)(=O)Nc2cc3c(cc2Oc2cccc(OCC(C)C)c2)n(C)c(=O)n3C)cn1C	7.240	7.069	0.171
5jjr	COc1cc(C)c(C(=O)NS(=O)(=O)c2cccc3cccnc23)cc1-c1ccc(C#CCO)s1	7.800	8.037	0.237
5u6b	Cc1nn(CCO)c2c1-c1cnc(N)c(n1)O[C@H](C)c1c(ccc(F)c1Cl)C(=O)N(C)C2	9.890	8.601	1.289
3k3b	CC(=O)N1CC[C@H]2c3cc(C)ccc3N[C@@H]2[C@H]1c1cccc(O)c1	6.700	6.577	0.123
5j6d	COc1cccc(Oc2cccc(N3CCCCC3)c2CNC(=[NH2+])NC(=O)c2ccc(C[C@H]([NH3+])C(=O)[O-])cc2)c1	8.220	6.276	1.944
5j4y	CC(=O)Nc1ccc(Oc2ccccc2-c2nc3ccncc3s2)cc1	6.050	6.490	0.440
6dh0	CC(C)CN(C[C@@H](O)[C@H](Cc1ccccc1)NC(=O)O[C@H]1CO[C@H]2OCC[C@@H]12)S(=O)(=O)c1ccc(N)cc1	10.590	9.792	0.798
2nq7	CC(C)(C)C(=O)Nc1cccnc1C(=O)Nc1nccs1	5.540	5.171	0.369
3p3u	CCOc1ccccc1-c1nc(-c2ccncc2)no1	6.480	6.961	0.481
5qap	CC(=O)Nc1cccc(-c2cccc(C(=O)[O-])c2)c1	4.000	4.336	0.336
6s0e	CC(=O)N[C@@H]1[C@@H](O)C=C(C(=O)[O-])O[C@H]1[C@H](O)[C@H](O)CO	5.500	4.877	0.623
5ea4	CS(=O)(=O)CCCn1c(Cn2c3c(n(C4CC4)c2=O)CC[NH2+]C3)nc2c1CC=C(Br)C2	8.110	8.569	0.459
5qcn	CCOC(=O)[C@H]1CCCN(C(=O)c2cccc3c2CCN(C(=O)/C=C/c2cc(Cl)ccc2-n2cnnn2)[C@@H]3C(=O)Nc2ccc(C(=O)[O-])cc2)C1	8.220	7.894	0.326
2oaz	CC(C)c1ccccc1Nc1n[nH]c(SCc2cccs2)n1	8.700	5.890	2.810
5wio	O=C([O-])c1cc(-n2cccc2)ccn1	5.030	4.887	0.143
1w25	Nc1nc2c(ncn2C2OC(COP(=O)(O)O)C(O)C2O)c(=O)[nH]1	6.300	5.353	0.947
3uxm	Cc1cn([C@H]2C[C@H](O)[C@@H](CF)O2)c(=O)[nH]c1=O	4.700	5.029	0.329
3hqz	c1ccc2nc(COc3ccc(-c4[nH]ncc4-c4ccncc4)cc3)ccc2c1	9.380	8.016	1.364
5ab9	CCc1cccc2c(C3CC[NH2+]CC3)c[nH]c12	6.330	5.779	0.551
5alr	FC(F)(F)Sc1ccc(Nc2ncnc3ccccc23)cc1	7.070	6.174	0.896
2c9b	O=c1[nH]c(=O)c2[nH]c(=O)n(C[C@@H](O)[C@H](O)[C@H](O)CO)c2[nH]1	5.540	6.116	0.576
4lno	NC(=O)CC[C@H]([NH3+])C(=O)[O-]	2.620	4.004	1.384
2pqj	Nc1ncnc2[nH]cnc12	8.200	5.690	2.510
5tku	COC(=O)Nc1ccc2c(c1)NC(=O)CCCCC[C@H](NC(=O)/C=C/c1cc(Cl)ccc1-n1cnnn1)c1nc-2c[nH]1	9.800	8.244	1.556
5a09	CC(=O)C1=C(C)N(c2cccc(C(F)(F)F)c2)C(=O)N(CC(=O)[O-])[C@@H]1c1ccc(C#N)cc1	8.460	6.283	2.177
5fv7	O=c1c2sccc2n(C[C@H]2COc3ccccc3O2)c(=O)n1O	6.740	5.358	1.382
6op0	Cc1ccc(C)c(Cn2c([C@H](O)c3ccncc3)nc3ccc(-c4cnn(C)c4)cc32)c1	7.860	7.091	0.769
3oqk	O=C(c1c(Oc2ccccc2)n(-c2ccccc2)c2ccccc12)N1CC[NH2+]CC1	6.380	6.719	0.339
4ddy	O=C(Nc1cccc(-c2nn[nH]n2)c1)c1cccc(C(F)(F)F)c1	5.620	5.650	0.030
2pvv	N=C(COS(=O)(=O)[O-])C(=O)[O-]	3.360	4.920	1.560
3ryw	CCCCCCCCCCOc1cncc(CC(P(=O)(O)O)P(=O)(O)O)c1	6.240	6.602	0.362
2aig	CC(C)C[C@H](NC(=O)c1ccco1)C(=O)N[C@@H](Cc1c[nH]c2ccccc12)C(=O)[O-]	5.000	5.975	0.975
6qed	O=C1CCc2cc(N3CC[C@](O)(C(=O)NCc4cc(F)cc(Cl)c4)C3=O)ccc2N1	7.130	6.844	0.286
5djr	O=C([O-])c1cc2c(-c3cccc4[nH]ccc34)cccc2[nH]1	4.860	4.863	0.003
1o47	CC(=O)NC(Cc1ccc(C(F)(F)P(=O)(O)O)cc1)C(=O)NC1CCCCN(Cc2ccc(-c3ccccc3)cc2)C1=O	8.400	7.736	0.664
6cct	CC[C@H](NC(=O)[C@@H](NC(=O)[C@@H]1CCC[NH2+]1)[C@@H](C)O)C(=O)NC	4.140	5.689	1.549
5ii1	Cc1n[nH]c2oc(=O)c3ccccc3c12	5.480	4.310	1.170
2fl2	[NH3+][C@H](C(=O)N1CC(c2cc(F)ccc2F)=C[C@H]1c1ccccc1)C1CC1	8.700	8.047	0.653
6dya	O=C(NCc1cc(Cl)cc(Cl)c1)c1cccc(Cn2ccnc2)c1	6.170	6.486	0.316
4dhp	O=C(COc1ccccc1P(=O)(O)O)Nc1cc(C(F)(F)F)ccc1Cl	4.440	6.122	1.682
5du6	CCc1ccc([C@H]2C[C@@H](C)n3ncc(C(=O)NCc4ccc(F)cc4)c3N2)cc1	5.020	5.694	0.674
3u0d	O=C([O-])c1cccc(O)c1O	10.000	4.367	5.633
3ho9	C=C1C[C@@]23C=CC(=O)[C@@](C)(CCC(=O)Nc4c(O)ccc(C(=O)[O-])c4O)[C@@H]2C[C@@H]1C[C@H]3O	6.100	5.947	0.153
6jio	CC(C)(C)OC(=O)N1CCc2ccc(N)cc2C1	4.550	5.691	1.141
5ocj	CCC(/C=C/P(=O)(O)OC)C(C(C)=O)C(=O)OC	4.820	5.321	0.501
5am4	O=C1Nc2ccc(C3CCCCC3)cc2C12CCOCC2	6.950	5.500	1.450
3br9	CC(C)CCn1nc(-c2cccs2)c(O)c(C2=Nc3ccc(O[C@H](C)C(N)=O)cc3S(=O)(=O)N2)c1=O	7.210	6.981	0.229
3vzd	Oc1ccc(Nc2nc(-c3ccc(Cl)cc3)cs2)cc1	6.300	6.162	0.138
6u7o	CC(C)CN(C[C@@H](O)[C@H](Cc1ccccc1)NC(=O)O[C@@H]1[C@@H]2CO[C@@H]3OC[C@H]1C[C@@H]32)S(=O)(=O)c1ccc(B([OH2+])[OH2+])cc1	10.810	9.925	0.885
2a3x	C[C@]1(C(=O)[O-])OC[C@@H](OC(=O)N2CCN(C(=O)O[C@H]3CO[C@@](C)(C(=O)[O-])OC3)CC2)CO1	6.920	4.877	2.043
4iu4	[NH3+][C@@H](CSCC[B-](O)([OH2+])[OH2+])C(=O)[O-]	5.000	4.947	0.053
2y1d	O=CN(O)CCC(c1ccc(Cl)c(Cl)c1)P(=O)(O)O	6.820	6.161	0.659
4n8d	[NH3+]C[C@]1(c2ccccc2)CC[C@H](OC/C=C/c2ccccc2)CC1	4.920	6.255	1.335
5dhq	N=c1nc[nH]c2c1nc(SCC(=O)NCCc1cccc(Br)c1)n2[C@@H]1O[C@H](CO)[C@@H](O)[C@H]1O	5.700	6.557	0.857
4nwk	C=C[C@@H]1C[C@]1(NC(=O)[C@@H]1C[C@@H](Oc2nccc3cc(OC)ccc23)CN1C(=O)[C@@H](NC(=O)OC(C)(C)C)C(C)(C)C)C(=O)NS(=O)(=O)C1CC1	8.700	7.592	1.108
4a4g	CN(C)C(=[NH2+])NCCC[C@H]([NH3+])C(=O)[O-]	2.990	4.866	1.876
1xzx	[NH3+][C@@H](Cc1cc(I)c(Oc2ccc(O)c(I)c2)c(I)c1)C(=O)[O-]	10.220	7.214	3.006
1nj5	Nc1ncnc2c1ncn2[C@@H]1O[C@H](COS(=O)(=O)NC(=O)[C@@H]2CCC[NH2+]2)[C@@H](O)[C@H]1O	7.300	6.541	0.759
4aw8	COCCO[C@@H]1COCCOC[C@H]1OCCOC	7.660	5.393	2.267
5vsk	C[C@@H](CC(=O)N1CCC(O)(C[n+]2c[nH]c3cc(Cl)ccc3c2=O)CC1)c1ccccc1	5.740	7.629	1.889
5dlv	C[C@H](CCC(=O)NCCS(=O)(=O)[O-])[C@H]1CC[C@H]2[C@@H]3[C@@H](O)C[C@@H]4C[C@H](O)CC[C@]4(C)[C@H]3CC[C@@]21C	4.980	7.235	2.255
2wxi	Cc1ccccc1-n1c(Cn2nc(C#CCO)c3c(N)ncnc32)nc2cccc(C)c2c1=O	8.150	8.394	0.244
2ycs	C/C(=N\NC(N)=[NH2+])c1ccc(NC(=O)c2c[nH]c3ccccc23)cc1	8.870	5.290	3.580
4jsr	CCNC(=O)c1ccc(C(=O)NCCC2CCN(c3ncnc4cc(C(N)=O)sc34)CC2)s1	8.400	7.192	1.208
2wxo	COc1cc(Nc2nc3ccccc3nc2NS(=O)(=O)c2ccc(F)cc2)cc(OC)c1	7.050	6.741	0.309
3sd5	Nc1cc(C(F)(F)F)c(-c2cc(N3CCOCC3)nc(N3CCOCC3)n2)cn1	6.580	5.795	0.785
1ld8	N#Cc1ccc2cc1Oc1ccc3cccc(c3c1)N1CC[C@@H]([NH2+]Cc3cncn3C2)C1=O	8.460	8.971	0.511
4mpe	O=C1C=CC(S(=O)(=O)n2cc3ccc(O)cc3c2)C(O)=C1	6.370	6.656	0.286
5o0a	Cc1c(C(=O)[O-])cnn1-c1ccccc1	3.240	5.413	2.173
6gpb	CC1(OP(=O)(O)O)OC(CO)C(O)C(O)C1O	4.850	4.800	0.050
3opm	CC(C)Cn1c(C[NH3+])c(-c2ccccc2)c2cc(OCC(N)=O)ccc2c1=O	6.620	7.235	0.615
4aa7	COc1cc(OC)c(S(=O)(=O)N2c3ccccc3C[C@H]2C)cc1NC(C)=O	5.700	5.912	0.212
3ty0	COc1ccc2c(-n3c(=O)n(Cc4cccc([C@@]5(C)OC(=O)NC5=O)c4)c4ccccc43)noc2c1	7.080	8.133	1.053
3ans	N#Cc1ccc(C(=O)N[C@H]2C[C@@H]2c2ccccc2)cc1	6.250	6.162	0.088
6me2	CCC(=O)NCC[C@@H]1CCc2ccc3occc3c21	9.370	5.353	4.017
6ps9	CN1C[C@H](CCn2c3c(c4ccccc42)C(=O)NCC3)CC1=O	4.620	6.333	1.713
2ndo	O=C([O-])c1ccccc1NS(=O)(=O)c1ccc(I)cc1	3.250	5.972	2.722
5h21	COc1cc(C(=O)NCCC2=CCCS2)cc(OC)c1OC	5.190	5.947	0.757
5u9i	C/C=C(/C)CC/C=C(\C)CCC=C(C)C	7.310	5.115	2.195
1lt6	O=[N+]([O-])c1cccc(O[C@H]2O[C@H](CO)[C@H](O)[C@H](O)[C@H]2O)c1	3.300	4.466	1.166
4hva	COc1ccc(-c2cc(C(=O)N[C@@H](CO)Cc3cccc(C#N)c3)co2)cc1OC	5.890	7.199	1.309
2qry	Cc1ncc(C[n+]2csc(CCOP(=O)(O)O)c2C)c(N)n1	8.640	5.868	2.772
4n99	O=C([O-])c1cc2[nH]c3ccccc3c2cc1Cl	3.670	5.367	1.697
5c3k	C[C@H]([NH3+])C(=O)Nc1cccc(N)n1	3.960	4.563	0.603
5m7m	CCc1nc2ccc(C3CCN(S(=O)(=O)CCC[NH+](C)C)CC3)cn2c1N(C)c1nc(-c2ccc(F)cc2)cs1	6.450	8.011	1.561
1kvo	O=C([O-])CC[C@@H](CSc1ccc(Cc2ccccc2)cc1)NC(=O)CCCCCCc1ccccc1	7.890	6.290	1.600
4ozo	O=[N+]([O-])c1ccccc1S[C@@H]1O[C@H](CO)[C@H](O)[C@H](O)[C@H]1O	3.830	4.428	0.598
5i2r	O=c1ccn(-c2cccc(OC(F)(F)F)c2)nc1-c1ccnn1-c1ccccc1	7.720	7.146	0.574
6hk6	O=C(Cc1ccc2ccccc2c1)Nc1ccccn1	6.410	5.074	1.336
5oje	Cc1cc(C)c(CCNC(=O)[C@@H]([NH3+])Cc2c[nH]c3ccccc23)c(C)c1	5.210	5.847	0.637
6bg5	CCC[N@H+]1CC[C@H](N(Cc2ccc3c(c2)OCO3)C(=O)Nc2cccc(C(F)(F)F)c2)CC1	6.000	5.360	0.640
6dtw	N#Cc1cc2c(Oc3ccc(F)cc3OCCn3ccc(=O)[nH]c3=O)cc(F)cn2c1	8.260	6.697	1.563
5jar	Cc1ccccc1-c1cc(C(=O)c2nccs2)ccc1C	5.700	5.676	0.024
4itj	C[C@H](NC(=O)c1ccc(C#N)n1C)c1c(F)cccc1Cl	6.420	6.188	0.232
5db3	COc1cc2c(cc(C#N)n2Cc2cn[nH]c2)c(C)c1C[N@H+]1CC[C@H](Nc2ncnc3sc(CC(F)(F)F)cc23)CC1	7.920	8.450	0.530
1vrt	Cc1ccnc2c1NC(=O)c1cccnc1N2C1CC1	7.100	7.124	0.024
5n1p	O=C(NO)c1cccc2ccccc12	4.600	5.133	0.533
4kc4	O=C(NC[C@H]1O[C@@H](n2ccc(=O)[nH]c2=O)[C@H](O)[C@@H]1O)c1cccc(CO)n1	3.230	5.578	2.348
5a5z	C[C@H](S)C(=O)NCC(=O)[O-]	4.080	4.331	0.251
3u7n	CCCC[C@H](CN(O)C=O)C(=O)[C@@H](NC(=O)Nc1ccc(C)cn1)C(C)C	7.950	7.677	0.273
6dk1	CC(C)=CC[N@@H+]1CC[C@]2(C)c3cc(O)ccc3C[C@H]1[C@H]2C	7.650	5.970	1.680
5fdg	O=C([O-])C(=O)C[C@@H](O)[C@]1(Cc2ccc(Cl)cc2)CC[N@@H+](Cc2ccccc2)CC1	6.370	6.370	0.000
5uxn	[NH3+][C@@H](Cc1ccc(O)cc1)C(=O)[O-]	4.640	4.728	0.088
5fh6	O=c1[nH]c2[n+](c3ccccc13)CC[C@@H]2C[NH+]1CCCCC1	5.920	6.188	0.268
6n17	O=C([O-])CCC(=O)Nc1ccc(C(=O)[O-])c(C(=O)[O-])c1	3.000	5.042	2.042
2nq6	CC(C)(C)OC(=O)Nc1cccnc1C(=O)Nc1nccs1	5.820	4.915	0.905
4mjo	CNC(=O)Nc1cc(Br)cc(NC(=O)NS(=O)(=O)c2cc(C)c(CCOC)s2)n1	6.220	7.325	1.105
5vqq	Cc1c(Oc2ccccc2OCCn2ccc(=O)[nH]c2=O)cc(N(C)C(=O)CF)c2ccc(C#N)cc12	5.280	7.984	2.704
2ow6	O[C@H]1CCC[S@+]2C[C@@H](O)[C@@H](O)[C@H]12	2.700	4.592	1.892
4w54	CCc1ccccc1	4.170	4.621	0.451
1a4q	CCCN(CCc1ccccc1)C(=O)[C@@H]1OC(C(=O)[O-])=C[C@H]([NH3+])[C@H]1NC(C)=O	5.440	6.467	1.027
1stp	O=C([O-])CCCC[C@@H]1SC[C@@H]2NC(=O)N[C@H]12	13.400	8.164	5.236
4wmv	O=C([O-])c1sc2cc(F)ccc2c1Cl	4.030	5.641	1.611
5v7w	C[N@H+]1CC[C@H](C/[NH+]=c2/[nH]c(=O)c3c4c(sc3[nH]2)CCCC4)CC1	7.120	5.788	1.332
2j4a	CC(C)c1cc(Oc2c(Br)cc(CCC(=O)[O-])cc2Br)ccc1O	10.600	6.334	4.266
6qac	CCCC[NH2+][C@@H](Cc1c[nH]c2ccccc12)C(=O)NCCCC1CCCCCC1	8.210	7.706	0.504
4xm8	COCc1cccc(S(=O)(=O)N(CC(C)C)[C@@H](C(=O)NO)C(C)C)c1	3.020	6.602	3.582
2boi	CO[C@@H]1O[C@@H](C)[C@@H](O)[C@@H](O)[C@@H]1O	4.320	5.034	0.714
5m4q	O=C([O-])[C@@H]1CCC[NH2+]1	3.510	4.548	1.038
3prz	Cc1nc(N)c2cccc(C(=O)Nc3ccn[nH]3)c2n1	7.590	6.060	1.530
6c99	COC(=O)C1=C(c2cccnc2)Nc2ncnn2[C@@H]1c1cc(F)cc(F)c1	5.620	7.571	1.951
4c94	Oc1cc(O)c2c(c1)O[C@H](c1ccc(O)c(O)c1)[C@@H](O)C2	5.050	4.625	0.425
6cki	CC1(C)NC(=O)c2ccc(Nc3ccncn3)c(=O)n21	7.240	7.568	0.328
2gh7	O=C([O-])CCCC[C@@H]1SC[C@@H]2NC(=O)N[C@H]12	13.000	8.172	4.828
1n94	CCCC[N@@H+](CCC1CCCCC1)Cc1ccc(C(=O)N[C@@H](CCSC)C(=O)[O-])c(-c2ccccc2C)c1	8.960	8.037	0.923
4lpf	Nc1ncn[nH]1	3.510	4.028	0.518
5qat	CC(=O)OCc1cccc(-c2cccc(C(=O)[O-])c2)c1	3.850	4.076	0.226
3w54	CC(C)=CCC/C(C)=C/Cc1c(O)c(Cl)c(C)c(C=O)c1O	9.700	5.773	3.927
5dj5	CC1C=C(O/C=C2/C(=O)O[C@@H]3c4ccccc4C[C@H]23)OC1=O	5.600	5.993	0.393
5cgj	Cc1cc(C)c(C)c(S(=O)(=O)Nc2ccc(N3CC[C@H](C(=O)[O-])C3)c3ccccc23)c1C	5.220	7.325	2.105
2yc5	N#Cc1cnn2c1N=C(Cl)C(Cc1ccccc1)C2=O	7.460	6.033	1.427
1you	CCOCCC1(Oc2ccc(Oc3ccc(F)cc3)cc2)C(=O)NC(=O)NC1=O	9.060	6.157	2.903
1n8v	OCCCCCCCCCCCCBr	6.030	4.655	1.375
3gnv	CC(=O)N1c2cccc(O)c2NC2=C(C(=O)CC(C)(C)C2)[C@@H]1c1ccc(OCc2ccccc2)cc1Cl	7.030	7.671	0.641
3m6f	CN1C(=O)N(c2cc(Cl)cc(Cl)c2)C(=O)[C@]12CN(c1ccc(C(=O)[O-])cn1)C[C@H]2c1ccc(C#N)cc1	8.600	7.894	0.706
4o0z	O=C(NCc1ccc(S(=O)(=O)c2cc(F)cc(F)c2)cc1)c1ccc2cccn2c1	7.240	6.355	0.885
5uwk	CC(C)[C@H](NS(=O)(=O)c1ccc(-c2ccc(CSc3nc4c(c(=O)[nH]3)CCC4)cc2)cc1)C(=O)[O-]	8.640	8.047	0.593
2w71	Cc1nc(-c2ccnc(N)n2)cn1Cc1c(Cl)cccc1Cl	6.480	5.319	1.161
4crd	COC(=O)Nc1ccc(-c2[nH]c(CNC(=O)CCc3cc(Cl)ccc3-n3cnnn3)nc2Cl)cc1	7.100	7.448	0.348
3g15	C[N+]1(C)CCO[C@@](O)(c2ccc(-c3ccc([C@@]4(O)C[N+](C)(C)CCO4)cc3)cc2)C1	7.000	6.141	0.859
6nfo	C[C@@H](CO)NC(=O)c1c[nH]n2c(=O)cc(-c3ccccc3)nc12	5.570	6.579	1.009
2fme	Cc1ccc2c(c1C)CN(C(=O)N(C)C)C[C@@H]2c1cccc(O)c1	6.980	6.251	0.729
3rde	CCCCCCCCCCC#CCOCc1ccc(CCC(=O)[O-])cc1	7.460	6.353	1.107
3oot	Cc1c(F)cccc1Cc1c(C(=O)N2CC[NH2+]CC2)c2c(C)c(O)ccc2n1-c1ccccc1	8.700	7.225	1.475
1vcu	CC(=O)N[C@@H]1[C@@H](O)CC(C(=O)[O-])O[C@H]1[C@H](O)[C@H](O)CO	3.850	4.910	1.060
2ko7	CCOC(=O)CN1C(=O)CC(C[C@@H](O)[C@@H]2C[C@@H](C)C[C@H](C)C2=O)CC1=O	5.190	6.883	1.693
4tyt	O=C([O-])/C(S)=C/c1c(Cl)ccc(Cl)c1Cl	7.700	5.842	1.858
2y0j	Cc1nc2c3ccccc3nc(SCc3nc4ccccc4[nH]3)n2n1	7.920	6.780	1.140
6e4c	Cc1cc(-c2noc(=O)[nH]2)ccc1C1=CC(=O)C(O)C(C(=O)[O-])=N1	9.920	6.208	3.712
2ria	OC[C@@H](O)[C@H]1O[C@H](O)[C@@H](O)[C@@H](O)[C@@H]1O	2.570	5.017	2.447
3c94	CC[C@H](C)[C@H](NC(=O)[C@@H]([NH3+])CC(=O)[O-])C(=O)N1CCC[C@H]1C(=O)N[C@@H](Cc1ccccc1)C(=O)[O-]	6.870	5.590	1.280
1xud	Cc1cc(CNC(=O)c2cc(C(=O)NCc3ccc(F)c(C)c3)ncn2)ccc1F	8.100	6.479	1.621
2rcu	CCCCCCCCCCCCCCCC(=O)N[C@H](CC(=O)[O-])C[N+](C)(C)C	6.680	6.306	0.374
6e1a	CNC(=O)O[C@H]1CCC[C@@H]1[C@]1([C@H]2CC[N@H+](CC3CN(c4ccc(S(=O)(=O)c5ccncc5)cc4)C3)CC2)C[N@H+](C)Cc2ccccc21	8.850	7.202	1.648
4qgh	Cc1cn([C@H]2CCC[N@@H+]([C@@H](CC(C)C)c3ccc(C(=O)[O-])c(Oc4cccc(Cl)c4)c3F)C2)c(=O)[nH]c1=O	9.000	8.581	0.419
1npw	NC(=O)O[C@@H]1Cc2ccccc2[C@@H]1C1=CN[C@@](Cc2ccccc2)(C[C@H](O)[C@H](Cc2ccccc2)NC(=O)O[C@H]2CCOC2)C1=O	8.700	8.825	0.125
1dm2	NC1=NC(=O)C(C2CCNC(=O)c3[nH]c(Br)cc32)=N1	7.150	5.918	1.232
5of0	O=C([O-])CC[C@H](NC(=O)N[C@@H](CCCC(=O)/N=C/c1ccc(F)cc1)C(=O)[O-])C(=O)[O-]	8.630	6.678	1.952
2zga	CC(C)=CCN(CC[NH3+])S(=O)(=O)c1ccc(C(N)=O)cc1	6.320	5.853	0.467
4mvh	O=C(c1ccc(Oc2nccnc2N2CCOCC2)cc1)c1nc2ccccc2[nH]1	8.350	6.622	1.728
2ogz	C[C@H](CCc1ccc(C(N)=O)cc1)[NH2+]CC(=O)c1ccc(F)cc1	7.080	5.952	1.128
4mvw	O=C(NCCC[NH2+]Cc1cc(Cl)cc(Cl)c1)Nc1ccsc1	7.550	6.233	1.317
5alz	CS(=O)(=O)N1CCC(NC(=O)N[C@]23C[C@H]4C[C@H](C[C@H](C4)C2)C3)CC1	8.220	6.378	1.842
3nrz	O=c1nc[nH]c2nc[nH]c12	5.340	5.024	0.316
4jxw	O=C([O-])c1ccc(CCCNS(=O)(=O)c2ccsc2C(=O)[O-])cc1	4.720	5.512	0.792
2fv9	CC[C@H](C)[C@H](NC(=O)[C@@H](CC(=O)NO)Cc1ccccc1)C(=O)N[C@@H](CC(C)C)C(=O)[O-]	7.220	6.503	0.717
1tft	C[NH2+][C@@H](C)C(=O)N[C@H](C(=O)N1C[C@@H](Oc2ccccc2)C[C@H]1C(=O)N[C@@H]1CCCc2ccccc21)C(C)(C)C	8.300	8.079	0.221
6oxr	CC(C)CN(C[C@@H](O)[C@H](Cc1ccccc1)NC(=O)O[C@H]1CO[C@H]2OCC[C@@H]12)S(=O)(=O)c1ccc([C@H](C)O)cc1	10.320	10.530	0.210
5km3	O=c1ccn(C2OC(COP(=O)(O)O)C(O)C2O)c(=O)[nH]1	4.600	4.644	0.044
3wym	COc1cn(-c2ccc(-n3cccn3)cc2F)nc(-c2ccnn2-c2ccccc2)c1=O	9.520	7.227	2.293
4b3u	CC[NH2+]C1C(=N)N(Cc2ccccc2)C(=O)NC1=O	5.330	5.637	0.307
1w6j	C=CC[N@H+](C)CCCCCCOc1ccc(C(=O)c2ccc(Br)cc2)c(F)c1	8.190	6.353	1.837
6o6f	O=C([O-])c1ccc2c(c1)N(CC1CCC1)C[C@@]1(CCc3cc(Cl)ccc31)CO2	7.400	6.465	0.935
5eto	N#Cc1ccc(CSc2nc3[nH]c(=[NH2+])[nH]c(=O)c3[nH]2)c(F)c1	5.570	6.483	0.913
6oe3	N#Cc1ccc2c(Oc3ccccc3OCCn3ccc(=O)[nH]c3=O)cc(F)cc2c1	8.320	7.283	1.037
4ec0	[NH3+]Cc1ccc2ccccc2c1-c1ccc(C(=O)NCC[N+]2CCOCC2)cc1	6.070	5.841	0.229
4ps3	CCCn1cnc(CCNC(=O)Nc2nc3ccc(-c4cncc(OC)c4)cc3s2)c1	8.700	8.417	0.283
3sh0	CCCCCCCCCCCCOc1cccc(O)c1C(=O)[O-]	5.660	4.992	0.668
5mm9	CCOP(=O)(OCC)[C@@H](CS)CCCc1ccccc1	6.420	6.965	0.545
3qa2	Cc1ccccc1Nc1nc(N2CC[NH2+]CC2)nc2c(NCC3CC3)ncnc12	6.680	6.942	0.262
5l72	COc1ncc(-c2cc(NC(=O)C[NH+]3CCOCC3)c3cocc3c2)cc1NS(C)(=O)=O	6.800	7.676	0.876
3kec	COc1ccc(Cn2nnc(-c3cccc(C(=O)NCc4ccc(C(=O)[O-])cc4)c3)n2)cc1	7.240	5.713	1.527
3kpv	Nc1ncnc2[nH]cnc12	3.740	5.763	2.023
3sm1	CC(C)CC(=O)N[C@H](C(=O)N[C@H](C(=O)N[C@@H](CC(C)C)[C@@H](O)CC(N)=O)C(C)C)C(C)C	5.840	6.793	0.953
1oe7	[NH3+][C@@H](CCC(=O)N[C@@H](CS)C(=O)NCC(=O)[O-])C(=O)[O-]	5.520	4.701	0.819
5uv1	CC(C)=CCC/C(C)=C(\F)COP(=O)(O)OP(=O)(O)O	5.620	4.656	0.964
4i1r	CSc1ccc2c(c1)N(CC[C@@H]1CCCC[N@H+]1C)c1ccccc1S2	4.650	6.296	1.646
4nvq	COc1cc2c(cc1OCCC[NH+]1CCCC1)NC(=[NH2+])C21CCC1	8.480	5.734	2.746
5gjf	CC(C)Oc1cc(C(=O)N2CC[NH+](C)CC2)ccc1NC(=O)c1csc(-c2cccc(NC(=O)Nc3ccccc3)c2)n1	6.590	8.210	1.620
5ene	N#Cc1nc(Cc2ccccc2)oc1N	3.230	5.982	2.752
3kab	Cc1ccc2cc(C(=O)[O-])[nH]c2c1	3.200	4.317	1.117
4o5g	N=C1NC(=O)/C(=C\c2ccc(N)cc2)S1	4.300	4.744	0.444
4do3	C[C@H](C(=O)[O-])c1ccc2c(c1)[nH]c1ccc(Cl)cc12	4.100	5.523	1.423
1fwe	CC(=O)NO	5.600	4.064	1.536
6fc6	C[C@H]([NH3+])C(=O)N[C@H](C(=O)N[C@@H](Cc1ccccc1)C(=O)[O-])[C@@H](C)O	5.250	5.152	0.098
3g0b	Cn1c(=O)cc(N2CCC[C@@H]([NH3+])C2)n(Cc2ccccc2C#N)c1=O	8.150	7.455	0.695
5koq	CC(C)CN(C(=O)c1cnc(C(C)(C)C)nc1NCc1ccco1)[C@H]1CCC[NH2+]C1	9.240	6.945	2.295
1o4r	O=P(O)(O)C(c1ccccc1)P(=O)(O)O	2.410	4.851	2.441
5qj2	Cn1ccc(-c2cccc(COc3cc(N)nc4[nH]nnc34)c2)n1	7.680	6.189	1.491
3nam	C/C=C(/C)C(=O)O[C@@H]1C[C@H]2[C@H]([C@@H]3OC(=O)[C@@](C)(O)[C@@]3(O)[C@@H](OC(=O)CCC)C[C@]2(C)OC(C)=O)[C@H]1C	8.460	5.701	2.759
6md7	CC1(C[NH3+])CCN(c2ncc(Sc3cccnc3C(F)(F)F)c(=O)[nH]2)CC1	6.740	7.462	0.722
4yay	CCc1cc2c(c(CC)n1)CCC(O)N2Cc1ccc(-c2ccccc2-c2nn[nH]n2)cc1	8.540	7.477	1.063
5v83	O=C(Nc1cccc(C(F)(F)F)c1)N[C@H]1CC[N@H+](Cc2ccccc2)CC1	5.160	7.025	1.865
6p14	CNC(=O)c1cccc(Nc2nc(N)n(C(=O)c3c(F)cccc3OC)n2)c1	6.660	7.475	0.815
2evo	O=C(Nc1nccs1)C(=O)NC1CCCC1	7.170	4.799	2.371
5nba	NC(=O)n1cc(NC(=O)N2C[C@H](F)C[C@H]2C(=O)Nc2cccc(OC(F)(F)F)c2)c2ccccc21	7.300	7.350	0.050
4g93	COc1ccccc1[C@@H](Br)[C@H](NC(=O)c1ccc([N+](=O)[O-])cc1)C(=O)N1CCCCC1	3.520	6.600	3.080
1ha2	CC(=O)C[C@@H](c1ccccc1)c1c(O)c2ccccc2oc1=O	5.540	5.721	0.181
3kaf	O=C(N[C@H](Cc1nc2ccccc2[nH]1)C(=O)[O-])c1cc2ccccc2s1	6.080	6.374	0.294
3d7g	CSC[C@H](NC(=O)N[C@@H](CCC(=O)[O-])C(=O)[O-])C(=O)[O-]	7.770	4.768	3.002
4p90	O=C(c1cc(CO)ccc1Cl)c1c[nH]c2ncc(-c3cnn(C4CC[NH2+]CC4)c3)cc12	7.190	7.572	0.382
5g6u	O=S(=O)([O-])N[C@H]1[C@@H](O)O[C@H](COS(=O)(=O)[O-])[C@@H](O)[C@@H]1O	6.660	5.734	0.926
6f7q	C[NH+](C)CCN(C[C@@H]1CCC[N@H+](C2Cc3ccccc3C2)C1)C(=O)c1ccc2cccc(O)c2n1	8.960	7.752	1.208
2r5q	Cc1c(O)cccc1C(=O)N[C@@H](CSc1ccccc1)[C@H](O)C[N@@H+]1C[C@H]2CCCC[C@H]2C[C@H]1C(=O)NC(C)(C)C	8.570	7.778	0.792
1hq5	[NH3+][C@@H](CSCC[B-](O)(O)O)C(=O)[O-]	5.650	4.741	0.909
6mdd	Nc1nc2ccc(Sc3cccc(Cl)c3Cl)nc2[nH]1	4.330	5.604	1.274
4jvj	Cc1ccc(-c2cc3c(NC(P(=O)(O)O)P(=O)(O)O)ncnc3s2)cc1	7.660	4.777	2.883
3kag	Cc1occc1C(=O)N[C@H](Cc1nc2ccccc2[nH]1)C(=O)[O-]	5.180	5.986	0.806
3nzs	COc1cccc(Nc2nc(N3CCS(=O)(=O)CC3)nc3c2cnn3C)c1	7.120	6.507	0.613
4y2v	O=C([O-])Cn1cc(Br)c(C2CC2)n1	4.040	5.350	1.310
4c72	C=C/C(C)=C/[C@@]1(C)SC(=O)C(C(C)=O)=C1O	5.090	5.494	0.404
4kpz	O=C1CCN(c2cccc([N+](=O)[O-])c2)C(=O)N1	2.710	4.668	1.958
2flh	C/C(=C\CNc1ncnc2nc[nH]c12)CO	3.970	5.436	1.466
6b2c	CCn1ccc2ccc(-c3cn(-c4ccc(O)c(F)c4)nn3)nc2c1=O	7.030	5.605	1.425
6o50	C=CC[N+](C)(C)c1ccc(CCC(=O)CCc2ccc([N+](C)(C)CC=C)cc2)cc1	8.550	5.702	2.848
6gl3	COc1ccc(NC(=O)N2CCN(c3nc(N)nc4c3cnn4C)[C@@H](C)C2)c(C)c1	7.960	6.542	1.418
3fk1	O=C(O)C[NH2+]CP(=O)(O)O	2.620	5.054	2.434
1w6r	COc1ccc2c3c1O[C@H]1C[C@@H](O)C=C[C@@]31CC[N+](C)=C2	6.150	6.242	0.092
2aay	O=C([O-])C1=C[C@@H](O)[C@@H](O)[C@H](O)C1	2.920	3.877	0.957
1utz	O=C([O-])C[C@@H](NC(=O)c1cc(-c2ccc(-c3ccncc3)cc2)cs1)c1ccccc1	5.850	6.032	0.182
4dru	COc1ccc2c(c1)C=C1Cn3c-2c(C2CCCCC2)c2ccc(cc23)C(=O)NS(=O)(=O)N(C)CCCCN(C)C1=O	8.620	7.696	0.924
5wg4	O=C(NCc1ccccn1)c1cc([C@@H]2CC[NH2+]C[C@H]2COc2ccc3n[nH]cc3c2)ccc1F	7.000	8.266	1.266
4a7b	O=C(N[C@H]1CCCS(=O)(=O)C1)c1ccc(Oc2ccc(C#C[C@]3(O)C[N@H+]4CC[C@@H]3CC4)cc2)cc1	7.400	6.869	0.531
5t28	Cn1nc(-c2cnc(N)c(-n3nnc4ccccc43)n2)nc1C1(c2ccccc2)CC1	8.490	7.128	1.362
5tqg	C[C@@H]1CC(=O)Nc2ccc(S(=O)(=O)C3CC3)c(c2)CN(C)C(=O)[C@H](Nc2ccc3c(N)ncc(F)c3c2)c2ccc(OCC(F)F)c1c2	9.620	9.525	0.095
4kpx	O=C(Nc1ccc(NC(=O)c2ccccn2)cc1)c1ccc(O)c([N+](=O)[O-])c1	7.300	6.188	1.112
5brn	O=c1[nH]cnc2c1ncn2CC(CO)OCCP(=O)(O)O	6.300	6.589	0.289
4a9m	Cc1ccc(-c2c(C)noc2C)cc1S(=O)(=O)NC1CCCC1	6.300	6.648	0.348
1ppw	C/C(=C\COP(=O)(O)OP(=O)(O)O)CO	4.300	4.758	0.458
4zt6	Fc1ccc2[nH]c(NCCC[NH2+][C@@H]3CCOc4c(Cl)cc(Cl)cc43)nc2n1	8.000	8.548	0.548
3ut5	CC[C@@]1(C)OC2=CC(C=CC2=O)[C@@H](O)[C@H]([NH2+]C)C(=O)N[C@@H](C(C)C)C(=O)N[C@@H]1C(=O)NCC(=O)[O-]	5.740	6.806	1.066
3exf	Cc1ncc(C[n+]2csc(CCOP(=O)(O)OP(=O)(O)O)c2C)c(N)n1	6.540	6.065	0.475
5mwo	Cc1ccc2sc(CO)cc2c1	3.210	4.566	1.356
1ya4	CC/C(=C(\c1ccccc1)c1ccc(OCC[NH+](C)C)cc1)c1ccccc1	4.820	5.625	0.805
3dxk	Cc1[nH]c2ccccc2c1CCNC(=O)c1cccs1	6.330	5.491	0.839
5czb	CO[P@@](=O)(Nc1nn(-c2ccc(-c3cc4nc(C)cc(N)n4n3)cc2)cc1C(=O)[O-])c1ccc(C)cc1C	8.000	7.325	0.675
1yw8	O=C([O-])c1c(NS(=O)(=O)c2ccccc2)ccc2c1CCCC2	8.000	5.512	2.488
4ze6	[NH3+]CCCCCCC(=O)[O-]	2.480	4.712	2.232
4og6	N#Cc1ccc(OCCC[N@H+]2CC[C@H]([C@@](O)(c3cccc(F)c3)C3CCCC3)CC2)cc1	6.710	8.044	1.334
6aum	O=C(Nc1ccc(OC(F)(F)F)cc1)N[C@H]1CC[C@H](Oc2ccc(C(=O)[O-])cc2)CC1	9.100	6.352	2.748
2jt6	N#Cc1ccc(-c2ccc(OCCC(=O)NO)cc2)cc1	7.600	6.078	1.522
4az0	Cc1ccccc1[C@H](CC(=O)[O-])NC(=O)c1cc(O)n(-c2ccccc2F)n1	7.420	6.321	1.099
6q2y	[NH3+]Cc1ccc2sc([B-]([OH2+])([OH2+])[OH2+])cc2c1	5.260	6.017	0.757
1puq	Nc1nc2c([nH]c(=O)n2C2CC(O)C(COP(=O)(O)O)O2)c(=O)[nH]1	7.280	5.697	1.583
3hy9	O=C(NO)[C@@H]([NH2+]CC1CC1)[C@@H](Cc1cccc(O)c1)C(=O)N[C@H]1c2ccccc2C[C@H]1O	7.770	7.189	0.581
1nax	CC(C)c1cc(Oc2c(Cl)cc(CC(=O)[O-])cc2Cl)ccc1O	6.430	6.581	0.151
3oof	O=C([O-])c1ccc(NC(=O)[C@H](C2CCCCC2)n2c(-c3ccc(Cl)cc3)nc3cc(F)c(F)cc32)cc1	7.300	6.981	0.319
1rin	OC[C@H]1O[C@H](O)[C@@H](O)[C@@H](O)[C@@H]1O	3.150	4.075	0.925
4jft	COc1ccc([C@@H]2[NH2+][C@@H](C)[C@@H](O)[C@H]2O)cc1	5.460	5.914	0.454
5cxi	C[C@H](C(=O)SCCNC=O)[C@H]1CC[C@H]2[C@@H]3CCC4=CC(=O)CC[C@]4(C)[C@H]3CC[C@@]21C	6.550	7.527	0.977
4ezl	CC(C)(O)[C@H]1CC[N@H+](Cc2ccc3nc(-c4cnc(N)nc4)nc(N4CCOCC4)c3n2)CC1	8.590	8.382	0.208
6h7o	CC(C)(C)[NH2+]C[C@H](O)COc1cccc2[nH]c(C#N)cc12	9.850	6.400	3.450
5d1t	Cc1cc(S(=O)(=O)N(Cc2cccc(C[NH3+])c2)[C@H](C)C(=O)NO)ccc1F	5.770	6.971	1.201
6q7w	Nc1cc(NCCCc2ccc(F)cc2)cc(C(F)(F)F)n1	6.850	5.874	0.976
1dg9	O=S(=O)(O)CC[N@H+]1CC[N@H+](CCO)CC1	2.740	4.792	2.052
4led	C[C@H]1O[C@H](O)[C@@H](O)[C@@H](O)[C@@H]1O	2.300	4.332	2.032
6dgx	CC(C)CN(C[C@@H](O)[C@H](Cc1ccccc1)NC(=O)O[C@H]1CO[C@H]2OCC[C@@H]12)S(=O)(=O)c1ccc(N)cc1	11.300	9.784	1.516
5gn7	COc1ccc(N2CC[NH+](Cc3cc(=O)oc4c(O)c(O)ccc34)CC2)cc1	6.050	6.575	0.525
4l4m	O=C(NCc1ccc(S(=O)(=O)c2cc(F)cc(F)c2)cc1)c1ccn2ccnc2c1	8.000	6.761	1.239
3ao1	Oc1ccc2c(c1)OCO2	2.260	4.268	2.008
3n6k	O=C([O-])Cn1c(C(=O)[O-])cc2ccc3ccccc3c21	6.740	4.560	2.180
5mw6	Cc1cc(C)n(-c2ncc(Cl)c(Nc3ccc(Cl)cc3)n2)n1	4.730	6.033	1.303
5yzd	O=C([O-])CNC(=O)[C@H](Cc1ccccc1)NC(=O)[C@@H](Cc1ccccc1)NC(=O)OCc1ccccc1	6.700	5.321	1.379
6h9x	Nc1ncnc2c1ncn2[C@@H]1O[C@H](COS(=O)(=O)NC(=O)[C@@H]([NH3+])CO)[C@@H](O)[C@H]1O	9.740	6.869	2.871
4pd8	Cc1cc2c([nH]1)NC(=O)N([C@@H]1O[C@H](CO)[C@@H](O)[C@H]1O)C2	6.030	4.681	1.349
6r8q	Cc1ccccc1OCC(=O)Nc1ccc2[nH]nnc2c1	6.920	4.860	2.060
4hy0	CCO[C@@H]1C[C@@H]2CN(C(=O)[C@@H](NC(=O)[C@H](C)[NH2+]C)C3CCC(F)(F)CC3)[C@H](C(=O)N[C@@H]3CCOc4ccccc43)C[N@H+]2C1	6.700	8.622	1.922
6ccx	O=C(N[C@H]1CC[NH2+][C@H](Cc2ccc(Cl)cc2)C1)c1c[nH]c2ccc(Br)cc12	3.150	6.637	3.487
5tw3	N#Cc1ccc2c(Oc3ccc(F)cc3OCCn3ccc(=O)[nH]c3=O)cc(F)cc2c1	8.700	7.088	1.612
4u6e	[NH3+]C(c1ccccc1)P(=O)(O)O	3.300	5.144	1.844
4bdi	CC(=O)N1CCC(C(=O)Nc2ccc(C)cn2)CC1	3.640	4.922	1.282
3lik	NC(=O)[C@H](CCC(=O)[O-])NC(=O)[C@H](CCC(=O)[O-])NC(=O)CCc1ccc(-c2cc(-c3ccccc3)cs2)cc1	8.720	5.537	3.183
3hwx	CC1=C(CCOP(=O)(O)OP(=O)(O)O)SCN1Cc1cnc(C)nc1N	7.860	6.158	1.702
5dhp	Nc1ncnc2c1nc(SCC(=O)NCCc1ccccc1)n2[C@@H]1O[C@H](CO)[C@@H](O)[C@H]1O	3.850	6.342	2.492
3kqp	Nc1ccc2ncccc2c1	3.420	4.753	1.333
4qag	O=C([O-])Cc1cc(=O)oc2c(O)c(O)ccc12	5.320	4.439	0.881
6g9j	C[C@@H](NC(=O)CN1Cc2ccc(-c3nc(NC4CCOCC4)ncc3Cl)cc2C1=O)c1ccccc1	8.390	8.443	0.053
5mhq	CC[C@H](Nc1nc(NCc2cccnc2)c2ncn(C(C)C)c2n1)[C@@H](C)O	6.960	6.632	0.328
4dem	CC(C)Oc1ccc(-c2ccnc(NC(P(=O)(O)O)P(=O)(O)O)c2)cc1	7.550	5.934	1.616
4xx4	CC(C)[C@]1(C)CC(=O)N(Cc2cccc(N3C[C@@H](c4ccccc4)CC3=O)c2)C(=[NH2+])N1	7.360	8.055	0.695
4x6p	Nc1n[nH]c2cc(-c3c[nH]c([C@H](Cc4ccccc4)NC(=O)/C=C/c4cc(Cl)ccc4-n4cnnn4)n3)ccc12	8.300	9.635	1.335
4n9e	O=C(Nc1cccnc1)c1ccc2c(c1)ncn2CC1CCN(C(=O)c2ccccc2)CC1	7.820	7.674	0.146
4m5r	Oc1ccc(-n2ccnc2)cc1	3.000	5.838	2.838
5q0g	CC[C@@H]1CCC[C@H](NC(=O)/C=C/c2cc(Cl)ccc2-n2cnnn2)c2nc(c[nH]2)-c2ccc(NC(=O)OC)cc2NC1=O	9.740	8.050	1.690
3sdi	Cc1ccc(CNC(=O)[C@H](CCc2ccccc2)NC(=O)[C@H](CC(=O)NCC(C)(C)C)NC(=O)c2cc(C)on2)cc1	8.330	6.514	1.816
2vew	O=C1C[C@@H](c2ccc(C[C@H](NS(=O)(=O)c3cccc(F)c3)C3=N[C@H](Cc4ccccc4F)CN3)cc2)S(=O)(=O)N1	7.190	7.994	0.804
1pwu	CNC(=O)[C@H](Cc1c[nH]c2ccccc12)NC(=O)[C@@H](CC(=O)NO)CC(C)C	5.680	6.655	0.975
4fbe	COc1ccc(N/C(S)=N/CCCn2ccnc2)cc1OC	6.990	6.208	0.782
3jzf	NC(=O)c1ccc2c(c1)nc(NCc1ccccc1Cl)n2CC1CCCCC1	5.300	7.631	2.331
5ak5	CCCc1nc(-c2cccnc2)c[nH]c1=O	7.070	5.824	1.246
5kj2	CNC(=O)Nc1ccc2c(c1)CC[C@@]21OC(=O)N(CC(=O)N(Cc2ccc(F)cc2)[C@@H](C)C(F)(F)F)C1=O	7.820	7.436	0.384
5fum	CC[N@H+]1CC[N@H+](C2CCN(C(=O)COc3ccc(-c4ccccc4)cc3)CC2)CC1	4.740	5.988	1.248
1lv8	CC(Cn1cnc2c(N)nc(N)nc21)OCP(=O)(O)O	5.460	5.909	0.449
5aln	CC1(C)C(=O)Nc2ccc(-c3ccc(F)cc3)cc21	6.570	5.831	0.739
4tn4	Cc1n[nH]c2c1[C@](c1cc(C#N)cc(-c3cccc(F)c3)c1)(C1CCC1)C(C#N)=C(N)O2	6.330	6.386	0.056
6bt6	O=C(Nc1cccc(-c2nnn[nH]2)c1)c1cc(C(F)(F)F)cc2nc[nH]c12	5.910	6.327	0.417
6pf6	[NH2+]=c1[nH]c(=O)c2c(Cc3ccc(C(=O)Nc4cc(C(=O)[O-])ccc4C(=O)[O-])cc3)c[nH]c2[nH]1	4.740	6.925	2.185
6pii	[NH2+]=c1[nH]c(=O)c2[nH]cnc2[nH]1	6.960	4.772	2.188
1nhw	Oc1ccccc1Nc1ccc(Cl)cc1Cl	4.840	4.968	0.128
5uwl	CNC(=O)[C@@H](NC(=O)c1ccc(-c2ccc(CSC3=NC(=O)C4CCCC4=N3)cc2)o1)C(C)C	8.030	6.481	1.549
2gg7	Nc1n[nH]c(N)c1/N=N/c1cccc(C(=O)[O-])c1	5.760	4.938	0.822
4c66	CCc1cc2c(s1)-n1c(C)nnc1CN=C2c1ccccc1Cl	4.100	5.207	1.107
5osk	COc1ccc(OC)c(CN2Cc3cc(OC)c(OS(N)(=O)=O)cc3NC2=O)c1	5.600	5.479	0.121
3p9t	Oc1cc(Cl)ccc1Oc1ccc(Cl)cc1Cl	6.200	4.838	1.362
4cjn	N#Cc1ccc(/C=C/c2nc3ccccc3c(=O)n2-c2cccc(C(=O)[O-])c2)cc1	4.760	6.376	1.616
6dih	O=C([O-])c1ccc(O)cc1C(=O)[O-]	2.720	4.862	2.142
2avi	O=C([O-])CCCC[C@@H]1SC[C@@H]2NC(=O)N[C@H]12	15.220	8.129	7.091
4huo	[NH2+]=c1[nH]c(=O)c2ncc(C(=O)NCC(=O)N[C@@H](Cc3ccccc3)C(=O)[O-])nc2[nH]1	4.700	6.028	1.328
2yem	Cc1nnc2n1-c1ccccc1C(c1ccccc1)=N[C@H]2NC(=O)OCc1ccccc1	7.810	6.695	1.115
1u9e	Oc1ccc(-c2cc3cc(O)ccc3o2)cc1	8.240	5.983	2.257
6g92	Cc1cnc(Nc2cnn(C)c2C)nc1	4.120	5.352	1.232
5ufi	CCC(=O)N[C@@H](Cc1nc2ccc(C(C)C)cc2s1)C(=O)N[C@H](CNC(=O)CC[NH+]1CCOCC1)C1CCCCC1	8.400	6.230	2.170
4zz2	[NH2+]=c1[nH]c(=O)c2cc(CCCc3cc(C(=O)N[C@@H](CCC(=O)[O-])C(=O)[O-])cs3)[nH]c2[nH]1	8.040	7.112	0.928
2clm	O=C(NCCOP(=O)(O)O)c1ccc(OC(F)(F)F)cc1	3.550	5.395	1.845
5qaj	Nc1ccc(-c2cccc(C(=O)[O-])c2)cc1	3.480	4.481	1.001
6s7z	COc1ccc(S(=O)(=O)N2CCc3ccccc3C2)cc1NC(=O)Cc1n[nH]c(=O)c2ccccc12	5.660	6.975	1.315
5kkr	COc1cc2ncnc(Nc3ccc(Oc4ccccc4)cc3C)c2cc1OC	6.920	5.675	1.245
3sud	CC[C@@H]1C[C@]1(NC(=O)[C@@H]1C[C@@H]2CN1C(=O)[C@H](C(C)(C)C)NC(=O)O[C@@H]1C[C@H]1CCCCCc1nc3ccc(OC)cc3nc1O2)C(=O)NS(=O)(=O)C1C=C1	9.850	8.380	1.470
1ywi	CC(C)C[C@H](NC(=O)[C@@H]1CCCN1C(=O)[C@@H]1CCCN1C(=O)[C@@H]1CCC[NH2+]1)C(=O)N1CCC[C@H]1C(=O)N1CCC[C@H]1C(=O)[O-]	3.430	5.460	2.030
5c7a	C[C@@H]1C[N@H+](CC(=O)N2CCc3ccccc32)CC[NH2+]1	3.310	6.320	3.010
5xmt	Cc1n[nH]c2c1[C@](c1cc(-c3ccccc3C#N)cc(C(F)(F)F)c1)(C(C)C)C(C#N)=C(N)O2	7.580	6.379	1.201
3smq	O=C(NCCC1C=CCCC1)Nc1ccc2nnsc2c1	5.020	6.403	1.383
6htn	CO[C@@H]1O[C@@H](C)[C@@H](O)[C@@H](O)[C@@H]1O	6.070	5.006	1.064
4kup	Cc1cc(C)c(/C=N/NC(=O)[C@@H]([NH3+])Cc2c[nH]c3ccccc23)c(C)c1	5.220	6.265	1.045
5qtu	COC(=O)Nc1ccc2c(c1)NC(=O)[C@H](C)CCC[C@H](NC(=O)c1ncn(-c3cccc(Cl)c3F)c1C)c1cc-2ccn1	8.390	8.724	0.334
2pj1	CC(C)C(NC(=O)OCc1ccccc1)P(=O)(O)OC(C(=O)O)c1cccc(C[NH3+])c1	8.010	5.255	2.755
5l2n	Cc1c(Cc2ccccc2)c(=O)oc2cc(OS(C)(=O)=O)ccc12	5.550	6.618	1.068
4m3e	CCCS(=O)(=O)NCc1nc(-c2ccc(C(=O)NCCC(F)(F)F)cc2)cs1	6.250	7.582	1.332
6qra	Nc1cc(-c2ccc3ccn(Cc4ccc(C[NH+]5CCCCC5)cc4)c3c2)n[nH]1	6.150	5.383	0.767
5als	O=S(=O)(N[C@H]1C=CCC1)c1ccnc2nc(-c3ccc(C(F)(F)F)cc3)[nH]c12	7.720	7.487	0.233
7prc	CCNc1nc(Cl)nc(N[C@@](C)(C#N)CC)n1	5.210	5.848	0.638
4m3f	Cc1nc(-c2ccc(S(=O)(=O)NCCC(C)C)cc2)cs1	5.310	6.228	0.918
3lj3	Cn1cc(/C=C2\Oc3cc(O)cc(O)c3C2=O)c2c(N3CC[N+](C)CC3)ccnc21	9.030	8.072	0.958
5jv2	Cc1ccc(-c2sc3ncncc3c2CP(=O)(O)O)cc1	4.000	4.772	0.772
5g43	Nc1csc(N2CCCCC2)n1	3.700	4.679	0.979
2cll	O=P(O)(O)OCCNS(=O)(=O)c1ccc(OC(F)(F)F)cc1	4.300	5.622	1.322
5emj	Cn1cnc2ccc(-c3ccnc(NC[C@H](O)C[N@@H+]4CCc5ccccc5C4)c3)cc21	7.480	6.569	0.911
2b5j	CCc1c(C)nc(O)c(I)c1Oc1cccc(CCC#N)c1	9.100	6.898	2.202
4acf	CCCCNc1c(-c2ccc(OCC(=O)[O-])cc2)[nH]c2ccc(Br)c[n+]12	5.800	6.537	0.737
5ggk	O=[N+]([O-])c1ccc(O[C@@H]2O[C@H](CO)[C@@H](O)[C@H](O)[C@@H]2O)cc1	3.540	5.072	1.532
1me8	NC(=O)c1ncn(C2OC(COP(=O)(O)O)C(O)C2O)n1	7.190	5.236	1.954
5iha	CC(C)COc1cnccc1-c1cnn(-c2ccc(N3CC[NH+](C)CC3)cc2)c1	8.050	7.790	0.260
2q2y	CC(=O)C1N=[N+]2c3cc(F)ccc3OC[C@H]2[C@@]1(CCC[NH+]1CCN(C(C)=O)CC1)c1ccccc1	8.800	7.082	1.718
4mm8	C[NH2+]CC[C@@H](Oc1ccc(C(F)(F)F)cc1)c1ccccc1	6.110	6.646	0.536
3zw3	CC(=O)Nc1cn2cc(/C=C3\SC(=O)NC3=O)ccc2n1	7.470	4.915	2.555
4m5h	N#Cc1ccc(CSc2nc3[nH]c(=[NH2+])[nH]c(=O)c3[nH]2)cc1	4.540	5.872	1.332
3n87	O=C(c1ccccc1)c1cccc(C2=C[C@@](O)(C(=O)[O-])C[C@@H](O)[C@@H]2O)c1	4.960	5.160	0.200
5vdw	O=C([O-])Cn1c(-c2cscn2)nc2ccccc21	3.700	5.411	1.711
5cw8	CSC(=O)[C@@H](C)CCC[C@@H](C)[C@H]1CC[C@H]2[C@@H]3CCC4=CC(=O)CC[C@]4(C)[C@H]3CC[C@@]21C	7.220	6.491	0.729
4wf6	Cc1cc(S(=O)(=O)N[C@H](C)C(=O)NO)ccc1F	6.300	6.407	0.107
4rs0	CC(C)Cc1ccc([C@H](C)C(=O)[O-])cc1	6.000	5.113	0.887
5ak0	Cn1cc(-c2cn(C)c3ccc(Oc4ccc(NC(=O)[C@@H]5CCC[NH2+]5)cc4)cc23)cn1	7.680	6.625	1.055
1nj1	Nc1ncnc2c1ncn2[C@@H]1O[C@H](COS(=O)(=O)NC(=O)[C@@H]([NH3+])CS)[C@@H](O)[C@H]1O	7.600	6.857	0.743
4djh	CC(C)[C@@H](C[N+]1CC[C@@](C)(c2cccc(O)c2)[C@@H](C)C1)NC(=O)[C@H]1Cc2ccc(O)cc2C[NH2+]1	9.490	7.366	2.124
6j63	O=C1CCCC(=O)C1[C@@H](O)c1ccc(C(F)(F)F)cc1[N+](=O)[O-]	8.190	6.463	1.727
6qxa	Nc1nc2ccc(CNC(=O)c3cc4ccccc4[nH]3)cc2s1	5.770	5.793	0.023
1zeo	CCCc1cc2c(=O)n(C)oc2c(CCC)c1O[C@H](C(=O)[O-])c1ccc(C(C)C)cc1	6.680	7.212	0.532
6e2n	O=C(Nc1cccc(-c2nncn2C2CC2)c1)c1cc(-c2cccnc2)ccn1	7.900	5.857	2.043
2glm	COCCN1C(=O)/C(=C\c2ccc(-c3ccc(Cl)c(C(=O)[O-])c3)o2)S/C1=N\c1ccccc1	5.370	7.844	2.474
4op2	C[C@](O)(c1ccc(-c2ccc(S(=O)(=O)c3ccc(N)nc3)cc2)cc1)C(F)(F)F	5.930	6.765	0.835
5v8o	O=c1cc(-c2ccccc2)nc2[nH]nnn12	3.770	6.705	2.935
5yz7	C/C(=C/[C@@H](O)Cc1ccc(Br)cc1)C(=O)[O-]	4.750	4.429	0.321
5wzw	CCc1c(CC(N)=O)c2cc(OCCCP(=O)(O)O)ccc2n1Cc1ccccc1	5.910	7.646	1.736
6g1u	C[n+]1c2ccccc2c(N)c2ccc(Cl)cc21	5.610	5.576	0.034
3u8h	O=C([O-])CC[C@@H](Cc1ccc(OCc2ccccc2)cc1)NC(=O)CCCCCCc1ccccc1	6.490	7.277	0.787
6c6o	O=C(C[C@H](O)C(=O)[O-])c1ccc(O)cc1Br	8.300	5.024	3.276
1qpb	CC(=O)C(N)=O	1.360	4.450	3.090
3kc1	NC(=O)c1ccc(OCP(=O)(O)O)c2c1Cc1scnc1-2	9.000	6.429	2.571
3k3g	CNC(=O)NC	2.850	4.459	1.609
5i94	O=C(Cc1ccccc1)Nc1nnc(OC2CCN(c3nnc(NC(=O)Cc4ccccc4)s3)CC2)s1	7.520	6.356	1.164
5xpl	C=C1[C@H](O)CC(=C/C=C2\CCC[C@@]3(C)[C@H]2CC[C@@H]3[C@H](C)[C@@H](CCCC)CCC(=O)c2ccc(O)cc2)C[C@H]1O	7.700	8.806	1.106
4ydg	Nc1ccc(S(=O)(=O)N(Cc2ccccc2)[C@H]2C[NH2+]C[C@@H]2N(Cc2ccccc2)S(=O)(=O)c2ccc(N)cc2)cc1	7.820	5.778	2.042
4wq2	O=C([O-])[C@H](S)Cc1c[nH]c2cc(Br)ccc12	6.300	4.953	1.347
1rt9	O=c1[nH]cnc2c([C@@H]3[NH2+][C@H](CO)[C@@H](O)[C@H]3O)c[nH]c12	10.250	7.473	2.777
3oe9	CC1(C)C[n+]2c(CS/C(=N/C3CCCCC3)NC3CCCCC3)csc2N1	8.180	6.934	1.246
5lyx	c1cc(OC[C@H]2CCCN2c2ccnc3ncnn23)c2ccncc2c1	7.420	6.666	0.754
1af2	O=c1ccn([C@@H]2O[C@H](CO)[C@@H](O)[C@H]2O)c(=O)[nH]1	3.100	4.168	1.068
5j18	COc1cc(OC)c(CCS(=O)(=O)Cc2ccc(OC)c(NCC(=O)[O-])c2)c(OC)c1	9.150	6.860	2.290
5enc	CC(=O)NCc1c(Cl)cccc1Cl	2.300	4.693	2.393
5obj	O=C([O-])c1cc(-c2cccc(F)c2)nc2ccccc12	4.780	6.091	1.311
5c6o	COc1ccc(CC[N@H+](C)CCC[C@@](C#N)(c2ccc(OC)c(OC)c2)C(C)C)cc1OC	3.700	6.867	3.167
1bil	CC(C)C[C@H](O)[C@H](O)[C@H](CC1CCCCC1)NC(=O)[C@@H](CC(=O)N(CC(=O)N(C)C)[C@@H](C)c1ccccc1)Cc1csc(N)n1	9.300	8.085	1.215
6mnp	O=c1c2c3c(sc2ncn1Cc1nnn[nH]1)CCCC3	3.710	5.290	1.580
5kh7	O=C([O-])CCn1nc(-c2cccnc2)ccc1=O	3.660	4.870	1.210
6bmx	COc1cccc(-c2nnc3n(Cc4ccc(C(=O)N5CCC[C@H]5C(=O)[O-])cc4Cl)c(=O)c4ccccc4n23)c1O	4.720	7.446	2.726
2fv5	Cc1cc(COc2ccc([C@]3(C)CCN([C@H](C)C(=O)NO)C3=O)cc2)c2ccccc2n1	11.700	7.388	4.312
5mxv	O=C(NC1[NH2+]C[CH]S1)c1sc2cc(F)ccc2c1Cl	4.920	7.329	2.409
5emm	O=C(NC[C@H](O)C[N@@H+]1CCc2ccccc2C1)c1cccc(NC2CCOCC2)c1	7.740	6.695	1.045
6klk	O=c1[nH]cc(F)c(=O)[nH]1	3.880	5.054	1.174
3zsw	C=CC[N@H+](Cc1ccccc1C(=O)N[C@H](C)CC)Cc1ccc2c(c1C(=O)[O-])OC[C@H](CCC(=O)[O-])O2	2.700	6.400	3.700
2adu	Cc1cccc(-c2c[nH]nn2)c1	7.740	4.150	3.590
5t2p	O=C(Nc1cc(F)c(F)c(F)c1)c1ccc(F)c(S(=O)(=O)N2CCC(O)CC2)c1	5.720	6.314	0.594
1zxv	O=C([O-])CCN1C(=O)/C(=C\c2ccc(-c3ccc(Cl)cc3)o2)SC1=S	6.100	5.501	0.599
2g24	CCc1nc(N)nc(N)c1-c1ccc(NCc2cc(F)cc(F)c2)cc1	5.400	6.646	1.246
4mw1	COc1cc(Cl)cc(C[NH2+]CCCNC(=O)Nc2ccsc2)c1	7.720	6.761	0.959
1o8b	O=P(O)(O)OCC1OC(O)C(O)C1O	2.680	4.219	1.539
4y8y	COC(=O)Nc1ccc(-c2[nH]c([C@H](CC(=O)N3CCOCC3)NC(=O)/C=C/c3cc(Cl)ccc3-n3cnnn3)nc2Cl)cc1	9.150	8.209	0.941
4qip	CCCCCCCCCCCCOS(=O)(=O)[O-]	5.150	6.159	1.009
1x76	N#Cc1cc(O)cc2cc(-c3ccc(O)cc3)oc12	8.720	5.727	2.993
3h0v	C[S+](C)C[C@H]1O[C@@H](n2cnc3c(N)ncnc32)[C@H](O)[C@@H]1O	4.820	5.451	0.631
5knj	CN(c1ccc(NC(=O)Nc2ccc(OC(F)(F)F)cc2)cc1)c1ccnc(Nc2cccc(S(N)(=O)=O)c2)n1	6.940	6.647	0.293
5jaz	CN(O)C(=O)CC(CCCc1cccc2ccccc12)CP(=O)(O)O	6.550	6.855	0.305
4eg4	CCOc1c(Br)cc(Br)cc1C[NH2+]CCC/N=C1\CC(=O)c2ccccc2N1	7.890	6.510	1.380
4fxf	O=P(O)(O)OCC1OC(O)(COP(=O)(O)O)C(O)C1O	5.190	5.897	0.707
3dz4	Cc1nc2c(N)ncnc2n1[C@@H]1O[C@H](C[N@@H+](C)CCC(N)=O)[C@@H](O)[C@H]1O	6.400	6.094	0.306
5l2y	Cc1cc2ccc1[C@@H](C)COC(=O)Nc1ccc(C3(C(=O)[O-])CCC3)c(c1)CN(C)C(=O)[C@@H]2Nc1ccc2c(N)ncc(F)c2c1	9.850	7.970	1.880
4fpk	Cc1cccc(C[NH2+]CCS(=O)(=O)[O-])c1	4.240	5.476	1.236
5i7u	CN1C(=O)Cn2c1[nH+]c1nc(N3CCC[C@@H]([NH3+])C3)n(Cc3cc(F)ccc3C#N)c1c2=O	8.770	7.128	1.642
6aan	C#Cc1cccc(COC(=O)NCCCC[C@H]([NH3+])C(=O)[O-])c1	2.750	5.503	2.753
5ee7	COc1ccc2cc(-c3cc(-c4cc(Cl)cc(Cl)c4)nn3[C@@H](C)c3ccc(C(=O)NCCC(=O)[O-])cc3)ccc2c1	9.210	7.556	1.654
1k03	O=Cc1ccc(O)cc1	6.000	4.647	1.353
4c6z	C=C/C(C)=C/[C@@]1(C)SC(=O)C(CC)=C1O	3.450	5.961	2.511
4ux6	Cc1ccc([N+](=O)[O-])c(Oc2ccc(C[C@@H]([NH3+])[C@H]([NH3+])O)cc2)c1	5.920	5.792	0.128
6an1	O=C([O-])c1ccc(COc2ccccc2C=C2C(=O)c3ccccc3C2=O)cc1	5.350	6.763	1.413
4jls	Nc1nc2c(ncn2C2CN(C(=O)CP(=O)(O)O)CC2O)c(=O)[nH]1	5.660	5.752	0.092
1q4w	Nc1ccc2nc(N)[nH]c(=O)c2c1	6.460	5.129	1.331
1xog	COC(=O)[C@@H]1C[C@H](C(=O)[O-])O[C@H]1[C@H](CC(C)C)NC(C)=O	6.390	6.401	0.011
2opy	C[C@H]([NH3+])c1nc(C(=O)N2CCC[C@H]2C(=O)N[C@@H](Cc2c[nH]c3ccccc23)C(=O)[O-])co1	4.520	6.244	1.724
5jat	Cc1ccccc1-c1cc(Nc2nc(CCCO)cs2)ccc1C	6.640	6.796	0.156
6c7b	COc1ccc2cc(C(=O)/C=C(\O)C(=O)[O-])ccc2c1	5.820	6.149	0.329
4mwb	O=C(NCCC[NH2+]Cc1cc(Cl)sc1Cl)Nc1ccsc1	6.490	5.954	0.536
5wg6	CC[C@H](C)n1cc(C)c2c(C(=O)NCc3c(C)cc(C)[nH]c3=O)cc(-c3ccc(N4CC[NH2+]CC4)nc3)cc21	4.540	7.402	2.862
6fo7	C=C1/C(=C\C=C(/CCCC)c2cccc(CCCCCC(C)(C)O)c2)C[C@@H](O)C[C@@H]1O	7.870	8.013	0.143
4okp	C=C1CS[C@H]([C@H]([NH3+])C(=O)[O-])N=C1C(=O)[O-]	2.700	5.420	2.720
3wv1	COc1cccc(CNC(=O)c2nc3ccc(F)c(OCCc4ccc(C(=O)[O-])cc4)c3c(=O)[nH]2)c1	11.410	7.587	3.823
6aud	CC(C)n1ncnc1-c1cn2c(n1)-c1cc([S@@](=O)[C@H]3CC[N@H+](C(C)(C)C)CC3)ccc1OCC2	6.220	7.403	1.183
3eq8	O=C([C@@H]1CCCN1C(=O)CCn1c(=O)c(-c2ccccc2)nc2ccccc21)N1CCCC1	9.060	7.846	1.214
1db1	C=C1/C(=C\C=C2/CCC[C@@]3(C)[C@H]2CC[C@@H]3[C@H](C)CCCC(C)(C)O)C[C@@H](O)C[C@@H]1O	9.260	8.530	0.730
1rdl	OC[C@H]1O[C@H](O)[C@@H](O)[C@@H](O)[C@@H]1O	2.240	4.081	1.841
1qs4	O=C(CC(=O)c1c[nH]c2ccc(Cl)cc12)c1nn[nH]n1	5.640	5.502	0.138
4h2j	O=C(Nc1ccc(C2=NCCN2)cc1)c1ccc(C(=O)Nc2ccc(C3=NCCN3)cc2)c(-n2oo2)c1	5.320	6.725	1.405
3kqo	Clc1ncnc2[nH]cnc12	3.850	5.895	2.045
5ul5	CCCC(CCC)COc1cccc([C@H](O)CC[NH3+])c1	6.970	5.714	1.256
4j6i	CC(C)(O)Cn1cc(-c2ccc3c(c2)OCCc2sc(-c4ncnn4CC(F)(F)F)nc2-3)cn1	8.850	7.382	1.468
5h13	COc1cc(-c2cc3n(c(=N)c2C#N)CCc2cc4c(cc2-3)OCO4)ccc1OC(C)C	4.940	6.929	1.989
4lnb	Cc1ccccc1S(=O)(=O)N(CCN(Cc1cncn1C)c1ccc(C=N)cc1)CC1CCN(C(=O)OC(C)(C)C)CC1	6.560	7.199	0.639
8abp	OC[C@H]1O[C@H](O)[C@H](O)[C@@H](O)[C@H]1O	8.000	4.047	3.953
1zaf	O=C1C(c2ccc(O)cc2)=C(Br)c2ccc(O)cc21	7.700	6.367	1.333
5ur5	CCc1cc(NS(=O)(=O)Cc2ccc(C)cc2)cc(C)c1C#N	7.140	5.777	1.363
4bcd	O=C([C@@H]1C[C@H](n2cc(-c3ccc(F)cc3)nn2)CN1C(=O)CCCc1ccccc1)N1CCCC1	7.480	7.553	0.073
1fbm	CC(/C=C/[C@@H]1[C@@H](C)CCCC1(C)C)=C\CC[C@H](C)CCO	6.220	7.210	0.990
4cfw	Cc1c(-c2nc3nc(N)nc(OCC4CCCCC4)c3[nH]2)cccc1S(N)(=O)=O	6.290	7.458	1.168
6mo4	CC(C)([C@H](NC(=O)c1ccc(C#CC#CCCO)cc1)C(=O)NO)S(C)(=O)=O	8.340	7.142	1.198
5wg3	O=C(NCc1cc[nH]n1)c1cc([C@@H]2CC[NH2+]C[C@H]2COc2ccc3n[nH]cc3c2)ccc1F	8.100	8.318	0.218
1vot	C/C=C1\[C@H]2C=C(C)C[C@]1([NH3+])c1ccc(=O)[nH]c1C2	6.600	5.814	0.786
2fde	Cc1nc(COc2ccc(C[C@H](NC(=O)O[C@H]3CO[C@H]4OCC[C@@H]34)[C@H](O)CN(CC(C)C)S(=O)(=O)c3ccc4c(c3)OCO4)cc2)cs1	9.150	10.183	1.033
2bu5	C[C@H]1CN(C(=O)c2ccc(C#N)cc2)[C@H](C)CN1C(=O)[C@@](C)(O)C(F)(F)F	7.780	7.239	0.541
3ro4	CCc1nn(-c2ccccc2)c2cc(N3C[C@@H]4C[NH2+]C[C@@H]4C3)ccc12	6.230	7.370	1.140
2w97	OCC(O)CO	0.960	4.098	3.138
5lzj	COc1cc(CCC(=O)NCC[C@H]2O[C@H](CO)[C@H](O)[C@H](O)[C@H]2O)cc(OC)c1OC	3.900	6.626	2.726
6aaq	[NH3+][C@@H](CCCCNC(=O)OC[C@H]1[C@H]2CCC#CCC[C@H]21)C(=O)[O-]	2.410	6.006	3.596
6dxx	CCS(=O)(=O)c1ccccc1C(=O)N1CCN(c2nc3ccc(F)cc3s2)C[C@@H]1C	6.640	7.280	0.640
5g22	CCOC(=O)c1cnc2ccc(OCc3ccc(N4CC[NH2+]CC4)nc3)cc2c1SCCC#N	7.000	6.298	0.702
4d2p	COc1cc(O)cc(Nc2ccc(C(=O)Nc3ccc4c(c3)C[NH2+]CC4)cc2)c1	5.680	7.560	1.880
6uf0	COc1ccc(S(=O)(=O)N(CC(F)(F)F)c2cnc(N(CC(=O)[O-])S(=O)(=O)c3ccc(OC)cc3)c3ccccc23)cc1	7.140	6.449	0.691
5qa5	Cc1cccc(-c2cccc(C(=O)[O-])c2)c1	3.520	4.065	0.545
3lzv	CC(C)CN(C[C@@H](O)[C@H](Cc1ccccc1)NC(=O)O[C@H]1CO[C@H]2OCC[C@@H]12)S(=O)(=O)c1ccc(N)cc1	10.590	9.792	0.798
4ea1	C/C(=C\C[NH2+]CC[NH2+][C@H]1[C@@H]2C[C@H]3C[C@@H](C2)C[C@@H]1C3)C/C=C/C(C)C	6.440	6.732	0.292
4qfr	N#Cc1c(O)c2c(-c3ccc(-c4ccccc4O)cc3)c(Cl)sc2[nH]c1=O	8.130	5.879	2.251
5c7d	C[C@@H]1C[N@H+](CC(=O)N2CCc3cnc(Cl)cc32)CC[NH2+]1	5.110	7.033	1.923
2zjf	O=C(Nc1ccccc1)Nc1ccccc1	7.720	4.916	2.804
4o9s	O=C(Cc1ccccc1C(F)(F)F)N1CCN(c2ncnc3sc4c(c23)CCC4)CC1	6.550	7.209	0.659
3twd	COc1cc(OC)c(S(=O)(=O)N(c2ccccc2)c2ccc(N)cc2)cc1NC(=O)CCC(=O)[O-]	7.740	6.282	1.458
1jg0	CN(C)c1cccc2c(S(=O)(=O)N[C@@H](Cc3ccc(OS(=O)(=O)c4cccc5c(N(C)C)cccc45)cc3)C(=O)[O-])cccc12	5.300	6.607	1.307
5a5d	O=C(NCCCCCNC(=O)c1cccc(O)c1O)c1cccc(O)c1O	8.000	4.791	3.209
2ha5	CC(=O)SCC[N+](C)(C)C	4.340	4.351	0.011
6gy0	CC(=O)Nc1nc(C)c(-c2cc3c(c(S(N)(=O)=O)c2)C(=O)NC3)s1	7.320	6.170	1.150
4f6v	O=C(CC(=O)C(=O)[O-])NCCCc1cccc(Oc2ccccc2)c1	5.800	5.005	0.795
2ada	O=c1[nH]cnc2c1ncn2[C@@H]1O[C@H](CO)[C@@H](O)[C@H]1O	13.000	5.048	7.952
3tz2	O=C([O-])CCCc1ccccc1	5.240	5.042	0.198
2ow0	O=C([O-])[C@@H](Cc1c[nH]c2ccccc12)NS(=O)(=O)c1ccc(-c2ccc(I)cc2)cc1	6.700	7.264	0.564
2ggb	CC#CC[C@@H]([NH3+])[C@H](O)C(=O)N[C@@H](CO)C(=O)N[C@@H](CC(C)C)C(=O)OC	4.920	5.757	0.837
3uwl	Nc1nc2c(c(=O)[nH]1)N(C=O)[C@@H](CNc1ccc(C(=O)N[C@@H](CCC(=O)[O-])C(=O)[O-])cc1)CN2	3.680	6.598	2.918
1eix	O=c1cc(O)n(C2OC(COP(=O)(O)O)C(O)C2O)c(=O)[nH]1	11.060	5.070	5.990
1a07	CCCCCN(CCCCC)C(=O)[C@H](CCC(=O)[O-])NC(=O)[C@H](Cc1ccccc1)NC(C)=O	6.400	6.132	0.268
5yve	COc1cc(C(C)C)c(Oc2cnc(N)nc2N)cc1S(N)(=O)=O	6.480	6.566	0.086
4uau	O=C(COP(=O)(O)O)C(O)C(O)COP(=O)(O)O	5.890	5.865	0.025
6ul8	NC(=O)c1c(-c2ccc3scnc3c2)nn2c1N[C@H]1C[C@H](C[C@@H]1O)C2	7.520	6.913	0.607
4olh	Nc1ccc(S(=O)(=O)N2CCN(c3ncc(C(O)(C(F)(F)F)C(F)(F)F)cc3-c3cccnc3)CC2)cn1	8.300	8.727	0.427
1v79	C[C@H](O)[C@@H](CCc1cccc(Cl)c1Cl)n1cnc(C(N)=O)c1	7.890	6.755	1.135
3p0g	Cc1ccccc1CC(C)(C)[NH2+]C[C@H](O)c1ccc(O)c2c1OCC(=O)N2	10.080	6.317	3.763
5hn8	CCCCCCCCOc1cc(O)cc(CSc2ccccc2C(=O)[O-])c1	4.010	6.289	2.279
5td2	CS(=O)(=O)N1CCO[C@H](c2csc(-c3cc(N4CCOCC4)ccc3NC(=O)c3ncc[nH]3)n2)C1	8.660	9.559	0.899
6dzq	C=C1CC(=O)C(O)=C(C(=O)[O-])O1	7.370	5.019	2.351
3u7l	CC(C)(C)[C@H](NC(=O)Nc1cc(F)cc(F)c1)C(=O)N(CC(=O)NO)CC1CCCC1	7.280	7.586	0.306
1swk	O=C([O-])CCCC[C@@H]1SC[C@@H]2NC(=O)N[C@H]12	12.000	8.192	3.808
2xpc	N#Cc1ccc(COc2ccc3cc(S(=O)(=O)N[C@H]4CC[C@@H](C(=O)[O-])C[C@H]4C(=O)[O-])ccc3c2)c(F)c1	3.900	6.988	3.088
1o4q	O=C([O-])[C@@H](c1ccccc1)S(=O)(=O)[O-]	2.490	4.527	2.037
3vzg	C[C@@H](O[C@H]1O[C@H](CO)[C@@H](O)[C@H](O)[C@@H]1O)[C@H]([NH3+])C(=O)[O-]	1.720	4.933	3.213
3q4b	C[NH2+][C@H](CNC(=O)N1CCC[C@@H]([C@@H](OCCNC(=O)OC)c2cccc(Cl)c2)C1)C[C@H]1CCCOC1	9.330	7.813	1.517
6ayh	O=C([O-])[C@H]1O[C@@H](Oc2ccc([N+](=O)[O-])cc2)[C@H](O)[C@@H](O)[C@@H]1O	5.570	5.160	0.410
5lto	NC(=O)CC[C@H]([NH3+])C(=O)[O-]	5.920	3.971	1.949
5uq9	CC1(C)OC(COP(=O)(O)O)C(C(=O)NO)O1	6.150	5.116	1.034
6pdj	COc1ccc2c(C(=O)Nc3ccc(NC(=O)c4nn(C)c5ccccc45)cc3C)cnn2c1	7.380	8.140	0.760
6nzf	CNC(=O)c1cnc(Nc2ccc(F)cn2)cc1Nc1ccccc1S(C)(=O)=O	9.040	6.655	2.385
5npc	O=S1(=O)O[C@H]2[C@H](CO)[C@@H](O)[C@H](O)[C@@H](O)[C@H]2O1	4.000	5.158	1.158
4m48	C[NH2+]CCC=C1c2ccccc2CCc2ccccc21	6.810	6.239	0.571
6e6w	Cc1cc(-c2nnn[nH]2)ccc1C1=CC(=O)C(O)C(C(=O)[O-])=N1	9.960	6.103	3.857
5zh2	C[C@@H]1CCC[C@H](C[C@H]2Cc3cc(O)cc(O)c3C(=O)O2)O1	6.540	5.741	0.799
6apz	O=C(C[C@H](O)C(=O)[O-])c1cccc(O)c1	6.820	4.623	2.197
5wa6	O=C(NCCOc1ccccc1)c1nc([C@@H]2CCCN2C(=O)COc2ccccc2F)[nH]c(=O)c1O	6.360	6.837	0.477
2ggd	O=C(O)C[NH2+]CP(=O)(O)O	3.800	5.033	1.233
6h7j	CC(C)[NH2+]C[C@H](O)c1ccc(O)c(O)c1	8.620	5.533	3.087
4luv	O=C([O-])c1ccc(-c2ccc(F)c(Cl)c2)o1	2.850	4.568	1.718
5arg	CCN(C(=O)CO)[C@H]1CN(/C(Nc2cccc(OC(F)F)c2)=[NH+]/C#N)N=C1c1ccc(Cl)c(Cl)c1	7.570	8.235	0.665
6b33	CC(C)n1c(=O)n(CC2CC2)c(=O)c2cc(NC(=O)N3CCO[C@@H](C(=O)Nc4ccc(C#N)c(Cl)c4)C3)ccc21	8.120	9.343	1.223
5w10	Nc1ncnc2c1ncn2C1OC2COP(=O)(O)OC2C1O	6.620	5.624	0.996
3ej5	[NH2+]=c1[nH]c(O)c(CCCc2ccc(C(=O)[O-])cc2)c(=O)[nH]1	3.570	5.377	1.807
6axb	O=C([O-])C(=O)CC(=O)c1ccc2ccccc2c1	6.300	4.755	1.545
4wwp	Cc1ncccc1-c1nc2c(Cl)cccc2cc1[C@H](C)Nc1ncnc2nc[nH]c12	6.920	7.292	0.372
3oki	O=C(NC1CCCCC1)[C@H](C1CCCCC1)n1c(-c2ccc(Cl)cc2)nc2ccccc21	7.150	6.833	0.317
2q1l	CC(C)n1c(CC[C@@H](O)C[C@@H](O)CC(=O)[O-])c(-c2ccc(F)cc2)c(-c2ccc(F)cc2)c1C(=O)Nc1ccccc1	7.910	6.094	1.816
4dtt	COC(=O)[C@H](Cc1c[nH]cn1)NC(=O)C[N@@H+](CC(=O)[O-])Cc1ccccc1	5.540	6.805	1.265
6qaf	C[C@H]([NH3+])C(=O)N1C[C@H](CCC[B-]([OH2+])([OH2+])[OH2+])[C@]([NH3+])(C(=O)[O-])C1	7.420	7.113	0.307
6c2x	Cc1cccc(Br)c1/C(O)=C/[C@H](O)C(=O)[O-]	4.760	4.827	0.067
4mgv	O=C(NNC(=O)[C@]12C[C@H]3C[C@H](C[C@H](C3)C1)C2)c1ccncc1	7.120	5.643	1.477
5pzm	CNC(=O)c1c(-c2ccc(F)cc2)oc2ccc(-c3cccc(C(=O)[O-])c3)cc12	5.960	5.657	0.303
3d7f	O=C([O-])CC[C@H](NC(=O)N[C@@H](Cc1ccc(O)c(I)c1)C(=O)[O-])C(=O)[O-]	9.300	6.484	2.816
3b8z	O=C(NO)C1(S(=O)(=O)c2ccc(Oc3ccc(C(F)(F)F)cc3)cc2)CCOCC1	6.540	5.991	0.549
4lh2	O=C([O-])CCC(=O)[O-]	1.240	3.901	2.661
5yjp	CCO/N=C1/CN(C(=O)N[C@H](CC)c2ccc(C(=O)[O-])cc2)C(=O)[C@H](Cc2cc(Cl)ccc2OC)CN1	6.620	7.978	1.358
2hwh	Cc1ccc(S(=O)(=O)Nc2nc(O)c(Cc3ccc(C)o3)s2)cc1	5.700	5.563	0.137
4d1b	O=C1NC(=O)[C@H](Cc2ccccc2)N1	4.440	5.798	1.358
4p10	CCCn1cnc2c1CC[C@@](CCC[NH3+])(C(=O)[O-])C2	8.100	5.341	2.759
1o4j	CCc1ccc(NC(=O)P(=O)(O)O)cc1	2.360	5.444	3.084
2jdn	CO[C@H]1O[C@H](CO)[C@@H](O)[C@H](O)[C@@H]1O	5.560	4.451	1.109
4hxq	C[NH2+][C@](CCCCB(~[OH-])([OH2+])[OH2+])(CC[NH+]1CCCCC1)C(=O)[O-]	7.220	5.354	1.866
5ddf	CC1(C)CN=C(N2CCN(c3ncnc4sc(C(F)(F)C(F)(F)F)cc34)CC2)S1	6.170	6.324	0.154
6am8	[NH3+][C@@H](Cc1c[nH]c2ccccc12)C(=O)[O-]	4.890	4.503	0.387
2k0g	Nc1ncnc2c1ncn2C1OC2COP(=O)(O)OC2C1O	6.970	5.616	1.354
6ocq	CC(C)(C)C(=O)N1CCC[C@H]1c1cccc(F)c1	6.700	5.859	0.841
1cze	O=C([O-])CCC(=O)[O-]	2.620	3.897	1.277
1kqb	O=C([O-])c1ccccc1	4.000	4.059	0.059
4dhq	O=C(COc1ccccc1P(=O)(O)O)Nc1cccc(Cl)c1	4.490	5.276	0.786
1uvs	O=C(CNS(=O)(=O)C1CCCCC1)N[C@H](CCNc1ccncc1)C(=O)N1CCCCC1	5.400	6.815	1.415
5ncq	FC(F)(F)Oc1ccc2c3c([nH]c2c1)[C@@H]([NH2+]Cc1ccc(Br)cc1)CCC3	6.960	6.092	0.868
6aad	[NH3+][C@@H](CCCCNC(=O)OCc1cccc(C2(C(F)(F)F)N=N2)c1)C(=O)[O-]	2.790	5.887	3.097
1d6s	CSCCC(/N=C/c1c(COP(=O)(O)O)cnc(C)c1O)C(=O)O	4.110	5.233	1.123
5gjd	C[NH+]1CCN(c2cccc3cc(NC(=O)Nc4ccc(Oc5ccnc6[nH]ccc56)cc4)ccc23)CC1	7.920	6.575	1.345
1fpp	CC(C)=CCC/C(C)=C/CC/C(C)=C\COP(=O)(O)OP(=O)(O)O	8.000	4.951	3.049
6nad	COc1nc2ccc([C@](O)(c3ccnc(C(F)(F)F)c3)c3cnc(C)n3C)cc2c(Cl)c1C[N@H+]1CC[C@@H](C(F)(F)F)CC1	9.300	8.646	0.654
6chm	COc1ccc2[nH]cc(CCNC(=O)C(C)(C)C)c2c1	3.700	6.309	2.609
6i0b	[NH3+][C@@H](Cc1c[nH]c2ccccc12)C(=O)NCCCCCCNc1c2c(nc3cc(Cl)ccc13)CCCC2	8.040	6.458	1.582
1cea	[NH3+]CCCCCC(=O)[O-]	4.960	4.693	0.267
5mgm	CC(=O)c1cccc(Oc2ncccn2)c1	3.300	4.874	1.574
6h4a	CO[C@H](C)[C@H](OC)c1c(NC(=O)Nc2cnc(-n3nccn3)c(Cl)c2)cnc2cc(Cl)nn12	7.380	7.787	0.407
5etx	CCc1nc2ccc(OC)cc2nc1O[C@@H]1C[C@@H](C(=O)N[C@]2(C(=O)NS(=O)(=O)C3CC3)C[C@H]2CC)N(C(=O)[C@@H](NC(=O)OC(C)(C)C)C(C)(C)C)C1	6.810	8.743	1.933
4x63	O=C(NC[C@H](O)C[N@@H+]1CCc2ccccc2C1)c1cc(NC2COC2)ncn1	6.770	6.547	0.223
5tzy	C[C@H](C(=O)[O-])[C@H](c1ccc2c(c1)O[C@@H]([C@H]1CC[N@H+]([C@@H](C)c3cc(F)ccc3OC(F)(F)F)CC1)CC2)C1CC1	8.700	6.639	2.061
1n8u	OCCCCCCCCCCCCBr	6.030	4.655	1.375
6v5l	NC(=O)[C@H]([NH2+]NC(=O)c1c[nH]c2ccccc12)c1ccccc1	3.650	6.222	2.572
6ajj	O=C(NC1CCC2(CCCCC2)CC1)c1cc2c(F)cc(F)cc2[nH]1	6.800	6.664	0.136
5znl	COc1cc2ncnc(N3CCOCC3)c2cc1OCCNc1nc2ccccc2s1	8.770	6.726	2.044
4jyv	CCOc1cc([C@@H](Nc2ccc3cnccc3c2)C(=O)NS(=O)(=O)c2cccc(S(N)(=O)=O)c2)ccc1OC(C)C	7.770	6.749	1.021
4yrr	CC(=O)Nc1cnc2ccccc2c1	2.700	4.598	1.898
2b4m	C[N+]1(C)CCC[C@H]1C(=O)[O-]	3.530	5.124	1.594
4knr	COc1cc2c(Nc3ccc(NC(=O)c4ccccc4)cc3)nc(Cc3ccccc3)nc2cc1O	5.740	6.938	1.198
1db5	Cc1c(CC(N)=O)c2cc(OCCCC(=O)[O-])ccc2n1Cc1ccccc1	6.820	5.952	0.868
4oty	Cc1ccc(Nc2c(F)cccc2Cl)c(CC(=O)[O-])c1	7.400	5.299	2.101
1jj9	O=C1NC(=O)C(c2ccccc2)([N@H+]2CC[C@H](CCO)CC2)C(=O)N1	5.770	6.525	0.755
2iok	C[C@H](CCc1ccc(O)cc1)NC(=O)Cc1c(-c2ccccc2)[nH]c2ccccc12	9.000	6.597	2.403
2qt9	CN(C)C(=O)[C@@H]([C@H]1CC[C@H](c2cccc3ncnn32)CC1)[C@H]([NH3+])C(=O)N1CC[C@H](F)C1	8.640	7.676	0.964
2p9a	N=NC(=O)c1ccc(-c2ccccc2Cl)o1	5.180	5.665	0.485
6k4x	Nc1ccc(C(=O)[O-])c(S)c1	6.660	5.265	1.395
4de3	O=C(Nc1cccc(-c2nn[nH]n2)c1)c1cccc(Br)c1	5.520	4.935	0.585
4gvm	Cc1nc2ccc(Br)cc2c(-c2ccc(Cl)cc2)c1[C@H](OC(C)(C)C)C(=O)[O-]	6.110	6.619	0.509
1nyx	CCO[C@@H](Cc1ccc(OCCN2c3ccccc3Oc3ccccc32)cc1)C(=O)[O-]	7.040	5.384	1.656
5tl9	Cc1cccc2ccc(N3CCC(C(=O)N[C@H]4CCC[C@H]4CCc4ccccc4C(=O)[O-])CC3)nc12	9.000	5.793	3.207
1o6r	C=CC[N@@H+](C)CCCCCCOc1ccc2c(-c3ccc(Br)cc3)coc2c1	7.100	5.318	1.782
3n7h	CCN(CC)C(=O)c1cccc(C)c1	4.500	4.215	0.285
5dl1	CC(C)n1ncc2cc(C(=O)NCc3coc(-c4cccs4)n3)cnc21	5.000	6.797	1.797
5v13	COC(=O)/C=C(\C)CC/C=C(\C)CC[C@H]1OC1(C)C	7.630	5.921	1.709
5uox	CC(C)Oc1ccc2c(c1)C(=O)N(c1cccc(-c3nncn3[C@H](C)CO)n1)C2	8.300	5.887	2.413
4lmn	O=C(c1ccc(F)c(F)c1Nc1ccc(I)cc1F)N1CC(O)([C@@H]2CCCC[NH2+]2)C1	10.300	7.794	2.506
1a8t	CCCCc1nc2ccc(O)cc2c(=O)n1Cc1ccc(-c2ccccc2-c2nnn[nH]2)cc1	5.800	8.568	2.768
5acx	O=C([O-])c1ccccc1C(=O)c1ccc(F)cc1	5.050	4.975	0.075
6f2n	O=C([O-])/C(S)=C/c1ccccc1Cc1ccc2ccccc2c1	6.700	5.159	1.541
5j47	c1ccc(Oc2ccccc2-c2n[n+]3cn[nH]c3s2)cc1	5.310	5.702	0.392
4wgi	C[C@@H](C(=O)[O-])N1C[C@@H](C)[C@@H](CN(C)C(=O)Nc2ccc(C(F)(F)F)cc2)Oc2c(NS(=O)(=O)c3ccc(F)cc3)cccc2C1=O	5.350	7.233	1.883
2ga2	O=C([O-])c1cc(Br)ccc1NS(=O)(=O)c1ccc(Cl)cc1	5.520	5.240	0.280
2wo8	O=C([O-])C[C@@H](O)CCc1ccc(-c2ccccc2)cc1	6.280	5.180	1.100
6g6w	Cc1ccn2nc([C@H](C)Nc3ncnc4[nH]cc(-c5cc(O)cc(NS(C)(=O)=O)c5)c34)n(-c3ccccc3)c(=O)c12	9.700	9.029	0.671
4u44	c1ccc(-c2cc3c(Nc4ccncc4)ncnn3c2)cc1	8.100	6.408	1.692
5ehi	Nc1cc(Cl)ccc1NC(=O)Nc1cccc(S(=O)(=O)Nc2ccc(C(=O)[O-])cc2)c1	3.340	6.449	3.109
5u62	Nc1ncc2n1C[C@H](Cc1cccc3c1OCO3)CC2	5.890	4.688	1.202
2mov	C[C@H]1N/C(=[NH+]/CCC[C@H]([NH3+])C(=O)[O-])N[C@H]1O	7.400	6.423	0.977
6gvg	Cc1nc(N)nc2c1c(-c1ccc3oc(N)nc3c1)nn2C(C)C	6.000	7.116	1.116
1rt1	CCOCn1c(Cc2ccccc2)c(C(C)C)c(=O)[nH]c1=O	8.100	6.689	1.411
5n2f	Cc1c(COc2cc(F)c(C[NH2+]CC(=O)CC(=O)[O-])cc2F)cccc1-c1ccc2c(c1)OCCO2	7.100	6.829	0.271
6gqm	COCCOc1cc(F)c2c(Nc3ccc(NC(=O)Cn4cc(C(C)C)nn4)cc3)ncnc2c1	4.480	7.605	3.125
1tl3	CC(C)c1c(OC2CCCCC2)c2cc(Cl)ccc2[nH]c1=O	6.200	5.976	0.224
2w6p	Cc1c(-c2ccccc2)ccc2nc(N)nc(N)c12	6.480	5.736	0.744
5l26	O=c1ccn([C@@H]2O[C@H](CO)[C@@H](O)[C@H]2O)c(=O)[nH]1	5.350	4.153	1.197
6hb6	[NH3+][C@@H](Cc1ccc(O)cc1)C(=O)NS(=O)(=O)OC[C@H]1O[C@@H](n2ccc(=O)[nH]c2=O)[C@H](O)[C@@H]1O	7.360	7.023	0.337
4btx	CC(C)Nc1cc(=O)n(-c2ccccc2)nc1-c1nnc[nH]1	6.540	6.846	0.306
3lxo	Cc1cn(C2CC(OP(=O)(O)O)C(CO)O2)c(=O)[nH]c1=O	4.820	4.498	0.322
4mh7	CCCCNc1ncc(C(=O)N(C)CCCC)c(N[C@H]2CC[C@H](O)CC2)n1	5.230	6.192	0.962
4mx1	[NH2+]=c1[nH]c(=O)c2ncc(C(=O)NCCNC(=O)Nc3ccccc3)nc2[nH]1	3.680	6.302	2.622
4hww	[NH3+][C@](CCCCB(~[OH-])([OH2+])[OH2+])(CC[NH+]1CCCCC1)C(=O)[O-]	6.650	5.414	1.236
5vio	CNC(=O)c1ccc(OC)c(C(=O)Nc2cccc(-c3nncn3C(C)C)n2)c1	8.620	5.782	2.838
6me4	COc1ccc2[nH]c(I)c(CCNC(C)=O)c2c1	9.920	6.223	3.697
6f6n	C[NH2+][C@H]1CC[C@@H](c2ccc(Cl)c(Cl)c2)c2ccccc21	3.020	6.091	3.071
1c29	O=P(O)(O)/C=C/CCSc1ccccc1O	6.330	5.208	1.122
4klv	Cc1cc(=O)oc2cc(OP(=O)(O)O)ccc12	3.780	5.202	1.422
5wbp	O=c1[nH]c2ccccc2nc1C(F)(F)F	4.360	5.135	0.775
5j4v	c1ccc(Oc2ncccc2-c2nc3ccncc3s2)cc1	5.850	6.488	0.638
3wt5	C=C1[C@H](O)CC(=C/C=C2\CCC[C@@]3(C)[C@H]2CC[C@@H]3[C@H](C)[C@H](CCCC)CCC(C)(C)O)C[C@H]1O	9.540	8.855	0.685
2hpa	CCCNC(=O)[C@H](O)[C@@H](O)C(=O)[O-]	4.600	5.025	0.425
1r6n	Cc1ccc2c(c1)C(=O)[C@]1(O[C@@H](c3ccc(Cl)c(Cl)c3)[C@@H](C(=O)Nc3ccc(-c4csnn4)cc3)[C@H]1C(=O)[O-])C2=O	7.400	6.902	0.498
5bnm	O=S(=O)(NCc1ccc(-c2cccc(CO)c2)cc1)c1ccccc1	4.820	6.667	1.847
1tve	CC(C)c1cc(Sc2ccc(O)c(C(C)C)c2)ccc1O	5.680	5.051	0.629
5alw	Cc1ccc(SCC(=O)c2ccc3c(c2)CC(=O)N3)cc1	5.150	5.366	0.216
2xwy	C[N+](C)CC[N+](C)[C@H]1COc2ccccc2-c2c(C3CCCCC3)c3ccc(C(=O)[O-])cc3n2C1	5.220	7.673	2.453
2yit	CCC/C(=N\NC(N)=[NH2+])c1ccc(NC(=O)c2cc3cc(OC)ccc3[nH]2)cc1	9.540	6.277	3.263
6mlf	O=P(O)(O)OC1OC(CF)C(O)C(O)C1O	4.280	5.443	1.163
5f1j	O=C(CCC1CCCC1)N1CCCC1	4.920	4.966	0.046
2bve	CCC(=O)N[C@@H]1[C@@H](O)C[C@](OCc2ccccc2)(C(=O)[O-])O[C@H]1[C@H](O)[C@H](O)CO	3.670	6.124	2.454
4ciy	O=C([O-])[C@]1(O)C=C([C@H](O)Cc2ccccc2)[C@@H](O)[C@H](O)C1	4.570	5.898	1.328
5kit	CC(C)(C)OC(=O)N1CCC2(CC1)C[C@@H]2CNC(=O)n1cc2ccncc2c1	7.890	6.457	1.433
2gpp	CC(C)c1ccc(/C=N/NC(=O)c2ccc(O)cc2)cc1	5.700	6.023	0.323
1tkx	CC(C)c1c(OC#CC2CC2)c2cc(F)ccc2[nH]c1=O	7.540	6.459	1.081
3t19	[NH3+]Cc1cc(Cl)cc(Oc2c(Cl)ccc3c2nnn3Cc2[nH]nc3ncccc23)c1Cl	8.660	6.587	2.073
1d6n	O=c1[nH]cnc2c1N=NC2	4.500	5.094	0.594
6n5h	O=C(N[C@H]1CC[C@H](Oc2ccc(C(=O)[O-])cc2)CC1)N[C@]12C[C@H]3C[C@H](C[C@H](C3)C1)C2	6.450	6.717	0.267
5c83	COC[C@H]1C[NH2+][C@H](C)C[N@@H+]1CC(=O)N1CC(C)(C)c2cnc(Cc3ccccc3)cc21	6.800	7.700	0.900
5jah	CN1C(=O)NC(=O)C1(C)C	3.000	4.604	1.604
1toj	O=C([O-])CCc1ccccc1	3.390	4.460	1.070
5a3u	O=C([O-])c1ccc(N2N=CC(n3ccnn3)C2=O)nc1	8.320	6.760	1.560
5u7o	COc1cnc(-n2cnc(C)n2)c2[nH]cc(C(=O)C(=O)N3CCN(C(=O)c4ccccc4)CC3)c12	7.140	7.005	0.135
5qar	CC(=O)NCCc1cccc(-c2cccc(C(=O)[O-])c2)c1	3.770	4.596	0.826
3qio	O=C1Nc2ccc(S(=O)(=O)c3ccccc3)cc2C(=O)[N+]1=O	6.840	6.658	0.182
5ulg	CCC[C@@H](CCO)COc1cccc([C@H](O)CC[NH3+])c1	6.720	5.839	0.881
5ohi	O=C(NC[C@H]1[C@@H]2CN(C(=O)OCc3cc(C(F)(F)F)cc(C(F)(F)F)c3)C[C@H]12)c1ccc2[nH]nnc2c1	8.470	6.682	1.788
5dtt	O=C([O-])c1cccc(-c2nccs2)c1	3.510	5.585	2.075
3ejs	CC(C)(C)c1ccc(CC[C@H]2CC[C@@H](O)[C@@H]3[C@H](O)[C@H](O)C[N@@H+]23)cc1	6.600	6.367	0.233
1h0r	O=C([O-])[C@]1(O)C=C[C@@H](O)[C@H](O)C1	3.700	4.765	1.065
5a8x	CCOC(=O)C1=C(C)N(c2cccc(C(F)(F)F)c2)c2nccn2[C@@H]1c1ccc(C#N)cc1	8.190	7.298	0.892
3n49	O=C([O-])Cc1csc2ccc3ccccc3c12	5.150	4.858	0.292
3qs6	[NH3+][C@@H](Cc1c[nH]c2ccccc12)C(=O)[O-]	4.890	4.503	0.387
6hcv	O=C(NCC1(O)CCCCC1)c1cc(=O)c2cc(F)ccc2o1	8.300	5.897	2.403
3fr5	NC(=O)c1cccc(Cn2c3c(c4cccc(C(=O)[O-])c42)CCCCC3)c1	6.350	5.904	0.446
5gjg	CC(C)Oc1cc(C(=O)N2CC[NH+](C)CC2)ccc1NC(=O)c1csc(-c2cccc(C(=O)Nc3ccccc3)c2)n1	6.210	7.621	1.411
5zdp	CC(C)=CCC/C(C)=C/CC/C(C)=C/Cc1c(O)c2ccccc2oc1=O	7.180	4.688	2.492
4u3f	CO/C=C(/C(=O)OC)c1ccccc1CSc1nc2cc(OC)ccc2s1	8.390	7.231	1.159
6ps1	CC(C)(C)[NH2+]C[C@H](O)COc1nsnc1N1CCOCC1	9.700	6.302	3.398
6oip	Cc1cccc(C(=O)NNS(=O)(=O)c2ccc3ccccc3c2)c1F	6.920	6.517	0.403
5k5s	[NH3+][C@@H](Cc1c[nH]c2ccccc12)C(=O)[O-]	2.690	4.528	1.838
3k5k	COc1cc2c(NC3CC[N+](C)CC3)nc(N3CCC[N+](C)CC3)nc2cc1OCCC[N+](C)C	7.640	7.377	0.263
5v8v	CCc1cccc(-c2c(F)cccc2[C@](O)(CCCNC(=O)OC)[C@@H]2CCCN(C(=O)CCC[NH2+]C)C2)c1	8.890	8.059	0.831
2n06	COc1cccc([C@@H]2N=C(c3ccc(OC)cc3OC(C)C)N(C(=O)N3CCNC(=O)C3)[C@@H]2c2ccc(Cl)cc2)c1	4.920	7.697	2.777
3zcw	COc1ccc(Nc2nc3cc(C(=O)[O-])ccc3n2Cc2ccccc2C(F)(F)F)cc1F	6.190	7.822	1.632
4iku	Cc1nc(-c2ccccn2)nc(N[C@H](Cc2ccccc2)C(N)=O)c1Cl	5.750	6.701	0.951
1uys	C[C@@H](Oc1ccc(Oc2ncc(C(F)(F)F)cc2Cl)cc1)C(=O)[O-]	3.600	6.000	2.400
1c85	O=C([O-])C(=O)Nc1ccccc1C(=O)[O-]	4.640	4.187	0.453
6fod	C=C1/C(=C\C=C(/CC)c2cccc(CCCCCC(C)(C)O)c2)C[C@@H](O)C[C@@H]1O	8.150	7.400	0.750
4m5l	Cc1ccccc1C(=O)CSc1nc2nc(N)[nH]c(=O)c2[nH]1	4.720	5.362	0.642
3nf7	O=C([O-])c1c(CN2C(=O)Cc3cc(Cl)ccc32)ccc2c1OCO2	3.470	4.807	1.337
5dde	CC1(C)CNC(=[N+]2CCN(c3ncnc4sc(CC(F)F)cc34)CC2)S1	7.190	7.986	0.796
5prc	CCNc1nc(Cl)nc(NC(C)C)n1	4.890	5.253	0.363
5t4u	Cn1c(=O)ccc2ccccc21	5.320	4.870	0.450
4yl0	N#Cc1cccc(C#N)c1-c1nc2c3ccc(Cl)cc3c3ccccc3c2[nH]1	8.220	6.083	2.137
5jmp	CN(O)C(=O)CC(CCCc1cccc(F)c1)CP(=O)(O)O	7.170	7.479	0.309
5jal	O=C(c1cccc(F)c1)N1CC=CC1	2.470	5.613	3.143
1n7j	Ic1ccc2c(c1)C[NH2+]CC2	6.430	6.098	0.332
3p4r	O=C([O-])CCCC(=O)[O-]	2.720	4.304	1.584
1fv9	Nc1nc2ccc(O)cc2[nH]1	5.000	4.865	0.135
2cmf	c1ccc2c(NCCCCCNc3c4c(nc5ccccc35)CCCC4)c3c(nc2c1)CCCC3	7.550	5.789	1.761
3tz4	CC(C)C[C@H](Cl)C(=O)[O-]	5.490	4.223	1.267
6g4z	CN1CC[C@@](O)(C#Cc2ccnc(-n3nc(C(N)=O)c4cc(F)ccc43)c2)C1=O	9.770	8.800	0.970
4m5k	Cc1cccc(C(=O)CSc2nc3nc(N)[nH]c(=O)c3[nH]2)c1	5.230	4.969	0.261
4n9d	CC(C)(C)c1ccc(S(=O)(=O)NCc2ccc(C(=O)Nc3cccnc3)cc2)cc1	7.720	6.838	0.882
4v1f	COc1ccc2cc(Br)ccc2n1	7.700	4.831	2.869
4c1c	C[C@H](CS)C(=O)N1CCC[C@@H]1C(=O)[O-]	4.970	5.231	0.261
6ds0	COc1ccc(C[C@@H]2[NH2+]CCc3c2[nH]c2ccc(C)cc32)c(Cl)c1OC	8.660	6.184	2.476
5etp	[NH2+]=c1[nH]c(=O)c2[nH]c(SCC(=O)c3ccc(Br)cc3)nc2[nH]1	6.150	5.311	0.839
4k3l	CC(=O)N[C@@H](CC(C)C)C(=O)N[C@@H](Cc1ccccc1)C(=O)[O-]	2.960	5.080	2.120
5zxi	Cc1cnc(-c2ccc(-c3ccco3)cc2)n1Cc1ccccc1OCCCCCC(=O)[O-]	9.150	5.994	3.156
6c3u	O=c1[nH]n2cc(-c3[nH]ncc3[N+](=O)[O-])cnc2c1Br	5.400	5.953	0.553
4oym	COc1cccc(C(=O)c2nonc2N)c1	4.960	5.606	0.646
5w6e	COc1ccc2c(N[C@@H](C)Cc3cc(C)[nH]n3)ncnc2c1OC	8.040	6.287	1.753
4pli	C[N+](C)(C)CCCC[C@H]([NH3+])C(=O)[O-]	3.160	4.728	1.568
3q8d	CC[C@H](C)[C@H]([NH3+])C(=O)N1CCC[C@H]1C(=O)N[C@@H](Cc1ccccc1)C(=O)[O-]	7.220	5.017	2.203
4gtr	CCN(CC)C(=O)Oc1ccc(C[C@@H]2CN(Cc3cncn3C)c3ccc(C#N)cc3CN2S(=O)(=O)c2ccc(OC)cc2)cc1	8.300	8.413	0.113
5fnq	O=C([O-])CCc1ccc(Cl)cc1	3.000	4.444	1.444
4gtt	COc1ccc(S(=O)(=O)N2Cc3cc(C#N)ccc3N(Cc3cncn3C)C[C@H]2Cc2ccc(OC(=O)NCc3ccccc3)cc2)cc1	8.220	8.475	0.255
1ga8	OC[C@@H]1C[C@H](O)[C@@H](O)[C@H](O[C@@H]2[C@@H](CO)O[C@@H](O)[C@H](O)[C@H]2O)O1	1.800	4.644	2.844
4oya	Nc1nonc1C(=O)c1cccc(OCc2nc3ccccc3[nH]2)c1	6.440	6.959	0.519
5agu	CC(=O)N(C)[C@H](C(=O)N1C[C@H](C)C[C@H]1C(=O)N(C)[C@@H]1C(=O)N[C@@H](CC(C)C)C(=O)N2C[C@H](C)C[C@H]2C(=O)N[C@@H](CC(C)C)C(=O)N(C)[C@@H](C(C)C)C(=O)N2CCC[C@H]2C(=O)N(C)[C@H](CC(C)C)C(=O)NCC(=O)O[C@@H]1C)C(C)C	10.000	8.488	1.512
5n16	O=C1c2ccccc2Sc2cc(-c3noc(-c4cnccn4)n3)ccc2N1C1CC1	5.300	7.200	1.900
4c1f	C[C@H](CS)C(=O)N1CCC[C@H]1C(=O)[O-]	4.630	5.236	0.606
1h3a	C=CC[N@@H+](C)C/C=C/COc1cc2c(cc1F)c(-c1ccc(Br)cc1)nn2C	6.550	7.528	0.978
2hfp	COc1ccc(-c2c(C(=O)NS(=O)(=O)c3ccccc3)n(Cc3cccc(C(F)(F)F)c3)c3ccccc23)cc1	8.520	8.144	0.376
3g8o	C[C@@H](C(=O)N(C)C)N(CC(F)(F)F)c1ccc(C#N)c(C(F)(F)F)c1	7.800	6.178	1.622
6g5j	C[C@H](CC(=O)[O-])c1cccc(-n2c(C(N)=O)cc3ccc(OC(F)(F)F)cc32)c1	6.700	6.092	0.608
5zk8	C[N+]1(C)[C@H]2C[C@H](OC(=O)[C@H](CO)c3ccccc3)C[C@@H]1[C@H]1O[C@@H]21	8.890	5.977	2.913
4ca4	CCCCCCCO[C@H]1O[C@H](CO)[C@@H](O)[C@H](O)[C@@H]1O	7.180	5.564	1.616
3c14	O=P(O)(O)OP(=O)(O)O	3.520	4.242	0.722
6mum	CCn1ncc(-c2nc3c(O[C@H]4CCN(C(=O)C5CCOCC5)C4)ncnc3n2C)c1C	8.410	7.432	0.978
4j0a	Cc1ccc(S(=O)(=O)Nc2cc(Oc3ccccc3)ccc2C(=O)[O-])cc1	6.800	5.127	1.673
2qju	C[NH2+]CCCN1c2ccccc2CCc2ccccc21	4.100	4.854	0.754
6md4	CN(CCOc1ccc(C[C@@H]2SC(=O)NC2=O)cc1)c1ccccn1	6.160	6.839	0.679
5gub	CC(=O)N[C@H]1[C@H](O)O[C@H](CO)[C@H](O)[C@@H]1O[C@@H]1OC(C(=O)[O-])=C[C@H](O)[C@H]1O	6.200	4.449	1.751
3ckt	CC(C)=CCN([C@H]1C[NH2+]C[C@@H]1N(CC=C(C)C)S(=O)(=O)c1ccc(C(N)=O)cc1)S(=O)(=O)c1ccc(C(N)=O)cc1	6.320	5.646	0.674
3mbl	CC(=O)c1cc(C(=O)NOCCO)c(Nc2ccc(I)cc2F)n1C	7.740	7.347	0.393
4bie	Cc1cc2c(-c3ccc(S(=O)(=O)NCC[NH3+])s3)ccnc2[nH]1	6.600	6.122	0.478
4wzv	COc1ccc(-c2ccc(S(=O)(=O)N(OC(C)C)[C@H](CCN3C(=O)c4ccccc4C3=O)C(=O)NO)cc2)cc1	9.370	8.353	1.017
3rse	[NH3+][C@@H](CCC(=O)[O-])C(=O)N[C@@H](Cc1c[nH]c2ccccc12)C(=O)N[C@@H](CCC(=O)[O-])C(=O)[O-]	7.000	5.135	1.865
5v37	[NH3+][C@H]1CC[C@H](S(=O)(=O)N2[C@H]3CC[C@@H]2C[C@H](NC(=O)c2cc(C4CC4)on2)C3)CC1	9.470	6.839	2.631
1i72	C[N@@H+](CCO[NH3+])C[C@H]1O[C@@H](n2cnc3c(N)ncnc32)[C@H](O)[C@@H]1O	7.260	5.876	1.384
6poh	CCCCOc1ccc2c(CC(=O)[O-])coc2c1	2.710	6.006	3.296
1q1y	CCCCC[C@H](CC(=O)NO)C(=O)N[C@H](C(=O)N1CCC[C@H]1C(=O)[O-])C(C)C	7.700	7.817	0.117
6qyl	CCc1sc2ncnc(N[C@H](Cc3ccccc3)C(=O)[O-])c2c1-c1cccc2[nH]ccc12	6.080	6.935	0.855
6c0r	Cc1cc(/C=C/C#N)cc(C)c1Oc1nc(N[C@H]2CC[N@H+](Cc3ccc(S(N)(=O)=O)cc3)CC2)nc2ccsc12	7.510	7.677	0.167
4ctk	Nc1csc2nccnc12	2.000	4.883	2.883
4yh4	O=C1CN(C(=O)c2cncc(-c3ccccc3)c2)c2ccccc2N1	4.590	6.135	1.545
5wap	O=C(NC1Cc2ccccc2C1)c1nc([C@@H]2CCCN2C(=O)CSc2ccccc2Cl)[nH]c(=O)c1O	6.520	7.155	0.635
3f8s	O=C([C@@H]1C[C@H]([NH+]2CCN(c3ncccn3)CC2)C[NH2+]1)N1CCC(F)(F)C1	7.890	7.276	0.614
2oyk	OC[C@H]1O[C@@H](O[C@H]2[C@H](O)C[NH2+]C[C@@H]2CO)[C@H](O)[C@@H](O)[C@@H]1O	5.300	5.544	0.244
5duc	CCc1ccc([C@H]2C[C@@H](C(F)(F)F)n3ncc(C(=O)NCc4ccc5c(c4)OCO5)c3N2)cc1	6.350	6.173	0.177
6mo1	[NH3+]Cc1ccc(-c2ncc(NCC3CC[NH2+]CC3)nc2-c2ccc(-c3ccoc3)cc2)cc1	6.540	6.954	0.414
5mwz	CCn1c(=O)c(=O)n(CC)c2cc(N3CCCCC3)c(NC(=O)C[N@H+]3CC[N@H+](C)CC3)cc21	5.150	5.432	0.282
5mxr	O=C([O-])c1ncsc1NS(=O)(=O)c1ccccc1	5.210	5.442	0.232
5n4t	C[C@H](CS)C(=O)N[C@@H](Cc1c[nH]c2ccccc12)C(=O)[O-]	5.970	5.022	0.948
4yog	CC(=O)Nc1ccc(N(C(=O)Cn2nnc3ccccc32)[C@@H](C(=O)NC(C)(C)C)c2ccsc2)cc1	5.740	6.458	0.718
1hte	CC1(C)S[C@H]([C@H](NC(=O)Cc2ccccc2)C(=O)NCc2ccccc2)[NH2+][C@H]1C(=O)[O-]	5.640	6.078	0.438
6aji	Cc1c(C(=O)N[NH+]2CCCCC2)nn(-c2ccc(Cl)cc2Cl)c1-c1ccc(Cl)cc1	4.530	6.042	1.512
1pzo	Clc1ccc(CN(Cc2ccc(Cl)cc2)c2nnn[nH]2)cc1	3.320	5.641	2.321
6c4d	CN1C(=O)[C@@H](N2CCc3c(nn(Cc4ccccc4)c3Cl)C2=O)COc2cc(C#N)ccc21	9.040	7.813	1.227
5km5	CN1NC(=N)c2cn(C3OC(COP(=O)(O)O)C(O)C3O)c3ncnc1c23	6.920	6.218	0.702
5bqh	CC(C)C(=O)NCc1ccc(C(F)F)c(C(=O)Nc2nc(-c3ccc(Cl)cc3)c[nH]2)c1	8.520	7.706	0.814
5ea7	O=c1n(Cc2nc3ccccc3n2CCCCO)c2cnccc2n1C1CC1	7.960	8.149	0.189
5nzm	CC(=O)OC[C@@]1(C)CCc2c(c(C)cc3c2[nH]c2cc(O)ccc23)O1	3.900	5.804	1.904
4cd1	Cc1cccc(Nc2cc(S(=O)(=O)[O-])c(N)c3c2C(=O)c2ccccc2C3=O)c1	4.890	5.980	1.090
6euz	COC1=C(Cc2cccc3ccccc23)CC(=O)N2C1SC[C@H]2C(=O)[O-]	4.180	4.986	0.806
5kbq	Cc1ccc(CO)cc1N(C)c1ccnc(Nc2cc(N3CCOCC3)cc(S(C)(=O)=O)c2)n1	7.000	7.434	0.434
3t07	O=C1NCC(c2c[nH]c3cc(Br)ccc23)=N[C@H]1c1c[nH]c2cc(Br)ccc12	7.800	5.038	2.762
2o4p	CCC[C@@]1(CCc2ccccc2)CC(O)=C([C@H](CC)c2cccc(NS(=O)(=O)c3ccc(C(F)(F)F)cn3)c2)C(=O)O1	10.720	8.894	1.826
5ivt	[NH3+][C@H](C(=O)Nc1cncc(F)c1CC[C@@H]1C[NH2+][C@H](COC(=O)NCC(F)(F)F)CO1)[C@@H](c1ccc(Cl)cc1)c1cc(F)cc(F)c1	9.100	8.506	0.594
2cmo	CN(C)S(=O)(=O)c1ccc(-c2cc3c(c4c2CC[N@H+](C)C4)NC(=O)/C3=N/O[C@@H](CCO)C(=O)[O-])cc1	6.400	7.219	0.819
2q7o	O=c1[nH]cnc2c([C@H]3[NH2+][C@@H](CO)[C@H](O)[C@@H]3O)c[nH]c12	7.920	7.537	0.383
1s63	N#Cc1ccc(Cn2cncc2C[N@H+]2CCN(c3cccc(Cl)c3)C(=O)C2)cc1	9.050	6.854	2.196
4ju4	O=C([O-])c1cc(Oc2ccccc2)ccc1NS(=O)(=O)c1ccc(Br)cc1F	6.470	6.049	0.421
4zij	O=C([O-])c1ccccc1NS(=O)(=O)c1ccc(I)cc1	3.250	5.972	2.722
5sxn	c1ccc(-c2nc(NCc3ccco3)c3ccccc3n2)cc1	4.960	7.165	2.205
3gsg	C[C@H](C(=O)[O-])N1C(=O)[C@H]2[C@@H]3CC[C@@H](C3)[C@H]2C1=O	2.700	5.724	3.024
1dzj	CCCCc1nc(N)sc1CCC	5.890	6.543	0.653
5jgb	COc1cc(C(=O)NCCC[N@H+]2CC[N@H+](C)CC2)ccc1NC(=O)c1csc2c(=O)[nH]cnc12	7.890	8.000	0.110
3eou	CNc1nc2cc3c(=O)[nH]c(=[NH2+])[nH]c3c(CCO)c2[nH]1	7.010	6.119	0.891
6c8c	CC(C)CC(=O)c1c(Nc2ccc(Cl)cc2Cl)[nH]c2c(Cl)ccc([N+](=O)[O-])c2c1=O	6.380	7.843	1.463
2zxa	CC(=O)NC[C@H]1[NH2+][C@@H](C)[C@@H](O)[C@@H](O)[C@@H]1O	8.350	5.732	2.618
6sfc	Cc1nc(NCc2cccc3c2OCO3)sc1-c1ccn(C)n1	5.280	5.892	0.612
5alf	CCCN(CCC)S(=O)(=O)c1ccc2[nH]c(-c3ccccc3)nc2c1	6.690	6.581	0.109
2evc	O=C([O-])c1ccc(-c2ccccc2C(F)(F)F)o1	6.540	4.209	2.331
5yf1	[NH3+]CCC(=O)N[C@@H](Cc1cnc[nH]1)C(=O)[O-]	3.280	4.799	1.519
4bda	c1ccc2c(c1)nc1[nH]cnn12	5.570	5.468	0.102
2hwi	CCc1ccc(/C=C2\SC(N[C@H](C(=O)[O-])c3ccc(F)cc3)=NC2=O)o1	5.520	6.924	1.404
2c57	O=C([O-])[C@]1(O)C=C[C@@H](O)[C@H](O)C1	3.430	4.773	1.343
1xge	O=C1C[C@@H](C(=O)[O-])NC(=O)N1	4.680	5.207	0.527
4ixh	C[C@H](Oc1cccc2ccccc12)C(=O)Nc1ccc2oc(-c3ccncc3)nc2c1	8.210	8.025	0.185
4x8s	COc1cc(Br)ccc1O	1.890	4.531	2.641
2m3z	O=C1N/C(=N/N=C2/C(=O)Nc3ccc(S(=O)(=O)[O-])cc32)S/C1=C\c1ccco1	6.570	7.161	0.591
6evm	O=C([O-])[C@@H]1CCCN1C(=O)[C@@H]1CCCN1C(=O)[C@@H]1CCCN1C(=O)[C@@H]1CCCN1C(=O)[C@@H]1CCCN1C(=O)[C@@H]1CCCN1C(=O)[C@@H]1CCCN1C(=O)[C@@H]1CCCN1C(=O)[C@@H]1CCC[NH2+]1	2.820	4.547	1.727
3f6h	CC[C@H](C)[C@H]([NH3+])C(=O)[O-]	4.720	4.188	0.532
2lzg	O=C([O-])C[C@H]1C[C@H](c2cccc(Cl)c2)[C@@H](c2ccc(Cl)cc2)N(CC2CC2)C1=O	7.770	5.813	1.957
5nb6	NC(=O)n1cc(NC(=O)N2C[C@@H]([NH3+])C[C@H]2C(=O)Nc2cccc(OC(F)(F)F)c2)c2ccccc21	6.300	7.369	1.069
3s3k	O=[N+]([O-])c1ccc(O)c(OS(=O)(=O)[O-])c1	4.010	5.341	1.331
3skk	[NH3+][C@@](CCC[CH2]~B(O)(O)O)(C(=O)[O-])C(F)F	4.470	5.494	1.024
4tnw	CCCCCC(=O)OC(CO)COP(=O)(O)OCC[N+](C)(C)C	3.780	6.814	3.034
5ukj	C[C@@H]1Cn2ncc(-c3ccc(S(=O)(=O)N(C)C)cc3)c2CN1c1ccnc2[nH]ccc12	7.160	7.479	0.319
6k9u	Cc1ccc2nc(C)c(-c3cc4nc(N5CCCC5)cc(NC5CCOCC5)n4n3)nc2c1	10.050	7.149	2.901
6dh4	CC[C@H](C)CN(C[C@@H](O)[C@H](Cc1ccccc1)NC(=O)O[C@H]1CO[C@H]2OCC[C@@H]12)S(=O)(=O)c1ccc(N)cc1	11.300	10.308	0.992
4q6r	C[C@@H]1CN(c2nnc(Cc3ccccc3)c3ccc(Cl)cc23)CCN1c1ccc(C#N)cn1	6.680	7.530	0.850
6gz9	CC(C)[C@H]([NH3+])C(=O)OCCOCn1cnc2c(=O)[nH]c(=[NH2+])[nH]c21	2.130	6.047	3.917
4wf4	Cc1nc(-c2ccc(C(F)(F)F)cc2)sc1C(=O)[O-]	3.110	4.979	1.869
5n9t	Cn1nc2c(=O)n(CC3(O)CCN(C(=O)C[C@H](c4ccccc4)C(F)(F)F)CC3)cnc2c1-c1ccc(C[NH3+])cc1	6.660	7.833	1.173
5tpb	CC(=O)N[C@@H]1[C@@H](O)C[C@H](C(=O)[O-])O[C@H]1[C@H](O)[C@H](O)CO	2.590	4.943	2.353
2z4w	C/C(=C\CC(C/C=C(\C)C/C=C/C(C)C)(P(=O)(O)O)P(=O)(O)O)C/C=C/C(C)C	6.010	5.279	0.731
3k8d	O=C([O-])[C@@H]1C[C@@H](O)[C@@H](O)[C@@H]([C@H](O)CO)O1	5.770	6.015	0.245
3qs4	[NH3+][C@@H](Cc1c[nH]c2ccccc12)C(=O)[O-]	4.680	4.505	0.175
4o0j	Cc1ccc(-c2nc(C)c([C@H](OC(C)(C)C)C(=O)[O-])c(-c3ccc(Cl)cc3)c2C)cc1C	4.890	6.798	1.908
5ywg	CS(=O)(=O)c1ccc([C@H](O)[C@@H]2C(=O)CCC[C@H]2O)c([N+](=O)[O-])c1	8.340	7.277	1.063
2uyw	O=C([O-])CCCC[C@@H]1SC[C@@H]2NC(=O)N[C@H]12	13.000	8.172	4.828
1o4g	O=P(O)(O)C(O)c1cccc2ccccc12	2.300	5.102	2.802
5urm	NC1=C(Cc2ccc(-c3cccc(C(=O)[O-])c3)o2)C(=O)N=C2S[C@H](C3CCCCC3)N=[N+]21	5.280	6.460	1.180
4o10	O=C(NCc1ccc(S(=O)(=O)c2cc(F)cc(F)c2)cc1)c1ccn2cccc2c1	7.110	6.590	0.520
4npv	CCC(CC)Nc1ncnc2c(OC)c(OC)c(OC)cc12	7.460	5.917	1.543
3sdk	Cc1ccc(CNC(=O)[C@H](CCc2ccccc2)NC(=O)[C@H](Cc2nc(C(C)(C)C)no2)NC(=O)c2cc(C)on2)cc1	6.800	7.115	0.315
3uza	Cc1cc(-c2nnc(N)nc2-c2ccccc2)cc(C)n1	8.940	5.824	3.116
5trh	O=C(Nc1c(OCc2ccc(Cl)cc2)cccc1C(=O)[O-])c1ccccc1	5.080	6.563	1.483
4ybm	COc1ccc(S(=O)(=O)Nc2cc3c(cc2Oc2cccc(OCc4ccccc4)c2)n(C)c(=O)n3C)cc1OC	6.850	6.818	0.032
2wyn	OC[C@H]1O[C@H](O[C@H]2C[N+]3[C@H](CO)[C@@H](O)[C@H](O)[C@H]3[C@@H]2CO)[C@H](O)[C@@H](O)[C@@H]1O	5.550	5.550	0.000
3sxu	CC[C@H](C)[C@H](NC(=O)[C@@H]([NH3+])CC(=O)[O-])C(=O)N1CCC[C@H]1C(=O)N[C@@H](Cc1ccccc1)C(=O)[O-]	5.050	5.654	0.604
4xwk	Brc1ccc(Oc2c(Br)cc(Br)cc2Br)c(Br)c1	4.630	5.380	0.750
6pt3	CCN(CC)C(=O)c1ccc([C@H](c2cccc(O)c2)[N@@H+]2C[C@@H](C)[N@@H+](Cc3ccccc3)C[C@@H]2C)cc1	9.410	6.743	2.667
4tq3	CC(C)=CCC/C(C)=C/COP(=O)(O)OP(=O)(O)O	5.490	4.718	0.772
4la7	CCCN1C(=O)CCc2cc(NS(=O)(=O)Cc3ccc(C)cc3)ccc21	6.570	5.558	1.012
5o1s	COC(=O)CCC(=O)OC	3.650	4.459	0.809
3iu7	O=C([O-])c1ccc(-c2ccccc2Cl)o1	4.800	4.561	0.239
4n8r	CC1=C(CCc2nn[nH]n2)c2ccccc2/C1=C\c1ccc(C(C)C)cc1	5.000	6.413	1.413
5ldo	Nc1ncnc2c1ncn2C1OC(CO)C(OP(=O)(O)O)C1O	3.750	5.245	1.495
3jyj	O=C(N[C@H](C/C=C/c1ccccc1)C(=O)[O-])c1ccc2ccccc2c1	5.740	5.385	0.355
5a7j	O=P(O)(O)Oc1cc(OP(=O)(O)O)c(OP(=O)(O)O)cc1OP(=O)(O)O	5.200	4.647	0.553
6evq	C[C@@H](Sc1nnnn1C1CCCC1)C(=O)NCc1ccco1	2.000	5.252	3.252
5hfu	N#Cc1ccc(S(=O)(=O)NC[C@H]2O[C@H](O)[C@H](NC(=O)c3cccc(-c4ccccc4)c3)[C@@H](O)[C@@H]2O)cc1	6.890	7.130	0.240
5kqg	O=C(Nc1nc2ccccc2s1)[C@H](c1ccccc1)S(=O)(=O)[O-]	5.150	5.850	0.700
3wkc	Cc1cc(-c2csc(N)n2)c(C)n1C[C@H]1CCCO1	3.710	7.193	3.483
2vc7	CCCCCCCCCC(=O)N[C@H]1CCSC1=O	3.360	6.600	3.240
4tz8	CC1(C)CNC(=O)c2sc(N)nc2C1	3.300	5.917	2.617
5l3e	COc1cc2nc(NCCC[NH+](C)C)nc(N[C@H]3CC[N@@H+](Cc4ccccc4)CC3)c2cc1OC	6.180	7.516	1.336
5tci	N#C[C@@H]1[NH2+][C@@H](CO)[C@H]1c1ccc(-c2ccccc2F)cc1	6.880	6.504	0.376
5alx	CCSc1cccc(-c2ccc(C(N)=O)s2)c1	5.480	4.818	0.662
4jmu	COc1ccc(C(=O)Nc2ccc(Oc3ccc(N(C(=O)[C@H]4CC[C@H](C)CC4)C(C)C)c(C(=O)[O-])c3)cc2)cc1	5.470	6.635	1.165
5bsk	Nc1nc2c(ncn2CC(CO)OCCP(=O)(O)O)c(=O)[nH]1	6.220	5.961	0.259
4zk5	Nc1ncc(C(=O)NC2CN(C(=O)C3C=C3)C2)c2ccc(-c3cccc(F)c3)nc12	8.430	7.017	1.413
6i0r	O=C([O-])c1cc(S)cnc1C(=O)[O-]	4.350	5.006	0.656
4nrk	CC(=O)N[C@@H]1[C@@H](O)C[C@H](C(=O)[O-])O[C@H]1[C@H](O)[C@H](O)CO	7.620	4.812	2.808
6das	COc1cc(C(=O)N[C@@H]2CCc3ccc(-c4cn5c(n4)CCC5)cc32)ccc1C	8.310	7.347	0.963
3vw7	CCOC(=O)N[C@@H]1CC[C@H]2[C@H](CCc3ccc(-c4cccc(F)c4)cn3)[C@@H]3[C@@H](C)OC(=O)[C@@H]3C[C@@H]2C1	8.100	7.732	0.368
6qrd	CC(C)[N@H+]1CC[N@@H+](Cc2ccc(Cn3ccc4ccc(-c5n[nH]c(N)c5C#N)cc43)cc2)CC1	7.000	5.970	1.030
3rv7	CC(C)/C=C(\Oc1cccc(C(=O)[O-])c1O)C(=O)[O-]	4.850	5.500	0.650
2xwe	CCCCCCCC/N=C1/SC[C@@H]2[C@@H](O)[C@H](O)[C@@H](O)[C@H](O)N12	6.020	6.162	0.142
5j6s	O=C(NO)[C@@H](Cc1ccc(F)cc1)C(=O)NCc1ccccc1	4.000	5.983	1.983
4f3i	COC(=O)C[C@@H]1N=C(c2ccc(Cl)cc2)c2c(sc(C)c2C)-n2c(C)nnc21	7.440	6.729	0.711
6mul	CCn1ncc(-c2nc3c(N4CCC(n5c(=O)[nH]c6ncccc65)CC4)ncnc3n2C)c1C	8.200	7.827	0.373
2q95	O=C([O-])c1ccc(-c2ccc([N+](=O)[O-])cc2Cl)o1	5.800	4.984	0.816
6a94	C[NH+](C)CCOC1=Cc2ccccc2Sc2ccc(Cl)cc21	7.400	5.657	1.743
2bge	O=C1CN(c2ccccc2)S(=O)(=O)N1	2.800	5.207	2.407
3q77	CC1=C(C(=O)OCCO)[C@@H](c2ccc(C#N)cc2)NC(=O)N1c1cccc(C(F)(F)F)c1	8.220	7.568	0.652
3gk4	CCOC(=O)c1nnn2c1nc(S[C@H](C(C)=O)C(=O)OCC)c1ccccc12	3.920	5.745	1.825
3bsc	COc1ccc2c(c1)S(=O)(=O)NC(c1c(O)c(-c3ccccc3)nn(CCC(C)C)c1=O)=N2	4.480	7.870	3.390
2lkk	CCCCCCCC/C=C\CCCCCCCC(=O)[O-]	6.700	5.879	0.821
4zz3	[NH2+]=c1[nH]c(=O)c2c(CCc3ccc(C(=O)N[C@@H](CCC(=O)[O-])C(=O)[O-])cc3)c[nH]c2[nH]1	6.000	5.946	0.054
6e6v	CC1=CC(=O)C(O)C(C(=O)[O-])=N1	7.770	4.558	3.212
1unh	O=NC1=c2ccccc2=N/C1=C1\C(=O)Nc2ccccc21	7.000	6.109	0.891
1fdq	CC/C=C\C/C=C\C/C=C\C/C=C\C/C=C\C/C=C\CCC(=O)[O-]	7.270	5.110	2.160
3zm4	O=C1N=CCc2cc(O[C@H]3CC[NH2+]C3)c(Cl)cc21	5.960	6.855	0.895
6qz8	CCc1sc2ncnc(O[C@H](Cc3ccccc3)C(=O)[O-])c2c1-c1ccc(O)c(Cl)c1C	7.620	7.306	0.314
1zd2	O=C([O-])CNC(=O)NC1CCCCC1	3.300	5.167	1.867
6cec	COc1nc2ccccc2nc1CCC(=O)[O-]	4.350	5.501	1.151
1hty	C[C@@H](O)CC(C)(C)O	1.400	5.016	3.616
6g22	O=c1[nH]c(=O)n(C2CC3OC(c4ccccc4)(P(=O)(O)O)OCC3O2)cc1CCP(=O)(O)O	7.560	6.577	0.983
6gg8	NS(=O)(=O)C[C@H]1COc2cc(F)ccc2N1C(=O)c1ccc2c(c1)NC(=O)CO2	9.100	5.694	3.406
4pd7	O=c1ncccn1[C@@H]1O[C@H](CO)[C@@H](O)[C@H]1O	3.920	4.456	0.536
3wv2	COc1cccc(CNC(=O)c2nc3ccccc3c(=O)[nH]2)c1	7.920	6.876	1.044
4ctj	O=C([O-])c1ccc2occc2c1	2.510	5.023	2.513
5vdu	c1ccc(-c2ncccn2)nc1	3.700	4.320	0.620
3s0n	Cc1cccc2scc(Cn3c(=O)n(CCCC(=O)[O-])c4ccccc43)c12	6.740	6.372	0.368
3zt4	O=C1Cc2ccccc2/C1=C\c1ccc2c(c1C(=O)[O-])OCO2	2.800	4.895	2.095
2oei	CC(C)C[C@H](NC(=O)[C@@H]1CCCN1C(=O)[C@@H]1CCCN1C(=O)[C@@H]1C=CCN1C(=O)[C@@H]1CCCN1C(=O)[C@@H]1CC=CN1C(=O)[C@@H]1CCC[NH2+]1)C(=O)N1CCC[C@H]1C(=O)N1CCC[C@H]1C(=O)[O-]	3.910	6.652	2.742
6h7z	CN(C(=O)CCC[C@H](NC(=O)N[C@@H](CCC(=O)[O-])C(=O)[O-])C(=O)[O-])c1ccc(F)nc1	10.120	5.629	4.491
1j1a	O=C([O-])CC[C@@H](Cc1ccc(OCc2ccccc2)cc1)NC(=O)CCCCCCc1ccccc1	7.540	7.248	0.292
3vw0	CC1=CC([NH3+])c2ccccc2N1CCCCCCCCCCN1c2ccccc2C(N)=C[C@@H]1C	4.670	6.977	2.307
5oh1	CC[C@]1(c2ccc(N)cc2)CCC(=O)NC1=O	4.410	5.368	0.958
6pvu	O=P1(O)OP(=O)(O)OP(=O)(O)OP(=O)(O)OP(=O)(O)OP(=O)(O)O1	5.210	3.999	1.211
1cr6	O=C(NCCCc1ccccc1)NC1CCCCC1	8.510	6.493	2.017
5eci	CCCCC[C@H]1C(=O)CC[C@@H]1CC(=O)[O-]	3.800	6.351	2.551
6c5f	O=C([O-])c1cccc(-c2cc(C(=O)[O-])ncc2C(=O)[O-])c1	4.480	4.811	0.331
5x4m	Nc1ncnc(Nc2ccccc2)n1	2.920	5.405	2.485
1xnz	O=C([O-])c1ccc(-c2ccccc2Cl)o1	6.620	4.523	2.097
5ccl	O=C1Cc2cc(C(=O)NC3CC[NH2+]CC3)ccc2N1	4.770	6.048	1.278
5kos	COCCCNc1nc(C(C)(C)C)ncc1C(=O)N(CC(C)C)[C@@H]1C[NH2+]C[C@H](C(=O)N2CCOCC2)C1	8.820	6.972	1.848
2hs2	CC(C)CN(C[C@@H](O)[C@H](Cc1ccccc1)NC(=O)O[C@H]1CO[C@H]2OCC[C@@H]12)S(=O)(=O)c1ccc(N)cc1	8.310	9.819	1.509
4ucd	O=C([O-])c1cc(C(=O)[O-])n(Cc2ccccc2Cl)n1	4.000	4.462	0.462
4u45	c1cc(Nc2ncnn3cc(-c4cn[nH]c4)cc23)ccn1	8.000	6.239	1.761
5fwr	OC[C@H]1O[C@H](Oc2ccc(-c3ccccc3)cc2)[C@@H](O)[C@@H](O)[C@@H]1O	7.750	5.535	2.215
4urk	Cc1cc([C@@H](C)Nc2ccccc2C(=O)[O-])c2nc(N3CCOCC3)cc(=O)n2c1	5.960	6.159	0.199
5enf	CC(C)Cc1nc(C#N)c(N)o1	3.570	6.482	2.912
3tvl	O=P(O)(O)OP(=O)(O)OP(=O)(O)O	4.000	4.168	0.168
4tpt	CN(Cc1ccc([C@H](O)CO)cc1)C(=O)c1ccc(S(=O)(=O)Nc2ccccc2)cc1	7.040	6.096	0.944
6b3e	CCn1cnc2c(NCc3nc4c(F)c(F)ccc4[nH]3)nc(N3CCCC[C@H]3CCO)nc21	6.990	7.227	0.237
3odk	O=C([O-])c1cc(-c2ccccn2)n[nH]1	3.140	4.784	1.644
5qqo	COC(=O)Nc1ccc2c(c1)NC(=O)CC/C=C/C[C@H](N1CC[C@H](c3cccc(Cl)c3)OC1=O)c1nc-2c[nH]1	7.770	8.648	0.878
5ekx	Cc1cc(N)c(N)cc1Cl	2.030	4.910	2.880
5hn9	CCCCCCCCCCOc1cccc(COc2ccc([N+](=O)[O-])cc2C(=O)[O-])c1	4.300	6.580	2.280
5ypy	CC(C)[C@H]([NH3+])C(=O)[O-]	4.640	4.431	0.209
4f6x	CCCCCCOc1cccc(Cn2ccc(O)c(C(=O)[O-])c2=O)c1	5.090	6.094	1.004
6ba7	O=C(C[C@H](O)C(=O)[O-])c1ccc(O)cc1Cl	8.150	5.710	2.440
6bik	Cn1[nH]c(-c2cccc(NC(=O)c3ccc(C(C)(C)C)cc3)c2CO)c/c(=N\c2ccc(C(=O)N3CCOCC3)cn2)c1=O	8.190	8.272	0.082
5ml3	CNc1nccc(CN(CC2CC[NH2+]CC2)S(=O)(=O)c2ccc(S(=O)(=O)N(Cc3ccc(Cl)cc3)C3CCCC3)cc2)n1	9.690	7.277	2.413
3ogm	CC[C@H]1C[C@@]1(NC(=O)[C@H]1C[C@H](CC)C[C@@H]2C(=O)CC[C@@H]21)C(=O)[O-]	7.320	5.928	1.392
6oos	CC(C)CN(C[C@@H](O)[C@H](Cc1ccccc1)NC(=O)O[C@H]1CO[C@H]2OCC[C@@H]12)S(=O)(=O)c1ccc(N)cc1	11.300	9.784	1.516
4ael	CCOc1ccccc1-c1ccc(-c2nc3ccncc3c(O)c2C#N)cc1	7.920	8.353	0.433
1gww	O=c1ccn(C2OC(COP(=O)(O)OP(=O)(O)O)C(O)C2O)c(=O)[nH]1	3.590	4.651	1.061
2yoj	O=C1N=CCC=C1c1c(C(=O)[O-])n(Cc2cc3c(=O)[nH]cnc3cc2F)c2cc(F)c3ccoc3c12	8.300	7.716	0.584
1dqx	O=c1cc(O)n(C2OC(COP(=O)(O)O)C(O)C2O)c(=O)[nH]1	11.050	5.071	5.979
4yax	COc1ccc(Oc2cc3c(cc2NS(=O)(=O)c2ccccc2)n(C)c(=O)n3C)cc1	5.820	5.872	0.052
5ea3	Cc1ccc(O)c(Cn2c(N[C@H]3CC[N@H+](CC[NH3+])CC3)nc3c2CC=CC3C)n1	8.770	6.300	2.470
4ttv	C[C@@H]1C[C@H](C)[C@@H](O)CC(=O)O[C@H]([C@@H]2CC[C@H]2C(=O)[O-])C/C=C/C=C(\C#N)[C@H](O)[C@@H](C)C[C@H](C)C1	6.680	7.688	1.008
3e3u	CCCC[C@H](CN(O)C=O)C(=O)N1CCC[C@H]1c1nc2ccccc2o1	7.890	7.138	0.752
2v5a	Nc1ncc2cc(-c3ccccc3)c(N3CCCC3)nc2n1	6.820	6.246	0.574
5dh3	CN1C(=O)c2sccc2N(C)c2nc(Nc3ccc(S(N)(=O)=O)cc3)ncc21	7.420	5.852	1.568
1axz	OC[C@H]1O[C@@H](O)[C@H](O)[C@@H](O)[C@H]1O	3.200	4.075	0.875
6pyu	O=C(C1CC1)N1CCC[C@]12C(=O)Nc1ccc(-c3ccc4nccnc4c3)cc12	8.000	6.841	1.159
3kr2	Nc1nc2cc(F)ccc2[nH]1	5.140	5.882	0.742
4l5j	O=P(O)(O)OCC1OC(O)C(O)C1O	3.000	4.216	1.216
5vqt	Cc1c(Oc2ccccc2OCCn2ccc(=O)[nH]c2=O)cc(N(C)C(=O)CCl)c2ccc(C#N)cc12	5.740	7.564	1.824
4hxl	O=C(CCC1CCCCC1)Nc1cc(NS(=O)(=O)c2cccs2)cc(-c2csc(=O)[nH]2)c1	5.660	6.314	0.654
6i3u	C[C@H](C[NH+]1CCOCC1)Oc1ccc2c(c1)Cc1cccc(-c3cc(=O)cc(N4CCOCC4)o3)c1S2	9.220	7.323	1.897
6ps6	CC(C)(C)[NH2+]C[C@H](O)COc1nsnc1N1CCOCC1	9.700	6.302	3.398
1b2m	Nc1nc2c(ncn2C2OC(CO)C(O[PH](=O)O)C2O)c(=O)[nH]1	3.730	5.984	2.254
3cwe	O=C(c1ccccc1)C(Cc1ccc(C(F)(F)P(=O)(O)O)c(Br)c1)c1ccccc1	6.920	6.991	0.071
5hka	CCC(=O)Nc1cc(Cl)c(Oc2ccc(O)c(-c3ccc(C(N)=O)cc3)c2)c(Cl)c1	6.460	6.958	0.498
4nat	COc1cc(OC)nc([C@H]2CCCCC2C(=O)NCc2ccc(Cl)c(Cl)c2)n1	6.480	6.569	0.089
5t4v	COc1cc2c(cc1NS(=O)(=O)c1ccc(C#N)cc1)c(C)cc(=O)n2C	7.220	6.268	0.952
2pvw	O=C(O)CCC(CP(=O)(O)O)C(=O)O	9.520	6.598	2.922
5ayy	O=C([O-])c1cccnc1C(=O)[O-]	5.320	4.726	0.594
3q3t	COCCCC[C@@](O)(c1ccccc1-c1ccccc1)[C@@H]1CCCN(C(=O)[C@@H]2C[C@H](O)[C@H]([NH3+])C2)C1	7.430	7.026	0.404
4ran	N#CCC[NH+](CCn1cnc2c(=O)[nH]c(N)nc21)CCP(=O)(O)O	7.150	5.891	1.259
3wpn	NS(=O)(=O)c1ccc(-c2ccc(C(F)(F)F)c(F)c2)cc1	4.360	5.922	1.562
6hvj	Cc1coc2ccc(-c3cc(Nc4cnccc4S(C)(=O)=O)cc4nccnc34)cc12	7.550	7.825	0.275
1bdl	CC(C)[C@H](NC(=O)[C@H](Cc1ccccc1)C[C@H](O)[C@H](Cc1ccccc1)NC(=O)OC(C)(C)C)c1ncc[nH]1	5.850	7.569	1.719
6bec	CO[C@H]1CCO[C@@]2(C)Oc3c(C)c(O)c4c(c3C2=O)C2=N[C@]3(CC[N@H+](CC(C)C)CC3)NC2=C(NC(=O)/C(C)=C\C=C\[C@H](C)[C@H](O)[C@@H](C)[C@@H](O)[C@@H](C)[C@H](OC(C)=O)[C@@H]1C)C4=O	4.010	10.443	6.433
4jda	CC1=CC(=O)CC(C)(C)[C@]1(O)/C=C/C(C)=C\C(=O)[O-]	6.290	5.914	0.376
3mg0	CC(C)C[C@H](NC(=O)[C@H](Cc1ccccc1)NC(=O)c1cnccn1)B(O)O	9.250	6.966	2.284
6fsd	Cc1ccc(OCC(=O)NCCC[NH+]2CCCCC2)cc1	4.240	5.709	1.469
4y2x	Oc1ccccc1C[NH2+]CC[C@]12C[C@H]3C[C@H](C[C@H](C3)C1)C2	6.290	5.454	0.836
3zpr	Cc1cc(N2CC[NH2+]CC2)nc2ccccc12	6.650	5.749	0.901
1ykp	O=C([O-])c1ccc(O)c(O)c1	2.960	4.071	1.111
3fci	O=C1CC(C[NH2+]CCCO/N=C/c2cccc(C(=O)[O-])c2)=NC(=O)N1	5.890	5.912	0.022
5alo	Cn1cc(-c2ccc3c(c2)[C@@](C)(Cc2ccccc2)C(=O)N3)cn1	6.130	6.239	0.109
1ch8	Nc1nc2c(ncn2C2OC(COP(=O)(O)OP(=O)(O)O)C3OP(=O)(O)OC32)c(=O)[nH]1	7.000	5.849	1.151
5etr	[NH2+]=c1[nH]c(=O)c2[nH]c(SCc3ccc(F)cc3)nc2[nH]1	6.520	5.447	1.073
6ps5	CC(C)[NH2+]C[C@H](O)COc1cccc2ccccc12	8.430	6.415	2.015
2kce	Cc1nc2ccc(CN(C)c3ccc(C(=O)N[C@@H](CCC(=O)[O-])C(=O)[O-])s3)cc2c(=O)[nH]1	6.170	6.853	0.683
1u2r	Nc1nc2c(ncn2C2OC(COP(=O)(O)OP(=O)(O)O)C(O)C2O)c(=O)[nH]1	5.410	5.363	0.047
3pp7	Cc1ccc(C(=O)Nc2ccc(S(=O)(=O)[O-])c3cc(S(=O)(=O)[O-])cc(S(=O)(=O)[O-])c23)cc1NC(=O)c1ccccc1	3.940	6.609	2.669
6e3m	O=C([O-])c1cccc(-c2cc(O)c(O)c(C(=O)[O-])n2)c1	8.640	4.492	4.148
4wnk	CC1=C(C(=O)Nc2ccc3n[nH]cc3c2)[C@H](c2ccc(F)c(C(=O)NCc3ccccn3)c2)NC(=O)N1	6.420	7.323	0.903
4ks5	CCC(CC)O[C@@H]1CC(C(=O)[O-])=C[C@H](n2cc(C(C)(C)O)nn2)[C@H]1NC(C)=O	6.890	6.392	0.498
6gf3	CC[C@@]12C[C@H](C(=O)OC)C3=Nc4cc(OC)c(OC(C)=O)cc4[C@@]34CC[N@H+](C[C@@H]3O[C@@H]31)[C@@H]24	4.840	6.164	1.324
2f10	CCC(CC)[C@H](NC(C)=O)[C@@H]1[C@H](O)[C@@H](C(=O)[O-])C[C@H]1NC(N)=[NH2+]	3.480	6.034	2.554
6hmx	COc1cc2nccc(Nc3[nH]nc(C)c3C)c2cc1S(=O)(=O)C(C)(C)C	8.890	7.201	1.689
6ccq	Oc1cccc2nc(CCc3cccc(Cl)c3)[nH]c12	6.600	6.082	0.518
6jn3	C[C@H](CS)C(=O)N[C@@H](Cc1ccccc1)B([OH2+])[OH2+]	5.160	6.068	0.908
6b16	C[C@H](Nc1nccc(Nc2cc(C3CC3)n[nH]2)n1)c1ccc2[nH]ccc2n1	7.490	6.980	0.510
1mdl	O=C([O-])[C@H](O)c1ccccc1	3.090	4.067	0.977
4ylu	CCC(=O)Nc1ccc(N(Cc2ccsc2)C(=O)Cn2nnc3ccccc32)cc1	4.000	6.067	2.067
4mwv	CCC(CC)[C@H](NC(C)=O)[C@@H]1[C@H](O)[C@@H](C(=O)[O-])C[C@H]1NC(N)=[NH2+]	9.400	5.779	3.621
3uwk	Cn1c(=O)[nH]c2ncc(-c3ccccc3)cc21	4.240	4.842	0.602
3l2y	[NH3+]CCOP(=O)(O)O	4.490	4.484	0.006
4pku	Cc1cc(S(=O)(=O)N(Cc2cccc(N)c2)[C@H](C)C(=O)NO)ccc1F	4.520	7.451	2.931
6gg5	[NH3+][C@@H](Cc1c[nH]c2ccccc12)C(=O)[O-]	3.650	4.517	0.867
6fgc	C[C@@H]1CC[C@H]2[C@@H](C)[C@H](OC(=O)CCC(=O)[O-])O[C@@H]3O[C@@]4(C)CC[C@@H]1[C@@]23OO4	5.480	7.043	1.563
4lge	C[NH2+][C@@H](C)C(=O)N[C@H](C(=O)N1C[C@H]2C[C@@H]3C[C@@H]3[N@@H+]2C[C@H]1C(=O)N[C@@H]1CCOc2ccccc21)C1CCCCC1	8.460	7.954	0.506
5v3h	O=C(N[C@H]1C[N@@H+](Cc2cnn(Cc3ccc(Cl)cc3)c2)C1)c1cn(C2CC2)nn1	8.300	7.334	0.966
5ief	CCCC[N@@H+]1C[C@H](O)[C@@H](O)[C@H](O)[C@H]1CO	5.280	6.068	0.788
5wfc	CCCc1cc(C)[nH]c(=O)c1CNC(=O)c1cc(-c2ccnc(N3CC[NH+](C)CC3)c2)cc2c1cnn2C(C)C	4.900	8.176	3.276
4mib	COc1c(C(C)(C)C)cc(C2=CCC=NC2=O)c2ncc(N3CC[C@H](CNS(C)(=O)=O)C3)cc12	9.700	9.237	0.463
5vew	CC1(C)CC([C@@H](Nc2ccc(-n3cnc(C(F)(F)F)c3)nc2)c2ccc(C(=O)NCCC(=O)[O-])cc2)C1	5.150	6.411	1.261
5lm6	O=C([O-])c1cccc2c1C(=O)N(c1ccc(O)c(F)c1)C2	5.110	5.064	0.046
3eos	CNc1nc2c(CC[NH2+]CC3CCCCC3)c3[nH]c(=[NH2+])[nH]c(=O)c3cc2[nH]1	8.400	7.284	1.116
4g3e	C[C@@](O)(C#Cc1ccc2ccn(-c3nc(N)ncc3Cl)c2c1)c1nccs1	8.380	6.882	1.498
3iaf	Cc1ncc(C[n+]2csc(CCOP(=O)(O)OP(=O)(O)O)c2C)c(N)n1	2.920	6.149	3.229
5k0t	COc1cc(Cl)cc(C[NH2+]CCCNC(=O)Nc2ccccc2)c1	5.780	6.765	0.985
2izx	O[C@H]1CSSC[C@@H]1O	9.400	3.973	5.427
3qch	CS(=O)(=O)NC(=O)c1sccc1SCc1ccc(Cl)c(Cl)c1	5.480	6.149	0.669
3i6z	COc1ccc2c3c1O[C@H]1C[C@@H](O)C=C[C@@]31CC[N@H+](CCCCCCN1C(=O)c3ccccc3S1(=O)=O)C2	7.300	9.296	1.996
2yig	O=C(NCc1ccncc1)c1ccc(Oc2ccc(C#C[C@]3(O)C[N+]4CCC3CC4)cc2)cc1	7.100	6.349	0.751
6awo	C[NH2+][C@H]1CC[C@@H](c2ccc(Cl)c(Cl)c2)c2ccccc21	8.700	5.952	2.748
4a6w	O=C(NO)c1ncc(-c2ccccc2Cl)o1	5.720	5.419	0.301
1ofz	C[C@@H]1O[C@H](O)[C@@H](O)[C@H](O)[C@@H]1O	4.620	4.303	0.317
6qeg	O=C(NCCc1cccs1)[C@@]1(O)CCN(c2ccccc2)C1=O	7.300	6.192	1.108
6h7u	[NH3+]CC(=O)CCC(=O)[O-]	1.980	4.158	2.178
4p1u	O=C([O-])[C@H]1[C@H]2CC[C@H](CC2)[C@@H]1Nc1nc(-c2c[nH]c3ncc(F)cc23)ncc1F	8.520	6.772	1.748
6exm	Cc1cccc(Cc2cc(=O)n3c(c2N(C)C)SC[C@H]3C(=O)[O-])c1C	5.520	5.467	0.053
5d7a	O[C@H]1CC[C@@H](Oc2cccc3cnc(Nc4ccc5[nH]cnc5c4)nc23)CC1	7.680	6.401	1.279
6nwc	N#Cc1ccc(CC(=O)NC2(C(=O)[O-])CCCCC2)cc1C1CC1	7.740	6.581	1.159
6dko	O=C([O-])C(=O)CC(=O)c1c(F)cccc1F	5.800	4.553	1.247
5m6f	COC[C@H]1C[NH2+][C@H](C)C[N@@H+]1CC(=O)N1CC(C)(C)c2ncc(Cc3ccccc3)cc21	6.660	7.140	0.480
1h9z	CC(=O)C[C@H](c1ccccc1)c1c(O)c2ccccc2oc1=O	5.420	5.724	0.304
5ddd	CC1(C)CNC(=[N+]2CCN(c3ncnc4sc(CCF)cc34)CC2)S1	6.590	7.412	0.822
5lkr	C#CC[N@H+]1CCC[C@H](CN(CCOC)C(=O)c2ccc3ccccc3c2)C1	5.480	6.617	1.137
4yff	CNS(=O)(=O)c1ccc(N2CCOCC2)c(Nc2ncnc3[nH]cc(Br)c23)c1	8.000	6.038	1.962
5jur	CC(C)(C)[C@@H](CC(=O)[O-])Nc1nc(-c2c[nH]c3ncc(F)cc23)ncc1F	8.520	7.481	1.039
5hja	[NH3+][C@@](CCCC[B-](O)(O)O)(C(=O)[O-])C1CC[N+](Cc2ccc(Cl)c(Cl)c2)CC1	5.960	6.834	0.874
1wxz	C[C@H](O)[C@H](CCc1cccc2nc(-c3ccc(Cl)cc3)oc12)n1cnc(C(N)=O)c1	8.070	8.217	0.147
2g78	CC1=C(CC/C(C)=C/C=C/C(C)=C/C(=O)[O-])C(C)(C)CCC1	6.920	5.638	1.282
5zla	OC[C@H]1O[C@@]2(CO[C@]3(CO)O[C@H](CO)[C@@H](O)[C@@H]3O2)[C@@H](O)[C@@H]1O	4.300	5.708	1.408
2i3z	CN1C(=O)c2nc(N3CCC[C@H]([NH3+])C3)n(Cc3ccccc3C#N)c2C1=O	8.700	7.579	1.121
3kpu	Oc1ccnc2ccccc12	3.160	5.093	1.933
5cqj	COc1ccc(/C(=C(/Cl)c2ccccc2)c2ccccc2)cc1	4.810	5.499	0.689
5eb2	[NH3+][C@@H](Cc1c[nH]c2ccccc12)C(=O)[O-]	1.110	4.546	3.436
5tvn	CCN(CC)C(=O)[C@@H]1C=C2c3cccc4[nH]cc(c34)C[C@H]2[N@H+](C)C1	9.040	6.299	2.741
5m0m	C[C@H](CCC(=O)N[C@@H]1CCN(C(=O)OCc2cc(Cl)cc(Cl)c2)C1)[C@H]1CC[C@H]2[C@@H]3[C@@H](O)C[C@@H]4C[C@H](O)CC[C@]4(C)[C@H]3CC[C@@]21C	8.220	7.462	0.758
3qin	COc1ccc(Cc2nc(O)c(O)c(C(=O)[O-])n2)cc1Br	6.870	5.715	1.155
4umu	CCOc1cc(OCC#Cc2ccc3ccncc3c2)ccc1C[NH3+]	6.190	7.233	1.043
3h0w	Cc1nc2c(N)ncnc2n1[C@@H]1O[C@H](C[NH+](C)C)[C@@H](O)[C@H]1O	6.220	5.923	0.297
4jin	N#C/C(=C\c1ccncc1)C(=O)NCc1ccccc1	5.640	5.909	0.269
1rsd	Nc1nc2nn(-c3cccc(C(=O)NCc4ccccc4Sc4ccccc4CO)c3)nc2c(=O)[nH]1	6.520	6.936	0.416
5a5o	Cc1cc2ccccc2[nH]c1=O	3.000	4.364	1.364
2ww2	O[C@@H]1[C@H](O)C[N@H+]2CCC[C@@H](O)[C@H]12	4.850	5.483	0.633
5t4f	CC#CCn1c(N2CCC[C@@H]([NH3+])C2)nc2c1C(=O)N(Cc1ccc(C#N)cc1)C1=[NH+]CCN12	8.000	8.498	0.498
4ya8	CCCN(CCC)C(=O)c1cc(C(=O)N[C@@H](Cc2ccccc2)[C@@H](O)C[NH2+]C(C)(C)c2ccccn2)cc(N2C=CC=CC2)c1	6.100	9.707	3.607
3aza	Clc1ccc(OCc2ccccc2)c2ncccc12	5.130	5.848	0.718
5es1	CCc1sc(C(=O)N[C@@H]2[C@H]([NH3+])CCCC2(F)F)cc1-c1cnn2cc(C(F)(F)F)cnc12	8.340	8.856	0.516
6fgf	CN1CC(C(=O)NCCCNC(=O)c2ccc(F)cc2)CCC1=O	3.960	6.185	2.225
2ohv	[NH3+][C@H](C[C@H](Cc1ccc2ccccc2c1)C(=O)[O-])C(=O)[O-]	6.460	5.177	1.283
4urv	OC1(c2ccc(Br)cc2)CC[NH2+]CC1	2.770	4.550	1.780
5yc8	C[N+]1(C)[C@H]2C[C@H](OC(=O)[C@H](CO)c3ccccc3)C[C@@H]1[C@H]1O[C@@H]21	8.190	6.004	2.186
2anl	Cc1ccccc1CNC(=O)[C@H]1N(C(=O)[C@@H](O)[C@H](Cc2ccccc2)NC(=O)c2cccc(O)c2C)CSC1(C)C	6.960	7.695	0.735
4fck	NC(=[NH2+])NC[C@H]([NH3+])C(=O)[O-]	1.260	4.040	2.780
5v3x	CCOC(=O)c1c(-c2ccccc2)oc2ccc(O)c(C[N@H+]3CC[C@H](C)CC3)c12	6.590	5.917	0.673
5o48	Cc1cc(F)ccc1-c1ccc2[nH]nc(C[NH+](C)C)c2c1	4.700	6.523	1.823
2ooh	O=C(O/N=C\c1ccc(O)cc1)C1CCCCC1	5.890	5.092	0.798
1n9a	N#CC1=C(c2cccc3ccccc23)CN(C(=O)Cc2cncn2Cc2ccc(C#N)cc2)CC1	8.660	7.149	1.511
3h98	CC(C)CCN1C(=O)[C@H](C2=NS(=O)(=O)c3cc(NS(C)(=O)=O)ccc3N2)[C@@H](O)n2ccnc21	8.300	8.898	0.598
6gvx	c1cc(-c2cnn3cc(-c4ccc(OCC[NH+]5CCCCC5)cc4)cnc23)ccn1	7.620	7.262	0.358
1bzs	O=C([O-])[C@H]1Cc2ccccc2CN1S(=O)(=O)c1ccc(-c2ccccc2)cc1	8.000	5.985	2.015
5ukk	O=C(NCc1ccccn1)c1cc([C@@H]2CC[NH2+]C[C@H]2COc2ccc3c(c2)OCO3)ccc1F	6.210	7.138	0.928
3zvv	Cc1cc(C)n2nc(N)cc2n1	3.040	4.938	1.898
1wva	[NH3+][C@@H](CSCC[B-](O)(O)O)C(=O)[O-]	6.570	4.723	1.847
1ljt	COC(=O)C[C@H]1CC(c2ccc(O)cc2)=NO1	5.150	5.499	0.349
5zqu	Cc1cc2c(cc1-n1nnc3cc(C(=O)[O-])ccc31)C(C)(C)CCC2(C)C	5.150	5.373	0.223
2j3q	CN(C)c1ccc(C2Sc3cc(O)ccc3N2C)cc1	6.150	4.900	1.250
4iqt	O=C(CCc1cc(C(=O)c2cccc(F)c2)c[nH]1)C[C@@H](O)C(=O)[O-]	6.110	7.063	0.953
4hbw	CCNS(=O)(=O)c1ccc2c(c1)CN(C)C(=O)N2	5.320	5.847	0.527
1z6d	O=c1[nH]cnc2c1ncn2C1OC(COP(=O)(O)O)C(O)C1O	2.340	5.421	3.081
3h0j	Cc1ccc2cc(CC3CCN(C(=O)c4c5ccccc5cc5ccccc45)CC3)ccc2n1	6.490	6.622	0.132
2q70	Oc1ccc([C@@H]2Oc3ccc(O)cc3[C@@H]3CC(F)(F)C[C@@H]32)cc1	8.080	6.463	1.617
3zy2	Nc1nc2c(ncn2C2OC(COP(=O)(O)OP(=O)(O)O)C(O)C2O)c(=O)[nH]1	6.460	5.351	1.109
5dkr	NC(=[NH2+])c1ccc(Oc2ccc(-c3cc4ccc(C(N)=[NH2+])cc4[nH]3)cc2)cc1	5.220	5.203	0.017
3wyl	COc1cn(-c2cccc(C(F)(F)F)c2)nc(-c2ccnn2-c2ccccc2)c1=O	8.850	7.217	1.633
4zy4	[NH3+]C1CCN(c2nc(Nc3cc(C4CC4)[nH]n3)c3sccc3n2)CC1	7.660	6.904	0.756
6kqi	CCCCCCC(C)(C)c1ccc([C@@H]2C[C@H](O)CC[C@H]2CCCO)c(O)c1	8.060	7.718	0.342
1swi	c1ccccc1	3.100	3.863	0.763
5bpe	N#C[C@H](O)[C@H](C[C@@H]1CCC[NH2+][C@@H]1O)NC(=O)[C@H](Cc1ccccc1)NC(=O)CCc1ccccc1	5.950	8.300	2.350
1bo5	O=P(O)(O)OCC1OC(O)(COP(=O)(O)O)C(O)C1O	3.600	5.931	2.331
5db2	N#Cc1cc2cc(C[N@H+]3CC[C@H](Nc4ncnc5sc(CC(F)(F)F)cc45)CC3)ccc2n1CC(N)=O	7.600	7.128	0.472
6j7l	Cc1cn(C2CC(O)C(COP(=O)(O)OP(=O)(O)O)O2)c(=O)[nH]c1=O	4.500	5.015	0.515
1pu8	c1nc2nc[n+]3cc[nH]c3c2[nH]1	3.100	5.327	2.227
4h2o	CCCCCCCCCCOc1cccc(C(=O)Nc2ccc([N+](=O)[O-])cc2C(=O)[O-])c1	5.520	7.532	2.012
1ru2	Nc1ncnc2c1ncn2C1OC(COP(=O)(O)CP(=O)(O)OP(=O)(O)O)C(O)C1O	6.490	5.784	0.706
1lev	O=C([O-])CCc1c(C(=O)[O-])[nH]c2cc(Cl)cc(Cl)c12	5.600	5.246	0.354
5nwh	CN1C(=O)N(C)C(O)c2c1nc(N1CC[NH2+]CC1)n2Cc1nnc(-c2ccc(Cl)c(Cl)c2)o1	7.540	7.198	0.342
3vdc	CC(C)S[C@@H]1O[C@H](CO)[C@H](O)[C@H](O)[C@H]1O	4.920	4.911	0.009
3l6h	C[N+](C)(C)CC(=O)[O-]	5.400	4.407	0.993
4c6v	C=C/C(C)=C\[C@@]1(C)SC(=O)C(C(C)=O)=C1O	4.590	5.511	0.921
6g9d	CC(C)(C)NC(=O)CN1Cc2ccc(-c3nc(NC4CCOCC4)ncc3Cl)cc2C1=O	8.370	8.006	0.364
1mzc	CC[C@@]1(c2cccc(Oc3cc([C@](C)([NH3+])c4cncn4C)ccc3C#N)c2)CCCCN(C)C1=O	10.220	8.461	1.759
6bqh	Cc1nc2sccn2c(=O)c1CC[NH+]1CCC(=C(c2ccc(F)cc2)c2ccc(F)cc2)CC1	9.800	6.635	3.165
1h37	C=CC[N@@H+](C[C@H]1C[C@@H]1COc1ccc(C(=O)c2ccc(Br)cc2)cc1)C1CC1	7.230	6.230	1.000
3kr0	Nc1nc2ccc(O)cc2[nH]1	4.700	4.871	0.171
4p1r	COc1nc2cccnc2n1-c1ccc(Nc2ccc(C)cn2)cc1	8.390	6.486	1.904
1ugw	OC[C@H]1O[C@@H](O)[C@H](O)[C@@H](O)[C@H]1O	3.090	4.076	0.986
4zyr	O=[N+]([O-])c1ccc(O[C@H]2O[C@H](CO)[C@H](O)[C@H](O)[C@H]2O)cc1	5.700	5.046	0.654
6ibz	Cn1ccc2ccc(-c3cc(Nc4ccccc4S(=O)(=O)NCc4cncnc4)cc4nccnc34)cc21	7.660	8.325	0.665
4m3b	Cc1nc(-c2ccc(C(=O)NCCC(F)(F)F)cc2)cs1	6.400	6.171	0.229
6quw	CC1(C)C[C@@]2(C)c3ccccc3N[C@@]2(C)[NH2+]1	2.820	5.467	2.647
2az5	Cc1cc2occ(C[NH+](C)CC[N@@H+](C)Cc3cn(-c4cccc(C(F)(F)F)c4)c4ccccc34)c(=O)c2cc1C	5.270	6.823	1.553
1wax	[NH3+]Cc1ccc(NC(=O)C(=O)[O-])cc1	4.070	4.375	0.305
4u01	COc1ccc2c(O[C@H]3C[C@H]4C(=O)N(C)CCCC/C=C\[C@@H]5C[C@@]5(C(=O)NS(=O)(=O)C5(C)CC5)NC(=O)N4C3)cc(-c3nc(C(C)C)cs3)nc2c1F	8.460	8.741	0.281
5wdj	Nc1nc(OCc2ccccc2)c2nn[nH]c2n1	6.960	6.097	0.863
3d7b	O=c1ccn([C@@H]2O[C@@H](C[NH+]3CCCC3)[C@H](O)[C@H]2O)c(=O)[nH]1	3.690	4.639	0.949
4ga3	CCCCn1cc[n+](CC(O)(P(=O)(O)O)P(=O)(O)O)c1	7.520	5.878	1.642
5dyt	CN(C[C@@H]1CCC[N@@H+](Cc2ccccc2)C1)S(=O)(=O)c1ccc2ccccc2c1	7.600	7.332	0.268
1bap	O[C@H]1CO[C@H](O)[C@H](O)[C@H]1O	6.850	5.335	1.515
4old	[NH3+][C@H](C(=O)[O-])[C@@H]1N=C(C(=O)[O-])CCS1	2.700	4.744	2.044
4g2r	C[C@@H](Oc1ccc(Oc2ncc(C(F)(F)F)cc2Cl)cc1)C(=O)[O-]	4.450	5.969	1.519
5jog	CC(C)n1nc(C(F)F)cc1C(=O)Nc1ccc([C@H]2[C@@H](O)CCCc3cncn32)c(-c2ccccc2)c1	8.240	7.632	0.608
5zfi	CN(C)/N=C1/CN(CC(=O)Nc2cccc(-c3cnn(C)c3)c2)C(=O)[C@H](Cc2c(Cl)cccc2Cl)CN1	5.920	7.276	1.356
2rgu	CC#CCn1c(N2CCC[C@@H]([NH3+])C2)nc2c1c(=O)n(Cc1nc(C)c3ccccc3n1)c(=O)n2C	9.000	8.494	0.506
4uzd	CCOC(=O)c1[nH]cc2c1NC1=C(C(=O)CCC1)[C@H]2c1cccc(Oc2nc3ccccc3[nH]2)c1	9.220	7.669	1.551
3chg	C[S+](C)CC(=O)[O-]	3.990	4.734	0.744
1gsz	C=CC[N@@H+](C)CCCCCCOc1ccc(C(=O)c2ccc(Br)cc2)c(F)c1	7.210	6.377	0.833
3s3m	C[C@@H]1CCO[C@H]2Cn3cc(C(=O)NCc4ccc(F)cc4F)c(=O)c(O)c3C(=O)N21	7.400	6.576	0.824
4mro	Nc1ccc(S(=O)(=O)N2CCN(c3ccc(C(O)(C(F)(F)F)C(F)(F)F)cc3)CC2)cn1	7.060	7.840	0.780
1uj6	O=P(O)(O)OCC(O)C(O)C(O)CO	3.050	5.349	2.299
5lgu	Cn1c(C(=O)Nc2ccccc2COc2ccc(OC[C@@H]3CC[NH2+]C3)cc2)cc2sccc21	7.660	6.862	0.798
5lyy	O=C1NC2(CCCCC2)C(=O)N1CCOc1ccc(F)cc1	4.850	6.530	1.680
6oa1	Cn1c(=O)c2nc(SCC[NH+]3CCOCC3)[nH]c2n(C)c1=O	4.590	5.913	1.323
2exg	O=C1N=C(S)S[C@@H]1Cc1ccc(C(F)(F)F)cc1	4.300	5.321	1.021
6ey7	CN(Cc1ccc(F)cc1)C(=O)CC(=O)C(=O)[O-]	4.300	4.777	0.477
6n7c	COc1cc2ccccc2cc1-c1[nH]ncc1NC(=O)c1cnn2cccnc12	9.170	8.637	0.533
2qcd	O=c1ccn(C2OC(COP(=O)(O)O)C(O)C2O)c(=O)[nH]1	3.400	4.652	1.252
6i77	Cc1ccc(S[C@@H]2O[C@H](CO)[C@H](O)[C@H](n3cc(-c4c(F)c(F)c(N)c(F)c4F)nn3)[C@H]2O)cc1	4.960	5.657	0.697
5juz	Cc1ccc(-c2cc3c(NC(c4ccc5occc5c4)P(=O)(O)O)ncnc3s2)cc1	5.520	5.839	0.319
5a82	Cc1cc2ccnc(N[C@@H]3CC[NH2+]C[C@H]3OCC3CCS(=O)(=O)CC3)c2[nH]c1=O	5.600	7.455	1.855
4dht	O=C(COc1ccccc1P(=O)(O)O)NC1CCCCC1	4.820	5.415	0.595
2uym	CCN(CC)C(=O)c1c(NC(=O)c2cccs2)sc2c1CC(C)(C)CC2	5.510	6.483	0.973
5zlf	O=P(O)(O)C(O)(Cc1cccc(-c2cccc3c2oc2ccccc23)c1)P(=O)(O)O	3.480	6.607	3.127
6pf3	[NH2+]=c1[nH]c(=O)c2c(Cc3ccc(C(=O)Nc4cc(Cl)ccc4C(=O)[O-])cc3)c[nH]c2[nH]1	4.550	7.163	2.613
3r7q	CN(C(=O)c1cc2c(s1)-c1ccccc1OC2)c1ccccc1Cl	6.970	5.802	1.168
1rrw	Cn1cnc2c(=O)[nH]c(N)nc21	4.550	5.281	0.731
5iu7	Nc1nc(NCC[N@H+]2CC[C@H](c3ccccc3)CC2)nc2nc(-c3ccco3)nn12	8.960	7.961	0.999
6by8	Cc1c(C[N@H+]2CC[C@H](Nc3ncnc4sc(CC(F)(F)F)cc34)CC2)ccc2c1cc(C#N)n2C[C@H]1CNC(=O)CO1	6.910	7.913	1.003
5mri	CNC(=O)c1c(O)nnn1CCC(C)C	4.400	5.599	1.199
5w9g	O=C(NCCOc1ccccc1)c1nc([C@@H]2CCCN2C(=O)CSc2ccccc2Cl)[nH]c(=O)c1O	6.820	7.453	0.633
4x60	O=C(NC[C@H](O)C[N@@H+]1CCc2ccccc2C1)c1cc(NC2COC2)ncn1	9.000	6.433	2.567
4b13	Cc1c(-c2nc(Cc3ccccc3)no2)oc2cccc(OC3CC[NH2+]CC3)c12	5.700	6.791	1.091
2d41	CC(=O)c1ccc(-c2cc(NS(=O)(=O)c3ccc(C)cc3C)c(C(=O)[O-])s2)s1	6.820	6.392	0.428
5ahu	CCCCCCC[n+]1ccn(CC(P(=O)(O)O)P(=O)(O)O)c1	6.780	6.051	0.729
6ohu	CC/C(=C(\c1ccccc1)c1ccc(OCC[NH+](C)C)cc1)c1ccccc1	6.780	5.558	1.222
5ye8	CS(=O)(=O)Nc1ccc(F)c(F)c1	3.000	5.638	2.638
3il5	CCN(CC)S(=O)(=O)c1cc(C(=O)Nc2ccccc2C(=O)[O-])ccc1Br	5.800	6.766	0.966
5lhu	[NH3+][C@@H](Cc1cnc[nH]1)C(=O)[O-]	4.660	4.886	0.226
5bqs	O=C([O-])C1CCN(c2ccc(-c3cc(CO)ccc3Cl)cn2)CC1	5.640	6.667	1.027
4zh3	O/N=C(\Nc1cccc(Br)c1)c1ccc(F)c(C(F)(F)F)c1	4.400	5.377	0.977
4btw	Oc1c/c(=N\C2CCCCC2)c(-c2nc[nH]n2)nn1-c1ccccc1	7.150	6.856	0.294
3vtd	C=C1[C@H](O)CC(=C/C=C2\CCC[C@@]3(C)[C@H]2CC[C@@H]3[C@H](C)CC#C[C@@H](O)C[C@]23C[C@H]4C[C@H](C[C@H](C4)C2)C3)C[C@H]1O	7.920	7.641	0.279
2rjr	O=C([O-])[C@@H](O)[C@@H](O)c1ccc(F)cc1	1.940	5.419	3.479
6prt	COC(=O)C[C@H]1CC(=O)N(C)C1	2.670	5.503	2.833
3qck	O=C([O-])c1ccccc1SCc1ccc(Cl)c(Cl)c1	5.240	5.874	0.634
4kc2	O=C(NC[C@H]1O[C@@H](n2ccc(=O)[nH]c2=O)[C@H](O)[C@@H]1O)c1cccc(CO)n1	3.310	5.575	2.265
1rgk	Nc1ncnc2c1ncn2C1OC(CO)C(O)C1OP(=O)(O)O	4.310	5.584	1.274
3f39	Oc1ccccc1	1.780	4.367	2.587
1n43	O=C([O-])CCCC[C@@H]1SC[C@@H]2NC(=O)N[C@H]12	10.550	8.220	2.330
5n4s	C[C@H](CS)C(=O)N[C@H](Cc1c[nH]c2ccccc12)C(=O)[O-]	7.260	4.996	2.264
3djf	[NH2+]=c1[nH]c(=O)c2[nH]cc(Cc3cccnc3)c2[nH]1	6.100	5.519	0.581
5k5e	CCn1c2ccccc2c2cc([C@H]3C(C(=O)OC[C@H]4CCCO4)=C(C)NC4=C3C(=O)CCC4)ccc21	6.350	7.260	0.910
5qcm	COC(=O)Nc1ccc(NC(=O)[C@@H]2c3ccccc3CCN2C(=O)/C=C/c2c(-n3cnnn3)ccc(Cl)c2F)cc1	6.960	8.257	1.297
4ykn	COc1ccc(-c2cc(CNc3ccc(S(=O)(=O)Nc4nnc(C)s4)cc3)cc(C(=O)[O-])c2)cn1	8.000	7.422	0.578
5naw	NC(=O)n1cc(NC(=O)N2[C@H](C(=O)Nc3cccc(OC(F)(F)F)c3)C[C@H]3C[C@H]32)c2ccccc21	7.300	6.747	0.553
4wh9	N#Cc1c(F)cc(O)cc1SCCS(=O)(=O)[O-]	3.000	6.496	3.496
2cng	O=C1C[C@@H](c2ccc(C[C@H](NC(=O)C(F)(F)F)c3nc4ccc(C(F)(F)F)cc4[nH]3)cc2)S(=O)(=O)N1	6.960	7.930	0.970
6iql	Clc1ccc(N2CC[NH+](Cc3c[nH]c4ncccc34)CC2)cc1	9.370	6.584	2.786
5aly	Cc1c(C#N)n[nH]c1-c1cc(F)c2c(c1)C(C)(C)C(=O)N2	6.730	6.587	0.143
4mka	COc1c(-c2cc3ccc(NS(C)(=O)=O)cc3c(=O)o2)cc(C2=CCC=NC2=O)cc1C(C)(C)C	9.000	8.062	0.938
6oxs	CC(C)CN(C[C@@H](O)[C@H](CC1CCCCC1)NC(=O)O[C@H]1CO[C@H]2OCC[C@@H]12)S(=O)(=O)c1ccc([C@@H](C)O)cc1	9.960	10.242	0.282
1ld7	N#Cc1ccc2cc1Oc1ccc3cccc(c3c1)N1CC[C@H]([NH2+]CCc3cncn3C2)C1=O	8.960	8.801	0.159
1ao8	CN(Cc1cnc2[nH]c(=[NH2+])[nH]c(=[NH2+])c2n1)c1ccc(C(=O)N[C@@H](CCC(=O)[O-])C(=O)[O-])cc1	8.220	6.404	1.816
1a1c	CC(=O)NC(Cc1ccc(OP(=O)(O)O)cc1)C(=O)NC(CCC(=O)O)C(=O)N(C)CCCC1CCCC1	6.400	7.971	1.571
6n9h	[NH3+][C@]12C[C@H]3C[C@H](C[C@H](C3)C1)C2	4.260	4.625	0.365
3vrv	C=C1[C@H](O)CC(=CC[C@@H]2CCC[C@@]3(C)[C@H]2CC[C@@H]3[C@H](C)CCC(O)(CC)CC)C[C@H]1O	10.540	8.704	1.836
1sw1	C[N+]1(C)CCC[C@H]1C(=O)[O-]	7.300	5.024	2.276
5ier	CC(=O)[C@@]1(O)CC[C@H]2[C@@H]3CCC4=CC(=O)CC[C@]4(C)[C@H]3CC[C@@]21C	4.890	5.239	0.349
4mwe	C=CCOc1c(CC=C)cc(Cl)cc1C[NH2+]CCCNC(=O)Nc1ccsc1	5.910	7.046	1.136
4wy3	O=C[C@H](Cc1cnc[nH]1)[NH2+]C[C@H]1C[C@@H]2CCCC[C@H]2CN1C(=O)c1ccc(-c2ccccc2)cc1	3.620	7.953	4.333
4f1s	Cc1nc(N)nc(-c2cc(C3CCOCC3)cnc2Nc2cnc(Cl)c(NS(C)(=O)=O)c2)n1	8.700	7.807	0.893
5mgg	CNC(=O)c1cc(Cl)ccn1	3.300	5.355	2.055
5ml6	Nc1cc(CN(CC2CC[NH2+]CC2)S(=O)(=O)c2ccc(S(=O)(=O)N(Cc3ccc(Cl)cc3)C3CCCC3)cc2)ccc1C(=O)[O-]	9.450	7.533	1.917
3wkd	O=C(Nc1ccccc1N1CCOCC1)c1ccsc1	3.770	6.013	2.243
1xoe	COC(=O)[C@@H]1C[C@H](C(=O)[O-])[NH2+][C@H]1[C@H](CC(C)C)NC(C)=O	7.390	5.441	1.949
3qs5	[NH3+][C@@H](Cc1c[nH]c2ccccc12)C(=O)[O-]	4.710	4.505	0.205
2lwi	O=[N+]([O-])c1ccc(N/N=C(/S)Nc2ccc(F)cc2)c([N+](=O)[O-])c1	3.110	5.532	2.422
1ci7	C#CCN(Cc1ccc2[nH]c(N)nc(=O)c2c1)c1ccc(C(=O)N[C@H](CCC(=O)[O-])C(=O)[O-])cc1	7.050	7.191	0.141
5ehg	Nc1cc(Cl)ccc1NC(=O)Nc1cccc(S(=O)(=O)Oc2ccc(C(=O)[O-])cc2)c1	3.430	6.897	3.467
3t2p	CC(C)S[C@@H]1O[C@H](CO)[C@H](O)[C@H](O)[C@H]1O	3.600	4.932	1.332
1e02	CCCCCCCCCCC=O	6.150	5.923	0.227
1z34	Nc1nc(F)nc2c1ncn2[C@H]1C[C@H](O)[C@@H](CO)O1	3.380	5.162	1.782
5nz2	O=c1ccn(C2CC(O)C(COP(=O)(O)NP(=O)(O)OP(=O)(O)O)O2)c(=O)[nH]1	5.030	5.710	0.680
6cc9	O=C(N[C@H]1CC[NH2+][C@H](Cc2ccc(Cl)cc2)C1)c1c[nH]c2ccc(Br)cc12	3.150	6.637	3.487
3dpe	N=C1C(=O)C(=O)C1[N@@H+]1CCc2ccc(CNC(=O)c3nc4sc5c(c4c(=O)[nH]3)CCS(=O)(=O)C5)cc2C1	7.240	7.698	0.458
5iu8	C[N@H+]1CC[N@H+](CCNc2nc(N)n3nc(-c4ccco4)nc3n2)CC1	7.740	6.478	1.262
5du4	CCc1ccc([C@H]2C[C@@H](C(F)(F)F)n3ncc(C(=O)NCc4ccc(OC)cc4)c3N2)cc1	5.250	6.811	1.561
2chw	COc1ccccc1-n1c(CSc2ncnc3nc[nH]c23)nc2cccc(Cl)c2c1=O	4.770	7.597	2.827
3hfj	Nc1c(C(=O)Nc2cccc(F)c2)sc2nc(-c3cccs3)ccc12	4.440	6.437	1.997
3mn8	NC(=[NH2+])NCCS[C@@H](CC(=O)[O-])C(=O)[O-]	6.170	4.924	1.246
1z4n	O=P(O)(O)OC1OC(CO)C(O)C(O)C1O	4.520	4.640	0.120
6iiv	O=C([O-])Cc1ccc(CCNS(=O)(=O)c2ccc(Cl)cc2)cc1	6.850	4.907	1.943
3waw	CCN1CCN(c2nc(O)c(Cc3ccc(Cl)c(Cl)c3)s2)CC1	6.240	6.020	0.220
6g9k	O=C(CN1Cc2ccc(-c3nc(NC4CCOCC4)ncc3Cl)cc2C1=O)N[C@H](CO)c1ccccc1	7.400	8.149	0.749
3fw4	Oc1ccccc1O	9.400	3.826	5.574
6d6u	CCOC(=O)c1ncn2c1CN(C)C(=O)c1cc(F)ccc1-2	8.210	5.893	2.317
3l08	COc1ncc(-c2ccc3nccc(-c4ccnnc4)c3c2)cc1NS(=O)(=O)c1ccc(F)cc1F	10.220	7.373	2.847
4ow0	C[C@H](c1cccc2ccccc12)[N@H+]1CC[C@H](C(=O)NCc2cccc(F)c2)CC1	6.820	7.016	0.196
5kmf	C=C1N[C@@H](C)[C@H](C(=O)OC(C)C)[C@@H](c2cccc([N+](=O)[O-])c2)[C@@H]1C(=O)OCCOC	6.290	6.756	0.466
3ukr	Cc1[nH]c2ccccc2c1CCNC(=O)c1ccccc1F	4.920	5.764	0.844
3fnu	Cc1cccc(C)c1OCC(=O)N[C@@H](Cc1ccccc1)[C@H](O)C(=O)N1CSC(C)(C)[C@H]1C(=O)N[C@H]1c2ccccc2C[C@H]1O	6.160	8.336	2.176
5ul1	C[C@@H](C[NH+](C)C)S(=O)(=O)c1ccc(-c2cnc(N)c(C(=O)Nc3ccccc3)n2)cc1	6.640	7.130	0.490
5j9l	C=CC(=O)Nc1ccc(Oc2nc(Nc3ccc(N4CC[NH+](C)CC4)cc3)nc3[nH]ccc23)cc1	7.470	6.398	1.072
2pj8	CC(C)C(NS(=O)(=O)c1ccc(-c2ccccc2)cc1)P(=O)(O)CC(C(=O)O)c1cccc(C[NH3+])c1	7.740	6.826	0.914
3d27	CCc1ccsc1-c1ccc(O)c(O)c1	4.250	5.868	1.618
2a3w	C[C@]1(C(=O)[O-])OC[C@@H](OC(=O)NCCNC(=O)O[C@H]2CO[C@@](C)(C(=O)[O-])OC2)CO1	5.420	5.073	0.347
1i7g	CCO[C@@H](Cc1ccc(OCCc2ccc(OS(C)(=O)=O)cc2)cc1)C(=O)[O-]	6.000	6.477	0.477
5wf7	CC[C@H](C)n1cc(C)c2c(C(=O)NCc3c(C)cc(C)[nH]c3=O)cc(-c3ccc(N4CC[NH2+]CC4)nc3)cc21	4.010	7.429	3.419
4hld	Cc1cn([C@H]2CCCN(S(=O)(=O)c3ccc(O)c(Oc4cccc(Cl)c4)c3)C2)c(=O)[nH]c1=O	9.300	7.206	2.094
5t27	C[C@@H](c1nc(-c2cnc(N)c(-n3nnc4ccccc43)n2)nn1C)[NH+]1CCOCC1	7.100	6.867	0.233
4awk	O=C([O-])C(=O)CC(=O)[C@]1(Cc2ccc(Cl)cc2)CCCN(S(=O)(=O)Cc2ccccc2)C1	6.890	5.766	1.124
6j8r	C[C@H](CS)C(=O)NCB(O)[OH2+]	6.120	4.814	1.306
4nni	O=C([O-])c1cnccn1	5.500	4.877	0.623
2brp	CCCCCCCCCCn1c(-c2ccc(OS(N)(=O)=O)cc2)cc2ccc(OS(N)(=O)=O)cc21	4.000	7.982	3.982
5cgc	N#Cc1cc(Cl)c(F)c(-c2cc(-n3cccn3)ncn2)c1	9.300	6.808	2.492
2f1b	C[C@H]1[NH2+][C@H](C[NH2+][C@@H](CO)c2ccccc2)[C@@H](O)[C@H]1O	3.000	6.847	3.847
4d8s	CCC(CC)O[C@@H]1OC(C(=O)[O-])=C[C@H](O)[C@H]1NC(C)=O	6.490	4.748	1.742
6n5g	O=C(Nc1ccc(OC(F)(F)F)cc1)N1CCC(Cc2cnc3ccccc3c2)CC1	7.000	6.648	0.352
3elm	CCOc1ccc(-c2ccc(S(=O)(=O)N[C@@H](C(=O)[O-])C3CCN(C(=O)OC(C)C)CC3)s2)cc1	9.720	8.014	1.706
2xae	[NH3+][C@@H](CSC(c1ccccc1)(c1ccccc1)c1ccc(Cl)cc1)C(=O)[O-]	7.300	5.113	2.187
4m5i	Cc1ccc(C(=O)CSc2nc3nc(N)[nH]c(=O)c3[nH]2)cc1	5.170	5.336	0.166
4zga	O=C1NC(=O)N2Cc3c(c4ccccc4n3Cc3ccc(F)cc3)C[C@@H]12	7.700	6.260	1.440
6bqa	C=CCCn1cc(-c2cccc(C(=O)N(C)C)c2)c2cc[nH]c2c1=O	5.850	6.671	0.821
6g3y	Nc1cccc2c1[nH]c(=O)n2C1CCN(C(=O)Nc2ccc(I)cc2)CC1	5.890	7.552	1.662
3fr2	O=C([O-])c1cccc2c3ccccc3n(Cc3ccccc3)c12	6.230	5.401	0.829
5akj	OCCSc1nc2ccccc2[nH]1	5.860	5.334	0.526
3ijg	CC(C)c1nn2ccccc2c1C(=O)[C@@H](C)[NH3+]	4.270	5.579	1.309
4rqz	NC(=O)CC[C@H](NC(=O)[C@@H]([NH3+])Cc1ccc(O)cc1)C(=O)N[C@@H](Cc1ccccc1)C(=O)[O-]	5.400	5.303	0.097
4zxx	CC(=O)Nc1ccc(S(=O)(=O)C(C)C)c([C@H]2CCCN2C(=O)[C@H](Nc2ccc3c(N)nccc3c2)c2ccccc2)c1	8.100	8.237	0.137
6h9b	C=C(c1ccc2c(c1)c1ccccc1n2C)c1cc(C)nc2ccccc12	5.700	6.400	0.700
6chn	COC(=O)N1CCC(Oc2cccc([C@@H](CC#N)Nc3nc4[nH]c(C)cc(=O)n4n3)c2)CC1	7.960	8.428	0.468
5uwn	[NH3+]CCNS(=O)(=O)c1ccc(-c2ccc(CSC3=NC(=O)C4CCCC4=N3)cc2)cc1	7.870	5.797	2.073
6o9x	CN1C(=O)N(C)[C@H](S)c2[nH]c(SCC[NH+]3CCCC3)nc21	6.050	6.104	0.054
4cwb	[NH2+]=c1[nH]c(=O)c2[nH]c(SCC(=O)c3ccc(-c4ccccc4)cc3)nc2[nH]1	6.090	5.987	0.103
3o9f	CCC(CC)CN(C[C@@H](O)[C@H](Cc1ccccc1)NC(=O)O[C@H]1CO[C@H]2OCC[C@@H]12)S(=O)(=O)c1ccc(OC)cc1	12.700	10.388	2.312
4oys	C[C@@H]1COCC/[N+]1=C1/CC(=O)N2CC[C@@H](C(F)(F)F)N(Cc3cncc(Cl)c3)C2=[NH+]1	8.820	7.468	1.352
6inz	CC(=O)N[C@H]1[C@H](O)O[C@H](CO)[C@@H](O)[C@@H]1O[C@@H]1OC(C(=O)[O-])=C[C@H](O)[C@H]1O	5.800	4.456	1.344
1v41	[NH2+]=c1[nH]c(=O)c2[nH]nnc2[nH]1	4.700	4.909	0.209
5c42	N#Cc1cc2c(Oc3ccccc3OCCn3ccc(=O)[nH]c3=O)cccn2c1	8.720	6.082	2.638
3kqt	Cn1c(N)nc2ccccc21	5.340	5.285	0.055
4an3	O=C(NOC[C@@H](O)CO)c1ccc(F)c(F)c1Nc1ccc(I)cc1F	9.220	7.387	1.833
4d52	OC[C@@H]1O[C@H](O)[C@@H](O)[C@H](O)[C@@H]1O	3.110	4.075	0.965
3gws	[NH3+][C@@H](Cc1cc(I)c(Oc2ccc(O)c(I)c2)c(I)c1)C(=O)[O-]	10.090	7.219	2.871
4lkt	CCCCC/C=C\CCCCCCCCCCC(=O)[O-]	5.900	5.889	0.011
4a50	Cc1cccc(C(CC[C@H]([NH3+])C(=O)[O-])(c2ccccc2)c2ccccc2)c1	7.910	4.260	3.650
4urw	CSc1nc(-c2c(C)cccc2C)nc(N2CC[NH2+]CC2)n1	2.800	5.635	2.835
4b0c	CCCCCSc1nnc[nH]1	2.070	6.325	4.255
1xdg	CC[C@H](C)C(=O)O[C@H]1C[C@@H](C)C=C2C=C[C@H](C)[C@H](CC[C@@H]3C[C@H](CC(=O)NC)N(Cc4ccc(O)c(OC)c4)C(=O)O3)[C@H]21	7.300	7.860	0.560
6cjw	c1cnn2c(-c3ccncc3)cnc2c1	5.740	6.140	0.400
2iu0	O=C1NS(=O)(=O)Nc2nc[nH]c21	6.890	4.482	2.408
5mgi	O=C([O-])CCc1ccccc1B([OH2+])[OH2+]	5.950	4.378	1.572
4tlr	C[C@@H](O)C[C@H]1OC[C@@H](C2CCCCC2)N(c2cc(C#CC(C)(C)C)sc2C(=O)[O-])C1=O	8.520	7.819	0.701
1v0m	O[C@H]1[C@H](O)CO[C@@H](O[C@@H]2C[NH2+]C[C@H](O)[C@H]2O)[C@@H]1O	5.100	5.696	0.596
4bdf	Cc1cc(-c2ccccc2)[nH]n1	4.090	4.452	0.362
3pz2	COc1ccc(S(=O)(=O)N2Cc3cc(C#N)ccc3N(Cc3cncn3C)C[C@H]2Cc2ccccc2)cc1	6.140	8.156	2.016
6psb	CN1C[C@@H](Cn2c3c(c4ccccc42)C(=O)NCC3)CC1=O	4.100	6.636	2.536
5b4l	O=c1c(OCCn2ccn3c4ccccc4nc23)cn(CC2CC2)nc1-c1ccnn1-c1ccccc1	9.120	8.623	0.497
4tya	O=C([O-])c1ccc(C(F)(F)F)cc1	2.390	4.376	1.986
4lil	O=P(O)(O)OP(=O)(O)OP(=O)(O)O	4.900	4.161	0.739
5qam	CS(=O)(=O)Nc1ccc(-c2cccc(C(=O)[O-])c2)cc1	4.000	5.469	1.469
3src	O=c1o[nH]c2[n+]1-c1cc(Br)ccc1OC2	3.890	4.709	0.819
1ilh	CCOP(=O)(OCC)C(=Cc1cc(C(C)(C)C)c(O)c(C(C)(C)C)c1)P(=O)(OCC)OCC	7.390	5.524	1.866
5xiw	COc1cc2c(c(OC)c1OC)[C@H]1CC[C@H](OC)C(=O)C[C@H]1[C@@H](NC(C)=O)CC2	4.960	6.465	1.505
4eg6	COc1ccc(Oc2cc(NCc3nc4ccccc4[nH]3)nc(N3CCNC(=O)C3)n2)c(Cl)c1	7.370	8.394	1.024
4clp	Nc1ncnc2c1ncn2C1OC2COP(=O)(O)OC2C1O	1.270	5.738	4.468
1bdr	CC(C)[C@H](NC(=O)[C@H](Cc1ccccc1)C[C@H](O)[C@H](Cc1ccccc1)NC(=O)OC(C)(C)C)c1ncc[nH]1	6.680	7.532	0.852
4wey	Cc1nc(-c2ccc(C(F)(F)F)cc2)sc1C(=O)NCCO	3.500	5.827	2.327
5xih	O=C1CCC[NH2+][C@@H]1CCCn1cnc2cc(F)c(F)cc2c1=O	7.150	6.585	0.565
5he0	CC1=NC(=O)N[C@@H](c2ccc(F)c(C(=O)NCc3ccccn3)c2)C1C(=O)Nc1ccc2n[nH]cc2c1	6.820	7.215	0.395
5kbf	Nc1ncnc2c1ncn2C1OC2COP(=O)(O)OC2C1O	8.920	5.574	3.346
4gsy	Cc1cn([C@H]2CCC[N+](Cc3ccc(C(=O)[O-])c(Oc4cccc(C(F)(F)F)c4)c3)C2)c(=O)[nH]c1=O	6.920	7.675	0.755
2os9	O[C@H]1[C@H](O)[C@@H](O)[C@H](O)[C@@H](O)[C@H]1O	2.240	4.227	1.987
1abf	C[C@H]1O[C@H](O)[C@H](O)[C@@H](O)[C@H]1O	5.420	4.293	1.127
2v3e	CCCCCCCCC[N@@H+]1C[C@H](O)[C@@H](O)[C@H](O)[C@H]1CO	6.520	6.222	0.298
5bnr	O=C([O-])C1CCN(c2ccc(-c3cc(CO)ccc3F)cn2)CC1	6.280	6.552	0.272
3osw	CC(C)(c1cc(Br)c(O)c(Br)c1)c1cc(Br)c(O)c(Br)c1	6.150	4.939	1.211
1al8	CCCCCCCCCCC1=C(O)C(=O)NC1=O	5.320	6.546	1.226
3cso	CC(=O)N1c2ccccc2NC2=C(C(=O)CC(C)(C)C2)[C@@H]1c1ccc(OCc2ccccc2)c(Cl)c1	5.770	7.604	1.834
4muw	CNc1cc(-c2cccnc2Oc2ccc(Nc3nc4c(F)c(F)ccc4[nH]3)cc2)ccn1	8.010	7.944	0.066
6hro	Cc1n[nH]c(-c2ccc(OCC[N@H+]3CC[C@@H](C(N)=O)CC3)cc2O)c1-c1ccc(Cl)cc1	7.300	6.243	1.057
1hrn	CC(C)C[C@H](O)[C@H](O)[C@H](CC1CCCCC1)NC(=O)[C@H](CC1CC1)C[C@H](O)[C@@H](O)Cc1ccccc1	8.050	7.231	0.819
5oxl	CC(C)C[C@H](NC(=O)[C@H](C)[NH3+])C(=O)[O-]	3.250	4.842	1.592
4m3q	CCCCNc1ncc(-c2ccccn2)c(N[C@H]2CC[C@H](O)CC2)n1	7.770	6.442	1.328
5wg9	O=C(NCCOc1ccccc1)c1nc([C@@H]2CCCN2C(=O)CCc2ccccc2Cl)[nH]c(=O)c1O	5.590	7.441	1.851
5vjp	O=P(O)(O)OCC1[NH2+]C(COP(=O)(O)O)C(O)C1O	4.830	5.225	0.395
2ay5	O=C([O-])CCc1c[nH]c2ccccc12	2.590	4.354	1.764
4a51	CC(=O)c1cccc(C(SCC[NH3+])(c2ccccc2)c2ccccc2)c1	6.730	5.629	1.101
3hfv	[NH3+][C@@H](Cc1cccc(O)c1)C(=O)[O-]	4.870	4.192	0.678
4zyi	CC[C@@H](C)Oc1cc2c(cc1OC)CC(=O)N(c1ccc(N(C)Cc3ccncc3)cc1)[C@H]2c1ccc(Cl)cc1	8.100	7.245	0.855
2ork	O=P(O)(O)OC1C(O)C(O)C(O)C(O)C1O	2.850	4.334	1.484
4wet	Cc1nc(-c2ccc(C(F)(F)F)cc2)sc1C(=O)N[C@@H](Cc1ccc(O)cc1)C(=O)[O-]	3.350	6.389	3.039
3a29	Nc1nc2c(s1)CCc1ccc(OP(=O)(O)O)cc1-2	7.890	6.473	1.417
5er5	CC[n+]1c(-c2ccccc2)c2cc(N)ccc2c2ccc(N)cc21	3.670	5.197	1.527
5m4k	CCNC(=O)CN(C(=O)c1ccc(O)cc1O)c1ccc(OC)cc1	5.660	6.619	0.959
5xmu	Cc1ccccc1-c1cc(C(F)(F)F)cc([C@]2(C(C)C)c3c(C)n[nH]c3OC(=N)C2C#N)c1	7.510	8.018	0.508
5f6d	O=S1(=O)Nc2ccccc2-c2ccccc21	2.520	4.682	2.162
3gww	C[NH2+]CC[C@H](Oc1ccc(C(F)(F)F)cc1)c1ccccc1	0.450	6.783	6.333
3vhu	CC(=O)S[C@@H]1CC2=CC(=O)CC[C@]2(C)[C@H]2CC[C@@]3(C)[C@@H](CC[C@@]34CCC(=O)O4)[C@@H]21	7.310	6.490	0.820
6chq	Cc1cc(Nc2ccc(C)c(Cl)c2)n2nc(Cc3ccccc3)nc2n1	5.360	5.946	0.586
1rti	Cc1c(Sc2ccccc2)n(COCCO)c(=O)[nH]c1=O	4.770	6.160	1.390
5jap	Cc1ccccc1-c1cc(C(=O)N2CC=CC2)ccc1C	6.640	5.644	0.996
1zgb	O=c1ccc2c([nH]1)CCC[C@H]2[NH2+]CCCCCCCCCCNc1c2c(nc3ccccc13)CCCC2	8.060	7.220	0.840
3esj	N=c1ccn(C2OC3COP(=O)(O)OC3C2O)c(=O)[nH]1	3.030	4.862	1.832
5iub	Nc1nc(NCC[NH+]2CCN(c3ccc(F)cc3F)CC2)nc2nc(-c3ccco3)nn12	9.460	7.536	1.924
4eg7	Clc1cc(Cl)cc(C[NH2+]CCCNc2nc3ccccc3[nH]2)c1	7.340	7.395	0.055
6b4w	CNC(=O)c1ccc(Nc2nc(OC3CCCC3)c3c(-c4ccc5nc(C)oc5c4)c[nH]c3n2)c(OC)c1	8.300	8.497	0.197
2ay6	O=C([O-])CCCc1c[nH]c2ccccc12	3.110	5.081	1.971
4y6p	CN(O)C(=O)CC(CCCCc1ccccc1)CP(=O)(O)O	7.160	6.638	0.522
4obq	Nc1ncnc2ccc(-c3cc(F)cc(NC(=O)C[NH+]4CCCC4)c3)cc12	7.190	6.588	0.602
5wew	O=c1[nH]n2cc(-c3n[nH]c(-c4cnc5c(Br)c(=O)[nH]n5c4)c3[N+](=O)[O-])cnc2c1Br	6.740	5.301	1.439
6dd1	O=P(O)(O)Cc1cccc2cccnc12	4.650	4.753	0.103
3kdt	COC(=O)N(CC(=O)[O-])Cc1cccc(OCc2nc(-c3ccc(Cl)cc3)oc2C)c1	6.590	6.671	0.081
4yqh	c1ccc(-c2c[nH]c(CCc3cnc4ccccc4n3)n2)cc1	8.050	6.562	1.488
5ywy	C[C@@H](C(=O)Nc1cc(C#N)ccc1CCCC(=O)[O-])c1ccc(F)c2ccccc12	7.230	8.117	0.887
5llm	COc1ccc([C@H]2C3=C(C[C@H](c4cccc5ccccc45)CC3=O)OC(=N)[C@@H]2C#N)cc1	5.350	7.113	1.763
3nzu	Cn1ncc2c(NCCCS(C)(=O)=O)nc(-c3cccc4[nH]ncc34)nc21	8.850	6.673	2.177
1o4p	O=C([O-])C(C(=O)[O-])c1ccccc1	2.600	4.641	2.041
3d6q	O=c1ccn([C@@H]2O[C@@H](C[NH+]3CCCCC3)[C@H](O)[C@H]2O)c(=O)[nH]1	3.760	4.738	0.978
5m0d	C[C@H](CCC[NH+]1CCN(C(=O)OCc2cc(Cl)cc(Cl)c2)CC1)[C@H]1CC[C@H]2[C@@H]3[C@@H](O)C[C@@H]4C[C@H](O)CC[C@]4(C)[C@H]3CC[C@@]21C	6.090	7.917	1.827
4awj	CNC(=O)[C@@H]1C[C@@H](O)CN1C(C)=O	2.000	4.573	2.573
1ndj	O=C([O-])CCCC[C@@H]1SC[C@@H]2NC(=O)N[C@H]12	12.160	8.189	3.971
2wxn	CC(C)n1nc(C#Cc2cccc(O)c2)c2c(N)ncnc21	7.680	6.901	0.779
6h7y	O=C([O-])CC[C@H](NC(=O)N[C@@H](CCCC(=O)Nc1ccc(F)cc1)C(=O)[O-])C(=O)[O-]	9.460	5.983	3.477
2ipo	NC(=O)CC(NC(=O)CP(=O)(O)O)C(=O)O	5.060	5.588	0.528
1t4s	CC(C)[C@H]([NH3+])C(=O)[O-]	2.440	4.452	2.012
3wav	C[NH+]1CCN(c2nc(O)c(Cc3ccc(Cl)c(Cl)c3)s2)CC1	6.740	5.159	1.581
5v3y	CNC(=O)c1c(-c2ccc(O)cc2)oc2ccc(O)c(C[NH+]3CCCCC3)c12	6.720	6.777	0.057
2g72	O=S(=O)(c1ccc2c(c1)C[NH2+][C@@H](CF)C2)N1CCSCC1	6.500	7.342	0.842
4ty8	Cc1ccc2oc(=O)ccc2c1	2.030	5.327	3.297
2iku	CCc1nc(N)nc(N)c1-c1ccc2c(c1)N(CCCOC)[C@H](c1ccccc1)CC2	7.100	7.870	0.770
5hvy	CNc1nccc(N2CC[C@H](NC(=O)Nc3ccc(C[NH+]4CCOCC4)c(C(F)(F)F)c3)C2)n1	7.760	8.232	0.472
2x7d	CC1(C)CC(=O)C2=C(C1)N[C@H](S)[NH2+][C@H]2c1cccc(O)c1	6.700	5.928	0.772
4jju	O=c1ncn(Cc2ccc(F)cc2F)c2ccc(Oc3ncccc3C(F)(F)F)cc12	6.290	6.658	0.368
4jv6	c1ccc(Cn2c(-c3ccccc3)nc3ccccc32)cc1	6.660	6.079	0.581
6n7y	Cc1ccc(-c2cc3c(NC(Cc4ccccc4)P(=O)(O)O)ncnc3s2)cc1	5.110	5.738	0.628
5zh4	C[C@@H]1CCC[C@@H](C[C@H]2Cc3cc(O)cc(O)c3C(=O)O2)O1	5.140	5.780	0.640
5db0	N#Cc1cc2cc(C[N@H+]3CC[C@H](Nc4ncnc5sc(CC(F)(F)F)cc45)CC3)ccc2n1C[C@H](O)CO	7.430	7.322	0.108
2jnp	COc1ccc(S(=O)(=O)N(CC(=O)N=O)CC(C)C)cc1	6.890	6.833	0.057
3sjt	C[C@]([NH3+])(CCC[CH2]~B(O)(O)O)C(=O)[O-]	6.060	5.397	0.663
4mk5	COc1cccc(-c2ccc(O)c(O)n2)c1	6.350	5.584	0.766
2bbb	NC(=O)C[C@H]1C[C@@H](C2=CN[C@@](Cc3ccccc3)(C[C@H](O)[C@H](Cc3ccccc3)NC(=O)O[C@H]3CCOC3)C2=O)c2ccccc21	8.620	8.498	0.122
6fa2	COc1cccc(-c2cccc3c2O[C@H](CNC(=O)c2ccc(OCC[NH+](C)C)cc2)CO3)n1	6.660	7.113	0.453
5fgk	Nc1n[nH]c2cc(-c3cncc(Cl)c3N3CCC4(CCNC4=O)CC3)ccc12	8.770	8.394	0.376
6etj	O=C([O-])c1ccc(NS(=O)(=O)c2cccc(-c3cc(F)ccc3O)c2)cc1O	6.720	6.648	0.072
3cjo	CN(C(=O)N1CC(c2cc(F)ccc2F)=C[C@@]1(CO)c1ccccc1)[C@H]1CC[N@H+](C)C[C@H]1F	8.660	8.043	0.617
4j0r	Cc1noc(C)c1-c1cc(O)cc([C@H](O)c2ccccc2)c1	6.410	5.943	0.467
4o1d	O=C(/C=C/c1cccnc1)NCCCCC1CCN(C(=O)c2ccccc2)CC1	7.620	6.498	1.122
3qsb	CCC/C(=N/OCc1ccc(-c2ccc(F)cc2)cc1)[C@@H]1C(=O)CC(C)(C)[C@H](C#N)C1=O	5.080	7.737	2.657
4r4q	CC(=O)N(Cc1ccc(-c2ccc(C(=O)[O-])o2)cc1)Cc1ccc(-c2cc(C(=O)[O-])nn2-c2ccc(Cl)c(Cl)c2)cc1	5.090	6.993	1.903
6ocu	C[C@@H]1C[C@H]1C(=O)N1CCN(c2cnc(C#N)c(-c3cnn(C)c3)n2)C[C@H]1C	8.050	6.621	1.429
5l97	Cc1ncccc1N[C@@H]1C=CC[C@@H]1S(C)(=O)=O	3.000	5.570	2.570
3grj	O=C([O-])c1cnc(-c2ccccc2)[nH]1	3.000	5.075	2.075
6pys	Cc1ncc(-c2ccn3ncc(-c4ccc5c(c4)[C@](C)(Cc4ccccc4)C(=O)N5)c3n2)cn1	7.150	7.897	0.747
5wic	O=C([O-])c1ccco1	4.640	4.249	0.391
6p5v	CCN1C(=O)[C@@H](NC(=O)c2cccc(C)c2)[C@@H](c2ccc(F)cc2)c2c(C)nn(-c3ccccc3)c21	6.700	6.645	0.055
3e2m	O=C(/C=C/c1ccc(Sc2ccccc2OC[C@H]2CC[C@@H](C(=O)[O-])CC2)c(C(F)(F)F)c1C(F)(F)F)N1CCOCC1	9.400	8.417	0.983
5b1s	[NH3+]CCc1ccccc1F	3.910	5.169	1.259
4y2y	Cc1ccc(C[NH2+]CCc2ccccc2F)s1	5.050	5.562	0.512
1dtq	CCOc1ccnc(CCNC(=S)Nc2ccc(C#N)cn2)c1F	8.220	6.874	1.346
3zyb	CC(C)C[C@H](NC(=O)[C@@H]1CCCN1C(=O)[C@@H]([NH3+])CCCC[NH3+])C(N)=O	5.380	6.536	1.156
5i0b	CC(C)c1nn(C)cc1-c1nc2ncc(Br)cc2[nH]1	5.060	6.228	1.168
2y71	Cc1ccc2sc(COC3=C[C@@](O)(C(=O)[O-])C[C@@H](O)[C@@H]3O)cc2c1	7.370	5.369	2.001
4mk9	COc1c(-c2nc3cc(NS(C)(=O)=O)ccc3o2)cc(C2=CCC=NC2=O)cc1C(C)(C)C	8.050	9.360	1.310
1cw2	O=S(CCCCP(=O)(O)O)c1ccccc1O	6.150	5.529	0.621
5l87	Cn1nc(C(=O)NCc2cccc3ccccc23)c2c1CC[N@H+](Cc1c[nH]c3ccccc13)C2	5.070	6.660	1.590
5kbg	Cc1ccccc1O	6.110	3.825	2.285
2a4z	O=C1NC(=O)/C(=C/c2ccc3c(c2)OC(F)(F)O3)S1	6.600	4.822	1.778
5c6p	COc1ccc(CC[N@H+](C)CCC[C@@](C#N)(c2ccc(OC)c(OC)c2)C(C)C)cc1OC	3.700	6.867	3.167
4hdc	Cc1cn([C@H]2CCC[N@@H+]([C@H](CC(C)C)c3ccc(C(=O)[O-])c(Oc4cccc(Cl)c4)c3)C2)c(=O)[nH]c1=O	8.920	7.795	1.125
5y6e	C[C@H](CS)C(=O)N[C@@H](C(=O)[O-])c1ccc(O)cc1	7.860	5.283	2.577
5ald	O=C1Cc2cc(C3CCCCC3)ccc2N1	5.970	5.462	0.508
1lox	CCCCCCC#Cc1ccccc1/C=C/C(=O)[O-]	5.520	6.053	0.533
5wii	O=C([O-])c1ccnc(Cl)c1	4.490	4.422	0.068
4hw2	Cc1cc(OCCCc2c(C(=O)[O-])[nH]c3cc(Cl)ccc23)cc(C)c1Cl	7.260	6.075	1.185
4guj	O=C([O-])C1=C[C@@H](O)[C@@H](O)[C@H](O)C1	3.050	3.875	0.825
6iji	Cc1ccc2c(c1)nc(CCN1C(=O)c3cccc4cccc(c34)C1=O)n2-c1ccncc1	9.360	7.502	1.858
1t1r	O=P(O)(O)C(Nc1nccc2ccccc12)P(=O)(O)O	5.400	5.471	0.071
1f9g	O=C1O[C@H]([C@H](O)CO)C(O)=C1O	1.280	5.582	4.302
5fdz	CNC(=O)c1cc(OCC(=O)Nc2ccccc2)ccc1OC1CCOCC1	5.170	6.322	1.152
5v5n	CCCn1c(NC(=O)c2cccc(C(N)=O)c2)nc2ccccc21	8.020	6.192	1.828
4o4k	[NH2+]=C1NC(=O)/C(=C\c2ccc(O)cc2)S1	3.700	5.179	1.479
1juj	Nc1nc2[nH]cc(CCc3ccc(C(=O)N[C@@H](CCC(=O)[O-])C(=O)[O-])cc3)c2c(=O)[nH]1	6.960	6.195	0.765
1il3	Nc1nc2[nH]ccc2c(=O)[nH]1	2.550	4.591	2.041
4y67	CN(O)C(=O)CC(CCCc1ccccc1)CP(=O)(O)O	6.930	6.703	0.227
3t2v	CCCCCC[C@H](C(=O)[O-])[C@H](O)CCCCCC	6.990	6.072	0.918
3iqh	CC[C@H](C)[C@H](NC(=O)[C@H](CC(=O)[O-])NC(=O)[C@@H]([NH3+])Cc1ccc(O)cc1)C(=O)[O-]	4.590	5.755	1.165
5cuu	CCCCn1cc[n+](CC(O)(P(=O)(O)O)P(=O)(O)O)c1	4.370	5.987	1.617
3oe8	CC1(C)C[n+]2c(CS/C(=N/C3CCCCC3)NC3CCCCC3)csc2N1	8.140	6.935	1.205
4mqu	CC#C[C@H]1CN(S(=O)(=O)c2ccc(N)nc2)CCN1c1ccc(C(O)(C(F)(F)F)C(F)(F)F)cc1	8.400	9.031	0.631
4dmn	CO[C@H](C(=O)[O-])c1c(C)nc2ccc(Br)cc2c1-c1ccc(Cl)cc1	5.640	5.971	0.331
6fmn	[NH2+]=c1[nH]c(=O)c2cc3nc(NC[C@H]4O[C@@H](O)[C@H](O)[C@@H]4O)[nH]c3cc2[nH]1	5.950	6.602	0.652
4i73	O=c1[nH]cnc2c(C[N@H+]3C[C@H](O)[C@H](O)[C@H]3CO)csc12	6.720	6.739	0.019
6cvx	C=C[C@@H]1C[C@]1(NC(=O)[C@@H]1C[C@@H](Oc2nc3cc(OC)ccc3nc2C(C)C)CN1C(=O)[C@@H](NC(=O)OC1CCCC1)C(C)(C)C)C(=O)NS(=O)(=O)C1(C)CC1	7.680	8.236	0.556
4iu0	[NH3+][C@@H](CCCC[B-](O)([OH2+])[OH2+])C(=O)[O-]	5.890	5.245	0.645
5qb2	O=C([O-])c1cc(-c2ccc3ncccc3c2)cc(-c2ccc3cccnc3c2)c1	4.150	5.219	1.069
4b6e	Nc1cccc2cn[nH]c12	2.300	5.110	2.810
4fpf	O=S(=O)([O-])CC[NH2+]Cc1cccc(Cl)c1	4.410	5.514	1.104
5a5p	Cc1cc2cccc(NCC[NH+](C)C)c2[nH]c1=O	4.000	5.153	1.153
4pks	Cc1cc(S(=O)(=O)N(Cc2cccnc2)[C@H](C)C(=O)NO)ccc1F	4.820	7.589	2.769
6oiq	O=C(NNS(=O)(=O)c1ccccc1)c1cccc(-c2ccccc2)c1F	6.570	6.688	0.118
4x7j	CNc1ncc2cc(-c3c(C)ccc(C(=O)Nc4ccc(OC)c(C(F)(F)F)c4)c3N)ccc2n1	7.390	7.699	0.309
4a16	Nc1c2c(nc3cc(Cl)ccc13)C[C@H]1C=C(CCCCn3cc(CO)nn3)C[C@@H]2C1	9.370	6.857	2.513
4h38	CCCCCCCCOc1cccc(COc2ccc(Br)cc2P(=O)(O)O)c1	6.040	5.913	0.127
1y4z	Oc1c(Cl)c(Cl)c(Cl)c(Cl)c1Cl	7.240	4.581	2.659
4j04	O=C([O-])c1ccc(Cl)cc1NS(=O)(=O)c1cc(Cl)c(Cl)cc1Cl	4.960	6.438	1.478
6oou	CC(C)CN(C[C@@H](O)[C@H](Cc1ccccc1)NC(=O)O[C@H]1CO[C@H]2OCC[C@@H]12)S(=O)(=O)c1ccc(N)cc1	11.300	9.784	1.516
5nzp	O=c1[nH]oc2ccccc12	2.190	4.316	2.126
2q8g	CN(C)C(=O)c1ccc(S(=O)(=O)c2ccc(NC(=O)[C@@](C)(O)C(F)(F)F)c(Cl)c2)cc1	7.060	7.121	0.061
4h2m	[NH3+]CCc1cc(Br)cc(C#Cc2cccc(C=Cc3cc(Br)cc(CC[NH3+])c3)c2)c1	5.210	6.469	1.259
3stj	C[C@H]([NH3+])C(=O)N[C@@H](C)C(=O)N[C@@H](C)C(=O)N[C@@H](C)C(=O)N[C@@H](C)C(=O)[O-]	4.800	4.571	0.229
6cef	O=C([O-])CCc1nc2ccccc2s1	3.740	5.028	1.288
6eum	O=C([O-])/C(S)=C/c1c(F)ccc(F)c1F	6.520	5.172	1.348
2x7c	O=C1CCCC2=C1[C@H](c1cccc(O)c1)NC(=S)N2	5.700	6.440	0.740
4b11	Cc1c(C(=O)NCc2cccc3ccccc23)oc2cccc(OC3CC[NH2+]CC3)c12	5.640	6.416	0.776
6fr2	CC(C)S(=O)(=O)N1CCC2(CC1)C[C@@H](NC(=O)NCc1ccc(OC(F)(F)F)cc1)CCO2	7.920	7.702	0.218
5y7h	[NH3+][C@@H](CC(=O)N1CCNC(=O)C1)Cc1cc(F)c(F)cc1F	7.730	6.468	1.262
5qai	CS(=O)(=O)c1cccc(-c2cccc(C(=O)[O-])c2)c1	3.820	5.117	1.297
2i6a	C[C@H]1O[C@@H](n2cc(I)c3c(N)ncnc32)[C@H](O)[C@@H]1O	9.050	6.399	2.651
4b4m	CN([C@@H]1C(=N)N(Cc2ccccc2)C(=O)NC1=O)S(=O)(=O)c1ccc(F)cc1	6.690	7.124	0.434
4a4e	CNC(NC)=[NH+]CCC[C@H]([NH3+])C(=O)[O-]	3.320	4.290	0.970
2ycm	O=C([O-])c1c[nH][n+]2c(O)c(Cc3ccccc3)c(Cl)nc12	3.560	5.654	2.094
5ze6	CCCCCCCCCCCCCCOc1cccc(O)c1C(=O)[O-]	3.350	5.031	1.681
2ow1	[NH3+][C@](CS(=O)(=O)c1ccc(Oc2ccccc2)cc1)(C(=O)NO)C(F)(F)F	9.000	5.477	3.523
3zpq	c1cc(N2CC[NH2+]CC2)c2cc[nH]c2c1	7.170	4.404	2.766
5ygi	CCCCCCOc1ccnc(NC(P(=O)(O)O)P(=O)(O)O)c1	7.050	6.311	0.739
3d7d	O=C([O-])CC[C@H](NC(=O)N[C@@H](CSCc1ccc(F)cc1)C(=O)[O-])C(=O)[O-]	7.850	5.174	2.676
4py4	C[C@H](c1ccc(Nc2nc3c(C(N)=O)cc(F)cc3s2)cc1)[NH+](C)C	5.770	7.005	1.235
4bky	Cn1cc(Br)cc1C(=O)Nc1n[nH]c2c1CN(C(=O)N[C@H](C[NH+]1CCCC1)c1ccccc1)C21CC1	7.920	6.885	1.035
6f7b	COc1cnccc1Nc1nc(-c2nn(Cc3c(F)cc(OCCO)cc3F)c3ccccc23)ncc1OC	8.890	8.594	0.296
6drz	CC[C@@H](CO)NC(=O)[C@@H]1C=C2c3cccc4c3c(cn4C)C[C@H]2[N@H+](C)C1	9.800	6.860	2.940
4kju	C[NH2+][C@@H](C)C(=O)N[C@H]1CN(C(=O)c2ccc(N)cc2)c2ccccc2N(Cc2c(OC)ccc3ccccc23)C1=O	8.220	8.291	0.071
4l23	Oc1cccc(-c2nc(N3CCOCC3)c3oc4ncccc4c3n2)c1	7.750	6.710	1.040
5c29	CCCNc1nc(C2CC2)nc(Cl)c1C	6.060	6.848	0.788
5cuh	Cc1cc(C#N)ccc1N1CCN(S(=O)(=O)N2CSC[C@@H]2C(=O)NO)CC1	4.620	7.332	2.712
4uce	O=C([O-])c1cc(C(=O)[O-])n(Cc2ccc(F)cc2)n1	3.170	4.974	1.804
5t2l	Cn1nc(-c2cnc(N)c(-n3ccc(C(N)=O)n3)n2)nc1C1(c2ccccc2)CC1	8.200	7.250	0.950
5fqb	[NH3+]Cc1ccc(C(=O)N[C@H]2Cc3cccc(C(=O)[O-])c3O[B-]2(O)O)cc1	6.520	6.064	0.456
2kp8	COc1ccc(-c2ccc(CN(C(=O)c3cc(C(=O)[O-])c(C(=O)[O-])cc3C(=O)[O-])[C@H]3CCCc4ccccc43)cc2)cc1	4.000	7.078	3.078
5y97	C[C@H]1O[C@@H](O)[C@H](O)[C@@H](O)[C@@H]1O[C@@H]1O[C@H](CO)[C@H](O)[C@H](O)[C@H]1O	3.600	4.258	0.658
4jgv	CCCCCCCCC(=O)c1cc(O)c(O)c(O)c1	6.570	5.727	0.843
2az8	CC(C)[C@H](NC(=O)[C@H](C)NC(=O)OCc1ccccc1)C(=O)N[C@H](CO)Cc1ccccc1	8.220	6.785	1.435
4l53	Nc1ncc(-c2cnn([C@H]3CC[C@H](O)CC3)c2)c2c(Cl)c(-c3cccc4nnsc34)oc12	7.550	7.156	0.394
6fob	C=C1/C(=C\C=C(/CCCCCCC)c2cccc(CCCCCC(C)(C)O)c2)C[C@@H](O)C[C@@H]1O	7.630	8.452	0.822
2bcd	CC[C@H]1C(=O)N[C@@H](C(=O)[O-])[C@H](C)C(=O)N[C@@H](C(C)C)C(=O)N[C@@H](/C=C/C(C)=C/[C@H](C)[C@H](Cc2ccccc2)OC)[C@H](C)C(=O)N[C@@H](C(=O)[O-])CCC(=O)N1C	10.220	7.142	3.078
5gmu	O=C(CCc1ccc(O)c(O)c1)O[C@@H]1C[C@@](O)(C(=O)[O-])C[C@@H](O)[C@@H]1O	3.320	5.746	2.426
3dc2	O=C([O-])[C@H](O)[C@@H](O)C(=O)[O-]	3.020	4.459	1.439
6n0m	CC(C)(C[C@H]([NH3+])C(=O)[O-])C(F)F	5.820	4.270	1.550
5qan	CS(=O)(=O)NCc1cccc(-c2cccc(C(=O)[O-])c2)c1	3.960	5.318	1.358
5nyz	O=c1ccn(C2CC(O)C(COP(=O)(O)NP(=O)(O)OP(=O)(O)O)O2)c(=O)[nH]1	5.030	5.710	0.680
1p17	O=c1[nH]cnc2c1ncn2C1OC(COP(=O)(O)O)C(O)C1O	2.820	5.415	2.595
4gj6	Clc1ccc(N(C[C@@H]2C[NH2+]C[C@H]2Cc2ccccc2)c2ccccc2)cc1	5.120	6.295	1.175
2oa0	CC(=O)C1=C(O)N2[C@H](C1=O)[C@H]1c3c[nH]c4cccc(c34)C[C@H]1C2(C)C	6.920	6.830	0.090
2vte	N#Cc1ccc(COc2ccc3ccc(S(=O)(=O)N[C@H](CCC(=O)[O-])C(=O)[O-])cc3c2)cc1	3.910	6.931	3.021
4rz1	COCCCOc1cc(C(=O)N(C[C@@H]2C[NH2+]C[C@H]2OC(=O)NCc2ccccc2)C(C)C)ccc1OC	7.400	8.321	0.921
4dum	CNc1nc(=O)c2c(nc(-c3ccc(P(=O)(O)O)cc3)n2CCOc2ccc(Cl)cc2)[nH]1	7.020	7.498	0.478
4aml	CCCNC(=O)O[C@H]1O[C@H](CO)[C@@H](O)[C@H](O)[C@H]1NC(C)=O	2.100	5.298	3.198
5fdo	Cc1cc(OCCCc2c(C(=O)NS(=O)(=O)c3ccccc3)[nH]c3c2CC=CC3)cc(C)c1Cl	6.440	8.045	1.605
4gjd	COCCCCC1(CNC(=O)[C@@H]2C[NH2+]C[C@H](NS(=O)(=O)c3ccc(C)cc3)C2)c2ccccc2Oc2ccccc21	8.520	6.765	1.755
1yvx	Cc1ccc(C(=O)N(c2cc(-c3ccccc3)sc2C(=O)[O-])C(C)C)cc1	5.100	5.540	0.440
4jzf	COc1ccc(-c2ccc(C(=O)N[C@H](CO)C(C)(C)C)cc2C(=O)[O-])c(C(=O)Nc2cccc(C(N)=O)c2)n1	6.760	6.416	0.344
3ljt	O=C(C[C@@H](Cc1ccc(-c2ccc3c(c2)OCO3)cc1)C(=O)N[C@H]1c2ccccc2C[C@H]1O)NO	6.890	6.762	0.128
4g11	O=C(Cc1nc(N2CCOCC2)cc(=O)[nH]1)Nc1ccccc1	5.000	5.905	0.905
1ikx	C[C@H](Sc1nc(N)cc(Cl)n1)c1cc2ccoc2cn1	8.150	5.527	2.623
4bhn	CC(C)(C)c1ccc(C(=O)Nc2cn3cc(-c4cn[nH]c4)ccc3n2)cc1	8.200	5.407	2.793
6i8l	[NH2+]=C1Nc2cc(OCCC[NH+]3Cc4ccccc4C3)c(OCC3CC3)cc2C12CCCC2	6.410	6.812	0.402
3kba	Cc1ccccc1CN(c1ccc(C#N)c(Cl)c1)[C@H]1CCN(S(C)(=O)=O)C1	7.800	6.457	1.343
1a4m	O=c1[nH]cnc2c1ncn2[C@@H]1O[C@H](CO)[C@@H](O)[C@H]1O	13.000	5.048	7.952
4mrf	c1ccc2c(c1)CC[NH2+]C2	1.950	5.211	3.261
2gg5	Nc1n[nH]c(N)c1/N=N/c1ccccc1C(F)(F)F	6.600	5.420	1.180
1jil	C[C@H]1O[C@@H]([C@H](NC(=O)[C@@H]([NH3+])Cc2ccc(O)cc2)C(=O)[O-])[C@H](O)[C@@H](O)[C@H]1O	8.400	6.319	2.081
4a6v	O=C(NO)c1coc(-c2ccccc2C(F)(F)F)n1	5.720	6.297	0.577
5x4p	O=C1Cc2cc(Nc3ncncc3Cl)ccc2N1	5.030	5.919	0.889
3saz	O=C([O-])C(=O)/C=C(\O)c1cccc(Br)c1	6.100	4.558	1.542
2q6b	CC(C)n1c(CC[C@@H](O)C[C@@H](O)CC(=O)[O-])c(-c2ccc(F)cc2)c2c1C(=O)N(c1ccccc1)CCC2	9.520	7.112	2.408
6alc	CC(=O)N1CCc2c(c(-c3cccc4[nH]ccc34)nn2CC2CC2)C1	7.510	6.626	0.884
5c7c	C[C@@H]1C[N@H+](CC(=O)N2CC(C)(C)c3ccc(Cl)cc32)CC[NH2+]1	5.260	7.142	1.882
5cwa	C/C=C(\Oc1cccc(C(=O)[O-])c1O)C(=O)[O-]	4.770	4.916	0.146
6bu1	O=C(C[C@H](O)C(=O)[O-])c1cccc(O)c1Br	7.220	4.834	2.386
1o79	CN(C(=O)Oc1ccc(Cl)cc1)[C@H]1CC[C@H](c2ccc(C[NH+]3CCCCC3)cc2)CC1	6.390	7.089	0.699
3srg	O=c1ccc2ccccc2[nH]1	5.700	4.406	1.294
1pu7	Cn1cnc2c(N)nc[n+](C)c21	3.100	5.262	2.162
1pf7	O=c1[nH]cnc2c([C@@H]3[NH2+][C@H](CO)[C@@H](O)[C@H]3O)c[nH]c12	10.140	7.476	2.664
6mlh	O=P(O)(O)CC1OC(CO)C(O)C(O)C1O	3.670	4.583	0.913
2qve	[NH3+][C@H](c1ccc(O)cc1)C(F)(F)C(=O)[O-]	2.320	5.082	2.762
3n2c	CP(=O)(O)N1CCCC1C(=O)O	5.120	5.321	0.201
5l2o	CCN(CC)c1ccc2c(C)cc(=O)oc2c1	6.120	4.408	1.712
5v7i	Cc1[nH]nc2c1[C@](c1cc(N3CCCC3)cc(C(F)(F)F)c1)(C(C)C)C(C#N)=C(N)O2	7.180	7.589	0.409
4bdc	O=C(NCc1ccco1)c1ccc2nccnc2c1	4.930	5.853	0.923
6oy1	CCC(CC)CN(C[C@@H](O)[C@H](Cc1ccccc1)NC(=O)O[C@H]1CO[C@H]2OCC[C@@H]12)S(=O)(=O)c1ccc([C@@H](O)CO)cc1	10.240	10.667	0.427
1qca	CC(=O)O[C@H]1C[C@@]2(C)[C@@H](C[C@@H](O)[C@H]3[C@@]4(C)CC[C@@H](O)[C@@H](C)[C@@H]4CC[C@@]32C)/C1=C(\CCC=C(C)C)C(=O)[O-]	5.270	6.059	0.789
5ehp	C[C@H]1CN(c2ncc(-c3cccc(Cl)c3Cl)c(N)n2)C[C@@H](C)[NH2+]1	4.920	7.119	2.199
4yl1	CC(C)Oc1ccc(-n2c(C(=O)[O-])cc3cc(-c4ccc(C(C)(C)C)cc4)ccc32)cc1	6.670	6.782	0.112
4ybt	Cn1cnc(S(=O)(=O)Nc2cc3c(cc2Oc2cccc(OC[C@H]4CCOC4)c2)n(C)c(=O)n3C)c1	7.000	7.649	0.649
1zd4	O=C([O-])CCCCCNC(=O)NC1CCCCC1	3.600	6.144	2.544
4gmc	O=C(NS(=O)(=O)c1ccccc1)c1ccc2c(C3CCCCC3)c(-c3ccoc3)n(CC(=O)N3CCOCC3)c2c1	7.740	8.046	0.306
1qxy	CSCC[C@H]([NH3+])C(O)(O)c1ccccn1	4.800	5.997	1.197
5nn0	C[NH+](C)CCN(C[C@@H]1CCC[N@H+](C2Cc3ccccc3C2)C1)C(=O)c1ccc2ccccc2c1	10.960	7.213	3.747
1nlp	CC(=O)N1Cc2ccccc2C[C@H]1c1nc(C(=O)N2CCC(C(=O)N3CCC[C@H]3C(=O)N[C@@H](CC(C)C)C(=O)N3CCC[C@H]3C(=O)N3CCC[C@H]3C(=O)N[C@@H](CC(C)C)C(=O)N3CCC[C@H]3C(N)=O)CC2)c(C(C)C)s1	4.960	6.783	1.823
3efr	O=C([O-])CCCC[C@@H]1SC[C@@H]2NC(=O)N[C@H]12	5.080	8.327	3.247
3frz	CCc1cc(CC[C@]2(C3CCCC3)CC(O)=C(Cc3nc4nc(C)cc(C)n4n3)C(=O)O2)cc(CC)n1	8.150	7.174	0.976
5zef	CCC[C@H]([NH3+])C(=O)[O-]	1.750	4.264	2.514
2ay1	Nc1ccc(CCC(=O)[O-])cc1	2.290	4.353	2.063
4ci1	O=C1CC[C@H](N2C(=O)c3ccccc3C2=O)C(=O)N1	6.600	5.134	1.466
2qoe	C[C@@H]1c2nc(C(F)(F)F)nn2CCN1C(=O)C[C@H]([NH3+])Cc1cc(F)c(F)cc1F	7.600	7.920	0.320
3s2a	O=S(=O)(Nc1cc(-c2ccc3nccc(N4CCOCC4)c3c2)cnc1Cl)c1ccc(F)cc1	8.090	6.917	1.173
3sad	Cc1ccccc1/C(O)=C/C(=O)C(=O)[O-]	5.960	4.602	1.358
3wk7	Cn1cc(-c2nc3ccccc3[nH]2)cn1	3.900	5.757	1.857
4twd	C[C@]12C[C@@H]3C[C@](C)(C1)C[C@@]([NH3+])(C3)C2	5.080	5.295	0.215
5jq7	C[NH+](C)CCOc1ccc(/C(=C(/CCCl)c2ccccc2)c2ccccc2)cc1	4.800	5.677	0.877
1jfh	CO[C@H]1O[C@H](CO)[C@@H](S[C@H]2O[C@H](CO)[C@@H](SC)[C@H](O)[C@H]2O)[C@H](O)[C@H]1O	2.050	5.273	3.223
5zyh	CC(C)(C)c1cc(-c2ccc(S(=O)(=O)CCO)cc2)cc([C@@H]2C[C@@H]2c2ccccn2)c1	5.570	6.831	1.261
2ypp	[NH3+][C@@H](Cc1ccc(O)cc1)C(=O)[O-]	4.410	4.731	0.321
5etn	Nc1nc2nc(SCc3ccc(Cl)cc3)[nH]c2c(=O)[nH]1	5.370	5.373	0.003
2w6c	CC[C@@]1(c2cccc(O)c2)CCCC[N@@H+](CCCCCCCCC[NH3+])C1	8.410	6.216	2.194
1zp5	CN(CCOc1ccc(-c2ccc(C#N)cc2)cc1)C(=O)NO	2.920	6.334	3.414
3ad7	CSCC(=O)[O-]	2.520	4.191	1.671
3tll	CCNc1[nH]c2cc3[nH]c(NC)nc3cc2c(=O)[nH+]1	4.390	6.038	1.648
2zg3	CC(=O)N[C@@H]1[C@@H](O)C[C@H](C(=O)[O-])O[C@H]1[C@H](O)[C@H](O)CO	2.060	4.956	2.896
1ai6	O=C([O-])Cc1ccc(O)cc1	3.970	4.343	0.373
3igv	CC[C@H]1CC(O)=C(C2=NS(=O)(=O)c3cc(NS(C)(=O)=O)ccc3N2)C(=O)N1Cc1ccc(F)cc1	7.600	7.533	0.067
1vj5	O=C(Nc1ccc(I)cc1)NC1CCCCC1	6.920	6.634	0.286
5xpo	C=C1[C@H](O)CC(=C/C=C2\CCC[C@@]3(C)[C@H]2CC[C@@H]3[C@H](C)CCCC(=O)c2ccc(O)cc2)C[C@H]1O	7.080	8.305	1.225
3vp1	O=C(Cc1ccccc1)Nc1nnc(CC=S)s1	5.480	5.114	0.366
1hy7	COCC#CC[C@@H](NS(=O)(=O)c1ccc(-c2ccc(OC)cc2)cc1)C(=O)[O-]	5.390	6.707	1.317
6fse	CC[N@H+]1CC[N@H+](C2CCN(C(=O)COc3ccc(C)cc3)CC2)CC1	4.740	5.464	0.724
1ycm	COc1ccc(S(=O)(=O)N(CC(=O)N=O)CC(C)C)cc1	8.000	6.801	1.199
5ytu	OCc1ccc(O)c(O)c1	4.920	4.513	0.407
4m3m	CCC(CC)O[C@@H]1CC(C(=O)[O-])=C[C@H]([NH3+])[C@@H]1NC(C)=O	9.050	4.953	4.097
6qqt	COc1ccc(Cn2ccc3ccc(-c4cc(N)[nH]n4)cc32)cc1	4.230	5.308	1.078
4nrc	CNC(=O)c1scc2c1OCCO2	3.620	5.182	1.562
1ztq	CC(C)[C@H](NS(=O)(=O)c1ccc(-c2ccc(NC(=O)c3cc4ccccc4o3)cc2)cc1)C(=O)[O-]	8.890	7.098	1.792
2buc	NC(=O)[C@@H]1Cc2ccccc2CN1C(=O)C[C@H]([NH3+])Cc1ccccc1F	7.000	5.930	1.070
5n58	O=C(N[C@H](Cc1c[nH]c2ccccc12)C(=O)[O-])c1nc(Cl)c2ccccc2c1O	6.100	5.730	0.370
4de7	C[C@H]1O[C@@H](n2ccc(=O)[nH]c2=O)[C@H](O)[C@@H]1O	4.800	4.888	0.088
3g8i	CO[C@@H](Cc1ccc(OCCc2nc(-c3ccccc3)oc2C)c2ccsc12)C(=O)[O-]	7.420	6.676	0.744
2a8h	CC1(C)SCCN(S(=O)(=O)c2ccc(OCC#CC[NH3+])cc2)[C@H]1C(=O)NO	7.170	6.276	0.894
1xuc	Cc1cccc(CNC(=O)c2cc(C(=O)NCc3cccc(C)c3)ncn2)c1	7.140	6.252	0.888
3lil	NC(=O)[C@H](CCC(=O)[O-])NC(=O)[C@H](CCC(=O)[O-])NC(=O)CCc1cc(-c2ccc(-c3cccc(Cl)c3)cc2)no1	8.080	6.302	1.778
3e8n	COc1cc(F)c(F)c(Nc2ccc(I)cc2F)c1NS(=O)(=O)C1(C[C@H](O)CO)CC1	7.720	7.355	0.365
1l6m	O=C([O-])c1cccc(O)c1O	8.100	4.390	3.710
1p7m	C[n+]1cnc(N)c2[nH]cnc21	4.380	5.308	0.928
3q5h	C[NH2+]C[C@H](C[C@H]1CCCOC1)NC(=O)N1CCC[C@@H]([C@@H](OCCNC(=O)OC)c2cccc(Cl)c2)C1	6.250	7.728	1.478
2hdr	Nc1ccc(C(=O)[O-])cc1O	1.720	4.309	2.589
6n83	Cc1ccc(-c2cc3c(NC(Cc4cccc(F)c4)P(=O)(O)O)ncnc3s2)cc1Cl	6.270	6.793	0.523
6cje	NC(=O)c1ccc(Nc2ncnc3nc[nH]c23)cc1	7.220	5.646	1.574
5q0h	COC(=O)Nc1ccc2c(c1)NC(=O)C[C@@H](C)/C=C/C[C@H](NC(=O)c1c(F)cc(C)cc1F)c1nc-2c(Cl)[nH]1	7.920	7.731	0.189
5jv0	Cc1ccc(-c2cc3c(NC(Cc4cccc(F)c4)P(=O)(O)O)ncnc3s2)cc1	5.960	6.312	0.352
2hha	C[C@H](c1nc(-c2ccc(S(C)(=O)=O)cc2)no1)[C@H]([NH3+])C(=O)n1cccc1	6.910	6.532	0.378
2gfd	COC(=O)c1c(O)cc(O)c(Cl)c1CCC(=O)NC1=CC(=O)C(OC)=CC1=O	6.280	6.579	0.299
6dgz	CCC(CC)CN(C[C@@H](O)[C@H](CC1CCCCC1)NC(=O)O[C@H]1CO[C@H]2OCC[C@@H]12)S(=O)(=O)c1ccc(N)cc1	11.300	9.560	1.740
6aqf	Nc1nc(NCCc2ccc(O)cc2)nc2[nH]c(-c3ccco3)n[n+]12	8.670	6.372	2.298
1f40	CCC(C)(C)C(=O)C(=O)N1CCC[C@H]1C(=O)OCCCc1cccnc1	6.000	7.183	1.183
1x7e	N#CCc1cc(O)cc2cc(-c3ccc(O)cc3)oc12	5.970	5.742	0.228
6bsm	CCCCC[C@H](C[N+](=O)C=O)C(=O)NCNC(=O)c1cc2cccc(OC)c2o1	6.800	7.955	1.155
5u7m	COc1ccnc2[nH]cc(C(=O)C(=O)N3CCN(C(=O)c4ccccc4)C[C@H]3C)c12	6.740	6.652	0.088
4f70	Cc1ccc(-n2nc(C(C)(C)C)cc2NC(=O)NCC[NH+]2CCOCC2)cc1	5.740	6.524	0.784
4yrg	OCc1cccc(Br)n1	2.700	4.251	1.551
3vp2	Nc1nnc(CC=S)s1	5.100	5.086	0.014
4pg3	C[C@H]1CCC[C@H](C[C@H]2Cc3cc(O)cc(O)c3C(=O)O2)O1	7.850	5.704	2.146
1lq2	OC[C@@H]1[C@@H](O)[C@H](O)[C@@H](O)c2nc(-c3ccccc3)cn21	8.770	6.371	2.399
3lpu	CCC[C@H](C(=O)[O-])c1c(C)nc2ccc(Cl)cc2c1-c1ccccc1	5.860	6.514	0.654
5cnm	[NH3+][C@@]1(C(=O)[O-])C[C@@H](Sc2nnc[nH]2)[C@H]2[C@H](C(=O)[O-])[C@H]21	6.810	6.448	0.362
1xdd	CC[C@H](C)C(=O)O[C@H]1C[C@@H](C)C=C2C=C[C@H](C)[C@H](CC[C@H]3C[C@@H](O)CC(=O)N3Cc3ccc4c(CO)c(OC)ccc4c3)[C@H]21	6.700	7.297	0.597
6mey	O=C(Nc1nn[nH]n1)[C@H](Nc1ccccc1)c1ccccc1	3.320	5.877	2.557
6g2n	O=c1[nH]c(=O)n(C2CC3OC(c4ccccc4)(P(=O)(O)O)OCC3O2)cc1/C=C/CP(=O)(O)O	7.140	6.867	0.273
1e55	N#C[C@@H](O[C@@H]1O[C@H](CO)[C@@H](O)[C@H](O)[C@H]1O)c1ccc(O)cc1	4.120	5.920	1.800
1gt3	CC[C@H](C)CCCC(C)(C)O	6.460	6.476	0.016
4xm7	COc1cc(S(=O)(=O)N(CC(C)C)[C@@H](C(=O)NO)C(C)C)ccc1F	3.570	7.605	4.035
6c3n	S=C(NCCc1ccccc1)Nc1cccnc1	2.490	5.462	2.972
2qe2	CC(=O)c1cc(F)c(Cl)cc1NCC(=O)Nc1ccccc1C(=O)[O-]	7.770	5.895	1.875
3r7r	CC(=O)Nc1ccc2c(c1)OCCc1cc(C(=O)N(C)c3ccccc3Cl)sc1-2	8.740	6.245	2.495
3hy7	CNC(=O)[C@@H](NC(=O)[C@H](CC(C)C)[C@H](O)C(=O)NO)C(C)(C)C	6.970	5.928	1.042
5qcl	O=C([O-])c1ccc(NC(=O)[C@@H]2c3ccccc3CCN2C(=O)/C=C/c2cc(Cl)ccc2-n2cnnn2)cc1	7.960	7.528	0.432
6q6f	C[N@H+]1CC[N@@H+](C)C[C@H]1CC[N@@H+]1CC[C@H](c2ccc(F)cc2)C1	3.350	6.654	3.304
2uup	N#Cc1ccc(COc2ccc3cc(S(=O)(=O)N[C@H](CCC(=O)[O-])C(=O)[O-])ccc3c2)cc1	3.980	6.929	2.949
3sx4	COc1ccccc1N1Cc2c(nc(C)c(C[NH3+])c2-c2ccc(Cl)cc2Cl)C1=O	8.520	7.135	1.385
6giu	CC(Oc1ccc(O)cc1)(P(=O)(O)O)P(=O)(O)O	6.660	5.240	1.420
3b9g	O=c1[nH]cnc2c([C@@H]3[NH2+][C@H](CO)[C@@H](O)[C@H]3O)c[nH]c12	4.720	7.625	2.905
2ow9	O=C(OCc1ccccc1)c1cn2c(=O)n(Cc3ccccc3)c(=O)cc2s1	7.520	6.461	1.059
4uat	O=C(COP(=O)(O)O)C(O)C(O)COP(=O)(O)O	5.890	5.865	0.025
6q9y	COc1cccc2c(C(=O)N[C@H]3CCN(c4ccc(C)cc4)C3)c[nH]c12	5.430	6.792	1.362
4wyo	CC(C)(C)n1cc2c(n1)C(=O)CC1(CCN(C(=O)c3ccc4[nH]ncc4c3)CC1)O2	6.950	7.334	0.384
5qak	CN(C)c1cccc(-c2cccc(C(=O)[O-])c2)c1	3.660	4.178	0.518
1s26	Nc1ncnc2c1ncn2C1OC(COP(=O)(O)CP(=O)(O)OP(=O)(O)O)C(O)C1O	3.070	5.842	2.772
5zyk	O=S(=O)(CCO)c1ccc(-c2ccc(C3CCCC3)c([C@H]3C[C@H]3c3ccccn3)c2)cc1	6.740	7.167	0.427
6qaa	CCCC[NH2+][C@@H](Cc1c[nH]c2ccccc12)C(=O)NCCC1CCCCCC1	7.660	7.791	0.131
5bns	O=C(NCc1ccc2ncccc2c1)C1CCN(c2ccc(-c3cc(CO)ccc3F)cn2)CC1	7.020	7.100	0.080
2oz5	O=C([O-])C(=O)N(Cc1cccc(Cl)c1)Cc1ccc(S(=O)(=O)NCCC(c2ccccc2)c2ccccc2)s1	6.480	6.353	0.127
6as6	Cc1ccc(C2CC2)cc1C(=O)C[C@H](O)C(=O)[O-]	4.820	5.679	0.859
2cnf	O=C1C[C@@H](c2ccc(C[C@H](Nc3nc4ccccc4s3)c3nc4ccccc4[nH]3)cc2)S(=O)(=O)N1	6.620	7.353	0.733
2n0w	COc1ccc(C2=N[C@@H](c3cc(Br)ccc3F)[C@@H](c3ccc(Cl)cc3)N2C(=O)N2CCNC(=O)C2)c(OC(C)C)c1	6.150	7.869	1.719
5y3o	COc1c(C)cnc(Cn2ncc3c(Cl)nc(N)nc32)c1C	6.860	6.767	0.093
5h08	CCOc1ccc(C(F)(F)F)cc1CSc1ccsc1C(=O)NS(=O)(=O)c1ccccc1	5.960	6.550	0.590
2dxs	CC(C)(NC(=O)c1ccc2c(C3CCCCC3)c3n(c2c1)CCOc1ccccc1-3)C(=O)[O-]	7.340	6.908	0.432
2flb	NC(=[NH2+])c1ccc2nc(-c3n[nH]c(-c4ccccc4)c3O)[nH]c2c1	5.740	5.568	0.172
4z7f	[NH2+]=c1[nH]c(=O)c2nc(CNc3ccc(C(=O)N[C@@H](CCC(=O)[O-])C(=O)[O-])cc3)cnc2[nH]1	7.530	6.302	1.228
3pch	O=C([O-])c1ccc(O)c(Cl)c1	5.400	4.336	1.064
4uy1	Cc1cc(-c2cc(C(N)=O)n[nH]2)c(C)s1	4.700	5.135	0.435
6q73	CS(=O)(=O)Nc1cc(C2=CCOCC2)cnc1Cl	6.900	6.232	0.668
5vlr	CC(=O)N1CCN(c2cccc(-c3cc(-c4ccnn4CC(F)(F)F)c4c(N)ncnn34)c2)C(=O)C1(C)C	8.520	8.167	0.353
6oxz	CC[C@H](C)CN(C[C@@H](O)[C@H](Cc1ccccc1)NC(=O)O[C@H]1CO[C@H]2OCC[C@@H]12)S(=O)(=O)c1ccc([C@@H](O)CO)cc1	9.670	11.126	1.456
1jk7	C=C1[C@@H]([C@@H](O)C[C@H](C)[C@H]2O[C@@]3(CCCCO3)CC[C@H]2C)O[C@@H]2CC[C@@]3(CC[C@H](/C=C/[C@@H](C)[C@@H]4CC(C)=C[C@@]5(O[C@H](C[C@@](C)(O)C(=O)[O-])CC[C@H]5O)O4)O3)O[C@H]2[C@@H]1O	8.520	9.666	1.146
3at1	NC(=O)CP(=O)(O)O	3.180	4.496	1.316
3nf6	O=C([O-])c1c(CN2C(=O)Cc3ccccc32)ccc2c1OCO2	3.530	4.475	0.945
2fjp	CN(C)C(=O)[C@@H](c1ccc(-c2ccc3ncnn3c2)cc1)[C@H]([NH3+])C(=O)N1CC[C@H](F)C1	8.370	8.570	0.200
6oot	CC(C)CN(C[C@@H](O)[C@H](Cc1ccccc1)NC(=O)O[C@H]1CO[C@H]2OCC[C@@H]12)S(=O)(=O)c1ccc(N)cc1	11.300	9.784	1.516
6g4y	CN1CC[C@@](O)(C#Cc2ccc3c(c2)-c2nc(C(N)=O)c(C(=O)NC4CCOCC4)n2CCO3)C1=O	8.820	9.615	0.795
3l17	Cc1nc(N)ncc1-c1nc(N2CCOCC2)c2sc(C[N+]3CCN(S(C)(=O)=O)CC3)cc2n1	8.280	7.362	0.918
5ij7	CCc1cc(C)[nH]c(=O)c1CN1CCc2c(Cl)cc(OC3CCN(C(=O)[C@@H](C)O)CC3)c(Cl)c2C1=O	8.510	8.181	0.329
5dhg	O=C(NCCC[N@H+]1CC[C@H](c2c(Cl)cccc2Cl)CC1)[C@H]1CCC[N@H+]1Cc1ccccc1	9.140	7.358	1.782
6udx	O=C([O-])[C@H](O)c1ccc2c(c1)N(CC1CCC1)C[C@@]1(CCCc3cc(Cl)ccc31)CO2	8.000	7.121	0.879
3ws9	Cc1ccc2c(c1)nc(CCc1ncc3cccnn13)n2-c1ccccc1	7.040	8.344	1.304
4m6p	O=C(NCc1ccc(S(=O)(=O)c2ccccc2)cc1)c1cnc2[nH]ncc2c1	7.270	6.512	0.758
3kc0	O=P(O)(O)COc1cccc2c1-c1ncsc1C2	7.920	5.547	2.373
5i40	Cn1ccc2cc[nH]c2c1=O	4.860	4.922	0.062
6r1x	CC(C)=CC(=O)N[C@H]1CC(=O)NC1=O	4.400	5.633	1.233
2v11	CCCCNC(=O)[C@H](C)CC(O)[C@@H]([NH3+])C[C@H](C)COC(=O)c1cn(Cc2ccccc2)c2ccccc12	8.520	6.448	2.072
1zd5	O=C([O-])CCCCCCNC(=O)NC1CCCCC1	4.870	6.115	1.245
3cvk	CC(C)(C)CCN1C(=O)C(C2=Nc3ccc(NS(C)(=O)=O)cc3S(=O)(=O)N2)=C(O)[C@@H]2CCC[N@@H+]21	8.000	6.990	1.010
4l7c	O=C1c2ccccc2C(=O)N1C[C@@H]1c2ccccc2CCN1C(=O)[C@@H]1CCCC[C@@H]1c1nn[nH]n1	5.130	7.054	1.924
2wbd	CCc1cccc(S(=O)(=O)NC(=O)Nc2ncc(Br)s2)c1	6.640	6.765	0.125
5ov9	CN(C)c1ccc(C(c2ccc(N(C)C)cc2)c2ccc(N(C)C)cc2)cc1	5.660	4.700	0.960
2ynd	Cc1nn(C)c(C)c1NS(=O)(=O)c1c(Cl)cc(-c2ccnc(N3CC[NH2+]CC3)c2)cc1Cl	7.490	6.946	0.544
5dya	CC[C@H]1Nc2ccc(C(=O)[O-])cc2NC1=O	3.700	5.872	2.172
2x3t	CC(=O)N[C@H]1[C@@H](OC(N)=O)O[C@H](CO)[C@@H](O)[C@@H]1O	6.050	4.572	1.478
4p5e	O=P(O)(O)OCC1OC(n2cnc3c(-c4ccc5ccccc5c4)ncnc32)C(O)C1O	5.550	6.083	0.533
5t3n	Nc1nc(Cl)nc2c1ncn2[C@@H]1O[C@@H]2CO[P@](=O)(S)O[C@H]2[C@H]1O	8.040	5.753	2.287
5x9o	O=c1[nH]c2ccc(Nc3ccc([N+](=O)[O-])cc3Cl)cc2[nH]1	5.300	5.839	0.539
5a7c	CC(=O)NCCCCCCNC(C)=O	3.740	4.661	0.921
6qm7	O=C(Nc1ccc(F)c(-c2ccn3c(N4CCOCC4)cnc3n2)c1)N1CCCC1	6.800	7.123	0.323
4ycm	C/C=C/C/C(C)=C\[C@H]1C/C=C/C=C/C[C@H](C)/C=C(\C)[C@@H](OC)C/C=C/[C@@H](O[C@@H]2O[C@H](CO)[C@@H](O)[C@H](OC)[C@H]2O)CC(=O)O1	7.720	7.113	0.607
5bqi	Cc1[nH]c(NC(=O)c2cc(CNC(=O)C(C)C)cnc2C(F)F)nc1-c1ccc(C(F)(F)F)cc1	9.050	8.655	0.395
5kbi	Oc1ccccc1O	5.390	3.838	1.552
3lpg	Cc1ccc2[nH]c(=O)c(CN(CCO)C(=O)Nc3ccccc3F)cc2c1	6.160	6.448	0.288
1q0b	CCOC(=O)C1=C(C)NC(=S)N[C@H]1c1cccc(O)c1	5.170	5.664	0.494
4k2g	N#C[C@@H](c1ccc(F)cc1)c1cccc(C(F)(F)F)n1	7.700	5.580	2.120
2x6f	C[n+]1cnc(N)c2nc[nH]c21	4.590	5.677	1.087
6qre	COc1cccc(COC(=O)c2cn[nH]c2)c1	4.850	4.886	0.036
4hby	CN1Cc2cc(S(=O)(=O)Nc3ccccc3)ccc2NC1=O	5.360	5.616	0.256
3dsu	CC(C)=CCC/C(C)=C/CC/C(C)=C/COP(=O)(O)OP(=O)(O)O	7.030	4.962	2.068
4jvi	CCCCCCCCCc1nc2cc(Cl)ccc2c(=O)n1[NH3+]	5.300	6.453	1.153
3n2e	Nc1ccc2c(O)c(/N=N/c3ccc4c(O)cc(S(=O)(=O)[O-])cc4c3)c(S(=O)(=O)[O-])cc2c1	4.960	5.998	1.038
5alv	Fc1cccc(-c2cc[nH]n2)c1	4.360	5.093	0.733
5i86	C[C@@H]1CC(=O)Nc2cccc(C(=O)NCc3ccccc3)c2N1	6.280	6.125	0.155
4kp0	Cc1cccc2scc(Cn3c(SCCCC(=O)[O-])nc4ccccc43)c12	8.650	5.997	2.653
3v3m	CC(C)(C)NC(=O)[C@@H](c1cccnc1)N(C(=O)c1ccco1)c1ccc(C(C)(C)C)cc1	5.320	6.702	1.382
4ucr	Cc1ccc2cc(C(N)=O)cc(O)c2n1	3.300	4.776	1.476
3g0d	Cn1c(=O)c2c(nc(N3CCC[C@@H]([NH3+])C3)n2Cc2ccccc2C#N)n(C)c1=O	8.300	7.310	0.990
5vpm	CCc1cccc(-c2c(F)cccc2[C@](O)(CCCNC(=O)OC)[C@@H]2CCCN(C(=O)CC3CC[NH2+]CC3)C2)c1	8.800	7.589	1.211
6ooz	Cc1ccc(C)c(Cn2c([C@@H](O)c3ccncc3)nc3ccccc32)c1	8.050	6.734	1.316
5ely	O=C(CC[C@H](Cc1ccc(C(=O)[O-])cc1)C(=O)[O-])NO	7.360	5.374	1.986
2g1q	CCNC(=O)N1N=C(c2cc(F)ccc2F)C[C@@]1(CCC[NH3+])c1ccccc1	7.360	7.331	0.029
5h19	N#Cc1c2c(c3nncn3c1NCc1ccco1)CN(Cc1ccccc1)CC2	6.490	5.708	0.782
4oc4	O=C(N[C@@H](CCCCNC(=O)c1ccc(I)cc1)C(=O)[O-])N[C@@H](Cc1ccncc1)C(=O)[O-]	6.980	7.573	0.593
4fk7	Nc1ccc2[nH]c(=O)c3ccccc3c2c1	5.240	4.720	0.520
1o48	CC(=O)N[C@@H](Cc1ccc(CC(=O)[O-])c(C(=O)[O-])c1)C(=O)N[C@H]1CCCCN(Cc2ccc(-c3ccccc3)cc2)C1=O	6.350	7.276	0.926
3s3n	C[C@@H]1CCO[C@H]2Cn3cc(C(=O)NCc4ccc(F)cc4F)c(=O)c(O)c3C(=O)N21	7.060	6.595	0.465
5tx3	CC1(C)c2cnc(Nc3cccc(C[NH+]4CCCC4)c3)nc2N([C@H]2CCc3c(O)cccc32)C1O	8.850	7.247	1.603
3kah	Cn1nc(-c2ccccc2)cc1C(=O)N[C@H](Cc1nc2ccccc2[nH]1)C(=O)[O-]	6.590	6.817	0.227
3ccc	Cn1cnc2cc(C#N)c(-c3ccccc3Cl)c(C[NH3+])c21	8.100	5.994	2.106
4mjr	C[C@H](C(=O)[O-])c1ccc2c(c1)[nH]c1ccc(Cl)cc12	3.550	5.538	1.988
4n6h	Oc1ccc2c3c1O[C@H]1c4[nH]c5ccccc5c4C[C@@]4(O)[C@@H](C2)[N@@H+](CC2CC2)CC[C@]314	9.280	7.666	1.614
6hm2	O=C([O-])[C@@H]1CCC(=O)N1C[C@@H](O)[C@@H](O)[C@H](O)[C@H](O)CO	7.330	5.303	2.027
1o4f	O=P(O)(O)Oc1cccc2c1NCCC2	3.520	5.383	1.863
2g96	NC(=O)C1=CN(C2OC(COP(=O)(O)O)C(O)C2O)CC=C1	4.280	5.350	1.070
1d5j	COc1ccc(S(=O)(=O)N2CCCSC(C)(C)[C@H]2C(=O)NO)cc1	9.150	6.139	3.011
3di6	O=C1CC=C(Cc2ccc(Cl)c(Oc3ccccc3)c2F)N=N1	7.000	6.670	0.330
4lww	O=C(NCc1ccc(S(=O)(=O)c2ccccc2)cc1)c1cc2cnccc2[nH]1	7.540	6.405	1.135
4lh3	O=C([O-])CCCC(=O)[O-]	1.520	4.310	2.790
5jha	Nc1cc(C(F)(F)F)c(-c2cc(N3CCOCC3)nc(N3CC(CO)(CCl)C3)n2)cn1	5.900	6.638	0.738
4ycn	C/C=C/C/C(C)=C\[C@H]1C/C=C/C=C/C[C@H](C)/C=C(\C)[C@@H](OC)C/C=C/[C@@H](O)CC(=O)O1	7.770	6.380	1.390
1jn2	C/C(N)=C(\c1ccc(S(=O)(=O)[O-])cc1)c1ccc(/C(=C(/C)N)c2ccc(S(=O)(=O)[O-])cc2)[nH]1	4.090	4.875	0.785
1jij	[NH3+][C@@H](Cc1ccc(O)cc1)C(=O)N[C@H](C(=O)[O-])[C@H]1[C@H](O)[C@](O)(CO)[C@@H](O)C[N@@H+]1O	8.520	6.948	1.572
2xi7	O=C([O-])/C(O)=C/C(=O)c1ccccc1	5.140	4.973	0.167
6qmr	[NH3+][C@H](CO)c1cccc(-c2cccc(COc3ccccc3CC(=O)[O-])c2)c1	7.920	5.588	2.332
6c8p	O=C([O-])C(=O)/C=C(\O)c1ccccc1F	6.700	5.349	1.351
3ook	O=C([O-])c1cc(F)c(NC(=O)[C@H](C2CCCCC2)n2c(-c3ccc(Cl)cc3)nc3cc(F)c(F)cc32)c(F)c1	8.400	6.939	1.461
1rri	Nc1nc2nn(-c3cccc(C(=O)[O-])c3)nc2c(=O)[nH]1	5.820	5.397	0.423
5kmh	COc1ccc(CC[N@H+](C)CCC[C@](C=N)(c2ccccc2Br)C(C)C)cc1OC	4.620	7.256	2.636
6ibs	CC(C)(C)OC(=O)Nc1cccc2cc([B-]([OH2+])([OH2+])[OH2+])sc12	4.960	6.800	1.840
2pgl	O=c1c2ncn3c2ncn1C1OC(COP(=O)(O)OP(=O)(O)OCC2=C(O)C(O)C3O2)C(O)C1O	3.590	5.700	2.110
2obf	O=S(=O)(Nc1ccc(Cl)cc1)c1ccc2c(c1)C[NH2+][C@@H](CO)C2	8.850	6.675	2.175
2r4f	CC(C)c1c(C(=O)N(C)[C@H](C)c2ccccc2)nn(-c2ccc(F)cc2)c1CC[C@@H](O)C[C@@H](O)CC(=O)[O-]	8.820	6.765	2.055
2v0c	Nc1ncnc2c1ncn2C1OC(COP(=O)(O)O)C2OB(c3ccc(F)cc3CO)OC21	5.680	6.251	0.571
1dzm	O=C(OCc1ccccc1)c1ccccc1	5.410	4.779	0.631
1fmb	CC(C)[C@H](NC(=O)[C@H](Cc1cccc2ccccc12)CS(=O)(=O)C(C)(C)C)C(=O)N[C@H](CO)Cc1ccccc1	10.000	7.786	2.214
6dha	C[C@H](O)c1ccc(CCOc2ccc(C[C@@H]3SC(=O)NC3=O)cc2)nc1	5.680	7.642	1.962
2hqu	O=c1ccn(C2CC(O)C(COP(=O)(O)NP(=O)(O)OP(=O)(O)O)O2)c(=O)[nH]1	5.140	5.709	0.569
5dgm	O=C(O)Cn1c(C(=O)NCP(=O)(O)O)cc2ccc3ccccc3c21	6.400	6.112	0.288
5knx	O=c1[nH]cnc2c1ncn2CC(COCP(=O)(O)O)COCP(=O)(O)O	6.100	7.385	1.285
5mra	COc1cccc2c1C(=O)c1c(O)c3c(c(O)c1C2=O)C[C@@](O)(C(=O)CO)C[C@@H]3O[C@H]1C[C@H]([NH3+])[C@H](O)[C@H](C)O1	8.000	6.861	1.139
6avi	CCCCCCCCC(=O)[O-]	5.710	5.266	0.444
6udy	O=C([O-])c1ccc2c(c1)N(CC1CCC1)C[C@@]1(CCCc3cc(Cl)ccc31)CO2	7.570	6.901	0.669
6b7c	Cc1ccc2[nH]c(NCc3cc(C)nn3C)nc2n1	5.140	5.452	0.312
5iu6	O=c1[nH]cnc2[nH]ccc12	3.890	4.854	0.964
2bb7	CS(=O)(=O)Nc1cccc2cccnc12	5.670	5.842	0.172
4h4e	C/C(=C\COP(=O)(O)OP(=O)(O)O)CS	6.680	5.145	1.535
5l4h	CCC1(CCBr)C(=O)NC(=O)NC1=O	3.750	6.264	2.514
6nfg	CNC(=O)c1c[nH]n2c(=O)cc(-c3ccccc3)nc12	4.110	6.791	2.681
6nzr	CNC(=O)c1nnc(Nc2ccccn2)cc1Nc1ccccc1S(C)(=O)=O	9.300	6.543	2.757
2anm	NC(=[NH2+])c1ccc(CNC(=O)[C@@H]2CCCN2C(=O)[C@@H](CC2CCCCC2)[NH2+]CC(=O)[O-])cn1	8.740	6.001	2.739
5ml4	CNc1cc(CN(CC2CC[NH2+]CC2)S(=O)(=O)c2ccc(S(=O)(=O)N(Cc3ccc(Cl)cc3)C3CCCC3)cc2)ccc1C(=O)[O-]	8.700	7.850	0.850
6f4w	Nc1ncnc2c([C@@H]3O[C@H](CO)[C@@H](O)[C@H]3O)n[nH]c12	5.530	4.962	0.568
3vw6	CC(C)(C)c1ccc(C(=O)Nc2c[n+]3cc(-n4ccnc4)ccc3[nH]2)cc1	7.850	7.813	0.037
3kej	O=C([O-])c1ccc(Cn2nnc(-c3ccnc(C(=O)NCc4cccc(F)c4)c3)n2)cc1	7.120	7.153	0.033
3q8h	[NH2+]=c1ccn([C@@H]2O[C@H](CNC(=O)c3c[nH]c4scc[n+]34)[C@@H](O)[C@H]2O)c(=O)[nH]1	4.150	5.327	1.177
4n8e	[NH3+]C[C@]1(c2cccc(Cl)c2)CC[C@H](N2CCCCC2=O)CC1	7.700	5.645	2.055
1w6y	C[C@]12CCc3c(ccc4cc(O)ccc34)[C@@H]1CCC2=O	5.360	5.369	0.009
2e98	O=P(O)(O)C(O)(Cc1cccc(-c2cccc3c2oc2ccccc23)c1)P(=O)(O)O	6.230	6.533	0.303
3n5j	O=C([O-])Cc1c(C(=O)[O-])[nH]c2c(Cl)cc(Cl)cc12	5.220	5.922	0.702
1h8l	NC(=[NH2+])NCCS[C@@H](CC(=O)[O-])C(=O)[O-]	7.470	4.887	2.583
4gtq	COc1ccc(S(=O)(=O)N2Cc3cc(C#N)ccc3N(Cc3cncn3C)C[C@H]2Cc2ccc(OC(=O)NCc3ccccc3)cc2)cc1	8.300	8.470	0.170
6ma1	COc1ccccc1[C@@H](NS(=O)(=O)c1cc2ccc(=O)[nH]c2cc1Cl)C(=O)N(CC(=O)[O-])Cc1cccs1	8.100	7.314	0.786
2wgs	Cn1c(N2CCOCC2)nc2c1c(=O)n(Cc1ccc(Cl)c(Cl)c1)c(=O)n2C	5.600	7.546	1.946
4ohm	CC#C[C@H]1CN(S(=O)(=O)c2ccc(N)nc2)CCN1c1ccc([C@](O)(CO)C(F)(F)F)cc1	7.550	8.167	0.617
5hk1	CCC[N@@H+]1CCC[C@@H](c2cc(-c3ccc(C)cc3)no2)C1	8.370	5.993	2.377
1af6	OC[C@H]1O[C@H](O[C@]2(CO)O[C@H](CO)[C@@H](O)[C@@H]2O)[C@H](O)[C@@H](O)[C@@H]1O	1.820	5.764	3.944
2iw6	Cc1ccc(Cl)c(N(CC#N)c2cc(Nc3ccc(OC[C@H](O)C[NH+](C)C)cc3)ncn2)c1	6.850	7.059	0.209
1gsf	C=C(CC)C(=O)c1ccc(OCC(=O)[O-])c(Cl)c1Cl	5.000	5.404	0.404
3eks	C=C1[C@@H](O)[C@@H]2/C=C/C[C@H](C)C(=O)[C@](C)(O)/C=C/[C@@H](OC(C)=O)[C@]23C(=O)N[C@@H](Cc2ccccc2)[C@@H]3[C@@H]1C	5.700	6.620	0.920
1d5r	O=C([O-])[C@H](O)[C@@H](O)C(=O)[O-]	1.820	4.467	2.647
3ex2	N#CC1CC(=O)NC(=O)N1C1OC(COP(=O)(O)O)C(O)C1O	3.700	5.697	1.997
3e85	O=C(Nc1ccccc1)Nc1ccccc1	5.380	4.943	0.437
2bks	COc1ccccc1COCCCOc1ccc(N2C(=O)C[NH2+]C[C@@H]2COc2ccc3c(c2)N(CCCO)CCC3)cc1	7.430	7.689	0.259
3pz4	COc1ccc(S(=O)(=O)N2Cc3cc(C#N)ccc3N(Cc3cncn3C)C[C@H]2Cc2ccccc2)cc1	8.220	8.043	0.177
5nat	Cn1cc(NC(=O)N2CCC[C@H]2C(=O)Nc2cccc(OC(F)(F)F)c2)c2ccccc21	4.700	6.300	1.600
2q96	O=C([O-])c1ccc(Cc2ccccc2Cl)o1	5.920	4.215	1.705
4gj7	COCCCOc1cc(C(=O)N(C[C@@H]2C[NH2+]C[C@H]2Cc2ccccc2)C(C)C)ccc1OC	6.770	7.523	0.753
4ngq	CCC(=O)N(CCCC[C@H](NC(=O)N[C@@H](CCC(=O)[O-])C(=O)[O-])C(=O)[O-])Cc1ccc(Br)cc1	8.800	5.700	3.100
3zqt	C[C@@H](Cc1ccc(O)c(O)c1)[C@@H](C)Cc1ccc(O)c(O)c1	4.410	4.683	0.273
5lub	Nc1ccc(N2CCOCC2)c2nonc12	6.150	5.076	1.074
6gu3	Cc1ncc(-c2ccnc(Nc3ccc(S(C)(=O)=O)cc3)n2)n1C(C)C	5.360	6.638	1.278
1o5m	NC(=O)N1CCC(CC(=O)N2CCC([C@H]3c4ncc(Br)cc4CCc4cc(Cl)cc(Br)c43)CC2)CC1	8.720	7.142	1.578
4ob0	[OH2+]B([OH2+])c1ccccc1	5.300	4.482	0.818
5ipa	O=C(/C=C/c1ccoc1)N1CCCC1	4.700	5.137	0.437
5eni	O=C(CO)NCc1c(Cl)cccc1Cl	2.300	4.387	2.087
5lg3	C[NH+](C)CCCN1c2ccccc2Sc2ccc(Cl)cc21	3.800	4.815	1.015
5fah	COc1ccc(CCNC(=O)[C@@H]2CCCN2C(=O)NCc2cccc3ccccc23)cc1	6.150	6.080	0.070
6jn6	C[C@H](CS)C(=O)N[C@H](Cc1coc2ccccc12)B(O)[OH2+]	7.150	5.509	1.641
6nem	O=c1[nH]c(-c2ccc(-c3nnn[nH]3)cc2)c(Cc2cccc3ccccc23)cc1O	7.920	5.897	2.023
4h5d	CC(C)Oc1ccc(-c2ccnc(NC(P(=O)(O)O)P(=O)(O)O)c2)cc1	7.550	5.934	1.616
2vr4	[NH3+]CCCCNC1=N[C@H](CO)[C@@H](O)[C@H](O)[C@@H]1O	5.680	5.422	0.258
4i47	Cn1cnc2nc(N)[nH]c(=O)c21	6.920	4.909	2.011
5yql	Cc1cc(C)nc(SCC(=O)Nc2cccc(COc3ccccc3)c2)n1	4.590	5.706	1.116
1yvz	CC(C)N(C(=O)c1ccc(Cl)cc1Cl)c1cc(-c2ccccc2)sc1C(=O)[O-]	5.360	6.463	1.103
3zzf	CC(=O)N[C@@H](CCC(=O)[O-])C(=O)[O-]	0.400	4.424	4.024
5b4k	Cn1ccc2ncnc(Oc3ccc(Nc4nc5ccccc5[nH]4)cc3)c21	9.340	6.864	2.476
2ay3	COc1ccc(CCC(=O)[O-])cc1OC	3.550	4.971	1.421
1tr7	CCCCO[C@H]1O[C@H](CO)[C@@H](O)[C@H](O)[C@@H]1O	6.820	5.321	1.499
4kfp	O=C(NCc1ccc(S(=O)(=O)[C@H]2CC[N@H+](C3CCOCC3)CC2)cc1)n1cc2ccncc2c1	8.000	7.473	0.527
5emk	O=C(NC[C@H](O)C[N@@H+]1CCc2ccccc2C1)c1cccc(-c2ccccn2)c1	7.890	5.922	1.968
3cm7	CC[C@H]([NH3+])C(=O)N[C@@H]1C(=O)N2[C@@H](CC[C@@H]1CO)CC[C@H]2C(=O)NC(c1ccccc1)c1ccccc1	6.570	6.646	0.076
4x61	O=C(NC[C@H](O)C[N@@H+]1CCc2ccccc2C1)c1cc(NC2COC2)ncn1	9.000	6.433	2.567
5u5t	NC(=[NH2+])N1CCC[C@H](Cc2cccc3c2OCO3)C1	5.410	5.392	0.018
4o15	O=C(NCc1ccc(S(=O)(=O)c2cccc(C(F)(F)F)c2)cc1)c1cnc2[nH]ncc2c1	8.700	6.889	1.811
2yiv	C=NCCCC	2.780	5.039	2.259
5zma	O=C(N/N=C/c1ccc(Sc2ncccn2)o1)c1cccc(F)c1	5.520	7.178	1.658
5tx5	CN1C(=O)[C@@H](NC(=O)c2nnc(Cc3ccccc3)[nH]2)COc2ccccc21	7.800	6.696	1.104
4zyu	[NH2+]=c1[nH]c(=O)c2cc(CCCCc3ccc(C(=O)N[C@@H](CCC(=O)[O-])C(=O)[O-])cc3)sc2[nH]1	5.970	6.225	0.255
3pvu	Cn1c(CNc2cccc(C(=O)NCc3ccccc3C(F)(F)F)c2)nnc1-c1ccncc1	6.540	6.929	0.389
4o4g	Cc1cc(C)c(Nc2ncnc(Nc3ccc(C#N)cc3)n2)c(C)c1	8.050	6.096	1.954
6bqk	COc1cnc(O[C@@H]2C[C@@H](C(=O)N[C@]3(C(=O)NS(=O)(=O)C4C=C4)C[C@H]3C(F)F)N(C(=O)[C@@H](NC(=O)OC(C)(C)C)C(C)(C)C)C2)c2cc(Cl)ccc12	9.000	7.822	1.178
6dji	O=C([O-])c1cccc(O)c1C(=O)[O-]	2.510	4.033	1.523
6fzm	CC#Cc1ccc2c(=O)[nH]c(CSc3ccc(C(=O)[O-])cc3)nc2c1C	6.040	6.183	0.143
2wxd	C[NH+](C)CCS/C(Cc1ccccc1)=N\OS(=O)(=O)[O-]	5.480	5.096	0.384
5qac	COc1ccc(-c2cccc(C(=O)[O-])c2)cc1	3.600	5.192	1.592
4mse	Cc1nc2cc(OCc3ccc4ccccc4n3)ccc2s1	6.160	7.164	1.004
1oko	OC[C@H]1O[C@@H](O)[C@H](O)[C@@H](O)[C@H]1O	4.540	4.067	0.473
6oi9	Nc1ncc2cc(-c3c(Cl)cccc3Cl)c(N3CC[C@@H](C[NH3+])C3)nc2n1	7.190	7.751	0.561
6j81	CCCc1ccc(-c2ccc(S(=O)(=O)CCO)cc2)cc1[C@H]1C[C@H]1c1ccccn1	6.290	7.145	0.855
3t0w	C[N+]1=C(C/C=C/c2cc[n+](CCCS(=O)(=O)[O-])c3ccccc23)C(C)(C)c2ccccc21	7.300	8.318	1.018
3nba	Nc1ncnc2c1ncn2C1OC(COP(=O)(O)CP(=O)(O)OP(=O)(O)O)C(O)C1O	3.410	5.836	2.426
3f3a	[NH3+][C@@H](Cc1c[nH]c2ccccc12)C(=O)[O-]	4.190	4.511	0.321
3fxb	CC1=N[C@H](C(=O)[O-])CCN1	5.850	4.925	0.925
3snl	Cc1cnccc1-c1nc(C)c2c(C)nc3c(Cl)cc(C(F)(F)F)cc3n12	9.150	6.330	2.820
5dtk	O=C([O-])c1cc(-c2ccncc2)cc(-c2ccncc2)c1	4.300	4.970	0.670
4yoj	O=C(Nc1ccc(N(Cc2ccsc2)C(=O)Cn2nnc3ccccc32)cc1)c1ccccc1	6.390	6.155	0.235
3d8y	Cc1cn([C@H]2C[C@H](O)[C@@H](C[NH+]3CCCCC3)O2)c(=O)[nH]c1=O	3.400	4.700	1.300
3dg8	COc1cc(NC(=[NH2+])NC(N)=[NH2+])cc(OC)c1	4.700	4.948	0.248
4knx	COc1cc2c(Nc3ccc(NC(=O)c4ccccc4)cc3)ncnc2cc1OCC(=O)[O-]	5.490	6.035	0.545
3fa3	O=C([O-])C(O)(O)C(F)(F)C(=O)[O-]	5.600	4.740	0.860
5x72	O=C1c2ccccc2N[C@@H](c2ccccc2F)N1c1ccccc1	6.330	6.524	0.194
6bto	CCCCC[C@H](CC(=O)NO)C(=O)N1[C@H](C(=O)N[C@H](C(=O)[O-])c2ccccc2)[C@H]2CC[C@@H]1C2	5.000	7.291	2.291
2bua	[NH3+]CC1(c2ccccc2)CCCC1	4.520	5.092	0.572
1ru1	Nc1ncnc2c1ncn2C1OC(COP(=O)(O)CP(=O)(O)OP(=O)(O)O)C(O)C1O	4.740	5.814	1.074
1iky	COc1ccc(C(C)=O)c(O)c1[C@H]1C[C@H]1NC(=S)Nc1ccc(C#N)cn1	8.260	6.394	1.866
4lpg	Cc1ccc(-c2cc3c(NC(P(=O)(O)O)P(=O)(O)O)ncnc3s2)cc1	4.250	4.887	0.637
2oc9	O=c1[nH]cnc2c([C@@H]3[NH2+][C@H](CO)[C@@H](O)[C@H]3O)c[nH]c12	7.960	7.536	0.424
3sfc	Cc1ccc(F)cc1Oc1c(C(=O)N2CC[NH2+]CC2)c2ccnc(Cc3ccccc3)c2n1-c1ccccc1	8.520	7.982	0.538
6fug	[NH3+]Cc1cccc(Nc2[nH]nc3ncnc(Nc4cccc(O)c4)c23)c1	4.300	5.533	1.233
1uvu	CCOC(=O)CCc1ccc2ccc(C(N)=[NH2+])cc2c1	5.000	5.222	0.222
6qxj	CCc1sc2ncnc(N[C@H](C)C(=O)[O-])c2c1-c1ccc2[nH]ccc2c1	4.790	5.776	0.986
3dxj	CCC/C(C)=C/C=C(\C)C(=O)c1c(O)cc([C@H](C)CC/C=C/NC(=O)OC)oc1=O	6.220	6.263	0.043
4zj8	Cc1ccc(-n2nccn2)c(C(=O)N2CCN(c3nc4cc(Cl)ccc4o3)CC[C@H]2C)c1	9.260	7.142	2.118
3mwe	O=C([O-])[C@H](O)[C@@H](O)C(=O)[O-]	1.540	4.469	2.929
2onz	O=S(=O)(Nc1ccc(Cl)cc1)c1ccc2c(c1)C[NH2+]CC2	8.890	5.857	3.033
2o48	CC(=O)c1ccc(O)cc1	6.010	4.556	1.454
5y7k	CC(C)(C)OC[C@@H]1C(=O)NCCN1C(=O)C[C@H]([NH3+])Cc1cc(F)c(F)cc1F	9.180	6.883	2.297
3d3x	CC[C@H](C)[C@H](NC(=O)[C@H](C)[NH3+])C(=O)N[C@@H](CCSC)C(=O)[O-]	4.160	4.833	0.673
6cqf	CC(C)n1ncc2cnc(Nc3cc([C@@H]4CC[NH2+]C4)nc(N4CCC(F)(F)C4)n3)cc21	8.350	6.423	1.927
5t2d	CN(C)S(=O)(=O)n1cc(-c2nc(-c3nc(C4(c5ccccc5)CC4)n(C)n3)cnc2N)cn1	9.100	8.482	0.618
1tow	O=C([O-])CCCn1c2ccccc2c2ccccc21	6.240	5.261	0.979
4g1f	Cn1c(=O)c2c(-c3ccccc3Br)c(C[NH3+])c(N)nc2n(C)c1=O	7.770	6.920	0.850
5qad	O=C([O-])c1cccc(-c2ccccc2F)c1	3.770	5.371	1.601
2cm7	CC(=O)N[C@@H](Cc1ccccc1)C(=O)N[C@@H](Cc1ccc([C@@H]2CC(=O)NS2(=O)=O)cc1)C(N)=O	6.680	6.024	0.656
3fei	CCO[C@@H](Cc1ccc(OCc2csc(-c3ccc(Cl)cc3)n2)cc1C)C(=O)[O-]	7.700	6.005	1.695
4z7q	CC(C)[C@H](NC(=O)[C@H](CC(=O)[O-])NC(=O)CNC(=O)[C@H](C)[NH3+])C(N)=O	4.290	5.652	1.362
2i0d	COc1ccc(S(=O)(=O)N(CC(C)C)C[C@@H](O)[C@H](Cc2ccccc2)NC(=O)[C@@H]2CN(c3cccc(C(C)=O)c3)C(=O)O2)cc1	12.100	9.927	2.173
4ixv	[NH3+][C@@](CCCC[B-](O)([OH2+])[OH2+])(C(=O)[O-])[C@H]1CC[N@@H+](Cc2ccc(Cl)cc2)CC1	6.620	6.561	0.059
5mxx	Cc1ccc(C(=O)Nc2cc(C(F)(F)F)ccc2N2CC[NH+](C)CC2)o1	7.510	5.780	1.730
4nal	Oc1c(Cl)cc(Cl)cc1-c1[nH]c(Br)c(Br)c1Br	5.660	5.315	0.345
4dhs	O=C(COc1ccccc1P(=O)(O)O)Nc1cc(Cl)cc(Cl)c1	4.800	5.472	0.672
5a83	Cc1cncc(-c2ccc(N[C@@H]3CC[NH2+]C[C@H]3OCC3CCS(=O)(=O)CC3)c3[nH]c(=O)c(C)cc23)c1	6.800	8.619	1.819
2ath	CCCc1c(OCCCOc2ccc3c(ccn3CC(=O)[O-])c2)ccc2c(C(F)(F)F)noc12	6.820	8.239	1.419
4jt8	CC(C)(C)C(=O)NCCC1CCN(c2ncnc3cc(C(N)=O)sc23)CC1	7.480	7.029	0.451
2opb	O=S(=O)(c1ccc2c(c1)C[NH2+][C@@H](CF)C2)N1CCSCC1	8.740	7.227	1.513
1il4	Nc1nc2cc[nH]c2c(=O)[nH]1	2.850	4.521	1.671
5dxh	COC(=O)Nc1ccc2c(c1)OCCc1cc(-c3nncn3-c3ccccc3Cl)sc1-2	9.000	5.954	3.046
1rpa	O=C([O-])[C@@H](O)[C@H](O)C(=O)[O-]	6.000	4.438	1.562
4ci3	Nc1cccc2c1C(=O)N([C@H]1CCC(=O)NC1=O)C2=O	6.810	5.622	1.188
5npe	OC[C@@H]1[C@@H](O)[C@H](O)[C@@H](O)[C@@H]2[NH2+][C@@H]21	4.000	5.044	1.044
6hvh	Cn1ccc2ccc(-c3cc(Nc4cnccc4C(=O)NC4CCOCC4)cc4nccnc34)cc21	7.330	8.446	1.116
6npi	O=C([O-])c1ccccc1-n1cccc1	5.700	4.600	1.100
2h5a	O=P(O)(O)OC1OCC(O)C(O)C1O	5.100	5.104	0.004
5nqr	Cc1cccc(-c2nnc(Cn3c(N(C)C)nc4c3c(=O)n(C)c(=O)n4C)o2)c1	7.150	6.014	1.136
5tys	CC(C)CN(C[C@@H](O)[C@H](Cc1cc(F)cc(F)c1)NC(=O)O[C@H]1[C@@H](C)C[C@H]2[C@@H](O)OC[C@@H]12)S(=O)(=O)c1ccc2nc(NC3CC3)sc2c1	10.720	11.315	0.595
4ixu	[NH3+][C@@](CCCC[B-](O)([OH2+])[OH2+])(C(=O)[O-])[C@@H]1C[C@@H]2CC[C@H](C1)[N@@H+]2Cc1ccc(Cl)c(Cl)c1	7.640	7.186	0.454
3pka	CO[C@@H](C(=O)NCCOc1c(C)cc(C)cc1C)[C@H](O)[C@@H](O)[C@H](O)/C=C/C(C)(C)C	6.270	5.828	0.442
5l99	Cc1ncccc1N[C@@H](C)c1cnc2ccsc2c1	3.320	5.295	1.975
1wum	[NH3+]CCCNc1ccccc1[N+](=O)[O-]	5.290	4.836	0.454
5j32	CC(C)[C@H](C(=O)[O-])[C@@H](O)C(=O)[O-]	5.080	5.533	0.453
3qt7	O=C(O)CC(O)(CF)CCOP(=O)(O)OP(=O)(O)O	7.310	6.014	1.296
4ikt	Cc1nc(-c2ccccn2)nc(NCCNc2ccc(C(F)(F)F)cn2)c1Cl	6.170	6.856	0.686
5xzr	CC1(C)CC(Nc2nc(-c3cccc(-c4ccccc4)c3)cs2)CC(C)(C)[NH2+]1	5.490	6.891	1.401
2jjr	[NH3+]C(CCO)(CCO)CCO	8.200	4.322	3.878
4e8z	O=C([O-])COc1ccc2sc(CNc3nncc(-c4c(Cl)cccc4Cl)n3)nc2c1	6.640	6.579	0.061
3okh	O=C([O-])c1ccc2nc(-c3ccc(Cl)cc3)n([C@H](C(=O)NC3CCCCC3)C3CCCCC3)c2c1	5.240	6.867	1.627
3wk9	Nc1ncc(Cc2ccc(Br)cc2)s1	4.150	4.089	0.061
1jlx	CC(=O)N[C@H]1[C@@H](OCc2ccccc2)O[C@H](CO)[C@H](O)[C@@H]1O[C@@H]1O[C@H](CO)[C@H](O)[C@H](O)[C@H]1O	5.800	5.473	0.327
6rj2	CC(=O)NS(=O)(=O)c1ccc([C@@H](C)NC(=O)c2cc(-c3ccccc3)nn2C)cc1	7.000	6.752	0.248
5wpb	O=C([O-])CCc1nc2ccccc2nc1OCc1ccccn1	3.570	5.252	1.682
6e6j	CCNC(=O)c1cc2c(-c3cc(C(C)(C)O)ccc3Oc3c(C)cc(F)cc3C)cn(C)c(=O)c2[nH]1	8.100	9.106	1.006
3hqy	c1ccc2nc(COc3ccc(-c4n[nH]cc4Cc4ccncc4)cc3)ccc2c1	7.940	7.636	0.304
6o4w	COc1cc2c(cc1OC)C(O)[C@H](C[C@H]1CC[N@H+](Cc3ccccc3)CC1)C2	8.470	6.693	1.777
4flh	COc1ncc(Nc2ncc([C@@H](C)[N+]3CCN(S(C)(=O)=O)CC3)cc2-c2nc(C)nc(N)n2)cc1F	9.000	6.996	2.004
5lxp	C[C@@H](Cn1cc(CNC(=O)CCCC(=O)Nc2cccc(C(N)=O)c2)nn1)c1ccccc1	6.120	5.668	0.452
4txs	N#CCc1ccc(O)cc1	3.000	5.050	2.050
1oxn	CC(C)[C@H](NC(=O)[C@H](C)NC(=O)[C@H](CCC(=O)[O-])NC(=O)[C@H](C)[NH3+])C(=O)[O-]	5.680	5.765	0.085
4ayr	OC[C@H]1C[NH2+][C@@H](O)[C@@H](O)[C@@H]1O	7.000	5.491	1.509
3cde	CC(C)CCn1nc(-c2cccs2)c(O)c(C2=Nc3ccc(NS(C)(=O)=O)cc3S(=O)(=O)N2)c1=O	7.660	6.863	0.797
5o7n	O=C([O-])[C@H]1CCCCN1C(=O)[C@@H](CS)Cc1ccccc1	6.520	6.364	0.156
6c5t	Cc1c(C)n(Cc2ccc(C(C)(C)C(=O)[O-])cc2)c2ccc(C(=O)N[C@H](C)c3cccc(C4CC4)c3)cc12	6.970	8.400	1.430
4pv7	CS(=O)(=O)n1c(-c2ccc(Cl)cc2Cl)c(C[NH3+])c2ccccc21	6.630	6.780	0.150
6mvu	CC(=O)Oc1ccc([N+](=O)[O-])cc1	2.890	4.449	1.559
2gg8	COC(=O)[C@@H](CC(C)C)NC(=O)[C@H](C)NC(=O)[C@@H](O)[C@H]([NH3+])c1ccc(C)cc1	4.600	5.920	1.320
6ncj	Cc1nc2c(c(-c3cc(F)c4c(c3C)CCCO4)c1[C@H](OC(C)(C)C)C(=O)[O-])C[N@@H+](C[C@H]1C[C@H]1c1ccccc1)CC2	7.620	9.510	1.890
4nxo	O=C(C[C@@H](Cc1ccc2ccccc2c1)n1cc(CNC(=O)c2ccc(F)cc2)nn1)NO	7.220	7.041	0.179
4a23	CNC(=O)c1cc([N+](=O)[O-])c(N(C)C)cc1OC	5.890	5.617	0.273
6ew7	O=C([O-])c1ccc(Nc2ncc(Cl)c(Nc3ccc(F)cc3)n2)cc1Cl	5.540	5.949	0.409
5hbh	COCC[N@H+]1CCCC12CCN(c1c(Cl)cncc1-c1ccc3c(c1)CS(=O)(=O)N3C)CC2	7.310	7.768	0.458
5uwm	CNC(=O)[C@H](NC(=O)c1ccc(-c2ccc(CSc3nc4c(c(=O)[nH]3)CCC4)cc2)o1)C(C)C	6.450	7.785	1.335
2cmc	CC(=O)NC(Cc1ccccc1)C(=O)NC(Cc1ccc(C(F)(F)P(=O)(O)O)cc1)C(N)=O	5.760	6.237	0.477
5myv	Cc1ccc(C(=O)Nc2cc(C(F)(F)F)ccc2N2CC[NH+](C)CC2)o1	7.510	5.780	1.730
5xvf	Cn1cnc(Nc2nc(N3CCC([NH3+])CC3)nc3ccc(Cl)cc23)c1	6.150	7.399	1.249
3uib	C[S@@+](O)c1ccc(-c2nc(-c3ccc(F)cc3)c(-c3ccncc3)[nH]2)cc1	6.800	7.451	0.651
4o55	Cc1nc(-c2nc3ccc(Cl)cc3[nH]2)c(C)c(-c2ccccc2)c1[C@H](OC(C)(C)C)C(=O)[O-]	5.300	7.481	2.181
1t1s	O=P(O)(O)C(Nc1ccc(Cl)cn1)P(=O)(O)O	5.150	4.864	0.286
1n7i	Clc1ccc2c(c1Cl)C[NH2+]CCC2	6.590	6.041	0.549
4o2a	N#CCCNc1nonc1-c1nc2ccccc2n1CC(=O)c1ccc(N)cc1	5.740	7.489	1.749
3zmp	CC([NH3+])C(=O)NC(Cc1ccc(C(F)(F)P(=O)(O)O)cc1)C(=O)NC(C)C(=O)O	5.670	6.070	0.400
2xwd	CC/N=C1/OC[C@@H]2[C@@H](O)[C@H](O)[C@@H](O)[C@H](O)N12	6.960	5.028	1.932
5hbj	Cn1ncc2cc(-c3cnc(N)c(Cl)c3N3CCC4(CCNC4=O)CC3)ccc21	8.640	8.593	0.047
3qcl	O=C([O-])c1ccc(C#CCCO)cc1SCc1ccc(Cl)c(Cl)c1	5.400	7.268	1.868
6ps0	CC(C)[NH2+]C[C@H](O)COc1cccc2[nH]c3ccccc3c12	9.940	6.356	3.584
3p50	CC(C)c1cccc(C(C)C)c1O	4.620	4.378	0.242
4bdd	CC(C)(C)NC(=O)Nc1ccc2nccnc2c1	4.430	4.863	0.433
5hh4	O=C(O)c1cccc(CP(=O)(O)O)n1	5.960	5.717	0.243
2vd4	COCCCN(C(=O)c1ccc(Cl)cc1)[C@H]1CCC[N@@H+](CCc2ccccc2)C1	4.740	7.082	2.342
4nah	CCc1cc(Sc2ncc(C(=O)[O-])[nH]2)nc([C@H]2CCCC[C@@H]2C(=O)NCc2ccc(Cl)c(Cl)c2)n1	6.310	9.001	2.691
3o9b	CC[C@H](C)CN(C[C@@H](O)[C@H](Cc1ccccc1)NC(=O)O[C@H]1CO[C@H]2OCC[C@@H]12)S(=O)(=O)c1ccc(CO)cc1	12.300	11.216	1.084
4fci	NC(=[NH2+])NC[C@H]([NH3+])C(=O)[O-]	1.260	4.040	2.780
4yad	COc1ccc(S(=O)(=O)Nc2ccc3c(c2)CCC(=O)N3C)c(OC)c1	5.600	5.159	0.441
4pkt	Cc1cc(S(=O)(=O)N(Cc2ccc([N+](=O)[O-])cc2)[C@H](C)C(=O)NO)ccc1F	4.830	7.343	2.513
5mar	OCCCc1nc(-c2ccc(Cl)cc2)no1	4.390	5.849	1.459
6s7k	CNS(=O)(=O)c1ccc(OC)c(NC(=O)Cc2n[nH]c(=O)c3ccccc23)c1	4.240	6.399	2.159
5vo2	CC(C)n1nc(-c2cnc(N)c(C(F)(F)F)c2)cc1[C@H]1CC[N@H+](C2COC2)CC1	6.810	6.118	0.692
2za3	O=c1ccn(C2OC(COP(=O)(O)O)C(O)C2O)c(=O)[nH]1	3.680	4.650	0.970
3m8p	Cc1cc(C#N)cc(C)c1Oc1nc(Nc2ccc(C#N)cc2)nc(N)c1Br	8.680	6.959	1.721
3e51	CC(C)CCn1nc(N2CCCC2)c(O)c(C2=Nc3ccc(NS(C)(=O)=O)cc3S(=O)(=O)N2)c1=O	7.850	7.695	0.155
1yrs	CC(=O)N1N=C(c2ccccc2Cl)C[C@H]1c1cccc(O)c1	6.350	5.946	0.404
3h5s	Cc1cc(CN2C(=O)C(C3=NS(=O)(=O)c4c3ccc3c4CN(S(C)(=O)=O)CC3)=C(O)[C@@H]2C(C)(C)C)ccc1F	8.300	7.956	0.344
4q15	O=C(C[C@H]1[NH2+]CCC[C@@H]1O)C[n+]1c[nH]c2cc(Br)c(Cl)cc2c1=O	7.960	6.622	1.338
4xct	CC(C)ON([C@@H](C(=O)N=O)C(C)C)S(=O)(=O)c1ccc(-c2ccccc2)cc1	8.170	7.051	1.119
3dej	CC(=O)O[C@H](C(=O)Nc1cccc2c1C(=O)C(=O)NC2=O)c1cccc(Cl)c1	8.000	5.858	2.142
4yuw	C[C@H]1CC[C@H]([NH3+])CC1	5.770	4.929	0.841
4feq	O=C(NCCCN1CCCC1=O)c1cnc(NCCc2ccncc2)nc1NC1CCCC1	5.960	7.121	1.161
2p99	N=NC(=O)c1ccc(-c2ccccc2Cl)o1	5.940	5.639	0.301
4wh7	N#Cc1ccc(O)cc1F	2.300	5.442	3.142
5u9d	CNC(=O)[C@H]1Cc2c([nH]c3ccccc23)CN1C(=O)c1occc1CNc1ccc2nccnc2c1	9.260	6.422	2.838
6nlj	O=C1NC(=O)c2c(NCc3cccc(O)c3)cccc21	4.820	6.147	1.327
4n98	O=C([O-])c1ccc(-c2ccc(F)cc2)cc1	3.550	4.788	1.238
1toi	O=C([O-])CCc1ccccc1	4.050	4.457	0.407
5aib	O=C1COc2ccc(Cl)cc2N1	3.800	4.901	1.101
1gt4	CCCCCCCCCCC=O	6.520	5.915	0.605
5cei	CNC(=O)c1cc2c(Oc3ccc(I)cc3)cncc2s1	8.280	7.610	0.670
2idk	CN1c2c([nH]c(=[NH2+])[nH]c2=O)NC[C@@H]1CNc1ccc(C(=O)N[C@@H](CCC(=O)[O-])C(=O)[O-])cc1	5.540	6.173	0.633
6ewe	O=C([O-])/C(S)=C/c1csc2ccccc12	5.510	5.349	0.161
2xp5	Cc1[nH]c(-c2ccccc2)nc1C(=O)[O-]	3.440	5.476	2.036
5ai6	Brc1cccc2ncccc12	4.400	4.575	0.175
2wtc	COc1cc(-c2cnc(N)c(-c3ccc(C(N)=O)cc3)c2)ccc1O	6.510	5.899	0.611
4gbz	CCCCCCCCCO[C@@H]1O[C@H](CO)[C@@H](O)[C@H](O)[C@H]1O	3.110	5.618	2.508
3evf	C[n+]1cn(C2OC(COP(=O)(O)O)C(O)C2O)c2nc(N)[nH]c(=O)c21	6.770	5.457	1.313
4xe0	CC[C@H](Nc1ncnc2nc[nH]c12)c1nc2cccc(F)c2c(=O)n1-c1ccccc1	7.720	7.407	0.313
6ovc	O=C(NS(=O)(=O)Cc1ccccc1)c1ccc2c(c1)N(CC1CCC1)C[C@H](c1ccc(Cl)cc1Cl)O2	6.520	8.119	1.599
6nzt	CC[C@H]1[C@@H](C(=O)N[C@]2(C(=O)NS(=O)(=O)C3(C)CC3)C[C@H]2C(F)F)N2C[C@@H]1Oc1nc3cc(OC)ccc3nc1C(F)(F)CCCC[C@@H]1C[C@H]1OC(=O)N[C@@H](C(C)(C)C)C2=O	10.200	10.197	0.003
3tvw	O=C(c1cccc(-c2ccn[nH]2)c1)N1CC[N+](CC2=Cc3ccccc3OC2)CC1	4.430	5.814	1.384
5wbf	C[C@@H](O)C(=O)[O-]	3.810	4.314	0.504
6f5l	CC(C)C[C@H](NC(=O)O[C@@H](CCC(=O)[O-])C(=O)[O-])C(=O)[O-]	9.190	4.863	4.327
4z8d	O=C(NC[C@H]1CC[C@@H](C(=O)[O-])CC1)OCc1ccccc1Cl	5.220	5.014	0.206
5ega	O=C(N/N=C/c1cc(O)c(O)c(O)c1)c1cc(O)c(O)c(O)c1	5.060	4.889	0.171
5l2z	Cc1cc2ccc1[C@@H](C)COC(=O)Nc1ccc(C3(C(=O)[O-])CCCCC3)c(c1)CN(C)C(=O)[C@@H]2Nc1ccc2c(N)ncc(F)c2c1	10.220	8.092	2.128
1i32	COc1cc(OC)cc(C(=O)N[C@@H]2[C@H](O)[C@@H](CO)O[C@H]2n2cnc3c(NCc4cccc5ccccc45)ncnc32)c1	5.700	7.359	1.659
2wey	COc1ccc(Cc2nccc3cc(OC)c(OC)cc23)cc1OC	7.120	6.123	0.997
6mdc	C[C@@H]1OCC2(CCN(c3[nH+]c4[nH]nc(-c5ccnc(NC6CC6)c5Cl)c4c(=O)n3C)CC2)[C@@H]1[NH3+]	7.440	9.109	1.669
5v35	C/C=C(\C)CC/C=C(\C)CCC=C(C)C	6.960	5.120	1.840
1hnn	NS(=O)(=O)c1ccc2c(c1)C[NH2+]CC2	6.240	5.986	0.254
4ucv	COc1ccc(O)c2nc(C)c(C)nc12	2.880	5.269	2.389
3vsx	CC(C)[C@H](C[C@H](O)[C@@H]([NH3+])C[N+]1CC(=O)N(c2ccccc2Cl)CC1(C)C)C(=O)NCC(C)(C)C(N)=O	8.850	8.235	0.615
3e8r	NC(=O)C1(Cc2ccc(OCc3cc(-c4ccccc4)nc4ccccc34)cc2)C[C@@H]1C(=O)NO	9.740	7.392	2.348
5vt1	Cc1ccc(Nc2nsnc(Nc3ccc(C(N)=O)cc3)c2=O)cc1O	4.300	4.548	0.248
3b2t	CP(=O)(O)OP(=O)(O)OCC1OC(n2cnc3c(N)ncnc32)C(O)C1O	5.210	5.534	0.324
2v16	CCCCNC(=O)[C@H](C)C[C@H](O)[C@@H]([NH3+])CC(C)(C)CC(=O)N1C[C@H](C(=O)OC)Cc2ccccc21	8.220	6.467	1.753
3tv5	O=C(c1c2ccccc2cc2ccccc12)N1CCC([N+]2CCC[C@@H](C(=O)N3CCOCC3)C2)CC1	5.320	5.633	0.313
6b31	CCn1c(=O)c2cc(NC(=O)C[C@H](C)CC(=O)Nc3ccc(C#N)c(Cl)c3)ccc2n(CC)c1=O	8.440	7.661	0.779
5tc0	CS(=O)(=O)N1CCO[C@H](c2csc(-c3ccccc3NC(=O)c3ncc[nH]3)n2)C1	7.600	8.602	1.002
6i78	CNc1c(F)c(F)c(-c2cn([C@@H]3[C@@H](O)[C@H](Sc4ccc(C)cc4)O[C@H](CO)[C@@H]3O)nn2)c(F)c1F	4.740	5.809	1.069
4wmu	Cc1cc(OCCCc2c(C(=O)[O-])[nH]c3cc(Cl)ccc23)cc(C)c1Cl	6.740	6.089	0.651
3dxg	O=c1ccn(C2OC(COP(=O)(O)O)C(O)C2O)c(=O)[nH]1	2.400	4.659	2.259
5mgl	CNC(=O)c1cc(Cl)ccn1	3.300	5.355	2.055
5xs2	NC(=O)c1[nH]cc(-c2ccncc2)c1Cl	8.300	6.289	2.011
1rgl	Nc1nc2c(ncn2C2OC(CO)C(O)C2OP(=O)(O)O)c(=O)[nH]1	4.430	5.453	1.023
4pvt	O=C([O-])[C@@H](S)Cc1c(Cl)ccc(Cl)c1Cl	6.520	5.503	1.017
5ndb	O=C([O-])[C@@H]1[CH]S[C@H]2[C@@H]1C(O)(O)C2(Cl)Cl	4.660	4.244	0.416
5twl	C[NH+](C)C[C@H]1CC[C@H](N2C(=O)NCc3cnc4ccc(-c5cc(Cl)c(O)c(Cl)c5)cc4c32)CC1	7.980	7.519	0.461
5akk	O=C1Cc2ccc(Br)cc2N1	4.000	4.523	0.523
2pj6	CC(C)C(NS(=O)(=O)CCc1ccccc1)P(=O)(O)CC(C(=O)O)c1cccc(C[NH3+])c1	7.310	6.468	0.842
4wp7	CC(C)CCn1c(C[NH+]2CCN(C(=O)c3ccco3)CC2)nc2c1c(=O)n(C)c(=O)n2C	6.100	7.751	1.651
4pvo	Cn1c(O)c(Cc2c(Cl)ccc(Cl)c2Cl)sc1=S	6.310	5.840	0.470
3vyd	CC(C)CCNC(=O)[C@@H]1C[NH2+]C[C@H](C[N+]2CC(=O)N(c3ccccc3Cl)CC2(C)C)C1	6.390	7.040	0.650
4mds	CCC(C)(C)NC(=O)[C@@H](c1cccn1C)N(C(=O)Cn1nnc2ccccc21)c1ccc(NC(C)=O)cc1	5.210	7.433	2.223
3vjk	Cc1cc(N2CC[NH+]([C@@H]3C[NH2+][C@H](C(=O)N4CCSC4)C3)CC2)n(-c2ccccc2)n1	9.430	7.439	1.991
1b9s	CCC(CC)C(=O)Nc1cc(C(=O)[O-])ccc1NC(C)=O	3.180	5.185	2.005
5l8o	C[C@H](CCC(=O)[O-])[C@H]1CC[C@H]2[C@H]3[C@H](C[C@H](O)[C@@]21C)[C@@]1(C)CC[C@@H](O)C[C@H]1C[C@H]3O	3.380	6.249	2.869
2rip	[NH3+][C@H]1CN(C(=O)c2cnc3ccccc3n2)C[C@H]1C(=O)N1CCCC1	7.190	5.510	1.680
1g4k	CC1(c2ccc(Oc3ccccc3)cc2)C(=O)NC(=O)NC1=O	5.700	5.716	0.016
5z95	COCCOCCOCCOCCOCCOc1ccc(C(C)(C)CC(C)(C)C)cc1	6.550	6.420	0.130
2giu	CCCC[C@@]12CCC(=O)C(Br)=C1c1ccc(O)cc1C2	8.820	6.596	2.224
2g0g	O=S(=O)(Nc1cc(-c2cccs2)nn1-c1ccc(F)cc1)c1cccc(F)c1	6.290	6.722	0.432
5i5x	Cc1c(C(=O)Nc2nncs2)sc2nc[nH]c(=O)c12	6.700	6.088	0.612
2yhd	Oc1ccc(C2Nc3cccc4cccc(c34)N2)cc1O	4.640	5.626	0.986
3n8n	CC(C)(C)NC(=O)C1C[C@@](O)(C(=O)[O-])C[C@@H](O)[C@@H]1O	4.570	4.720	0.150
4ps7	CC(=O)Nc1nc2ccc(-c3cccnc3)cc2s1	7.410	5.418	1.992
6e4f	O=C(c1ccc(Oc2ccccc2)cc1Cl)c1c[nH]c2ncnc(N[C@@H]3CC[C@@H](CO)OC3)c12	9.070	7.005	2.065
3cj3	Nc1ccc(Br)cc1C(=O)N1CCC[C@@H]1Cc1ccccc1Cl	4.240	5.525	1.285
6hry	CCCNC(=O)Nc1cccc(C)n1	4.000	5.340	1.340
4iu1	[NH2+]=C(N=O)NCC[C@H]([NH3+])C(=O)[O-]	4.300	5.196	0.896
3i0r	Cc1ccc2c(c1)CCCN2C(=O)SCC(=O)Nc1ccc(S(N)(=O)=O)cc1Cl	8.520	5.836	2.684
1tfz	COc1ccc(-c2c(S(C)(=O)=O)ccc(C(=O)[C@@H]3C=NN(C(C)(C)C)C3=O)c2C)cc1	8.150	7.505	0.645
4ezj	CC(C)(O)[C@H]1CC[N@H+](Cc2ccc3nc(-c4c(F)ccc5[nH]ccc45)nc(N4CCOCC4)c3n2)CC1	8.420	8.512	0.092
2ycq	C/C(=N\Nc1ncc[nH]1)c1ccc(NC(=O)c2cc3cccc([N+](=O)[O-])c3[nH]2)cc1	9.850	6.930	2.920
5owa	Cc1nc(C)c(C(=O)Nc2nc(C[N@H+]3C[C@@H](C)C[C@@H](C)C3)cs2)o1	5.460	6.582	1.122
2o1c	O=P(O)(O)OP(=O)(O)O	4.720	4.236	0.484
1ahx	O=C([O-])CCc1ccccc1	3.920	4.458	0.538
3juq	O=C([O-])c1cc(Br)ccc1N[C@@H]1CCC[NH2+]C1	4.910	5.317	0.407
5v3o	O=C1CC[C@H](N2Cc3c(OCc4ccc(C[NH+]5CCOCC5)cc4)cccc3C2=O)C(=O)N1	7.220	7.655	0.435
4jdf	N/C=C/CC[NH2+]CCC[NH3+]	2.190	5.643	3.453
5n2d	COc1cc(OCc2cccc(-c3ccccc3)c2C)cc(OC)c1C[NH2+]CCNC(C)=O	8.220	6.409	1.811
3btc	CN(C)c1ccc(C(c2ccccc2)c2ccc(N(C)C)cc2)cc1	5.750	4.840	0.910
1jdj	Fc1nc(Cl)c2nc[nH]c2n1	2.300	5.675	3.375
4nak	Oc1c(Br)cc(Br)cc1-c1[nH]c(Br)c(Br)c1Br	5.850	5.455	0.395
5a6n	NS(=O)(=O)c1cccc(-c2nn[nH]n2)c1	4.280	5.315	1.035
5xpm	C=C1[C@H](O)CC(=C/C=C2\CCC[C@@]3(C)[C@H]2CC[C@@H]3[C@H](C)[C@@H](CCCC)CC[C@H](OC)c2ccc(O)cc2)C[C@H]1O	7.640	8.702	1.062
3btl	CN(C)c1ccc(C(c2ccccc2)c2ccc(N(C)C)cc2)cc1	5.960	4.836	1.124
4d2t	[NH3+]CCCOc1cc(-c2cn[nH]c2)ccc1C(=O)Nc1ccccc1	6.000	6.265	0.265
4dwg	CCCCCCC[NH2+]CC(P(=O)(O)O)P(=O)(O)O	7.240	6.714	0.526
1yvf	O=C([O-])/C(=C/c1ccc(Oc2ccccc2Br)cc1)NC(=O)c1ccccc1	7.000	5.461	1.539
3dkg	Cn1cc(-c2ccc3nnc(Sc4ccc5ncccc5c4)n3n2)cn1	5.000	6.879	1.879
1vru	CC(=O)c1ccc(C)cc1N[C@H](C(N)=O)c1c(Cl)cccc1Cl	7.000	4.953	2.047
2i0g	Oc1ccc([C@@H]2Oc3ccc(O)cc3[C@@H]3CCC[C@@H]32)cc1	9.720	6.725	2.995
4oue	CC(C)S[C@@H]1O[C@H](CO)[C@H](O)[C@H](O)[C@H]1O	3.300	4.937	1.637
2y68	O=C([O-])/C=C/C(=N/C(=O)c1cc(CNc2ccc(/C=C3\SC(=S)NC3=O)cc2)ccc1F)C(=O)[O-]	3.600	7.571	3.971
3eq7	O=C([C@@H]1CC(F)(F)CN1C(=O)CCN1C(=O)c2ccccc2C1=O)N1CCCC1	9.090	6.181	2.909
5ddc	FC(F)(F)Cc1cc2c(N3CCN(c4nnc(C(F)(F)F)s4)CC3)ncnc2s1	7.040	6.837	0.203
4jxv	O=C([O-])c1ccc(CCNS(=O)(=O)c2ccsc2C(=O)[O-])cc1	4.510	4.997	0.487
1kr3	CO[C@@H]1O[C@@H](C)Cc2oc3cc(O)c(O)c(C(=O)[O-])c3c(=O)c21	5.000	5.496	0.496
5vsd	CCCN(C)c1nc(N[C@H]2CC[N@H+](C)CC2)c2cc(OC)c(OC)cc2n1	7.240	5.815	1.425
3ogp	CC(C)CN(C[C@@H](O)[C@H](Cc1ccccc1)NC(=O)O[C@H]1CO[C@H]2OCC[C@@H]12)S(=O)(=O)c1ccc(N)cc1	7.440	9.829	2.389
2jk7	CC[C@H]([NH2+]C)C(=O)N[C@H]1CCCC[C@H]2CC[C@@H]([C@@H](O)[NH2+]C(c3ccccc3)c3ccccc3)N2C1=O	7.170	8.284	1.114
2f71	CNC(=O)[C@@H]1Cc2ccc(NS(=O)(=O)[O-])cc2CN1C(=O)CCc1cccc(C(=O)[O-])c1	5.600	5.927	0.327
5w5j	O=C(Nc1ccccc1Cl)c1cnn2ccccc12	5.820	6.180	0.360
5cgd	N#Cc1cc(Cl)cc(-c2cc(-c3ccc(F)cn3)ncn2)c1	9.300	6.945	2.355
1gt5	OC(c1ccccc1)c1ccccc1	6.100	4.788	1.312
4zxy	Nc1nccc2cc(N[C@H]3C(=O)NCc4cccc(c4)NC(=O)CCCc4ccc3cc4)ccc12	6.400	7.435	1.035
2yoh	Cc1cn([C@@H]2C[C@H](O)[C@@H](CNC(=O)Nc3ccc([N+](=O)[O-])cc3)O2)c(=O)[nH]c1=O	4.960	4.841	0.119
3n1w	O=C([O-])Cc1csc2ccc(Cl)cc12	3.300	5.616	2.316
4o24	CC(C)CN1C(=O)/C(=C/c2ccc(O)cc2)SC1=S	4.300	6.207	1.907
5qa4	Cc1ccccc1-c1cccc(C(=O)[O-])c1	3.770	5.139	1.369
2qwg	CCN(CC)C(=O)[C@@H]1OC(C(=O)[O-])=C[C@H]([NH3+])[C@H]1NC(C)=O	3.640	5.482	1.842
5whc	C[N@H+]1CC[C@H](c2noc(-c3ccc(O)cc3)n2)CC1	4.920	6.134	1.214
6h9v	CO[C@@H]1O[C@@H](C)[C@@H](O)[C@@H](O)[C@@H]1O	0.660	5.092	4.432
1r6g	O=C([O-])Cc1cc(Br)c(Oc2ccc(O)c(C(=O)NCCc3ccccc3)c2)c(Br)c1	9.210	6.205	3.005
4q3q	[NH3+][C@@H](CCCCB(O)(O)~[OH-])C(=O)[O-]	5.890	5.234	0.656
1lt5	OC[C@H]1O[C@@H](S[C@@H]2O[C@H](CO)[C@H](O)[C@H](O)[C@H]2O)[C@H](O)[C@@H](O)[C@H]1O	2.700	4.332	1.632
1x6u	O=C(O)C1(O)CC(O)C(O)C(C(O)COP(=O)(O)O)O1	3.220	6.631	3.411
5jqb	CC(C)Cc1ccc([C@H](C)C(=O)[O-])cc1	2.220	5.181	2.961
5alm	CSc1ccc(O[C@]2(C)CC[N@@H+](CC3CC3)C2)cc1	6.530	5.477	1.053
3qci	Nc1cccc(S(=O)(=O)NC(=O)c2sccc2SCc2ccc(Cl)c(Cl)c2)c1	5.420	6.462	1.042
4gfd	Cc1cn([C@H]2CCC[N+]([C@H](CC(C)(C)C)c3ccc(C(=O)[O-])c(Oc4cccc(Br)c4)c3)C2)c(=O)[nH]c1=O	9.480	7.111	2.369
1swp	O=C([O-])CCCC[C@@H]1SC[C@@H]2NC(=O)N[C@H]12	11.000	8.211	2.789
5akz	CNC(=O)NC1CCCCC1	5.260	5.489	0.229
4p2t	CS(=O)(=O)NC(=O)c1ccc(NC(=O)c2cccc(CC3CCCCC3)n2)c(Cc2ccccc2)c1	5.430	7.490	2.060
1g9t	Nc1nc2c(ncn2C2OC(COP(=O)(O)O)C(O)C2O)c(=O)[nH]1	3.280	5.389	2.109
5yfz	Cc1n[nH]c2c1[C@](c1cc(F)cc(N3CCC(CC(=O)[O-])CC3)c1)(C(C)C)C(C#N)C(=N)O2	6.960	9.387	2.427
1ek1	O=C(Nc1ccc(I)cc1)NC1CCCCC1	7.770	6.609	1.161
5ctb	Cc1cc2c(cc1C)C(=O)CC1(CCN(C(=O)c3cc(C)c4[nH]ncc4c3)CC1)O2	7.640	7.257	0.383
3uph	CS(=O)(=O)NC(=O)c1c(C2C=CC=NC2=O)c2c3occc3ccc2n1Cc1cc(F)ccc1F	7.820	7.515	0.305
4ovz	C[C@H](c1cccc2ccccc12)[N@H+]1CC[C@H](C(=O)NCc2ccc(F)cc2)CC1	6.310	5.917	0.393
5trr	CCN(CC)C(=O)C[C@H](NC(=O)CCc1ccccc1)C(=O)N[C@@H](C)C(=O)NCc1cccc2ccccc12	7.390	6.540	0.850
5enj	CC(=O)N(C)Cc1c(Cl)cccc1Cl	2.300	4.428	2.128
2qtu	COCc1cc(O)cc2c1O[C@@H](c1ccc(O)cc1)[C@H]1CC(F)(F)C[C@@H]21	9.280	7.323	1.957
4wq3	O=C([O-])C(Cc1c[nH]c2cc(Br)ccc12)SS[C@@H](Cc1c[nH]c2cc(Br)ccc12)C(=O)[O-]	7.000	5.163	1.837
3u7s	CC(C)CN(C[C@@H](O)[C@H](Cc1ccccc1)NC(=O)O[C@H]1CO[C@H]2OCC[C@@H]12)S(=O)(=O)c1ccc(N)cc1	8.430	9.817	1.387
4oz3	FC(F)(F)c1n[nH]cc1-c1ccccc1	4.550	5.200	0.650
3zxh	CC(C)CCN([C@@H](C(=O)NO)C(C)C)S(=O)(=O)c1ccc2ccccc2c1	8.520	6.682	1.838
6gva	CC(C)c1[nH]nc2c(NCc3ccc(-c4ccccn4)cc3)nc(SCC[NH3+])nc12	8.220	7.016	1.204
4b71	CC[C@@H]([NH3+])c1ccc(Cl)c(Oc2ccccc2)c1F	5.890	6.869	0.979
5jpt	NC1=CCN(C2OC(COP(=O)(O)OP(=O)(O)O)C(O)C2O)C(=O)N1	4.600	5.221	0.621
6dgt	Cc1nc2c(-c3nnc[nH]3)cc(-c3ccnc(N)c3F)cc2n1-c1ccnc2c(F)ccc(F)c12	7.380	8.026	0.646
5f3t	COc1ccc(CC(=O)[O-])cc1-c1ccccc1	3.680	5.067	1.387
5wqj	NC(=O)c1ccsc1NC(=O)CSc1nc(=O)c2ccccc2[nH]1	5.520	5.240	0.280
5y48	O=C1CC=NC(=O)N1	5.850	4.916	0.934
6dug	Cc1cc(/C=C/C#N)cc(C)c1Oc1nc(N[C@H]2CC[N@H+](Cc3ccc(S(N)(=O)=O)cc3)CC2)nc2ccsc12	8.270	7.647	0.623
3s9z	O=C([O-])C(=O)/C=C(\O)c1ccccc1Br	6.220	4.712	1.508
3vhv	O=C1COc2ccc(C3=Nn4cnnc4S[C@H]3c3ccccc3)cc2N1	6.290	6.814	0.524
4c1h	C[C@H](CS)C(=O)N1CCC[C@H]1C(=O)[O-]	4.090	5.244	1.154
5yg2	Cc1n[nH]c2c1[C@](c1cc(F)cc(N3CCC(CCC(=O)[O-])CC3)c1)(C(C)C)C(C#N)=C(N)O2	6.890	7.324	0.434
1qxz	CSCC[C@H]([NH3+])C(O)(O)c1nccs1	4.720	5.361	0.641
3uih	CC[C@H](C)[C@H](NC(=O)[C@@H]1CCCN1C(=O)[C@@H](NC(=O)[C@H](C)[NH3+])C(C)C)C(=O)[O-]	3.920	5.300	1.380
5yjo	CCCOC(=O)N1CCN(C(=O)c2ccc3cc4c(nc3c2)C[C@H](C[NH3+])CC4)[C@@H](C)C1	7.170	6.630	0.540
4cix	O=C([O-])[C@]1(O)C=C([C@@H](O)Cc2ccccc2)[C@@H](O)[C@H](O)C1	4.470	5.901	1.431
1jii	[NH3+][C@@H](Cc1ccc(O)cc1)C(=O)N[C@H](C(=O)[O-])[C@H]1[C@H](O)[C@]2(O)CO[C@@H]([C@@H]2O)[N@@H+]1O	9.000	7.228	1.772
5ylj	COc1ccc(/C=C/C(=O)c2ccc(OC)c3c2OC(C)(C)CC3)cc1	3.860	6.559	2.699
3mct	Cn1c(N)ccnc1=O	4.070	5.208	1.138
5x73	O=C1c2ccccc2N[C@@H](c2ccccc2F)N1c1ccccc1	6.740	6.513	0.227
5f04	C[NH2+]Cc1ccc(N2CCCN(C(=O)CCC3CCCC3)C2)cc1	4.000	6.210	2.210
2pj7	CC(C)C(NS(=O)(=O)c1ccccc1)P(=O)(O)CC(C(=O)O)c1cccc(C[NH3+])c1	7.770	6.420	1.350
4xua	Cc1cn(CCn2cnc(-c3ccccc3)c2-c2ccc(C#N)cc2)nn1	4.590	7.122	2.532
2y67	O=C([O-])CC[C@@H](NS(=O)(=O)c1ccc(COc2ccc(/C=C3\SC(=O)NC3=O)cc2)cc1)C(=O)[O-]	3.530	6.860	3.330
4qsw	C=C1CN([C@@H]2O[C@H](CO)[C@@H](O)[C@H]2O)C(=O)NC1=O	1.680	5.004	3.324
4mm5	C[NH2+][C@H]1CC[C@@H](c2ccc(Cl)c(Cl)c2)c2ccccc21	7.740	5.975	1.765
4mp7	O=C(c1ccc(O)cc1O)n1cc2ccccc2c1	5.740	5.097	0.643
4e8w	COc1cccc(OC)c1-c1cnnc(NCc2nc3cc(OCC(=O)[O-])ccc3s2)n1	6.090	6.601	0.511
2q6h	C[NH+](C)CCCN1c2ccccc2CCc2ccc(Cl)cc21	3.600	4.431	0.831
4kzc	CC(=O)Nc1cn2cc(-c3cnc(N)c(C(F)(F)F)c3)ccc2n1	8.090	5.146	2.944
5zh5	C[C@H]1CCC[C@H](C[C@@H]2Cc3cc(O)cc(O)c3C(=O)O2)O1	5.330	5.775	0.445
4ewh	C[N+](C)CCOc1ccc(-c2[nH]c3ncnc(NCC4SCCS4)c3c2-c2ccccc2)cc1	9.520	7.159	2.361
1tvr	CC(C)=CC[N@H+]1Cc2cc(Cl)cc3[nH]c(=S)n(c23)C[C@@H]1C	7.480	6.507	0.973
4m3g	Cc1nc(-c2ccc(S(=O)(=O)NCCC(F)(F)F)cc2)cs1	6.260	6.003	0.257
3wc7	CC(C)C(NC(=O)CCc1ccccc1)P(=O)(O)CC(CCCCC[NH3+])C(=O)O	8.260	7.586	0.674
4ypf	Nc1cnc2ccccc2c1	2.700	4.646	1.946
5wdw	O=C(NC[C@@H]1Cc2ccccc2O1)c1nc([C@@H]2CCCN2C(=O)CSc2ccccc2Cl)[nH]c(=O)c1O	6.540	6.350	0.190
6cwi	CO[C@@H]1O[C@@H]2CO[C@](C)(C(=O)[O-])O[C@H]2[C@H](O)[C@@H]1NC(C)=O	7.540	5.574	1.966
1gni	CCCCCCCC/C=C\CCCCCCCC(=O)[O-]	8.070	5.862	2.208
3bla	C[C@H](Oc1cccc2nc(N)nc(N)c12)c1cccc(Cl)c1	8.700	6.885	1.815
4ajw	Cn1c(Cc2nc(N3CCOCC3)cc(=O)[nH]2)nc2ccccc21	5.860	5.886	0.026
4q1n	CCOC[C@@H](CC(C)C)NC(=O)[C@@H]1C[NH2+]C[C@H](C(=O)N(c2ccc(C(C)C)cn2)C2CC2)[C@@H]1O	9.700	7.445	2.255
2wxk	C[N+]1CCN(c2nc3ccccc3cc2Cn2nc(-c3ccc4nc(N)sc4c3)c3c(N)ncnc32)CC1	9.300	8.682	0.618
6i74	Cc1ccc(S[C@@H]2O[C@H](CO)[C@H](O)[C@H](n3cc(-c4c(F)c(F)c(F)c(F)c4F)nn3)[C@H]2O)cc1	5.470	5.610	0.140
3dek	O=C(CCC(=O)Nc1ccc2c(c1)C(=O)C(=O)NC2=O)Nc1cccc(OCCF)c1	7.570	6.164	1.406
2xbj	COC1Cc2nc(-c3cc(F)ccc3O)nc(N[C@@H]3C[NH2+]C[C@H]3C(C)(C)O)c2CC1OC	8.520	7.664	0.856
4f8h	C[NH2+][C@@]1(c2ccccc2Cl)CCCCC1=O	4.240	5.065	0.825
4jyu	CCOc1cc([C@@H](Nc2ccc3c(N)nccc3c2)C(=O)NS(=O)(=O)c2ccccc2)ccc1OC(C)C	8.000	6.767	1.233
2hj4	[NH3+]Cc1ccc([N+](=O)[O-])cc1	5.370	4.149	1.221
4w4s	O=P(O)(O)C(O)(Cc1cccc(C2CC=Cc3c2oc2ccccc32)c1)P(=O)(O)O	5.020	7.150	2.130
5agv	CC(=O)N(C)[C@H](C(=O)N1C[C@H](C)C[C@H]1C(=O)N(C)[C@@H]1C(=O)N[C@@H](CC(C)C)C(=O)N2C[C@H](C)C[C@H]2C(=O)N[C@@H](CC(C)C)C(=O)N(C)[C@@H](C(C)C)C(=O)N2C[C@H](C3CCCCC3)C[C@H]2C(=O)N(C)[C@H](CC(C)C)C(=O)NCC(=O)O[C@@H]1C)C(C)C	9.700	8.808	0.892
4umr	O=C(Nc1ccc2c(c1)C[NH2+]CC2)c1ccc(F)cc1	3.800	6.396	2.596
4c1d	C[C@H](CS)C(=O)N1CCC[C@H]1C(=O)[O-]	5.360	5.225	0.135
2e93	O=P(O)(O)C(O)(Cc1cccc(-c2cccc3c2oc2ccccc23)c1)P(=O)(O)O	6.960	6.513	0.447
3guz	CC(C)(CO)[C@@H](O)C(=O)[O-]	4.380	4.455	0.075
6c98	CC(=O)C1C(C)=Nc2ncnn2[C@@H]1c1cccc(F)c1	4.100	7.126	3.026
6fty	NC(=O)c1cc2c(NC(=O)[C@@]34C[C@@H]5C[C@@H](C[C@@]([NH3+])(C5)C3)C4)cccc2[nH]1	2.700	5.607	2.907
2qh6	CCOC(=O)[C@@H]1[C@H]2O[C@H](C(c3ccc(O)cc3)=C2c2ccc(O)cc2)[C@@H]1C(=O)OCC	6.000	5.633	0.367
4x47	CC(=O)N[C@@H]1[C@@H](O)C=C(C(=O)[O-])O[C@H]1[C@H](O)[C@H](O)CO	2.850	4.917	2.067
2aa9	O=C([O-])C1=C[C@@H](O)[C@@H](O)[C@H](O)C1	2.920	3.877	0.957
5n69	COC(=O)N1CC[NH+](C[C@H]2CCC[C@H]([NH2+][C@H](O)[NH2+][C@H]3CCC(C)=NC3)[C@@H]2F)CC1	6.540	6.341	0.199
4tpp	CC(=O)N1CCC(c2nc3ccccc3nc2OC2CN(c3ccc4ccccc4n3)C2)CC1	8.590	6.531	2.059
4mrh	Cc1cc(N)c(N)cc1Cl	1.900	4.912	3.012
4fxy	C[C@H](NC(=O)N[C@H]1[C@@H]2C[C@H]3C[C@@H](C2)C[C@@H]1C3)C(=O)N1CC[C@H](c2ccccc2Cl)N1c1ccccc1F	7.540	6.867	0.673
1tok	O=C([O-])/C=C\C(=O)[O-]	2.470	3.818	1.348
5qaw	O=C([O-])c1cccc(-c2ccc3ccccc3c2)c1	3.400	5.100	1.700
3ijz	CC(=O)c1ccc(N2C(=O)c3cccc(C)c3C2=O)cc1	5.220	5.110	0.110
3dei	CC(=O)O[C@H](C(=O)Nc1cccc2c1C(=O)C(=O)NC2=O)c1ccccc1	7.400	5.944	1.456
5vdv	Oc1c2ccccc2nc2nnnn12	3.700	5.749	2.049
6cdc	CC(C)C[C@H](NC(=O)CNC(=O)[C@@H]1CCC[NH2+]1)C(=O)N[C@@H](Cc1c[nH]c2ccccc12)C(=O)[O-]	5.600	6.164	0.564
5d29	O=C(CC[C@@H](Cc1ccc(C(=O)[O-])cc1)C(=O)[O-])NO	7.010	5.381	1.629
4nau	CCc1cc(-c2nc(O)c(C(N)=O)c(=O)[nH]2)nc([C@H]2CCCC[C@@H]2C(=O)NCc2ccc(Cl)c(Cl)c2)n1	9.060	7.451	1.609
5vee	CCN1c2nc(Nc3ccc(N4CC[NH2+]CC4)c(F)c3)ncc2C=C(c2ccc(Cl)cc2Cl)C1O	6.110	8.438	2.328
3g4f	CC(C)=CCC/C(C)=C/CC/C(C)=C(\F)COP(=O)(O)OP(=O)(O)O	4.520	4.964	0.444
5oxm	[NH3+][C@@H](CC(=O)[O-])C(=O)N[C@@H](CCC(=O)[O-])C(=O)[O-]	1.300	4.609	3.309
4g0l	[NH3+][C@@H](CCC(=O)N[C@@H](CS)C(=O)NCC(=O)[O-])C(=O)[O-]	5.190	4.706	0.484
2y1o	O=C([O-])CC[C@@H](NC(=O)c1cccc(NCc2ccc(/C=C3\SC(=S)NC3=O)cc2)c1)C(=O)[O-]	5.090	6.003	0.913
4ydq	O=C(C[C@H]1[NH2+]CCC[C@@H]1O)Cn1cnc2cc(Br)c(Cl)cc2c1=O	6.520	6.432	0.088
6fym	Cc1ccc2c(=O)[nH]c(CSc3ncccn3)nc2c1C	5.070	5.421	0.351
4v25	Cc1cnc(Cl)nc1-c1ccc(N(Cc2ccc(CNC(=O)C(F)F)cc2)C(=O)c2ccc(O)cc2O)cc1	7.080	7.942	0.862
6dcz	O=C([O-])c1occc(=O)c1O	7.170	4.699	2.471
1rth	CCN1c2cc([N+](=O)[O-])ccc2N(C)C(=O)c2cccnc21	6.400	5.523	0.877
2ww0	O[C@@H]1[C@H](O)C[N@@H+]2CCC[C@@H](O)[C@H]12	5.300	5.474	0.174
5abp	OC[C@H]1O[C@H](O)[C@H](O)[C@@H](O)[C@H]1O	6.640	4.055	2.585
5hbe	CN1c2ccc(-c3cncc(Cl)c3N3CCC4(CC3)CNC(=O)O4)cc2CS1(=O)=O	8.640	8.106	0.534
3hr1	Cn1cc(-c2ccncc2)c(-c2ccc(OCc3ccc4ccccc4n3)cc2)n1	9.430	8.517	0.913
5zkb	CCC[NH+](CCC)C[C@@H]1CCCC[N@H+]1CCNC(=O)N1c2ccccc2C(=O)Nc2cccnc21	8.700	8.271	0.429
5l8n	Cc1cc2nc(N)[nH]c2cc1C	4.510	4.939	0.429
2igy	CCCCCc1ccc(C(=O)N(Cc2ccc(N(C)c3ccncc3)cc2)[C@H]2CC[N@H+](CCC(C)C)CC2)cc1	6.950	7.853	0.903
5ugm	Cc1oc(-c2ccccc2)nc1CCOc1ccc(C[C@@H]2SC(=O)NC2=O)c2sccc12	5.900	8.200	2.300
4xm6	Cc1cc(S(=O)(=O)N(CC(C)C)[C@@H](C(=O)NO)C(C)C)ccc1F	4.050	7.519	3.469
6n7z	Cc1ccc(-c2cc3c(NC(Cc4ccccc4)P(=O)(O)O)ncnc3s2)cc1	5.550	5.725	0.175
5vs6	C[C@H](CC(=O)N1CCC(O)(Cn2cnc3cc(NC(=O)CC[N@H+]4CC[N@H+](C)CC4)ccc3c2=O)CC1)c1ccccc1	6.980	6.263	0.717
4oho	CC#C[C@H]1CN(S(=O)(=O)c2ccc(N)nc2)CCN1c1ccc([S@](=N)(=O)C(F)(F)F)cc1	7.770	7.421	0.349
4ntj	CCOC(=O)c1cc(C#N)c(N2CCC(C(=O)NS(=O)(=O)Cc3ccccc3)CC2)nc1C	7.360	7.603	0.243
6k05	Cc1nnc2n1C1=C(CC(c3cnn(C)c3)CC1)[C@H](Nc1ccc(Cl)cc1)CC2	6.560	5.531	1.029
3zls	COC(=O)c1c[nH]c2ncccc12	4.400	4.728	0.328
3kwj	COc1cc2c(cc1OC)[C@@H]1C[C@H]([NH3+])[C@@H](c3cccc(CF)c3)C[N+]1CC2	9.300	7.209	2.091
5obr	O=C([O-])c1cc(-c2cc(F)cc(Cl)c2)nc2ccccc12	5.360	6.762	1.402
2wxl	FC(F)c1nc2ccccc2n1-c1nc(N2CCOCC2)nc(N2CCOCC2)n1	8.340	5.881	2.459
6qme	Cc1cc([C@H](CC(=O)[O-])c2ccc3c(c2)nnn3C)ccc1Cl	4.360	5.808	1.448
1nde	Oc1ccc(CCNc2nc(SCCCc3ccc(Cl)cc3)nc(N3CC[NH2+]CC3)n2)cc1	7.820	7.574	0.246
5kls	CCOC(=O)C1=C(COCC[NH+](C)C)NC(C)=C(C(=O)OC)[C@H]1c1ccccc1Br	6.710	6.579	0.131
1apw	CNC(=O)C(F)(F)[C@H](O)[C@H](CC(C)C)NC(=O)[C@@H](NC(=O)[C@@H](NC(=O)CC(C)C)C(C)C)C(C)C	8.000	6.730	1.270
5alj	Cc1ccc(Nc2cc(C)c3c(O)cccc3n2)cc1F	5.560	5.667	0.107
5kde	c1ccc(-n2cccc2-c2nc(N3CC3)nc(N3CC3)n2)cc1	3.890	5.170	1.280
5zo7	COc1ccc(C2(SC[C@H]([NH3+])C(=O)[O-])c3ccccc3CCc3ccccc32)cc1	9.000	5.638	3.362
5ovf	COc1cc2nc(C)nc(N[C@H](C)c3cccc(-c4cn[nH]c4)c3)c2cc1OC	6.850	5.597	1.253
2z52	CCCCCCCCCCCC(O)(P(=O)(O)O)P(=O)(O)O	5.570	5.630	0.060
4i7f	CCOP(=O)(COc1ccc(CCc2cnc3c(c2)C(=O)N(C)c2cccnc2N3CC)cc1)OCC	7.000	7.439	0.439
6fzx	O=C(CC(=O)Nc1ccc(Cl)c(Cl)c1)NO	8.150	5.065	3.085
6mrg	O[C@@H](CNc1cc(-c2ccc3c(c2)OCCO3)ncn1)c1ccccc1	7.550	6.197	1.353
6fa3	COc1nc(-c2cccc3c2O[C@H](CNC(=O)C2CCOCC2)CO3)ccc1Nc1cccc(C[NH+](C)C)c1	7.420	8.176	0.756
4bdj	C1=CC1c1[nH]nc2nccc(-c3ccco3)c12	5.140	5.604	0.464
4idt	Nc1ncc2c(n1)-c1c([nH]c3ccc(Br)cc13)CCC2	7.000	6.079	0.921
3wv3	COc1cccc(CNC(=O)c2nc3sccc3c(=O)[nH]2)c1	7.620	6.512	1.108
4q3r	[NH3+][C@@](CCC[CH2]~B(O)(O)O)(C(=O)[O-])[C@H]1CC[N@H+](Cc2ccc(Cl)c(Cl)c2)CC1	6.270	7.199	0.929
4qme	[NH3+]C(CCc1ccccc1)P(=O)(O)CC(Cc1ccccc1)C(O)O	6.520	6.268	0.252
4irx	O[C@H]1[C@H](O)[C@@H](O)[C@H](O)[C@@H](O)[C@H]1O	6.120	4.211	1.909
5bqg	O=C(Nc1nc(-c2ccccc2)cs1)c1ccccc1Cl	4.760	6.110	1.350
1nfs	C[NH+](C)CCOP(=O)(O)OP(=O)(O)O	9.920	4.571	5.349
1z1r	CC(C)CCN(C[C@@H](O)[C@@H]1Cc2ccc(cc2)OCCCC(=O)N[C@@H](CC(N)=O)C(=O)N1)S(=O)(=O)c1ccccc1	9.220	8.343	0.877
3apc	CS(=O)(=O)n1ccc2c(-c3cnc(N)nc3)nc(N3CCOCC3)nc21	7.440	6.370	1.070
4rxd	O=P(O)(O)C(O)(Cc1cccnc1)P(=O)(O)O	6.520	5.220	1.300
3bl9	Nc1nc(N)c2c(OC[C@H]3CC[N@H+](Cc4cccc(Cl)c4Cl)CC3)cccc2n1	7.180	7.838	0.658
5dts	O=C([O-])c1cccc(-c2cccnc2)c1	3.550	4.530	0.980
4p73	O=C(Nc1cccc(S(=O)(=O)N2CCN(c3ccccn3)CC2)c1)Nc1nccs1	7.660	6.749	0.911
5v6u	CC(=O)c1ccccc1Sc1ccccc1C(=O)[O-]	2.260	5.317	3.057
5ntp	Cc1ncc(C(=O)Nc2cc(Cl)cc(C[N@@H+]3CCN(C(=O)C4CCCC4)[C@@H](C)C3)c2C)cn1	9.150	7.576	1.574
1fe3	CCCCCCCCCCCCCCCCCC(=O)[O-]	7.330	5.252	2.078
5dy7	O=C1CNc2ccc(C(F)(F)F)cc2N1	3.700	4.922	1.222
3d1g	CCOc1cc(C[C@H]2SC(=S)N(CC(=O)[O-])C2=O)c(Br)c(Br)c1O	5.000	6.586	1.586
5qaf	O=C([O-])c1cccc(-c2ccc(F)cc2)c1	3.510	4.738	1.228
3cwj	CC(C)CCn1nc(-c2cccs2)c(O)c(C2=CS(=O)(=O)c3cc(NS(C)(=O)=O)ccc3N2)c1=O	8.000	7.275	0.725
1w84	c1ccc2c(CCc3ccncc3)c[nH]c2c1	4.460	5.309	0.849
4msl	Cc1cc(=O)oc2c(C[NH2+][C@@H](CC(C)C)C(=O)[O-])c(O)ccc12	6.150	5.251	0.899
3s3o	C[C@@H]1CCO[C@H]2Cn3cc(C(=O)NCc4ccc(F)cc4F)c(=O)c(O)c3C(=O)N21	7.570	6.567	1.003
5iep	C[C@@H]1CC[C@H](O)C[C@H]1C/C=C1\CCC[C@@]2(C)[C@H]1CC[C@@H]2[C@H](C)CCCC(C)(C)O	7.000	9.309	2.309
3eio	[NH3+][C@@H](CC(=O)N1CCCN(C(=O)c2ccc(C(=O)[O-])cc2)CC1)Cc1cc(F)c(F)cc1F	6.650	6.554	0.096
5fi2	O=C(Cc1ccccc1)Nc1nnc(N[C@H]2C=[N+](c3nnc(NC(=O)Cc4ccccc4)s3)CC2)s1	7.150	5.728	1.422
5wg5	Fc1ccc([C@@H]2CC[NH2+]C[C@H]2COc2ccc3[nH]ncc3c2)cc1	7.180	7.581	0.401
5ai5	O=C(NC1CCCCC1)NC1CCCCC1	7.030	5.419	1.611
6fzg	CN(CCOc1ccc(C[C@H](Nc2ccccc2C(=O)c2ccccc2)C(=O)[O-])cc1)c1ccccn1	6.550	7.469	0.919
3p4q	O=C([O-])CC(=O)C(=O)[O-]	6.520	3.984	2.536
3upy	O=C[N+](=O)CCCP(=O)(O)O	5.620	5.239	0.381
5qa7	O=C([O-])c1cccc(-c2cccc(O)c2)c1	3.960	4.082	0.122
6d59	Cc1cc(Cn2c(N3CC[NH2+]CC3)nc3c(-c4c(C)n[nH]c4C)cc(Cl)cc32)cc(C)c1F	7.000	7.585	0.585
2no3	NC(=O)c1ccccc1Nc1ccnc(Nc2cccc(O)c2)n1	8.050	5.932	2.118
1yw7	Cc1ccc(NS(=O)(=O)c2ccccc2)c(C(=O)[O-])c1	5.850	5.084	0.766
3i1y	O=C(NCCC(c1ccccc1)c1ccccc1)c1cccnc1	8.150	5.620	2.530
3adu	COc1ccc2[nH]cc(CC(=O)[O-])c2c1	4.140	4.893	0.753
4clz	O=S(=O)([O-])c1cc(N=C=S)ccc1/C=C/c1ccc(N=C=S)cc1S(=O)(=O)[O-]	4.370	5.115	0.745
3dz6	C=Cc1nc2c(N)ncnc2n1[C@@H]1O[C@H](C[N@@H+](C)CCCCO[NH3+])[C@@H](O)[C@H]1O	7.820	6.372	1.448
2lh8	Cc1ncc(C[N+]2CS[C@@H](CCO)[C@@H]2C)c(N)n1	4.180	6.297	2.117
5ggn	CC(=O)N[C@H]1[C@H](Oc2ccc([N+](=O)[O-])cc2)O[C@H](CO)[C@@H](O)[C@@H]1O	3.660	5.546	1.886
3nef	O=S(=O)(NCc1ccccn1)c1ccc(Br)c2ccccc12	5.940	5.949	0.009
1n1t	CC(=O)N[C@@H]1[C@@H](O)C=C(C(=O)[O-])O[C@H]1[C@H](O)[C@H](O)CO	3.850	4.902	1.052
5x4n	Nc1ncc(Cl)c(Nc2ccccc2)n1	4.170	5.551	1.381
4aof	CC(=O)Nc1nc2ccc(-c3cncc(S(C)(=O)=O)c3)cn2n1	7.100	5.803	1.297
6b5j	CNS(=O)(=O)c1cccc(Nc2cc(Nc3ccc(C(F)(F)F)cc3)ncn2)c1	7.100	6.003	1.097
5jv1	Cc1ccc(-c2cc3c(NC(Cc4cccc(F)c4)P(=O)(O)O)ncnc3s2)cc1Cl	6.070	6.801	0.731
3hy5	C[C@H](/C=C\C[C@@H](C)/C=C/[C@H]1[C@H](C)CCCC1(C)C)CCO	7.700	6.795	0.905
4eo4	Nc1ncnc2c1ncn2[C@@H]1O[C@H](COS(=O)(=O)NC(=O)[C@@H]([NH3+])CO)[C@@H](O)[C@H]1O	6.350	6.992	0.642
2o4h	CP(=O)(O)NC(CC(=O)O)C(=O)O	6.520	5.387	1.133
3u8d	CCC1C(CC(N)=O)c2cc(OCCCP(=O)(O)O)ccc2N1Cc1ccccc1	6.330	7.666	1.336
6q37	[NH3+][C@@]1(C(=O)[O-])C[NH2+]C[C@@H]1CCC[B-]([OH2+])([OH2+])[OH2+]	6.360	6.458	0.098
5yso	CC(C)[NH+]1CCN(c2ccc([C@@H](c3ccc(O)cc3)[C@H](CCCO)c3ccccc3)cc2)CC1	7.400	6.110	1.290
3jvk	CC(=O)NCCCC[C@H](NC(=O)CNC(=O)C[NH3+])C(=O)N[C@@H](C)C(=O)[O-]	3.930	5.593	1.663
6mq3	Cc1cccc(-c2ccc([C@@H]3[C@@H](CO)[N@H+]4CCCCN(S(=O)(=O)c5nccn5C)C[C@@H]34)cc2)c1C	8.770	7.214	1.556
5nt4	O=c1[nH]c(-c2ccc(N3CCOCC3)cc2)nc2ccccc12	7.770	6.163	1.607
4z0u	CC[C@H](C)[C@H](NC(=O)[C@@H]([NH3+])CC(=O)[O-])C(=O)N1CCC[C@H]1C(=O)N[C@@H](Cc1ccccc1)C(=O)[O-]	5.700	5.631	0.069
1i41	Cc1ncc(COP(=O)(O)O)c(C/N=C(\C=C\CP(=O)(O)O)C(=O)O)c1O	4.570	5.724	1.154
6ahs	CC1=N[C@H](c2cn(S(=O)(=O)c3ccccc3Cl)c3ccc(C)cc23)CN1	5.820	5.705	0.115
2jfh	CCCCOc1ccc2cc(S(=O)(=O)N[C@@H](CCC(=O)[O-])C(=O)[O-])ccc2c1	3.060	6.461	3.401
6keb	COc1ccc([C@@H]2Sc3ccccc3N(CC[NH+](C)C)C(=O)[C@H]2OC(C)=O)cc1	4.390	6.211	1.821
4wi1	Cn1nc(C(F)(F)F)c(-c2ccc(F)cc2)c1NC(=O)Nc1ccc(F)cc1	5.300	6.959	1.659
6hgx	CC(C)(C)[N@@H+]1CCO[C@H](COc2ccc(NC(=O)NC3CCCCC3)cc2)C1	7.110	7.136	0.026
3asx	CC(C)(C)CN(C(=O)CCC(=O)N1CCC[C@@H](C(=O)[O-])C1)c1ccc(Cl)cc1[C@H](O)c1ccccc1Cl	7.700	6.419	1.281
5ml2	O=S(=O)(NCc1ccccc1)c1ccc(S(=O)(=O)N(Cc2ccc(Cl)cc2)C2CCCC2)cc1	7.890	6.785	1.105
4a9n	Cc1ccc(-c2c(C)noc2C)cc1S(=O)(=O)NC1C=C1	5.820	6.903	1.083
5syn	COc1ccc(N2CCN(C(=O)c3cc4c(s3)-c3ccccc3S(=O)(=O)C4)CC2)cc1	6.620	7.673	1.053
4h71	CC1=CC(=O)C(C(C)C)=C/C1=N\O	4.450	4.951	0.501
3nzc	COc1ccc(OCCc2ccccc2)cc1Cc1cnc2nc(N)nc(N)c2c1C	7.020	6.733	0.287
3bgl	CC(C)c1c(S(=O)(=O)N2CCOCC2)c(-c2ccccc2)c(-c2ccc(F)cc2)n1CC[C@@H](O)C[C@@H](O)CC(=O)[O-]	8.350	7.417	0.933
4j0s	Cc1noc(C)c1-c1cc(O)cc([C@@H](O)c2ccccc2)c1	6.420	5.942	0.478
5xii	O=C1CCC[NH2+][C@@H]1CCCn1cnc2cc(F)c(Cl)cc2c1=O	7.120	6.663	0.457
1dth	CNC(=O)[C@H](Cc1ccccc1)NC(=O)[C@H](CC(C)C)[C@H](CSc1cccs1)C(=O)NO	8.220	5.669	2.551
4ynk	C=C1[C@H](O)CC(=C/C=C2\CCC[C@]3(C)[C@@H](C#CC#C[C@@H](O)[C@]45C[C@H]6C[C@H](C[C@H](C6)C4)C5)CC[C@@H]23)C[C@H]1O	8.300	7.511	0.789
4anu	CNC(=O)c1nc(-c2cccc(-c3nnn[nH]3)c2)cnc1N	7.680	5.822	1.858
3dgq	C=C(CC)C(=O)c1ccc(OCC(=O)[O-])c(Cl)c1Cl	4.920	5.406	0.486
2bow	c1ccc([P+](c2ccccc2)(c2ccccc2)c2ccccc2)cc1	4.000	4.604	0.604
6djj	Nc1ccc(C(=O)[O-])c(C(=O)[O-])c1	4.100	4.927	0.827
5jgd	CC(C)Oc1c(NC(=O)c2csc3c(=O)[nH]cnc23)cccc1C(=O)N1CC[NH+](C)CC1	7.960	8.130	0.170
5a5s	COc1cncc(-c2cnc(NC3CC[NH2+]CC3)c3[nH]c(=O)c(C)cc23)c1	5.900	7.763	1.863
2w4i	OC1CN(C2=Nc3ccccc3C(c3ccccc3)=N[C@@H]2c2cccs2)C1	6.300	5.947	0.353
3qk5	Cc1c([C@H]2CCCN(c3nccc(-c4cc5ccccc5s4)n3)C2)c2cccnc2n1CC#N	7.740	7.785	0.045
2f1a	OC[C@@H]([NH2+]C[C@H]1[NH2+]C[C@H](O)[C@@H]1O)c1ccccc1	3.140	6.146	3.006
6ami	[NH3+][C@@H](Cc1c[nH]c2ccccc12)C(=O)[O-]	4.520	4.507	0.013
4a9t	NC(=O)c1ccc2nc(-c3ccc(OCC4CC[NH2+]CC4)cc3)[nH]c2c1	7.150	7.343	0.193
5jfr	Cc1nc2[nH]cnc2cc1-n1c2ccc(F)cc2c2[nH]ncc21	8.300	6.692	1.608
3ehw	O=c1ccn(C2CC(O)C(COP(=O)(O)NP(=O)(O)OP(=O)(O)O)O2)c(=O)[nH]1	4.820	5.713	0.893
4y64	C[C@@H]([NH3+])C(=O)NC[C@H]1O[C@@H](n2ccc(=O)[nH]c2=O)[C@H](O)[C@@H]1O	3.100	4.542	1.442
5g2n	COc1c(OCCC[NH+]2CCOCC2)ccc2c1nc(NC(=O)c1cnc(N)nc1)n1ccnc21	7.030	7.515	0.485
6oyt	CC(C)n1cnnc1-c1cccc(NC(=O)C2=C[C@H](n3cnc(C4CC4)c3)[C@@H](C)C=C2F)n1	8.230	8.070	0.160
6dgo	Cc1c(C)c2c(c(C)c1O)CC[C@](C)(COc1ccc(C[C@@H]3SC(=O)NC3=O)cc1)O2	5.470	6.064	0.594
1pwq	CSCC[C@H](NC(=O)[C@@H]1CCCN1C(=O)[C@H](Cc1ccc(O)cc1)NC(=O)CS)C(N)=O	4.960	6.242	1.282
2aq7	C/C=C/C(C)=C/[C@@]1(C)SC(=O)C(C)=C1O	3.300	4.854	1.554
2hrm	O=c1ccn(C2CC(O)C(COP(=O)(O)CP(=O)(O)O)O2)c(=O)[nH]1	3.560	5.471	1.911
2e9d	O=P(O)(O)C(O)(COc1cccc(-c2cccc(-c3ccccc3)c2)c1)P(=O)(O)O	5.890	6.125	0.235
2zsc	O=C([O-])CCCC[C@@H]1SC[C@@H]2NC(=O)N[C@H]12	7.060	8.289	1.229
6gj7	O=C1N[C@H](c2c(C[NH2+]Cc3ccc4ccn(Cc5ccccc5)c4c3)[nH]c3ccccc23)c2cc(O)ccc21	6.060	6.397	0.337
1br5	Nc1nc2ncc([C@@H](O)[C@H](O)CO)nc2c(=O)[nH]1	2.700	5.029	2.329
6dry	CC[C@@H](CO)NC(=O)[C@@H]1C=C2c3cccc4[nH]cc(c34)C[C@H]2[N@H+](C)C1	9.430	6.498	2.932
4jck	OC[C@H]1O[C@@H](S[C@@H]2O[C@H](CO)[C@H](O)[C@H](O)[C@@H]2O)[C@@H](O)[C@@H](O)[C@H]1O	2.370	4.336	1.966
6ibx	Cn1ccc2ccc(-c3cc(Nc4cnccc4C(=O)N[C@H]4CCC[N@H+](C)C4)cc4nccnc34)cc21	8.700	8.244	0.456
4fcb	CCCc1nc(C)c2c(C)nc3cc(OCc4ccc5ccccc5n4)ccc3n12	8.540	7.523	1.017
2bv4	CO[C@H]1O[C@H](CO)[C@@H](O)[C@H](O)[C@@H]1O	3.220	4.472	1.252
6f6i	Fc1ccc([C@@H]2CC[NH2+]C[C@H]2COc2ccc3c(c2)OCO3)cc1	3.190	6.480	3.290
2rf2	NC(=O)c1[nH]c2ccc(Br)cc2c1S(=O)(=O)N1CCCC1	8.440	5.480	2.960
5alt	Cn1nnc(-c2cc(-c3ccsc3)cnc2N)n1	4.880	5.508	0.628
4u5l	NC(=O)[C@H](CCCC[NH3+])[NH2+]Cc1ccc(-c2cccnc2)cc1	2.400	6.595	4.195
6o68	CC1(COc2ccc(Cc3sc(=O)[nH]c3O)cc2)CCCCC1	4.990	5.615	0.625
1gu1	O=C([O-])[C@]1(O)C=C[C@@H](O)[C@H](O)C1	4.520	4.743	0.223
1i48	O=C([O-])CSc1nc(-c2cccc(Cl)c2)no1	5.700	5.615	0.085
5dda	FCc1nnc(N2CCN(c3ncnc4sc(CC(F)(F)F)cc34)CC2)s1	5.780	6.325	0.545
6oy0	CC[C@H](C)CN(C[C@@H](O)[C@H](CC1CCCCC1)NC(=O)O[C@H]1CO[C@H]2OCC[C@@H]12)S(=O)(=O)C1CCC([C@H](O)CO)CC1	9.300	10.314	1.014
6oy2	CCC(CC)CN(C[C@@H](O)[C@H](Cc1ccccc1)NC(=O)O[C@H]1CO[C@H]2OCC[C@@H]12)S(=O)(=O)c1ccc([C@H](O)CO)cc1	9.870	10.680	0.810
2g97	O=C(/C=C/c1cccnc1)NCCCCC1CCN(C(=O)c2ccccc2)CC1	6.820	6.532	0.288
5f0c	O=C(CCC1CCCC1)Nc1cccc(N2CCCCC2)c1	4.000	5.622	1.622
1kfy	C[C@H](c1ccc(Cl)cc1)c1cc([N+](=O)[O-])cc([N+](=O)[O-])c1O	5.280	5.381	0.101
1eei	O=[N+]([O-])c1cccc(O[C@H]2O[C@H](CO)[C@H](O)[C@H](O)[C@H]2O)c1	3.150	4.468	1.318
5ewd	c1ccc(-c2ccncc2)cc1	3.700	5.007	1.307
4j4v	Cc1ccc(C(=O)Nc2ccc(S(=O)(=O)[O-])c3cc(S(=O)(=O)[O-])cc(S(=O)(=O)[O-])c23)cc1N	6.360	6.894	0.534
1pus	Nc1nc2c([nH]c(=O)n2C2CC(O)C(COP(=O)(O)O)O2)c(=O)[nH]1	7.280	5.697	1.583
1czc	O=C([O-])CCCC(=O)[O-]	2.820	4.303	1.483
5afl	Cc1cccc(NC(=O)N2CCCC2)c1	3.400	4.595	1.195
2w12	CNC(=O)[C@@H](NC(=O)[C@H](CC(C)C)[C@H](CNC(=O)c1nccs1)C(=O)NO)C(C)(C)C	4.650	6.043	1.393
3s7b	O=C1COc2c(CC[NH2+]CCN(C(=O)CC[NH2+]CCc3ccc(Cl)c(Cl)c3)C3CCCCC3)ccc(O)c2N1	6.300	7.562	1.262
5myd	O=c1ccn(C2CC(O)C(COP(=O)(O)NP(=O)(O)OP(=O)(O)O)O2)c(=O)[nH]1	4.860	5.713	0.853
6cvw	C=C[C@@H]1C[C@]1(NC(=O)[C@@H]1C[C@@H](Oc2nc3cc(OC)ccc3nc2C)CN1C(=O)[C@@H](NC(=O)OC1CCCC1)C(C)(C)C)C(=O)NS(=O)(=O)C1(C)CC1	8.150	7.525	0.625
3sn7	COc1cc(F)cc2c1nc(C)c1c(C)nc(-c3ccncc3C)n12	9.150	7.132	2.018
4luo	Cc1cccc(-n2nc(C(=O)[O-])cc2-c2ccccc2)c1	3.240	5.364	2.124
4hxs	O=c1[nH]c(-c2cccc(NS(=O)(=O)Cc3ccccc3)c2)cs1	5.390	6.149	0.759
4lng	Cn1c2c(c(-c3cccc(Cl)c3)cc1=O)C=C([C@]([NH3+])(c1ccc(Cl)cc1)[C@H]1CNC=[N+]1C)CC2	5.620	7.207	1.587
6bsx	Cc1cc2nc(CO)[nH]c2cc1C	3.300	5.018	1.718
6ckl	CC(=O)N[C@@H]1[C@@H](O)C=C(C(=O)[O-])O[C@H]1[C@H](O)[C@H](O)CO	3.890	4.901	1.011
6qxs	O=c1[nH]c(=O)n(C2CC(O)C(COP(=O)(O)O)O2)cc1F	7.130	5.396	1.734
5ak3	[NH3+]C1Cc2ccccc2C1	5.070	4.540	0.530
6o4x	Nc1c2ccccc2nc2ccccc12	7.400	4.872	2.528
1ung	CCCCc1c(-c2ccc(O)cc2)[nH]c2nccnc12	6.800	6.449	0.351
6g6z	CC(=O)NC1[NH2+]N(C(C)=O)[C@](C)(c2ccccc2)S1	6.660	5.597	1.063
6g1w	COc1cc(CNC(=O)Cc2cn(CCNc3c4ccccc4nc4cc(Cl)ccc34)nn2)ccc1O	8.140	7.529	0.611
5eds	C[C@H](Nc1ncnc(N)c1C#N)c1nc2ccc(F)cc2n1-c1cccc(S(C)(=O)=O)c1	5.540	7.642	2.102
3hfz	[NH3+][C@@H](Cc1cccc(O)c1)C(=O)[O-]	4.890	4.191	0.699
4wr8	Oc1ccc(-n2cc(-c3ccc4ccccc4n3)nn2)cc1	6.230	5.581	0.649
6oi8	Nc1ncc2cc(-c3c(Cl)cccc3-c3cccnc3)c(N3C[C@H]4[C@H]([NH3+])[C@H]4C3)nc2n1	7.820	8.387	0.567
2f2c	CC(C)[C@@H](CO)Nc1nc(Nc2cc(N)cc(Cl)c2)c2ncn(C(C)C)c2n1	6.350	7.318	0.968
5ieo	C[C@@H]1CC[C@H](O)C/C1=C/C=C1\CCC[C@@]2(C)[C@H]1CC[C@@H]2[C@H](C)CCCC(C)(C)O	7.000	7.626	0.626
1rm8	CNC(=O)[C@H](Cc1ccccc1)NC(=O)[C@H](CC(C)C)[C@H](CSc1cccs1)C(=O)NO	9.000	5.643	3.357
1z4u	O=C([O-])/C(=C/c1ccc(Oc2ccccc2Br)cc1)NC(=O)[C@]12C[C@H]3C[C@H](C[C@H](C3)C1)C2	7.150	5.224	1.926
3h0a	CCC#CCOc1cc(COc2ccc(C(F)(F)F)cc2)ccc1Sc1ccc(OCC(=O)[O-])c2c1CCCC2	7.480	7.148	0.332
2fl6	CN(C)C(=O)N1C[C@@H](c2cc(F)ccc2F)C[C@H]1c1ccccc1	7.420	6.139	1.281
6oxv	CCC(CC)CN(C[C@@H](O)[C@H](Cc1ccccc1)NC(=O)O[C@H]1CO[C@H]2OCC[C@@H]12)S(=O)(=O)c1ccc([C@H](C)O)cc1	10.700	10.609	0.091
4bty	C[NH+]1CCN(c2ccc(/N=C3\CC(=O)N(c4ccc(Cl)cc4)N=C3c3nnc[nH]3)cc2)CC1	7.700	5.652	2.048
3wig	CNS(=O)(=O)Nc1nccc(Cc2c(C)c3ccc(Oc4ncccn4)cc3oc2=O)c1F	8.640	7.430	1.210
4gv8	O=c1ccn(C2CC(O)C(COP(=O)(O)NP(=O)(O)OP(=O)(O)O)O2)c(=O)[nH]1	6.490	5.689	0.801
3i28	CS(=O)(=O)c1ccc([C@@H](CCNC(=O)c2ccc(C#N)cc2)c2ccc(F)cc2)cc1	8.220	7.200	1.020
4b81	CC[NH+](CC)CCNS(=O)(=O)Cc1ccc(Cl)cc1	4.920	5.573	0.653
4y83	Nc1ncc(-c2cnc3ccccc3c2)cc1-c1n[nH]c(=S)o1	7.770	6.004	1.766
5ihc	Fc1ccccc1-n1cc(-c2ccncc2OCC2CC[NH2+]CC2)cn1	7.890	7.441	0.449
4n7j	CN(C)C1=NC(=O)c2ccccc2C1	5.470	4.502	0.968
6bjo	CC(C)(C)OC(=O)N1CCC[C@H]1C(=O)N1CCC(C(=O)N[C@@H](C(=O)[O-])C2CCCC2)(c2ccc(Br)cc2)CC1	6.290	7.359	1.069
2qcg	O=c1[nH]c(=O)n(C2OC(COP(=O)(O)O)C(O)C2O)cc1Br	4.000	4.595	0.595
2gbi	Cn1c(=O)c2c(nc(N3CCC[C@@H]([NH3+])C3)n2Cc2ccccc2C#N)n(C)c1=O	8.520	7.300	1.220
2ygu	CCCCCCC	6.490	4.961	1.529
5uqv	CCc1c(-c2ccc3[nH]ncc3c2)cnc(N)c1-c1ccc(O)cc1	6.370	7.448	1.078
4j06	O=C([O-])c1ccc(Cl)cc1NS(=O)(=O)c1ccc(Br)s1	5.340	6.121	0.781
5ctc	Cc1cc(C(=O)N2CCC3(CC2)CN(C(=O)OC(C)(C)C)C3)cc2cn[nH]c12	6.350	6.746	0.396
6ar4	O=C([O-])[C@H](CC1CC1)NC(=O)[C@]1(c2ccc(Br)cc2)CC[N@H+](Cc2ccccc2C(F)(F)F)CC1	6.240	7.301	1.061
5ajw	N#Cc1c(N)n(Cc2ccccc2)c2ccc(Oc3ccc(NC(=O)C[NH3+])cc3)cc12	6.980	6.408	0.572
4j08	Cc1ccc(S(=O)(=O)Nc2ccc(Oc3ccccc3)cc2C(=O)[O-])cc1	6.660	5.073	1.587
3c6u	N#Cc1cc(Cl)cc(Oc2cc(OCc3[nH]nc4ccccc34)ccc2Cl)c1	8.870	7.933	0.937
6b3v	CC(C)c1ccc(CC(=O)N2CCN(c3ccc(C#N)nn3)CC2)cc1	9.690	6.192	3.498
1ros	CCOc1ccc(-c2ccc(C(=O)C[C@H](CCN3C(=O)c4ccccc4C3=O)C(=O)[O-])cc2)cc1	8.770	6.987	1.783
5alh	COc1ccc(C)cc1S(=O)(=O)NCC1(c2ccccc2)CCN(C(=O)NCc2ccc(C)cc2)CC1	7.070	7.008	0.062
4xsx	O/N=C(\Nc1ccccc1)c1cccc(C(F)(F)F)c1	5.000	5.357	0.357
3l16	CS(=O)(=O)N1CC[N+](Cc2cc3nc(-c4ccc(N)nc4)nc(N4CCOCC4)c3s2)CC1	7.480	8.012	0.532
3rv9	CC/C=C(\OC1C=CC=C(C(=O)[O-])C1=O)C(=O)[O-]	4.920	6.156	1.236
2cma	NC(=O)[C@H](Cc1ccc([C@@H]2CC(=O)NS2(=O)=O)cc1)NC(=O)[C@H](Cc1ccccc1)NC(=O)c1ccccc1	6.730	6.335	0.395
5up0	O=c1n(Cc2ccc(Cl)cc2)c2sc3c(c2c2ncnn12)CCCC3	6.340	6.677	0.337
4z90	FC(F)O[C@H](Cl)C(F)(F)F	4.660	5.519	0.859
2g0h	O=S(=O)(Nc1cc(-c2cccs2)nn1-c1ccc(F)cc1)c1cc(C(F)(F)F)cc(C(F)(F)F)c1	7.640	6.603	1.037
3zyh	CCS[C@@H]1O[C@H](CO)[C@H](O)[C@H](O)[C@H]1O	4.290	4.874	0.584
5jau	CO[C@H](CO)Cn1ccc(Nc2cc(-c3ccccc3C)c(C)cc2OCC[NH3+])n1	8.850	6.586	2.264
3tlh	CC(C)[C@H](NC(=O)[C@H](C)NC(=O)OCc1ccccc1)C(=O)N[C@H](CO)Cc1ccccc1	8.820	6.768	2.052
3doz	O=C(/N=N\Cc1cc(Br)c(O)c(Br)c1O)c1cccc(Br)c1	5.700	6.336	0.636
5w19	Cc1ncc(COP(=O)(O)O)c(/C=N/C(CC2C(=O)Nc3ccccc32)C(=O)O)c1O	5.300	6.812	1.512
3wzp	[NH2+]=C1N[C@@H]2[C@H](CCCCC(=O)NCCCCCC(=O)[O-])SC[C@@H]2N1	6.820	7.413	0.593
5gvl	COCc1ccc(-c2cc(C#N)cc([C@@]3(C(C)C)C(C#N)=C(N)Oc4[nH]nc(C)c43)c2)s1	7.380	5.996	1.384
4kz0	COC(=O)c1ccc2nc(NC(C)=O)sc2c1	5.380	4.897	0.483
4b84	CC[NH+](CC)CCNS(=O)(=O)c1cccc(C(F)(F)F)c1	4.660	5.101	0.441
4zg6	N#C/C(=C\c1cn(Cc2ccc(F)cc2)c2cc(Cl)ccc12)c1ccc(C(=O)[O-])cc1	6.330	6.591	0.261
5zh3	C[C@@H]1CCC[C@H](C[C@@H]2Cc3cc(O)cc(O)c3C(=O)O2)O1	4.670	5.793	1.123
2fw3	CCCCCCCCCCCCCCNC(=O)N[C@H](CC(=O)[O-])C[N+](C)(C)C	6.420	6.458	0.038
1awi	O=C([O-])[C@@H]1CCCN1C(=O)[C@@H]1CCCN1C(=O)[C@@H]1CCCN1C(=O)[C@@H]1CCCN1C(=O)[C@@H]1CCCN1C(=O)[C@@H]1CCCN1C(=O)[C@@H]1CCCN1C(=O)[C@@H]1CCCN1C(=O)[C@@H]1CCCN1C(=O)[C@@H]1CCC[NH2+]1	4.050	4.518	0.468
4xuh	CSc1ccc(/C=C2\C(C)=C(CC(=O)[O-])c3cc(F)ccc32)cc1	5.730	5.810	0.080
5ieg	COCCCCCCCCC[N@@H+]1C[C@H](O)[C@@H](O)[C@H](O)[C@H]1CO	5.740	5.739	0.001
5cdh	O=C([O-])[C@H](O)[C@@H](O)C(=O)[O-]	5.370	4.443	0.927
4tv3	COc1ccc(-c2cc3c(C)nc(N)nc3n([C@H]3CC[C@H](OCCO)CC3)c2=O)cn1	8.720	7.628	1.092
5ufo	COc1nc2ccc([C@](O)(c3ccc(C(F)(F)F)nc3)c3cncn3C)cc2c(Cl)c1-c1ccc(S(C)(=O)=O)cc1	7.430	8.962	1.532
5mhp	CCc1nc2c(C)cc(N3CC[NH+](CC(=O)N4CC(O)C4)CC3)cn2c1N(C)c1nc(-c2ccc(F)cc2)c(C#N)s1	7.820	9.545	1.725
3fr4	O=C([O-])c1cccc2c3c(n(Cc4ccccc4C(F)(F)F)c12)CCCC3	6.190	5.496	0.694
5eqq	CCc1nc2ccc(OC)cc2nc1O[C@@H]1C[C@@H](C(=O)N[C@]2(C(=O)NS(=O)(=O)C3CC3)C[C@H]2CC)N(C(=O)[C@@H](NC(=O)OC(C)(C)C)C(C)(C)C)C1	8.170	8.664	0.494
1w2x	O=C(c1c2ccccc2cc2ccccc12)N1CCC([N@H+]2CCC[C@@H](C(=O)N3CCOCC3)C2)CC1	5.140	6.908	1.768
4pkr	Cc1cc(S(=O)(=O)N(Cc2ccccc2)[C@H](C)C(=O)NO)ccc1F	4.820	7.428	2.608
4cae	COc1cccc(Cc2nnc(-c3sc4ccccc4c3OC3CC[NH2+]CC3)o2)c1	7.740	7.347	0.393
4cik	O=c1cc([C@H]2CC[NH2+][C@@H](Cc3ccccc3)C2)o[nH]1	6.430	5.588	0.842
5ajv	N#Cc1c(N)[nH]c2ccc(Oc3ccc(NC(=O)[C@@H]([NH3+])CO)cc3)cc12	6.240	5.585	0.655
5ih8	O=C(NCc1ccccn1)c1ccc(-n2cc(-c3ccncc3)cn2)cc1	6.740	6.056	0.684
5k0x	[NH3+][C@H]1CCCCNC2=N[C@H]([NH2+]CCCCCCNC1=O)[NH2+]C[C@@H]2C(=O)NCc1ccc(F)cc1	8.360	7.034	1.326
3dp3	CC(C)(C)c1ccc(C(=O)/N=N\Cc2cc(Br)c(O)c(Br)c2O)cc1	5.820	6.794	0.974
1noj	OC[C@@H]1[C@@H](O)[C@H](O)[C@@H](O)c2nnnn21	3.150	4.938	1.788
2ea4	CCc1ccc(NS(=O)(=O)c2ccc(F)cc2)c(C(=O)[O-])c1OCC[NH3+]	7.340	6.639	0.701
2i7c	Nc1ncnc2c1ncn2[C@@H]1O[C@H](CS/C(=C/C[NH3+])CCCCC[NH3+])[C@@H](O)[C@H]1O	5.070	7.243	2.173
6g9m	CC(C)(NC(=O)CN1Cc2ccc(-c3nc(NC4CCOCC4)ncc3Cl)cc2C1=O)c1ccccc1	8.100	8.417	0.317
4xyc	O=c1[nH]c2c(n3ccnc13)Cc1c(-c3ccccc3)cccc1-2	7.510	5.564	1.946
4awg	O=C([O-])/C(O)=C/C(=O)[C@]1(Cc2ccc(Cl)cc2)CCC[N+](Cc2ccccc2)C1	5.960	6.175	0.215
2qnx	CCCCCCCCCCOC(=O)S	5.620	4.879	0.741
3bc4	[NH3+]CCOC(=O)Cc1cccc2ccccc12	5.350	4.940	0.410
5m6m	C[C@@H]1C[N@H+](CC(=O)N2CC(C)(C)c3ncc(Cc4ccccc4)cc32)[C@@H](CN2CCCC2=O)C[NH2+]1	7.360	7.684	0.324
5sy3	c1coc(CNc2ncnc3sc4ccccc4c23)c1	4.370	5.902	1.532
5axp	COc1cn(-c2ccc(N3CCOC3=O)cc2F)nc(-c2ccnn2-c2ccccc2)c1=O	9.030	8.019	1.011
4jt9	CS(=O)(=O)NCCC1CCN(c2ncnc3cc(C(N)=O)sc23)CC1	8.140	6.527	1.613
6g9n	Cc1cccc([C@@H](CO)NC(=O)[C@@H](C)N2Cc3ccc(-c4nc(NC5CCOCC5)ncc4Cl)cc3C2=O)c1	8.520	7.830	0.690
3kwf	COc1cc2c(cc1OC)[C@@H]1C[C@H]([NH3+])[C@@H](N3C[C@@H](CF)CC3=O)C[N@H+]1CC2	8.170	7.021	1.149
4tsx	Cc1nc2ccccc2c(-c2ccc3c(c2)CCCO3)c1[C@H](OC(C)(C)C)C(=O)[O-]	4.990	7.652	2.662
4rxc	O=P(O)(O)C(O)(CCc1cccnc1)P(=O)(O)O	4.480	5.670	1.190
5kbh	Oc1cccc(Cl)c1	6.260	4.251	2.009
6pka	Cc1ccc(NC(=O)N[C@@H](Cc2cc(F)cc(F)c2)C(=O)N[C@@H]2C(=O)N3C=CC[C@H]3C(=O)N3CCCC[C@H]3C(=O)N[C@@H](C)C(=O)N3C[C@H](C)C[C@H]3C3(O)OC2O3)cc1	5.920	9.555	3.635
4xx3	CC(C)[C@]1(C)CC(=O)N(Cc2cccc(C(=O)NCc3ccccc3)c2)C(=[NH2+])N1	7.250	6.556	0.694
3ejt	CC(C)(C)c1ccc(CC[C@@H]2CC[C@@H](O)[C@@H]3[C@H](O)[C@H](O)C[N@@H+]23)cc1	7.360	6.343	1.017
5hk9	CCC(=O)Nc1cc(Cl)c(Oc2ccc(O)c(-c3ccc(NC(N)=O)cc3)c2)c(Cl)c1	6.540	6.677	0.137
1los	O=c1cnn(C2OC(COP(=O)(O)O)C(O)C2O)c(=O)[nH]1	7.190	5.165	2.025
4o0r	Cc1nc(Nc2[nH]nc3c2CN(C(=O)N[C@H](C[NH+](C)C)c2ccccc2)C3(C)C)c2sccc2n1	7.440	6.363	1.077
4ob1	CCCCB([OH2+])[OH2+]	6.300	4.880	1.420
3qip	O=C([O-])c1nc(Cc2c(-c3ccccc3)[nH]c3ccccc23)nc(O)c1O	6.890	5.348	1.542
4rxe	Cc1cccnc1NC(P(=O)(O)O)P(=O)(O)O	6.640	4.958	1.682
5ll7	O=C([O-])/C=C/c1ccccc1B([OH2+])[OH2+]	5.610	4.318	1.292
4hev	O=C(C[C@]12C[C@H]3C[C@H](C[C@H](C3)C1)C2)NO	6.340	5.553	0.787
6e13	[NH3+][C@H](CSc1cc(C[C@H]([NH3+])C(=O)[O-])cc(O)c1O)C(=O)[O-]	6.700	4.623	2.077
1h62	C[C@]12C=CC(=O)C=C1CC[C@@H]1[C@@H]2CC[C@]2(C)C(=O)CC[C@@H]12	4.770	5.279	0.509
2yog	Cc1cn([C@@H]2C[C@H](O)[C@@H](CNC(=S)Nc3ccc(Cl)c(C(F)(F)F)c3)O2)c(=O)[nH]c1=O	4.510	5.810	1.300
2wks	Cc1ccc2sc(COC3=C[C@@](O)(C(=O)[O-])C[C@@H](O)[C@@H]3O)cc2c1	6.890	5.385	1.505
1g49	CCCCOc1ccc(S(=O)(=O)N2C[C@@H](NS(C)(=O)=O)C[C@@H]2C(=O)NO)cc1	7.800	7.163	0.637
1w4l	COc1ccc2c3c1O[C@H]1C[C@@H](O)C=C[C@@]31CC[N+](CCCCCCCCN1C(=O)c3ccccc3C1=O)=C2	8.400	7.700	0.700
2wxh	Cc1ccccc1-n1c(Cn2nc(-c3ccc(O)c(F)c3)c3c(N)ncnc32)nc2cccc(C)c2c1=O	8.050	8.509	0.459
4z7o	CC(C)[C@H](NC(=O)[C@H](CC(=O)[O-])NC(=O)CNC(=O)[C@H](C)[NH3+])C(=O)[O-]	5.040	5.484	0.444
5arf	CCN(C(=O)CO)[C@H]1CN(/C(Nc2cccc(OC(F)F)c2)=[NH+]/C#N)N=C1c1ccc(Cl)cc1	6.270	8.006	1.736
5yyb	O=C(CO)N[C@@H]1[C@@H](O)C[C@@](O)(C(=O)[O-])O[C@H]1[C@H](O)[C@H](O)CO	6.560	5.303	1.257
6gw1	C[C@H](CCC(N)=O)[C@H]1CC[C@H]2[C@H]3[C@H](CC[C@@]21C)[C@@]1(C)CC[C@@H](O)C[C@H]1C[C@H]3O	5.140	5.796	0.656
5uxm	[NH3+][C@@H](Cc1c[nH]c2ccccc12)C(=O)[O-]	5.440	4.496	0.944
5t5g	COc1cc2c(NCCCCC[NH+]3CCCC3)nc(N3CCCC3)nc2cc1OCC[NH3+]	5.890	7.119	1.229
5n21	N#Cc1cnn2c(Nc3ccc4c(c3)CCC(=O)N4)cc(N3CCC[C@H]3CC(=O)[O-])nc12	5.960	7.453	1.493
4wk7	C[C@]1(CNC(=O)COc2ccc(Cl)cc2)NC(=O)NC1=O	7.130	7.480	0.350
6ap7	Cc1c(Nc2ccccc2C(=O)[O-])cccc1[N+](=O)[O-]	5.340	5.086	0.254
6eds	Cc1cccc(-c2ccc([C@@H]3[C@@H](CO)[N@H+]4CCCCN(S(=O)(=O)c5nccn5C)C[C@@H]34)cc2)c1C	8.770	7.214	1.556
6g93	O=C1NCc2ccc(-c3nc(NC4CCOCC4)ncc3Cl)cc21	7.960	7.252	0.708
5oq4	Nc1cc(C(F)(F)F)c(-c2nc(N3CCOCC3)nc(N3CCOCC3)n2)cn1	7.600	5.911	1.689
2o3z	CCCCCCCOc1cccc(C(=O)[O-])c1	5.700	5.463	0.237
1lor	O=c1cc(O)n(C2OC(COP(=O)(O)O)C(O)C2O)c(=O)[nH]1	11.060	5.070	5.990
4e1m	Cc1ccc(-c2c([C@H](OC(C)(C)C)C(=O)[O-])c(C)nc3ccccc23)cc1C	7.260	6.720	0.540
4rsc	[NH3+]CC[C@@H](O)c1cccc(OCC2CCCCC2)c1	6.630	5.788	0.842
3v0p	O=c1[nH]c(=O)n(C2OC(COP(=O)(O)OP(=O)(O)O)C(O)C2O)cc1-c1ccc(CO)s1	6.280	4.874	1.406
4mvy	O=C(NCCC[NH2+]Cc1cc(Cl)cc(Cl)c1)Nc1cccc(O)c1	7.540	6.204	1.336
3el0	CC1C(=O)C=CC=C1C(=O)N[C@@H](CSc1ccccc1)[C@H](O)C[N+]1C[C@H]2CCCC[C@H]2C[C@H]1C(=O)NC(C)(C)C	7.470	7.191	0.279
1o4o	O=P(O)(O)Oc1ccccc1	2.460	4.678	2.218
1x81	Cn1cncc1[C@@]([NH3+])(c1ccc(Cl)cc1)c1ccc2c(c1)c(-c1cccc(Cl)c1)cc(=O)n2C	9.190	7.190	2.000
4d2w	O=C(Nc1ccc2c(c1)CC[NH2+]CC2)c1ccc(Br)cc1	4.510	5.609	1.099
2zxb	O[C@H]1[C@H](O)C[NH2+][C@@H](Cc2ccccc2)[C@H]1O	5.300	5.688	0.388
3kme	O=C(NCc1cccs1)[C@H](O)[C@@H](O)C(=O)N1CCC[C@@H]1c1ccccc1	6.140	6.456	0.316
5uuu	Cn1c(CNc2cccc(C(=O)NCc3ccccc3C(F)(F)F)c2)nnc1-c1ccncc1	7.740	6.879	0.861
3nc9	CSc1nn(-c2ccccc2)c2cc(NC(=O)C3CC[NH2+]CC3)ccc12	6.480	5.728	0.752
2rib	OC[C@H](O)[C@H]1O[C@H](O)[C@@H](O)[C@@H](O)[C@@H]1O	2.820	5.010	2.190
4dt2	CC1(C)Cc2cccc(CO)c2O1	4.370	4.769	0.399
5w99	[NH3+]Cc1nc(-c2nc(-c3nc(-c4nc(C(=O)[O-])cs4)ccc3-c3nc(C(=O)[O-])cs3)cs2)cs1	4.680	6.991	2.311
3odu	CC1(C)C[n+]2c(CS/C(=N/C3CCCCC3)NC3CCCCC3)csc2N1	8.140	6.935	1.205
5y3n	Nc1nc(Cl)c2cnn(Cc3cc4c(cc3Br)OCO4)c2n1	7.100	5.787	1.313
6n4b	COC(=O)[C@@H](NC(=O)c1nn(Cc2ccc(F)cc2)c2ccccc12)C(C)(C)C	10.010	6.344	3.666
4an2	O=C(c1ccc(F)c(F)c1Nc1ccc(I)cc1F)N1CC(O)([C@@H]2CCCC[NH2+]2)C1	9.050	7.851	1.199
3hnz	C[C@]12C[C@@]34C=CC(=O)[C@@](C)(CCC(=O)Nc5c(O)ccc(C(=O)[O-])c5O)[C@@H]3[C@H](C[C@@H]1C4)O2	7.720	5.693	2.027
4hv7	[NH2+]=c1[nH]c(=O)c2ncc(C(=O)NCC(=O)NCC(=O)[O-])nc2[nH]1	3.520	5.484	1.964
5lgt	Cn1c(C(=O)Nc2ccccc2COc2ccc(O[C@H]3CC[N@H+](C)CC3)cc2)cc2sccc21	6.510	6.837	0.327
1nhv	O=C([O-])[C@H](Cc1ccccc1)N(Cc1ccc(-c2cc3ccccc3o2)s1)C(=O)c1ccc(Cl)cc1Cl	5.660	7.569	1.909
3qj0	O=NC(=O)[C@@H]1C[C@@H](Oc2ccc(Cl)cc2)CN1S(=O)(=O)c1ccc(Cl)cc1	5.200	6.578	1.378
4xsz	Fc1ccc(-c2[nH]ncc2-c2ccc(NCC[NH+]3CC[NH2+]CC3)c(C(F)(F)F)c2)cc1	5.600	7.399	1.799
2piz	N=C(N)Nc1cccc(C(CP(=O)(O)CCCc2ccccc2)C(=O)O)c1	6.770	6.901	0.131
4bae	CO[C@H]1CN(c2nc(-c3ncnn3C)c(C(=O)[O-])s2)CC[C@H]1NC(=O)c1[nH]c(C)c(Cl)c1Br	8.520	8.150	0.370
6pf4	[NH2+]=c1[nH]c(=O)c2c(Cc3ccc(C(=O)Nc4ccccc4CC(=O)[O-])cc3)c[nH]c2[nH]1	4.800	6.077	1.277
5tca	NC(=O)c1nn(CC(=O)N2CCS[C@H]2C(=O)Nc2cccc(Br)n2)c2ncccc12	7.720	6.654	1.066
4l3p	Nc1ncc(-c2cnn(C3CC[NH2+]CC3)c2)c2cc(-c3cccc4ccsc34)oc12	5.920	7.293	1.373
1oy7	CC(C)[C@H](NC(=O)[C@@H](NC(=O)[C@H](CCC(=O)[O-])NC(=O)[C@H](C)[NH3+])C(C)C)C(=O)[O-]	5.360	5.767	0.407
5y5n	NC(=O)c1ccccc1Nc1cccc(OCCc2ccccc2)c1	5.760	5.990	0.230
3clp	Nc1ncnc2c1ncn2C1OC2COP(=O)(O)OC2C1O	3.690	5.686	1.996
4ok6	COc1ccc([N+](=O)[O-])cc1Cn1cc(CC(=O)[O-])c2ccccc21	4.850	4.960	0.110
4ks3	CCC(CC)O[C@@H]1CC(C(=O)[O-])=C[C@H](n2cc(CCCO)nn2)[C@H]1NC(C)=O	6.370	5.821	0.549
6mdb	Cn1c(N2CCC(C)([NH3+])CC2)[nH+]c2[nH]nc(-c3cccc(Cl)c3Cl)c2c1=O	7.170	7.178	0.008
6hzu	N#CC[C@H]1CC[C@H](n2c(=O)[nH]c3cnc(Nc4ccc[nH]c4=O)nc32)CC1	8.260	6.625	1.635
1o6q	C=CC[N@H+](C)C/C=C/COc1ccc2c(-c3ccc(Br)cc3)coc2c1	7.640	5.375	2.265
4zt2	Clc1cc(Cl)cc(C[NH2+]CCCNc2nc3cccnc3[nH]2)c1	8.000	7.189	0.811
4qgg	Cc1cn([C@H]2CCC[N@@H+]([C@H](CC(C)C)c3ccc(C(=O)[O-])c(Oc4cccc(Cl)c4)c3F)C2)c(=O)[nH]c1=O	9.000	8.581	0.419
3pty	CCCCCCCCO[C@H]1O[C@H](CO)[C@@H](O)[C@@H]1O	5.440	5.587	0.147
6ai9	CC(C)(COP(=O)(O)O)C(O)C(=O)NCCC(=O)O	6.740	6.238	0.502
1rsi	Nc1nc(-c2ccccc2)c(Br)c(=O)[nH]1	4.420	5.438	1.018
1i43	O=C(O)c1ncccc1CP(=O)(O)O	3.700	5.778	2.078
4y38	COC(=O)[C@@H]([NH3+])Cc1ccccc1	2.400	4.846	2.446
3fcl	O=C1CC(C[NH2+]CCCC[NH2+]Cc2cccc(C(=O)[O-])c2)=NC(=O)N1	3.500	5.466	1.966
3vi2	COc1ccc(C(=O)CCC(=O)[O-])c(O)c1	3.770	5.008	1.238
1jmi	O=c1ccn(C2CC(O)C(COP(=O)(O)O)O2)c(=O)[nH]1	6.060	5.123	0.937
1eef	O=c1[nH]n(CCc2ccccc2)c(=O)c2cc(O[C@H]3O[C@H](CO)[C@H](O)[C@H](O)[C@H]3O)ccc12	2.920	5.913	2.993
4hej	Cc1cn([C@H]2CCC[N@@H+](Cc3cccc(Oc4cccc(C(F)(F)F)c4)c3)C2)c(=O)[nH]c1=O	4.620	6.864	2.244
1ulg	CC(=O)N[C@H]1[C@H](O)O[C@@H](CO)[C@H](O)[C@@H]1O[C@@H]1O[C@H](CO)[C@H](O)[C@H](O)[C@H]1O	4.210	4.502	0.292
3ska	Nc1cc(Cn2c(C(=O)[O-])c(-c3ccc[nH]c3=O)c3cc(C(F)(F)F)ccc32)ccn1	7.490	7.333	0.157
4a9u	NC(=O)c1ccc2nc(-c3ccc(OCC4CC[NH2+]CC4)cc3)[nH]c2c1	7.220	7.340	0.120
3qpn	COc1cc2cncnc2cc1OCCc1ccc2ccccc2n1	7.770	6.548	1.222
4fyh	C[n+]1nc(N)c2cn(C3OC(COP(=O)(O)O)C(O)C3O)c3c2c1NC=N3	4.850	6.588	1.738
3oyl	CCN1C[C@H](C)n2c(c(O)c3c(=O)n(Cc4ccc(F)c(Cl)c4)nc(C(=O)NC)c32)C1=O	6.700	7.620	0.920
4mw7	CCOc1c(I)cc(Cl)cc1C[NH2+]CCCNC(=O)Nc1ccsc1	5.000	7.863	2.863
6n3k	O=C(NCCCc1ccccc1)N[C@H]1CC[C@@H](OCc2c(F)cccc2F)CC1	7.540	7.269	0.271
3d4l	NC(=O)c1cccc(-c2ccc([C@H]([NH3+])Cc3cc(F)ccc3F)cc2)c1	7.490	6.383	1.107
3u7k	COc1ccccc1NC(=O)N[C@H](C(=O)N(CC(=O)NO)CC1CCCC1)C(C)(C)C	7.070	7.359	0.289
6n3z	CNC(=O)c1ccc(O[C@H]2CC[C@H](NC(=O)Nc3ccc(OC(F)(F)F)cc3)CC2)cc1	6.590	6.995	0.405
1jr1	COc1c(C)c2c(c(O)c1C/C=C(\C)CCC(=O)[O-])C(=O)OC2	8.220	5.749	2.471
6bmr	COc1cccc(-c2nnc3n(Cc4ccccc4Cl)c(=O)c4ccccc4n23)c1O	4.220	6.205	1.985
2xpb	CN(Cc1ccccc1)C(=O)c1nc(-c2cccc(Cl)c2)[nH]c1C(=O)[O-]	5.700	6.165	0.465
6jn5	C[C@H](CS)C(=O)N[C@@H](B([OH2+])[OH2+])c1ccc(F)cc1	5.150	5.699	0.549
5itd	COc1ncc(-c2ccc3ncnc(-c4cccc(C(=O)N5CCN(C(C)=O)CC5)c4)c3c2)cc1C#N	6.580	6.560	0.020
6d4o	O=C([O-])[C@H]1O[C@@H]([N@H+]2CC[N@H+]([C@H]3Nc4ccccc4Oc4ccc(Cl)cc43)CC2)[C@H](O)[C@@H](O)[C@@H]1O	6.280	4.627	1.653
2be2	Cc1cc(C)cc(Oc2c(CSCc3ccco3)c(C)[nH]c(=O)c2I)c1	8.700	8.025	0.675
3c8e	[NH3+][C@@H](CCC(=O)N[C@@H](CS)C(=O)NCC(=O)[O-])C(=O)[O-]	4.150	4.722	0.572
6oqn	O=C1NS(=O)(=O)CCOCCCCCCN2C[C@@]3(CCc4cc(Cl)ccc43)COc3ccc1cc32	8.000	7.681	0.319
5un9	CCN[C]1N[C@H]2[C@H](O[C@H](CO)[C@@H](O)[C@@H]2O)S1	7.680	6.238	1.442
5alg	O=C(NC[C@H]1COc2ccccc2O1)c1ccc2c(c1)N(Cc1cccc(Cl)c1)C(=O)CS2	7.520	6.604	0.916
4e8y	COc1cccc(OC)c1-c1cnnc(NCc2nc3cc(OCC(=O)[O-])ccc3s2)n1	6.090	6.601	0.511
4qgf	CC[C@H](c1ccc(C(=O)[O-])c(Oc2cccc(Cl)c2)c1OC)[N@@H+]1CCC[C@H](n2cc(C)c(=O)[nH]c2=O)C1	7.160	8.157	0.997
1sqb	CO/C=C(/C(=O)OC)c1ccccc1Oc1cc(Oc2ccccc2C#N)ncn1	7.950	6.105	1.845
4zy6	Clc1c(CNc2nccc(Nc3cc(C4CC4)n[nH]3)n2)ccc2[nH]cnc12	8.300	8.114	0.186
3g0g	N#Cc1ccccc1Cn1c(N2CCC[C@@H]([NH3+])C2)[nH+]cc(Br)c1=O	8.300	8.568	0.268
1vkj	Nc1ncnc2c1ncn2C1OC(COP(=O)(O)O)C(OP(=O)(O)O)C1O	4.850	5.297	0.447
6s43	COc1ccc(S(=O)(=O)N2CCCCCCC2)cc1NC(=O)Cc1n[nH]c(=O)c2ccccc12	5.400	6.530	1.130
3adt	O=C([O-])Cc1c[nH]c2ccc(O)cc12	4.550	4.580	0.030
5akh	FC(F)(F)c1cccc(-c2[nH]ncc2-c2ccncc2)c1	6.590	6.157	0.433
6q92	[NH3+][C@@H](CCCC[B-]([OH2+])([OH2+])[OH2+])C(=O)[O-]	6.100	5.032	1.068
6n4e	CC(C)(O)[C@H]1CC[C@H](NC(=O)c2cnc3cc(OC(F)F)ccc3c2)CC1	8.000	7.195	0.805
3t0m	COc1ccc(OC)c(NC(=O)COc2ccccc2P(=O)(O)O)c1	3.940	5.443	1.503
3lgl	C[NH+](C)CCCC[C@H]([NH3+])C(=O)[O-]	6.050	4.410	1.640
5qa9	O=C([O-])c1cccc(-c2cccc(CO)c2)c1	3.640	4.887	1.247
1jjt	O=C([O-])[C@@H](Cc1ccc2c(c1)OCO2)[C@H](Cc1ccc2c(c1)OCO2)C(=O)[O-]	8.050	4.391	3.659
1o46	COC(=O)c1cc(C[C@H](NC(C)=O)C(=O)N[C@H]2CCCCN(Cc3ccc(-c4ccccc4)cc3)C2=O)ccc1C(F)(C(=O)[O-])C(=O)[O-]	8.000	7.500	0.500
1o44	CC(=O)N[C@@H](Cc1ccc(C(C(=O)[O-])C(=O)[O-])c(C(=O)[O-])c1)C(=O)N[C@H]1CCCCN(Cc2ccc(-c3ccccc3)cc2)C1=O	8.520	7.909	0.611
4n5g	CC1=C(CCc2nn[nH]n2)c2cc(F)ccc2/C1=C\c1ccc(C(C)C)cc1	5.000	6.856	1.856
5jy0	CC(C)C[C@H]([NH3+])C(=O)N[C@@H](CC(=O)[O-])C(=O)N[C@H](C(=O)[O-])C(C)C	5.550	5.770	0.220
4b14	COc1cccc(COC(=O)c2oc3cccc(OC4CC[NH2+]CC4)c3c2C)c1	6.220	6.362	0.142
4o13	O=C(NCc1ccc(S(=O)(=O)c2cccc(C(F)(F)F)c2)cc1)c1cnc2[nH]ncc2c1	7.820	6.928	0.892
2kaw	CC1=C(CC(=O)[O-])c2cc(F)ccc2[C@@H]1Cc1ccc([S@@](C)=O)cc1	4.970	6.526	1.556
4a9i	CC(=O)c1cc(-c2ccccn2)c2ccccn12	4.900	5.330	0.430
5qas	CC(=O)NCCc1ccc(-c2cccc(C(=O)[O-])c2)cc1	3.720	4.725	1.005
4zg7	Cc1c(Sc2cccc(C(=O)[O-])c2F)c2ccc(Cl)c(F)c2n1CC(=O)N1CC2(CC2)c2ccccc21	8.700	7.269	1.431
3gwv	C[NH2+]CC[C@@H](Oc1ccc(C(F)(F)F)cc1)c1ccccc1	2.600	6.731	4.131
5n53	COc1ccc(NC(C)=O)cc1Cl	2.550	4.953	2.403
3il6	C[C@H]1C[C@@H](C)CN(c2ccc(C(=O)Nc3ccccc3C(=O)[O-])cc2Oc2ccccc2)C1	6.570	6.989	0.419
6hv0	CC(C)Nc1cc(Cl)nn2c(-c3ccc4[nH]ncc4c3)cnc12	6.560	6.936	0.376
2jj3	COCc1cc(O)cc2c1O[C@@H](c1ccc(O)cc1)[C@H]1CCC[C@@H]21	9.550	7.515	2.035
1k9r	CC(=O)N1CCC[C@H]1C(=O)N[C@@H](CC(C)C)C(=O)N1CCC[C@H]1C(=O)N1CCC[C@H]1C(=O)N[C@@H](Cc1ccc(O)cc1)C(=O)[O-]	3.300	5.192	1.892
4h3c	CCCCCCCCCCOc1cccc(C(=O)C[C@@H](O)C(=O)[O-])c1	5.720	6.054	0.334
3dga	NC(=[NH2+])NC(=[NH2+])Nc1cc(C(F)(F)F)ccc1Cl	4.520	5.314	0.794
1j5i	COc1cc(C)c2ccc(O)c(C(=O)O[C@@H]3[C@@H](O)C=C[C@H]3O)c2c1	3.640	6.084	2.444
6e8m	CC([NH3+])C(=O)NC(Cc1ccc(OP(=O)(O)O)cc1)C(=O)O	6.280	5.667	0.613
4q3s	[NH3+][C@](CCCCB(O)(O)~[OH-])(CC[NH+]1CCCCC1)C(=O)[O-]	6.590	5.688	0.902
1a8i	O=C1NC(=O)[C@@]2(N1)O[C@H](CO)[C@@H](O)[C@H](O)[C@H]2O	5.520	6.187	0.667
1x7b	C=Cc1cc(O)cc2nc(-c3ccc(O)c(F)c3)oc12	8.390	5.758	2.632
3k26	C[N+](C)(C)CCCC[C@H]([NH3+])C(=O)N[C@@H](CCC(N)=O)C(=O)[O-]	3.400	4.966	1.566
3h9k	O=c1[nH]c(=O)n(C2CC(O)C(COP(=O)(O)O)O2)cc1F	7.850	5.386	2.464
6u7p	CC(C)CN(C[C@@H](O)[C@H](Cc1ccccc1)NC(=O)O[C@H]1CCO[C@H]2OCC[C@@H]12)S(=O)(=O)c1ccc(B([OH2+])[OH2+])cc1	11.680	10.017	1.663
2y76	O=C([O-])[C@@]1(O)C[C@@H](O)[C@H](O)C(OCc2ccc3sccc3c2)=C1Cc1ccc2sccc2c1	6.360	6.559	0.199
6qrf	O=C(OCc1ccccc1)c1cn[nH]c1	4.480	4.920	0.440
3f8w	[NH3+]C1NC=Nc2c1ncn2[C@@H]1O[C@H](CO)[C@@H](O)[C@H]1O	4.080	5.057	0.977
1uwb	CC(C)=CC[N@@H+]1Cc2c(Cl)ccc3[nH]c(=S)n(c23)C[C@@H]1C	8.340	6.213	2.127
5ur9	O=C([O-])[C@H]1[C@H](c2ccccc2)[C@H](C(=O)Oc2cccc3ccccc23)[C@H]1c1ccccc1	6.050	5.828	0.222
5ttg	CCNc1nc(N[C@H]2CC[N@H+](C)CC2)c2cc(OC)c(OC)cc2n1	7.340	6.050	1.290
4ci2	Nc1cccc2c1CN([C@H]1CCC(=O)NC1=O)C2=O	6.750	6.109	0.641
6nzk	CO[C@]1(C(=O)[O-])C[C@H](O)[C@@H](NC(C)=O)[C@H]([C@H](O)[C@H](O)COC(C)=O)O1	4.300	5.365	1.065
2bed	CS(=O)(=O)N1CCC([C@H]2c3ccc(Cl)cc3C(N3CC[NH2+]CC3)=Cc3cccnc32)CC1	8.150	6.918	1.232
5ism	[NH3+][C@H]1C[C@@H]([N@@H+]2Cc3nn4cccnc4c3C2)CO[C@@H]1c1cc(F)ccc1F	9.150	8.043	1.107
6k1q	Cc1cc(C)cc(C(=O)N(C)[C@H](Cc2ccc(-c3ccccc3)cc2)C(=O)N[C@@H](Cc2c[nH]c3ccccc23)C(=O)[O-])c1	7.460	6.867	0.593
5jas	Cc1ccccc1-c1cc(Nc2nccs2)ccc1C	5.770	5.846	0.076
3wgw	[NH3+][C@H](CO)Cc1cc(I)c(Oc2ccc(O)cc2)c(I)c1	5.890	7.708	1.818
5owc	NC(=O)c1cc2ccc(OC(F)(F)F)cc2n1-c1cccc(CCC(=O)[O-])c1	7.590	5.757	1.833
2pfy	O=C1CC[C@@H](C(=O)[O-])N1	6.520	4.457	2.063
4wwn	C[C@H](Nc1ncnc2nc[nH]c12)c1cc2ccc(F)cc2nc1-c1ccccn1	6.070	7.033	0.963
5g3n	NC(=O)c1ccc(Cc2ccccc2)cc1-c1cccc(CCC(=O)[O-])c1	7.920	5.599	2.321
1ryf	Nc1nc2c(ncn2C2OC(COP(=O)(O)OP(=O)(O)O)C(O)C2O)c(=O)[nH]1	8.800	5.323	3.477
4op3	C[C@](O)(c1ccc(-c2ccc(S(=O)(=O)c3ccc(N)nc3)nc2Nc2ccccc2)nc1)C(F)(F)F	8.150	8.031	0.119
6npf	O=C1CC(P(=O)([O-])[O-])C(=O)N1O	5.850	5.143	0.707
2wxq	COc1ccccc1-n1c(SCC(=O)Nc2ccc3nccnc3c2)nc2c(c1=O)CCCC2	7.470	6.053	1.417
4ys7	Cc1ncc(C)[n+]2nc(CCc3nc4c5cccnc5ccc4n3C)[nH]c12	9.000	5.804	3.196
5ett	N#Cc1ccc(CSc2nc3[nH]c(=[NH2+])[nH]c(=O)c3[nH]2)c(F)c1	6.230	6.458	0.228
6ezg	COc1c(C(=O)CC[C@H]2CC[N@H+](Cc3ccccc3)CC2)cc(Cl)c2[nH]ccc12	7.690	7.521	0.169
6ckx	CC(=O)N(c1ccc(-c2cnn(C)c2)cc1)[C@H]1CC[C@H](Nc2ncc3ccccc3n2)CC1	7.890	6.745	1.145
4ge9	COc1cc2c(cc1Cc1ccccc1)C/C(=N\Cc1c(COP(=O)(O)O)cnc(C)c1O)C(=O)N2O	8.800	6.729	2.071
3v7s	Cc1ccc2oc(=O)n(CCCCn3cc(CCCCC[C@@H]4SC[C@@H]5NC(=O)N[C@H]45)nn3)c2c1	7.050	8.417	1.367
1a7t	O=S(=O)(O)CC[NH+]1CCOCC1	1.640	4.992	3.352
4c1e	C[C@H](CS)C(=O)N1CCC[C@@H]1C(=O)[O-]	7.140	5.200	1.940
6sze	NC(=O)c1cnn(-c2ccccc2)c1N	4.100	5.175	1.075
6mmq	Nc1ncnc2c1ncn2C1OC2COP(=O)(O)OC2C1O	3.620	5.688	2.068
5a3o	CO[C@H]1O[C@H](CNC(=O)/C=C/c2ccccc2)[C@@H](O)[C@H](O)[C@@H]1O	4.730	4.999	0.269
1xfv	Nc1ncnc2c1ncn2C1OC(COP(=O)(O)OP(=O)(O)OP(=O)(O)O)CC1O	3.890	5.670	1.780
4xt9	CCS(=O)(=O)c1ccc(CC(=O)Nc2nc(-c3cc(Cl)ccc3Cl)c(-c3ccccc3)s2)cc1	6.800	6.455	0.345
5etk	[NH2+]=c1[nH]c(=O)c2[nH]c(SCc3ccccc3F)nc2[nH]1	5.820	5.652	0.168
5lca	O=C([O-])c1cccc2c1C(=O)N(c1cccc(C(F)(F)F)c1)C2	4.480	5.368	0.888
5ls6	COC1=C(CNC(=O)c2c(C)n([C@H](C)[C@H]3CC[N@H+](CC(C)(F)F)CC3)c3ccccc23)C(=O)N=C(C)C1	9.000	7.861	1.139
5qb3	CC(=O)Nc1cccc(-c2cc(C(=O)[O-])cc(-c3ccc4cccnc4c3)c2)c1	4.310	5.299	0.989
2q80	CC(C)=CCC/C(C)=C/CC/C(C)=C/CC/C(C)=C/COP(=O)(O)OP(=O)(O)O	4.600	4.989	0.389
6aoy	O=[N+]([O-])c1ccccc1O[C@@H]1O[C@H](CO)[C@H](O)[C@H](O)[C@H]1O	4.970	4.356	0.614
5f1u	[NH3+]C/C=C/C[C@@]([NH3+])(CC[C@]([NH3+])(CCCC[NH3+])C(=O)[O-])C(=O)[O-]	6.400	5.376	1.024
1s64	N#Cc1ccc(Cn2cncc2C[N@H+]2CCN(c3cccc(Cl)c3)C(=O)C2)cc1	8.400	6.883	1.517
6q9w	COc1ncc(-c2nc3c(n2C(C)C)[C@H](c2ccc(Cl)cc2)N([C@@H](C)c2cccc(Cl)c2)C3=O)c(OC)n1	6.240	7.372	1.132
5y9l	COc1ccc(Cl)cc1C[C@@H]1CN/C(=N\N(C)C)CN(CC(=O)Nc2cccc(C(=O)[O-])c2)C1=O	5.720	6.887	1.167
6v1c	CC(=O)N[C@H]1[C@@H](O[C@H]2[C@@H](CO)O[C@@H](O)[C@H](O)[C@H]2O)O[C@H](CO)[C@@H](O)[C@@H]1O	4.190	4.437	0.247
6ijh	O=C1c2cccc3cccc(c23)C(=O)N1CCc1n[nH]c(=S)n1-c1ccccc1	7.170	6.682	0.488
2x38	Cc1ccccc1-n1c(Cn2cnc3c(N)ncnc32)nc2cccc(C)c2c1=O	6.890	7.973	1.083
6r1k	O=C1C[C@H](NC(=O)c2c(Cl)cc(Cl)cc2Cl)C(=O)N1	5.050	5.821	0.771
3oqf	O=C(c1c(Cc2ccccc2)n(-c2ccccc2)c2ccccc12)N1CC[NH2+]CC1	7.040	6.677	0.363
4wki	Cn1ccnc1[C@]1(CNC(=O)c2cc3cc(Cl)ccc3o2)NC(=O)NC1=O	8.300	7.961	0.339
5jjs	COc1cc(OC)c(-c2ccc(C#CCO)s2)cc1C(=O)NS(=O)(=O)[C@@H]1CCC[C@@H](OC)C1	7.320	8.699	1.379
1r5h	Cc1ccc(NNC(=O)[C@@H](O)[C@H]([NH3+])CC2CCCCC2)cc1	6.740	5.647	1.093
6mo2	[NH3+]Cc1ccc(-c2ncc(OCC3CC[NH2+]CC3)nc2-c2ccc(-c3cn[nH]c3)cc2)cc1	6.680	6.689	0.009
5iu2	c1ccc(-c2cc3c(cn2)ncc2ncn(-c4ccc5nc(NCC[NH+]6CCOCC6)sc5c4)c23)cc1	7.800	6.976	0.824
5mrh	CC(C)CC[NH+]1CC(=O)N[NH2+]1	4.200	5.410	1.210
1so2	C[C@@H]1CC(=O)NN=C1c1ccc(NC2=C(Cc3cccc(I)c3)C(=O)CCC2)cc1	9.570	6.860	2.710
1kf6	CCCCCCCC1=CC(=O)c2ccccc2[N+]1=O	6.700	5.888	0.812
5ni8	CCS(=O)(=O)c1ccc(CC(=O)Nc2cc(-c3cccnc3OCc3ccccc3)cs2)cc1	7.700	7.055	0.645
5k00	COc1cccc(Nc2ncc(-c3ccc(C(=O)NCC(=O)Nc4ccccc4)cc3)c(OCC3CC[NH2+]CC3)n2)c1	8.150	7.301	0.849
1wug	Cc1ccc(NCCC[NH3+])c([N+](=O)[O-])c1	5.800	5.216	0.584
3ur0	CC(=O)Nc1ccc(S(=O)(=O)[O-])c2cc(S(=O)(=O)[O-])cc(S(=O)(=O)[O-])c12	7.150	5.368	1.782
5qau	O=C([O-])c1cccc(-c2cccc(-c3nnn[nH]3)c2)c1	4.150	4.334	0.184
5vqw	C=CC(=O)Nc1cc(Oc2ccccc2OCCn2ccc(=O)[nH]c2=O)c(C)c2cc(C#N)ccc12	5.700	8.284	2.584
2on3	[NH3+]CCCO[NH3+]	9.000	4.467	4.533
5alu	O=C(N[C@H]1[C@H]2C[C@H]3C[C@@H]1C[C@](O)(C3)C2)c1cnc(N[C@H]2CCOC2)nc1C1CCCC1	7.660	6.935	0.725
5eb3	Cc1ncc(CO)c(CO)c1O	1.450	3.618	2.168
4zh4	Fc1ccc(-c2[nH]ncc2-c2ccc(F)c(C(F)(F)F)c2)cc1	4.220	6.197	1.977
5a8z	C[N@H+]1CC2=C(C(=O)N1)[C@@H](c1ccc(C#N)cc1)NC(=O)N2c1cccc(C(F)(F)F)c1	7.550	6.746	0.804
5e3g	O=c1[nH]c2[nH]c(=S)[nH]c(=O)c2[nH]1	4.300	4.238	0.062
1cqp	CC[C@H](C)C(=O)O[C@H]1C[C@@H](C)C=C2C=C[C@H](C)[C@H](CC[C@@H]3C[C@@H](O)CC(=O)O3)[C@H]21	5.620	7.280	1.660
5v5e	O=C([O-])c1ccc(NC(=O)c2cccc(CC3CCCCC3)n2)c(Nc2cccc(OC(F)(F)F)c2)c1	5.520	7.647	2.127
3qaq	N#CCNc1ncnc(-n2c(Nc3cccc(O)c3)nc3ccccc32)n1	7.000	7.020	0.020
4og8	N#Cc1ccc(OCCC[N@H+]2CC[C@H]([C@@]([NH3+])(c3ccccc3)C3CCCC3)CC2)cc1	7.250	6.926	0.324
4z22	[NH2+]=c1[nH]c2cc(-c3ccccc3)ccc2c(=O)n1C[C@H]1CC[C@@H](c2ccccc2)O1	6.240	6.574	0.334
4mjq	Nc1c(CC(=O)[O-])cccc1C(=O)c1ccc(Br)cc1	3.710	4.014	0.304
3k5i	Nc1cncn1C1OC(COP(=O)(O)O)C(O)C1O	4.700	5.154	0.454
1w76	COc1ccc2c3c1O[C@H]1C[C@@H](O)C=C[C@@]31CC[N+](C)=C2	6.150	6.242	0.092
4jc1	OC[C@H]1O[C@@H](S[C@@H]2O[C@H](CO)[C@H](O)[C@H](O)[C@H]2O)[C@H](O)[C@@H](O)[C@H]1O	4.300	4.311	0.011
3sl0	[NH3+][C@@](CCCCB(O)O)(C(=O)[O-])C(F)F	2.700	5.556	2.856
5hg1	O=C(/C=C/c1ccc(Cl)c(Cl)c1)N[C@H]1[C@@H](O)O[C@H](CO)[C@@H](O)[C@@H]1O	5.200	5.522	0.322
2wxg	Cc1ccccc1-n1c(Cn2nc(-c3cc(O)cc(F)c3)c3c(N)ncnc32)nc2cccc(C)c2c1=O	9.150	8.571	0.579
5w8j	NS(=O)(=O)c1ccc(Cc2c(-c3ccc(F)c(F)c3)nn(-c3nc(C(=O)[O-])cs3)c2O)cc1	6.430	6.895	0.465
3lbz	O=C([O-])C[C@H](C(=O)[O-])N1C(=O)/C(=C2/C(=O)Nc3ccc(Br)cc32)SC1=S	3.860	5.817	1.957
3bc5	Cc1oc(-c2ccccc2)nc1CCOc1cccc(Cc2nn(-c3ccccc3)nc2CC(=O)[O-])c1	8.300	7.670	0.630
3k22	Cc1cc(NCC(O)(C(F)(F)F)C(F)(F)F)c2cnn(-c3cccc(C(=O)N[C@H](C)C(N)=O)c3)c2c1	7.900	6.478	1.422
3wke	O=C(N[C@H]1CC[C@H](Oc2ccc(C(=O)[O-])cc2)CC1)N[C@]12C[C@H]3C[C@H](C[C@H](C3)C1)C2	8.890	6.629	2.261
5ywx	O=C(Nc1ccc(N2CCCC2=O)cc1)c1cnc(-c2ccccn2)nc1	9.850	5.150	4.700
3wfg	C[C@@H]1OC(=O)C(c2ccc(F)cc2)=C1c1ccc2c(c1)NC(=O)CO2	6.920	6.139	0.781
2sfp	CCC(=O)[O-]	1.700	3.853	2.153
5wre	COC(=O)C1=C(C[N@@H+]2CC(F)(F)C[C@H]2C(=O)[O-])NC(c2nccs2)=N[C@H]1c1ccc(F)cc1Cl	6.410	9.148	2.738
5ove	COc1cc2ncnc(N[C@H](C)c3cccc4ccccc34)c2cc1OC	6.350	5.603	0.747
5ai1	C[C@]12C=Cc3c(ccc4cc(O)ccc34)[C@@H]1CCC2=O	6.470	6.079	0.391
3zly	N#Cc1cccc2n[nH]c(N)c12	3.520	5.561	2.041
5vex	CS(=O)(=O)c1cccc(NC(=O)N(Cc2ccc(C(=O)Nc3nnn[nH]3)cc2)c2ccc(C3CCCCC3)cc2)c1	4.630	7.039	2.409
5wbr	N#Cc1c(C(F)(F)F)cc(N2CC[NH+](CCO)CC2)nc1N1CCC[C@H](CO)C1	4.770	6.813	2.043
4mk0	O=C1NCc2cc(OC[C@@H]3C[NH2+]CC[C@H]3c3ccc(F)cc3)ccc21	5.200	7.660	2.460
4j51	O=C(COc1ccc(-c2oc3cc(O)c(C(=O)[O-])cc3c2C#Cc2cccc(Cl)c2)cc1)NC1CC1	6.590	7.577	0.987
4ktc	O=C(N[C@H]1CCCCCCC[C@@H]2C[C@@]2(C(=O)NS(=O)(=O)C2CC2)NC(=O)[C@@H]2C[C@@H](OC(=O)N3CCc4ccccc4C3)CN2C1=O)OC1CCCC1	9.000	8.036	0.964
2pj2	CC(C)C(NC(=O)OCc1ccccc1)P(=O)(O)CC(C(=O)O)c1cccc(C[NH3+])c1	7.920	5.998	1.922
4k3m	CC(C)C[C@H](NC(=O)[C@@H]([NH3+])CC(=O)[O-])C(=O)N[C@@H](Cc1ccccc1)C(=O)[O-]	3.550	5.191	1.641
3tcp	CCCCNc1ncc2c(-c3ccc(F)cc3)nn(C[C@H]3CC[C@H]([NH3+])CC3)c2n1	8.370	8.961	0.591
1tcw	CC(C)[C@H](NC(=O)[C@H](Cc1ccccc1)C[C@H](O)[C@H](Cc1ccccc1)NC(=O)OC(C)(C)C)c1ncc[nH]1	6.020	7.561	1.541
5zun	O=C(c1nccs1)N1CC[NH+]([C@@H]2CC(=O)N(c3cccc(-c4ccccc4Cl)c3)C2)CC1	9.190	7.103	2.087
4ycv	C[C@H]1CCC[C@H](C[C@H]2Cc3cc(O)cc(O)c3C(=O)O2)O1	5.820	5.761	0.059
3ehn	CC(=O)N[C@H]1[C@H](O)O[C@H](CO)[C@@H](O[C@@H]2O[C@H](CO)[C@H](O)[C@H](O)[C@H]2O)[C@@H]1O	1.920	4.842	2.922
2o7e	[NH3+]C1(P(=O)(O)O)Cc2ccccc2C1	6.220	4.986	1.234
3ps6	COc1ccc(NC(=O)c2cccc3c(N)nc(C)nc23)cn1	7.740	7.048	0.692
3e37	Cc1ccccc1S(=O)(=O)N(CCN(Cc1cncn1C)c1ccc(C#N)cc1)CC1CCN(C(=O)OC(C)(C)C)CC1	5.390	8.228	2.838
1ahy	O=C([O-])/C=C\C(=O)[O-]	3.360	3.815	0.455
6myn	CNC(=O)c1c(C(N)=O)nc2n1[C@H]1C[C@H](C1)c1cc(F)c(C#C[C@@](C)(O)c3cc(C)on3)cc1-2	7.850	7.686	0.164
3ccb	[NH3+]Cc1ccccc1-c1ccccc1	4.520	4.887	0.367
4lts	N#CN/C(Nc1ccncc1)=[NH+]\Cc1ccc(S(=O)(=O)c2cccc(OC(F)(F)F)c2)cc1	8.360	7.509	0.851
1yys	CC(C)=CCC[N@H+](C)[C@@H]1CC=C(C)CC1	6.330	5.213	1.117
3rik	OCC[NH+]1C[C@H](O)[C@@H](O)[C@H](O)[C@@H](O)C1	2.470	4.933	2.463
4g3g	Oc1ccc(F)cc1Nc1nc(-c2ccncc2)cs1	8.430	6.526	1.904
4avt	O=C([O-])[C@H]1CCCN1C(=O)CCCCC(=O)N1CCC[C@@H]1C(=O)[O-]	8.060	5.271	2.789
5h4j	C[C@@H](NS(=O)(=O)CCCOCn1ccc(=O)[nH]c1=O)c1cccc(OC2CCCC2)c1	6.890	7.064	0.174
6dim	O=C([O-])c1cnc2ccccc2c1O	2.140	4.590	2.450
5fi7	O=C(Cc1ccccc1)Nc1nnc(O[C@H]2CCN(c3nnc(NC(=O)Cc4ccccc4)s3)C2)s1	7.400	6.420	0.980
4wxi	Nc1[nH]nc2cc(-c3ccnc([C@H](Cc4ccccc4)NC(=O)[C@H]4CC[C@H](C[NH3+])CC4)c3)ccc12	8.080	7.326	0.754
3v7c	CC1(C)O[C@@H]2[C@@H](Cn3cc(CCCCC[C@@H]4SC[C@@H]5NC(=O)N[C@H]45)nn3)O[C@@H](n3cnc4c(N)ncnc43)[C@@H]2O1	5.740	9.354	3.614
5khk	Nc1ncc2ncn(C3OC4COP(=O)(O)OC4C3O)c2n1	6.390	5.467	0.923
4y6m	CCCN(CCC)C(=O)c1cc(C(=O)N/C(=C\c2ccccc2)[C@H](O)C[NH2+]C(C)(C)c2cccc(OC)c2)cc(N2CCCCC2)c1	7.150	8.589	1.439
5khj	O=c1ccn(C2OC3COP(=O)(O)OC3C2O)c(=O)[nH]1	3.740	4.891	1.151
1nnb	CC(=O)N[C@@H]1[C@@H](O)C=C(C(=O)[O-])O[C@H]1[C@H](O)[C@H](O)CO	5.000	4.885	0.115
5ael	CCCCC#CC1=CC=CN(CC(P(=O)(O)O)P(=O)(O)O)C1	7.410	6.571	0.839
2i0j	Oc1ccc([C@@H]2Oc3ccc(O)cc3[C@@H]3CCC[C@@H]32)cc1	8.570	6.771	1.799
4bdt	Nc1c2c(nc3cc(Cl)ccc13)C[C@H]1C=C(CCO)C[C@@H]2C1	8.960	6.712	2.248
2zv2	O=C([O-])c1ccc2c3c1cccc3c(=O)n1c3ccccc3nc21	6.300	7.125	0.825
2phb	CO[C@@H]1C[C@H](C(=O)Nc2ccc(-n3ccccc3=O)cc2F)N(C(=O)Nc2ccc(Cl)cc2)C1	9.490	7.049	2.441
3i7g	CNC(=O)[C@@H](NC(=O)c1ccc(-c2ccc(Cl)cc2)o1)C1CCCCC1	6.370	6.071	0.299
6qzb	CCc1sc2ncnc(N[C@H](Cc3ccccc3)C(=O)[O-])c2c1-c1ccccc1C	6.470	6.879	0.409
5ais	C[NH+](C)CCCC(=O)Nc1cncc(-c2cccc3[nH]ccc23)c1	6.240	6.041	0.199
3sl1	C[C@]([NH3+])(CCCCB(O)O)C(=O)[O-]	3.590	5.469	1.879
5t2t	O=C([O-])/C(O)=C/C(=O)[C@]1(Cc2ccc(Cl)cc2)CC[N@@H+](Cc2ccccc2)CC1	6.290	7.225	0.935
4kqq	CCN1CCN(C(=O)N[C@@H](C(=O)N[C@H](C(=O)[O-])[C@H]2[NH2+][C@@H](C(=O)[O-])C(C)(C)S2)c2ccccc2)C(=O)C1=O	3.900	6.056	2.156
5h17	COc1cccc(C[C@H]2C[C@H]3Cc4c(cccc4OC)C[C@@H]3[N@@H+](C)C2)c1	6.050	6.722	0.672
6os6	[NH3+][C@@H](Cc1c[nH]c2ccccc12)C(=O)[O-]	5.960	4.490	1.470
3az9	Oc1ccc(Cl)cc1Oc1ccc(Cl)c2cccnc12	6.000	5.468	0.532
5lch	C=CC[C@H]1c2cccc(C(=O)[O-])c2C(=O)N1c1cccc(OC)c1	4.690	6.527	1.837
2lk1	O=C1c2ccccc2C(=O)c2cc(S(=O)(=O)[O-])ccc21	4.090	5.613	1.523
2ay2	O=C([O-])CCC1CCCCC1	1.880	4.523	2.643
4hxr	O=c1[nH]c(-c2cccc(NS(=O)(=O)c3cccs3)c2)cs1	5.390	4.856	0.534
1w82	CC(C)(C)c1cc(NC(=O)Nc2ccc(Cl)cc2)n(-c2ccccc2)n1	6.710	6.827	0.117
3ern	N=c1ccn(C2OC(COP(=O)(O)O)C(O)C2O)c(=O)[nH]1	1.720	4.624	2.904
4qsx	C=C1CN([C@H]2CC[C@@H](CO)O2)C(=O)NC1=O	1.740	5.197	3.457
1nq0	O=C([O-])Cc1cc(I)c(Oc2ccc(O)c(I)c2)c(I)c1	10.320	6.776	3.544
6iil	Cc1cc(C(=O)C[NH+]2CCCCC2)c(C)n1-c1ccc(Cl)cc1	6.170	6.634	0.464
4o0t	COCCNc1nc2ccc(C#CC3(O)CCCCC3)cc2n1-c1ccnc(N)n1	5.540	7.960	2.420
6npp	O=C([O-])c1cccc(C#Cc2ccccc2)c1-n1cccc1	6.050	5.497	0.553
3wk6	C[C@@H]1CN=C(NCCc2ccccc2)S1	5.200	5.465	0.265
220l	c1ccccc1	3.400	3.860	0.460
6ck3	C[C@H]1NC(=O)c2ccc(Nc3ccncn3)cc21	7.350	8.312	0.962
3hf6	C[C@@H](Nc1nc(N)nc(-c2ccc(C[C@H]([NH3+])C(=O)[O-])cc2)n1)c1ccc2ccccc2c1	7.590	6.151	1.439
5kzq	[NH3+][C@@]1(C(=O)[O-])[C@H](CSc2ccc(F)c(F)c2)[C@@H](O)[C@@H]2[C@H]1[C@H]2C(=O)[O-]	8.280	6.117	2.163
3bt9	CC1=CC([NH3+])c2ccccc2N1CCCCCCCCCCN1c2ccccc2C(N)=CC1C	5.710	6.932	1.222
1utr	CS(=O)(=O)c1cc(Cl)c(-c2cc(Cl)c(S(C)(=O)=O)cc2Cl)cc1Cl	8.000	6.623	1.377
5c84	COC[C@H]1C[NH2+][C@H](C)C[N@@H+]1CC(=O)N1CC(C)(C)c2cnc(Cl)cc21	6.190	7.003	0.813
4xtp	CC(=O)N[C@H]1[C@@H](OC[C@H]([NH3+])C(=O)[O-])O[C@H](CO)[C@H](O)[C@@H]1O	4.260	4.877	0.617
3fcf	O=C1CC(/C=N/OCCO/N=C/c2cccc(C(=O)[O-])c2)=NC(=O)N1	4.400	5.099	0.699
6r0s	O=C1C[C@H](N2C(=O)c3cccc([N+](=O)[O-])c3C2=O)C(=O)N1	4.400	5.634	1.234
1lfo	CCCCCCCC/C=C\CCCCCCCC(=O)[O-]	6.700	5.879	0.821
4hbx	CN1Cc2cc(S(=O)(=O)N3CCCC3)ccc2NC1=O	5.720	5.454	0.266
5tyr	CC(C)CN(C[C@@H](O)[C@H](Cc1ccccc1)NC(=O)O[C@H]1[C@@H](C)C[C@H]2[C@@H](O)OC[C@@H]12)S(=O)(=O)c1ccc2nc(NC3CC3)sc2c1	9.590	11.341	1.751
3bxs	CC(C)[C@@H]1NC(=O)CCCCOc2ccc(cc2)C[C@@H](C(=O)[O-])NC1=O	5.100	5.529	0.429
2jdk	COC(=O)c1cn([C@@H]2O[C@H](CO)[C@@H](O[C@@H]3O[C@@H](C)[C@@H](O)[C@@H](O)[C@@H]3O)[C@H](O)[C@H]2NC(C)=O)nn1	6.540	5.707	0.833
4cku	CCCN(CCC)C(=O)c1cc(C(=O)N[C@@H](Cc2ccccc2)[C@H](O)C[NH2+]C(C)(C)c2cccc(OC)c2)cc(N2CCCCS2(=O)=O)c1	6.820	9.503	2.683
6nj0	Nc1ncnc2c1ncn2[C@@H]1O[C@H](COc2cccc(CCC(=O)c3ccccc3C(=O)[O-])c2)[C@@H](O)[C@H]1O	6.610	7.466	0.856
4tww	O=C[C@H](Cc1c[nH]cn1)[NH2+]C[C@@H]1C[C@H]2CCCC[C@@H]2CN1C(=O)c1ccc(Br)cc1	4.200	6.858	2.658
1g5f	ClCCCl	2.640	4.001	1.361
2iit	[NH3+][C@@H](CC(=O)N1CCCNC(=O)C1CC(F)(F)F)Cc1cc(F)c(F)cc1F	8.590	6.989	1.601
6s7s	COc1ccc(S(=O)(=O)Nc2ccccc2)cc1NC(=O)Cc1n[nH]c(=O)c2ccccc12	4.770	6.678	1.908
2e99	O=P(O)(O)C(O)(Cc1cccc(-c2cccc(-c3ccccc3)c2)c1)P(=O)(O)O	6.160	5.818	0.342
5lgn	COCc1cccc(NC(=O)c2cc3sccc3n2C)c1	5.540	5.024	0.516
3fpd	COc1cc2nc(N3CCC[N@@H+](C)CC3)nc(N[C@H]3CC[N@H+](Cc4ccccc4)CC3)c2cc1OC	6.150	7.252	1.102
4mk1	Oc1cc(Br)cnc1O	4.800	4.272	0.528
4b82	CC[NH+](CC)CCNS(=O)(=O)c1ccccc1F	4.390	5.041	0.651
5am3	O=C(N[C@H]1CC[C@H](Oc2ccc(C(=O)[O-])cc2)CC1)N[C@]12C[C@H]3C[C@H](C[C@H](C3)C1)C2	8.300	6.650	1.650
4dzw	O=P(O)(O)C(C[NH2+]C1CCCCC1)P(=O)(O)O	7.890	5.410	2.480
2wtd	NC(=O)c1ccc(-c2cc(-c3cccc4c3OCO4)cnc2N)cc1	6.680	5.068	1.612
2rjs	COc1ccc([C@@H]([NH3+])C(F)(F)C(=O)[O-])cc1	2.280	5.443	3.163
5un1	C[C@]12[NH2+][C@H](Cc3ccccc31)c1ccccc12	5.800	5.138	0.662
5afj	C[NH+]1C[C@](C)(O)C(=O)CC1c1ccc(Br)cc1	4.380	5.223	0.843
6h1h	Nc1ccc(F)c(C(=O)c2c[nH]c3ncc(Cl)cc23)c1F	6.170	6.640	0.470
4l02	OC[C@H]1C[C@@H](O)CC[N@@H+]1CCc1ccc(Nc2nc(-c3ccc(Cl)c(Cl)c3)cs2)cc1	7.700	7.149	0.551
6h7l	C[C@H](CCc1ccc(O)cc1)[NH2+]CCc1ccc(O)c(O)c1	8.970	6.359	2.611
3voz	O=C(Cc1ccccc1)Nc1nnc(CC=S)s1	6.850	5.089	1.761
3lc5	NC(=[NH2+])c1cc2c(O[C@H](c3ccccc3)c3nc(-c4ccccc4)no3)cccc2s1	6.570	7.619	1.049
1fpy	CP(=O)(O)CCC([NH3+])C(=O)O	6.000	5.168	0.832
3kqw	Clc1ccc2nc[nH]c2c1	4.010	4.845	0.835
4ojq	O=C([O-])Cc1c[nH]c2ccc(Br)cc12	3.300	4.255	0.955
5uv5	O=C1Cc2ccc(-c3ccco3)cc2C(=O)N1O	7.700	6.000	1.700
4ap0	Cc1ccc(C(=O)N(C)[C@@H](c2nc3cc(Cl)ccc3c(=O)n2Cc2ccccc2)C(C)C)cc1	8.000	6.913	1.087
2w6q	Nc1nc(N)nc(OCCOc2ccccc2)n1	4.600	5.539	0.939
5o7e	CC(=O)c1ccc(NC(=O)CS)cc1	8.000	4.745	3.255
6r7d	COc1nc(C(=O)[C@H]2C[C@@H]2C(=O)[O-])ncc1N(CC1CC1)c1cccc2ccccc12	8.620	5.778	2.842
4heu	OCC1CCN(c2ncccc2Oc2ccc(Nc3nc4ccccc4[nH]3)cc2)CC1	10.010	8.365	1.645
4x3t	COc1cccc(C(=O)N2CCN(C(=O)COc3cccc(C)c3)CC2)c1OC	4.540	5.806	1.266
3eor	N=c1ccn(CC(CO)OCP(=O)(O)O)c(=O)[nH]1	1.400	4.876	3.476
5ncz	CC1=CSC2C=C([C@H](C)Nc3ncnc(N)c3C#N)C(c3cccc(C[NH+](C)C)c3)C(=O)N12	9.100	7.418	1.682
2f70	O=C(CCc1cccc(NS(=O)(=O)[O-])c1)NCc1cccc(NS(=O)(=O)[O-])c1	4.470	5.537	1.067
4nrt	Cc1ccc(C(=O)Nc2ccc(S(=O)(=O)[O-])c3cccc(S(=O)(=O)[O-])c23)cc1N	6.000	6.284	0.284
4jit	Nc1nc2c(ncn2C2CCN(C(=O)CP(=O)(O)O)C2)c(=O)[nH]1	6.640	6.954	0.314
5tyh	O=C([O-])c1cc(-c2ccco2)n[nH]1	2.080	4.663	2.583
5v8p	O=C(CS)Nc1cc(-c2ccc(Cl)cc2)n[nH]1	4.990	5.510	0.520
4fjz	Cc1c(-c2ccccn2)nc2cc(F)ccc2c1N1CC2(CCOCC2)c2ncc(N3CCOCC3)cc21	6.290	7.764	1.474
5lz8	CC(C)(C)[C@@H]1CC(=O)N(CCOc2ccc(F)c(C#N)c2)C1	6.010	6.335	0.325
2vle	O=c1c(-c2ccc(O)cc2)coc2cc(O[C@@H]3O[C@H](CO)[C@@H](O)[C@H](O)[C@H]3O)ccc12	7.100	6.162	0.938
6ajh	O=C(Nc1ccc(F)c(F)c1F)N[C@H]1[C@H]2C[C@@H]3C[C@H](C2)C[C@H]1C3	6.540	6.208	0.332
5nvy	CC(=O)N[C@@H](C)C(=O)N1C[C@H](O)C[C@H]1C(=O)NCc1ccc(-c2scnc2C)cc1	6.120	5.976	0.144
4xjt	Cc1cc(NCc2c(C)cccc2C)c2cccc(C(N)=O)c2n1	5.140	5.838	0.698
6tl2	NC(=[NH2+])SCc1cc(Br)cc(CSC(N)=[NH2+])c1	5.440	4.508	0.932
6hf5	O=C([O-])c1ncsc1NS(=O)(=O)c1cccnc1	5.170	5.501	0.331
5i5z	CNC(=O)c1ccc2cncc(-c3ccc4c(c3)CS(=O)(=O)N4C)c2n1	9.050	6.216	2.834
3co9	CC(C)CCn1c(=O)c(C2=Nc3ccc(NS(C)(=O)=O)cc3S(=O)(=O)N2)c(O)c2cccn21	8.000	7.513	0.487
9icd	Nc1ncnc2c1ncn2C1OC(COP(=O)(O)O)C(O)C1OP(=O)(O)O	3.900	5.711	1.811
3g8e	O=C(/C=C/C1=CN([C@@H]2O[C@H](CO)[C@@H](O)[C@H]2O)CC=C1)NCCCCC1CCN(C(=O)c2ccccc2)CC1	5.350	7.340	1.990
1gx4	O=c1ccn(C2OC(COP(=O)(O)OP(=O)(O)O)C(O)C2O)c(=O)[nH]1	4.280	4.647	0.367
5oqw	C[C@@H]1C[N@H+](CC(=O)N2CC(C)(C)c3nc(CO)c(Cc4ccc(F)cc4)cc32)[C@@H](C[N@@H+]2CCOC[C@H]2C)C[NH2+]1	7.400	7.766	0.366
6oht	CC[NH+](CC)CCO[C@H]1CC[C@@]2(C)[C@@H](CC[C@H]3[C@@H]4CCC(=O)[C@@]4(C)CC[C@@H]32)C1	6.450	6.682	0.232
2wxf	COc1ccccc1-n1c(CSc2ncnc3nc[nH]c23)nc2cccc(Cl)c2c1=O	6.740	7.501	0.761
5oxg	c1cc(-c2cnn3cc(-c4ccc(N5CC[NH2+]CC5)cc4)cnc23)c2cccnc2c1	5.890	7.401	1.511
4oow	Oc1ccccc1O	5.370	3.839	1.531
6d8v	C[N+]1(C)CCC[C@H]1C(=O)[O-]	5.420	5.074	0.346
4aa1	CC[C@H](C)[C@H](NC(=O)[C@@H]([NH3+])Cc1ccc(O)cc1)C(=O)N[C@@H](Cc1c[nH]cn1)C(=O)N1CCC[C@H]1C(N)=O	4.120	6.699	2.579
3kb3	CC1=CC(=O)CC(C)(C)[C@@]1(O)/C=C/C(C)=C\C(=O)[O-]	6.820	5.893	0.927
3i0s	NS(=O)(=O)c1ccc(NC(=O)CSC(=O)N2CCCc3cc(Cl)cc(Cl)c32)c(Cl)c1	9.000	6.520	2.480
2pj9	CC(C)C(NS(=O)(=O)c1cccc2nsnc12)P(=O)(O)CC(C(=O)O)c1cccc(C[NH3+])c1	7.920	6.657	1.263
3th8	CCCCCCOc1cccc(CCCNC(=O)CC(O)C(=O)[O-])c1	6.250	6.637	0.387
2gg3	Nc1n[nH]c(N)c1/N=N/c1ccc(F)cc1	6.240	4.889	1.351
5mb1	CNS(=O)(=O)c1c(C)cc(C)cc1C	6.600	5.365	1.235
5jr6	C[C@H](NC(=O)[C@@H]1CCCN1C(=O)[C@@H]1CCCN1C(=O)[C@@H](O)[C@H]([NH3+])Cc1ccccc1)C(N)=O	4.690	6.792	2.102
6gin	O=c1c2cc(-c3ccnc4ccccc34)ccc2[nH]c[n+]1-c1ccc(N2CCOCC2)cc1	7.490	7.362	0.128
6buv	CC(C)[C@H]1CC[C@H](C)C[C@H]1OC(=O)Cn1c(COc2ccccc2)[n+](C)c2ccccc21	4.740	7.007	2.267
2f6v	CNC(=O)[C@@H]1Cc2ccc(NS(=O)(=O)[O-])cc2CN1C(=O)OCc1ccccc1	4.430	6.540	2.110
2hai	CC(C)Oc1ccc(CC[C@@]2(C3CCCC3)CC(O)=CC(=O)O2)cc1F	6.280	6.404	0.124
3qar	Cc1nc(N)nc(-n2c(Nc3ccn[nH]3)nc3ccccc32)n1	6.490	6.114	0.376
3shj	C[C@H](C#Cc1cccc(O[C@]23C[C@H]4C[C@H](C[C@H](C4)C2)C3)c1)[N+](=O)C(N)=O	7.470	7.052	0.418
4pd6	O=c1ccn([C@@H]2O[C@H](CO)[C@@H](O)[C@H]2O)c(=O)[nH]1	4.440	4.159	0.281
5djv	O=C([O-])c1ccc2cc(-c3ccc[nH]3)cc(-c3cccc4ccccc34)c2n1	7.110	5.491	1.619
5u3b	CC#CCOc1ccc(C(=O)N[C@H](C(=O)NO)C(C)(C)[NH3+])cc1	8.820	7.541	1.279
1u3r	Oc1ccc2nc(-c3cccc4c(O)cccc34)oc2c1	8.300	6.127	2.173
4kz8	CCn1c(O)cc(=O)n(CC)c1=S	2.800	3.759	0.959
5tqu	OCCn1c(C[NH2+]CCCNc2nc3ccccc3[nH]2)cc2c(Cl)cc(Cl)cc21	7.600	8.750	1.150
6qwi	CCOCCOc1ccc(-c2cn(C[C@@H]3[NH2+]C[C@@H](O)[C@H]3O)nn2)cc1	4.290	7.058	2.768
5fiv	CC(C)[C@H](NC(=O)[C@H](C)NC(=O)OCc1ccccc1)C(=O)N[C@H](CO)Cc1ccccc1	7.660	6.800	0.860
3f81	C=C1SC(=S)N(CCS(=O)(=O)[O-])C1=O	7.130	5.504	1.626
4u82	C/C(=C\CSP(=O)(O)OP(=O)(O)O)CCCC(C)CCCC(C)C	5.720	6.757	1.037
4r0i	NC(=[NH2+])c1cccc(OC[C@H](NS(=O)(=O)c2ccc3ccccc3c2)C(=O)N2CCC(CC[NH3+])CC2)c1	6.520	7.846	1.326
3sb0	Cc1ccc(F)c(C(=O)/C=C(\O)C(=O)[O-])c1Cl	5.260	6.427	1.167
5dyw	COCCN(C[C@@H]1CCC[N@@H+](Cc2ccccc2)C1)S(=O)(=O)c1ccc2ccccc2c1	8.310	7.417	0.893
3s1g	CNc1nc2cc3c(=O)[nH]cnc3cc2[nH]1	5.190	6.368	1.178
4kai	CNC(=O)c1c(-c2ccc(F)cc2)oc2cc(N(Cc3ccc(B([OH2+])[OH2+])c(F)c3)S(C)(=O)=O)c(C3C=C3)cc12	7.300	7.478	0.178
6m7h	COc1ccc(S(=O)(=O)N(CCO)c2ccccc2C[N@@H+](C)CCCc2ccc(Cl)cc2)cc1	4.700	7.502	2.802
4o5b	Cc1nc(-c2nc3cc(Cl)ccc3[nH]2)c(C)c(-c2ccccc2)c1[C@H](OC(C)(C)C)C(=O)[O-]	8.300	7.840	0.460
3wcf	CCCCCCCCCCn1cc[n+](CC(P(=O)(O)O)P(=O)(O)O)c1	7.280	5.959	1.321
4gz3	O=c1ccn(C2OC(COP(=O)(O)OP(=O)(O)O)C(O)C2O)c(=O)[nH]1	5.740	4.637	1.103
5a8y	COC(=O)Nc1nc2n(n1)[C@H](c1ccc(C#N)cc1)C(C#N)=C(C)N2c1cccc(C(F)(F)F)c1	9.770	6.793	2.977
6r1c	O=C([O-])CCC(=O)NCc1ccc(COC(=O)N[C@H]2CC(=O)NC2=O)cc1	4.920	5.139	0.219
5l2t	CN(C)C(=O)c1cc2cnc(Nc3ccc(N4CC[NH2+]CC4)cn3)nc2n1C1CCCC1	6.190	7.236	1.046
3i7i	CNC(=O)[C@@H](NC(=O)c1ccc(-c2ccc(NC(=O)c3cc4ccccc4o3)cc2)o1)C1CCCCC1	6.210	6.736	0.526
4gw6	Cc1nc2ccc(Br)cc2c(-c2ccc(Cl)cc2)c1[C@H](OC(C)(C)C)C(=O)[O-]	6.200	6.616	0.416
5b5o	c1ccc(Nc2nc(CSc3nnc[nH]3)cs2)cc1	5.720	6.760	1.040
6fut	[NH3+]Cc1cccc(-c2cccc(C(=O)N[C@H]3CCCc4ccccc43)c2)c1	4.700	5.863	1.163
4dhr	O=C(COc1ccccc1P(=O)(O)O)Nc1ccccc1Cl	4.570	5.223	0.653
4yvz	Nc1ncnc2c1ncn2C1OC(COP(=O)(O)OP(=O)(O)OP(=O)(O)O)CC1O	5.520	5.638	0.118
2vl1	[NH3+]CC(=O)NCC(=O)[O-]	1.350	3.965	2.615
2toh	C[C@H](O)[C@H](O)C1=Nc2c(nc(N)[nH]c2=O)NC1	4.150	5.985	1.835
4cts	O=C([O-])CC(=O)C(=O)[O-]	5.000	3.990	1.010
3vjm	O=C([C@@H]1C[C@H]([NH+]2CCN(c3cc(C(F)(F)F)nc4ccccc34)CC2)C[NH2+]1)N1CCSC1	9.430	8.378	1.052
4x1f	C#C[C@]1(O)CC[C@H]2[C@@H]3CCc4cc(O)ccc4[C@H]3CC[C@@]21C	7.970	6.971	0.999
5d4a	O=C([O-])CCn1c(-c2ccccc2)cc2ccccc21	5.850	6.136	0.286
1npa	NC(=O)O[C@@H]1Cc2ccccc2[C@@H]1C1=CN[C@@](Cc2ccccc2)(C[C@H](O)[C@H](Cc2ccccc2)NC(=O)O[C@H]2CCOC2)C1=O	8.700	8.825	0.125
3mks	O=C([O-])c1ccc2ccccc2c1-c1c(C(=O)[O-])ccc2ccccc12	5.720	5.263	0.457
4v0i	C[C@H]1Cc2ccccc2N1C(=O)Cc1nc(N2CCOCC2)cc(=O)[nH]1	6.330	6.294	0.036
5kww	CS(=O)(=O)CCCn1c(Cn2c(=O)n(CC(F)(F)F)c3ccncc32)cc2cc(Cl)ccc21	8.130	7.176	0.954
5uey	CCOc1cc(=O)n(C)cc1-c1cc(NS(=O)(=O)CC)ccc1Oc1ccc(F)cc1F	8.290	7.410	0.880
5epy	CCc1nc2ccc(OC)cc2nc1O[C@@H]1C[C@H]2C(=O)N[C@]3(C(=O)NS(=O)(=O)C4CC4)C[C@@H]3/C=C/CCCCC[C@H](NC(=O)OC(C)(C)C)C(=O)N2C1	7.400	8.710	1.310
4bbh	COc1cccc(COC(=O)c2sc3ccccc3c2OC2CC[NH2+]CC2)c1	7.100	6.275	0.825
3r7b	CC(=O)N[C@@H](CC(=O)[O-])C(=O)N[C@H](C(=O)N[C@@H](C)C(=O)N[C@@H](CC(=O)[O-])C(=O)[O-])C(C)C	6.150	6.218	0.068
6qz6	CCc1sc2ncnc(N[C@H](Cc3ccccc3)C(=O)[O-])c2c1-c1cccc2[nH]ccc12	6.490	6.916	0.426
2a5u	O=C1NC(=O)/C(=C/c2ccc3nccnc3c2)S1	8.100	4.749	3.351
2fix	COc1cc(-c2cccc(N)c2)c2oc(NS(=O)(=O)c3cc(Cl)ccc3Cl)nc2c1	6.240	7.535	1.295
5hn7	CCCCCCCCOc1cccc(COc2ccc(S(=O)(=O)N3CCOCC3)cc2C(=O)[O-])c1	3.920	7.201	3.281
3rey	CCCn1c(=O)c2nc(-c3ccc(OCC(=O)NCC[NH3+])cc3)[nH]c2n(CCC)c1=O	8.000	7.508	0.492
2p8s	[NH3+][C@H]1C[C@@H]([N@@H+]2CCn3c(nnc3C(F)(F)F)C2)CC[C@@H]1c1cc(F)c(F)cc1F	7.680	7.470	0.210
1oiu	NS(=O)(=O)c1cccc(Nc2nc(OCC3CCCCC3)c3nc[nH]c3n2)c1	6.680	7.789	1.109
5ngb	O=C([O-])c1cccc(Cn2cc(-c3cccc4c3NC(=[N+]3CCOCC3)CC4=O)nn2)c1	7.720	6.505	1.215
6npm	O=C([O-])c1cncc(C#Cc2ccccc2)c1	3.960	5.292	1.332
4jnc	CNc1nc(C)nc(N2CCC(C(=O)NCc3ccccc3C(F)(F)F)CC2)n1	8.520	5.736	2.784
3dpd	CC1(C)CC(=O)c2sc(N3CCOCC3)nc2C1	5.780	5.901	0.121
3c1n	C[C@@H](O)[C@H]([NH3+])C(=O)[O-]	5.500	4.229	1.271
5o0s	O=S1(=O)O[C@H]2[C@H](O)[C@@H](O)[C@H](O)[C@@H](CO)[C@H]2O1	4.240	5.151	0.911
5i83	C[C@@H]1CC(=O)Nc2ccc(O[C@H](C)c3ccccc3)cc2N1	5.390	6.652	1.262
4f7j	Cc1ccc(-n2nc(C(C)(C)C)cc2NC(=O)NCCO)cc1	5.240	6.538	1.298
4gtp	COc1ccc(S(=O)(=O)N2Cc3cc(-c4ccc(CO)o4)ccc3N(Cc3cncn3C)C[C@H]2Cc2ccc(O)cc2)cc1	7.940	8.383	0.443
6hgv	CC(C)(C)[NH2+]C[C@@H](O)COc1ccc(NC(=O)NC2CCCCC2)cc1	5.550	7.347	1.797
5f2f	CNC(=O)c1cc(C(=O)NC)cc(-c2ccc(O[C@H]3O[C@H](CO)[C@@H](O)[C@H](O)[C@@H]3O)c(C)c2)c1	6.920	5.916	1.004
6qmu	O=[N+]([O-])c1cccc(O)c1	5.320	3.840	1.480
6ck6	Cc1cc(Nc2cc(N)ncn2)c(=O)n2c1C(=O)NC21CCCCC1	9.000	6.454	2.546
6cer	Cc1ncc(C[n+]2csc(CCOP(=O)(O)OP(=O)(O)O)c2C)c(N)n1	5.360	6.092	0.732
1tuf	O=C([O-])CCCCCCCC(=O)[O-]	4.050	4.700	0.650
4y2u	CC(C)(C)OC(=O)N[C@H]1CNc2ccccc2C1	3.240	4.547	1.307
4ir6	CC(=O)c1cc(-c2ccccc2S(C)(=O)=O)c2cc(Oc3ccccc3)ccn12	6.080	5.675	0.405
1rdj	C[C@@H]1O[C@H](O)[C@@H](O)[C@H](O)[C@@H]1O	1.660	4.340	2.680
5ovi	C[NH2+]Cc1ccccc1-c1csc([C@@H](C)Nc2nc(C)nc3cc(OC)c(OC)cc23)c1	7.680	6.965	0.715
6hlz	O=C([O-])[C@@H]1CCC(=O)N1C[C@@H](O)[C@@H](O)[C@H](O)[C@H](O)CO	7.330	5.303	2.027
4k60	O=C1Cc2ccc(Br)cc2N1	3.240	4.536	1.296
4b80	CC[NH+](CC)CCNS(=O)(=O)Cc1ccc(F)cc1	4.400	5.746	1.346
3zt1	COc1ccc(CNC(=O)c2ccccc2C[NH2+]Cc2ccc3c(c2C(=O)[O-])OCO3)cc1	2.700	5.629	2.929
2k46	OC[C@H]1O[C@H](O[C@@H]2[C@@H](O)[C@@H](O)O[C@H](CO)[C@H]2O)[C@H](O)[C@@H](O)[C@@H]1O	4.580	4.903	0.323
5l96	Cc1ncccc1N[C@H](C)CS(C)(=O)=O	3.300	5.461	2.161
1i7i	CCO[C@@H](Cc1ccc(OCCc2ccc(OS(C)(=O)=O)cc2)cc1)C(=O)[O-]	6.700	6.455	0.245
5hip	O=C([O-])c1ccccc1-c1cccnc1	6.050	4.963	1.087
1w2k	COc1ccc([C@@H](Nc2ccc(C(N)=[NH2+])cc2)C(=O)NCc2ccccc2)cc1OC	6.460	6.051	0.409
6dhu	O=C([O-])c1ccc(C(=O)[O-])c(C(=O)[O-])c1	3.130	4.863	1.733
3zlx	O[C@H]1NC=CC2=C[C@@H](OC[C@@H]3CC[NH2+]C3)[C@H](Cl)C=C21	3.800	5.814	2.014
1yyr	CC(C)=CCC[N@@H+](C)[C@H]1CC=C(C)CC1	6.290	5.214	1.076
3dng	NC(=O)C[C@@H]1CCCc2sc3nc(C(=O)NCc4ccc5c(c4)NC(=O)CO5)[nH]c(=O)c3c21	8.130	7.439	0.691
2fky	CN(C(=O)N1CC(c2cc(F)ccc2F)=C[C@H]1c1ccccc1)C1CC[NH2+]CC1	8.590	7.840	0.750
5egs	[NH3+]CC[N@H+]1CC[C@@H](Cc2ccccc2)CC1	6.010	4.901	1.109
4kza	O=C([O-])c1sccc1S(=O)(=O)NC1CC1	3.700	5.281	1.581
1dzp	O=C(c1ccccc1)c1ccccc1	5.440	4.197	1.243
2o9r	OC[C@H]1O[C@@H](S[C@@H]2[C@@H](CO)O[C@@H](O)[C@H](O)[C@H]2O)[C@H](O)[C@@H](O)[C@@H]1O	1.680	4.953	3.273
5csd	CCCCC/C=C\C/C=C\C/C=C\C/C=C\CCCC(=O)[O-]	7.890	5.335	2.555
1fsg	Nc1nc2cc[nH]c2c(=O)[nH]1	5.020	4.497	0.523
6fnx	CCn1cnc2c1c(=O)[nH]c(=O)n2Cc1ccccc1	4.900	6.116	1.216
5lcf	O=C([O-])c1cccc2c1C(=O)N(c1ccccc1)C2	4.750	4.967	0.217
4uwh	O=c1cc(N2CCOCC2)[nH+]c2n1CC[C@@H](C(F)(F)F)N2C[C@H](O)c1ccccc1	8.520	6.910	1.610
2wcg	[NH2+]=C1NC[C@@H]2[C@@H](O)[C@H](O)[C@@H](O)[C@@H](O)N12	6.380	5.131	1.249
13gs	O=C([O-])c1cc(/N=N/c2ccc(S(=O)(=O)Nc3ccccn3)cc2)ccc1O	4.620	5.957	1.337
6rj5	C[C@@H](NC(=O)c1cc(-c2ccccc2)nn1C)c1ccc(C(=O)NS(C)(=O)=O)cc1	6.520	6.630	0.110
3n1v	Cc1c(CC(=O)[O-])sc2ccc(Cl)cc12	3.300	5.803	2.503
3g72	O=C(C1=C(c2ccc(CCCOc3c(F)ccc(F)c3Cl)cc2)C[C@H]2C[NH2+]C[C@@H]1[NH2+]2)N(Cc1cccc(Cl)c1Cl)C1CC1	9.100	8.799	0.301
4awm	O=C(O[C@@H]1Cc2c(O)cc(O)cc2O[C@@H]1c1cc(O)c(O)c(O)c1)c1cc(O)c(O)c(O)c1	5.720	5.988	0.268
4kn2	[NH2+]=c1[nH]c(=O)c2c(CCc3ccc(C(=O)N[C@@H](CCC(=O)[O-])C(=O)[O-])cc3)c[nH]c2[nH]1	7.270	5.906	1.364
5m7t	CC(=O)N[C@H]1c2nc(C(=O)Nc3ccccc3)cn2[C@H](CO)[C@@H](O)[C@@H]1O	5.410	6.619	1.209
5ggj	O=[N+]([O-])c1ccc(O[C@H]2O[C@H](CO)[C@@H](O)[C@H](O)[C@@H]2O)cc1	1.750	5.094	3.344
5odu	CO[C@H]1O[C@H](CO)[C@H](O)[C@H](O)[C@H]1O	3.280	4.471	1.191
3ant	CC(C)c1noc(C2CCN(C(=O)N[C@H]3C[C@@H]3c3ccccc3)CC2)n1	8.070	7.047	1.023
3gwu	C[NH2+][C@H]1CC[C@@H](c2ccc(Cl)c(Cl)c2)c2ccccc21	4.710	6.049	1.339
5kau	CCNc1cc2c(cc1C)C(c1ccccc1C(=O)OCC)c1cc(C)c(NCC)cc1O2	6.520	6.362	0.158
2fie	COc1cc(-c2ccc(OC)nc2)c2oc(NS(=O)(=O)c3cc(Cl)ccc3Cl)nc2c1	5.460	7.901	2.441
2pmn	CC(C)[C@@H](CO)Nc1ccc2ncc(-c3ccc(C#N)cc3)n2n1	5.200	6.776	1.576
3deh	O=C1NC(=O)c2ccccc2C1=O	6.830	5.274	1.556
5i8p	Cn1c(N2CCS(=O)(=O)CC2)cc(OCc2cc(F)c(Oc3ccc(Cl)c(C(F)(F)F)c3)c(F)c2)nc1=O	6.730	8.161	1.431
6bee	CO[C@H]1/C=C/O[C@@]2(C)Oc3c(C)c(O)c4c(c3C2=O)-c2nc3cc(C)ccn3c2C(NC(=O)/C(C)=C\C=C\[C@H](C)[C@H](O)[C@@H](C)[C@@H](O)[C@@H](C)[C@H](OC(C)=O)[C@@H]1C)C4=O	4.660	8.272	3.612
1z3j	COc1ccc(S(=O)(=O)N(CC(=O)NO)CC(C)C)cc1	8.000	6.472	1.528
6fh6	CN1CC(C(=O)NCC[NH3+])=CCC1=O	3.000	5.944	2.944
4uib	CC1(C)[C@@H]2CC[C@@]1(C)[C@@H](NC(=O)[C@@H](CC1CCCCC1)NC(=O)N[C@@H](CCCC[NH3+])C(=O)[O-])C2	9.000	6.687	2.313
3wff	O=C1COc2ccc(C3=C(c4ccc(F)cc4F)C(=O)OC3)cc2N1	6.180	6.084	0.096
6enm	COc1ccc(-c2ccc(S(=O)(=O)c3ccccc3CC(=O)NO)cc2)cc1	8.320	6.406	1.914
2j83	CNC(=O)[C@H](Cc1ccccc1)NC(=O)[C@H](CC(C)C)[C@H](CSc1cccs1)C(=O)NO	4.210	5.801	1.591
6n77	COc1ccc(Cl)cc1-c1nn(C)cc1NC(=O)c1cnn2cccnc12	9.240	7.807	1.433
4p74	Cc1ccc(OCc2nc(C(=O)N[C@H]3CCS(=O)(=O)C3)cs2)cc1	5.000	6.330	1.330
5ku9	CNC(=O)C[C@@H](Cc1ccc(Cl)c(Cl)c1)NC(=O)CN1C(=O)[C@@H](NC(=O)C[C@@H]([NH3+])Cc2ccc(Br)cc2)CCc2ccccc21	5.830	9.447	3.617
1rdt	CC1(C)CCC(C)(C)c2cc([C@@H]3CC=Cc4oc(/C=C/C(=O)[O-])cc43)ccc21	6.700	6.406	0.294
4l52	CC(=O)N1CCC(n2cc(-c3cnc(N)c4oc(-c5cccc6nnsc56)cc34)cn2)CC1	8.400	8.032	0.368
5xij	O=c1c2ccccc2ncn1C[C@H](O)C[C@H]1[NH2+]CCC[C@H]1O	7.300	5.445	1.855
1l2s	O=C([O-])c1sccc1S(=O)(=O)Nc1ccc(Cl)cc1	4.590	5.067	0.477
6oyw	C[C@H]1CCCOc2ccccc2C(=O)Nc2cccc(n2)-c2nncn21	8.400	6.620	1.780
4zyw	Nc1nc2[nH]c(CCCc3ccc(C(=O)N[C@@H](CCC(=O)[O-])C(=O)[O-])s3)cc2c(=O)[nH]1	7.170	7.275	0.105
2xpa	CN(CC(N)=O)C(=O)c1nc(-c2ccccc2)[nH]c1C(=O)[O-]	5.390	5.284	0.106
5ccm	O=C1Cc2cc(C(=O)N[C@@H]3C[C@@H]4CC[C@H](C3)N4S(=O)(=O)N3CCC([NH2+]Cc4ccccc4)CC3)c(Cl)cc2N1	8.400	7.635	0.765
4bic	[NH3+]CCNS(=O)(=O)c1ccc(-c2c[nH]c3ncccc23)s1	7.300	6.388	0.912
1b9t	NC(=[NH2+])Nc1cc(C(=O)[O-])ccc1N1C(=O)CCC1(CO)CO	5.100	5.163	0.063
5etv	[NH2+]=c1[nH]c(=O)c2[nH]c(SCC(=O)c3ccc(Br)cc3)nc2[nH]1	6.240	5.309	0.931
1gx0	O=C1CCN(C2OC(COP(=O)(O)OP(=O)(O)O)C(O)C2O)C(=O)N1	4.220	5.219	0.999
4puj	[NH2+]=c1[nH]c(=O)c2cc3nc(NCC[NH+]4CCOCC4)[nH]c3cc2[nH]1	7.460	6.882	0.578
4awf	O=C([O-])C(=O)CC(=O)c1ccccc1	5.570	4.622	0.948
6b5i	CS(=O)(=O)c1ccc(-c2nn(-c3ccc(C#N)cc3)cc2C(=O)Nc2cccc(F)c2)cc1	5.960	8.639	2.679
4aaw	COc1cc(OC)c(S(=O)(=O)NCc2ccccc2N2CCC(COC(=O)CCC(=O)[O-])CC2)cc1NC(=O)CCC(=O)[O-]	6.300	7.798	1.498
5hh6	O=C(O)c1cccc(C(O)P(=O)(O)O)n1	6.400	6.615	0.215
5w2q	CCCCS(=O)(=O)Nc1ccc2cnn(C)c2c1	6.880	6.357	0.523
5tqe	CN1Cc2cc(ccc2S(=O)(=O)C2CC2)NC(=O)OCCc2cccc(c2)[C@@H](Nc2ccc3c(N)nccc3c2)C1=O	6.720	8.798	2.078
5yjk	COc1ccc(Cl)cc1C[C@@H]1CN/C(=N\N(C)C)CN(CC(=O)Nc2cccc(S(C)(=O)=O)c2)C1=O	6.090	7.663	1.573
5g1n	O=C(O)CC(NC(=O)CP(=O)(O)O)C(=O)O	7.770	5.728	2.042
2xp4	O=C([O-])c1cnc(-c2ccccc2)[nH]1	3.740	5.059	1.319
6aqq	O=C1N[C@@H]2[C@H](CCCCCc3cn(Cc4cccc(F)c4)nn3)SC[C@@H]2N1	6.550	8.956	2.406
2upj	CC[C@H](Cc1ccccc1)c1cc(O)c([C@H](c2cccc(NC(=O)CCNC(=O)OC(C)(C)C)c2)C2CC2)c(=O)o1	7.390	8.480	1.090
2vpp	Nc1ccn([C@@H]2O[C@H](CO)[C@@H](O)C2(F)F)c(=O)n1	6.120	5.860	0.260
2cm8	O=C1C=C(c2cccc(O)c2)S(=O)(=O)N1	5.870	4.303	1.567
5uig	COc1ccccc1CNC(=[NH2+])c1nn(-c2cccc(C)c2)nc1N	7.950	5.705	2.245
5vqs	C=CC(=O)Nc1cc(Oc2ccccc2OCCn2ccc(=O)[nH]c2=O)c(C)c2cc(C#N)ccc12	5.700	8.284	2.584
6nel	O=C([O-])c1ccc(-c2cc(O)c(=O)[nH]c2-c2ccc(F)cc2)cc1	7.960	5.376	2.584
3adv	[NH3+]CCc1c[nH]c2ccc(O)cc12	3.030	5.116	2.086
2yc3	O=c1c(Cc2ccccc2)c(Cl)[nH]c2ncnn12	6.850	5.803	1.047
5dw1	COc1cc(OC)c2c(=O)[nH]c(-c3cc(C)c(OCC[NH+]4CCCC4)c(C)c3)nc2c1	7.100	6.183	0.917
4qtn	NC(=O)C1=CN([C@@H]2O[C@H](CO)[C@@H](O)[C@H]2O)C=CC1	6.850	4.958	1.892
3t6y	Cn1ccnc1[C@@H]([NH2+]C[C@H]1O[C@@H](n2ccc(=O)[nH]c2=O)C[C@@H]1O)c1ccccc1	5.520	6.180	0.660
5j59	CN(CC[NH2+]Cc1cc(Cl)cc(Cl)c1)c1nc2nc(Cl)ccc2[nH]1	7.300	6.594	0.706
2nnq	CCc1c(-c2ccccc2)c(-c2ccccc2)nn1-c1ccccc1-c1cccc(OCC(=O)[O-])c1	8.700	7.004	1.696
5yqo	Cc1cc(C)nc(SCC(=O)Nc2cccc(COc3ccc(NC(=O)c4cnn(C)c4)cc3)c2)n1	6.090	6.638	0.548
2ate	Nc1c([N+](=O)[O-])ncn1C1OC(COP(=O)(O)O)C(O)C1O	7.070	4.800	2.270
5gn6	CCCCc1cc(=O)oc2c(O)c(O)ccc12	6.920	5.691	1.229
6cjh	c1ccc(-c2[nH]nc3ccc(-c4ccncc4)cc23)cc1	5.420	5.684	0.264
4btb	O=C([O-])[C@@H]1CCCN1C(=O)[C@@H]1CCCN1C(=O)[C@@H]1CCCN1C(=O)[C@@H]1CCCN1C(=O)[C@@H]1CCCN1C(=O)[C@@H]1CCCN1C(=O)[C@@H]1CCCN1C(=O)[C@@H]1CCCN1C(=O)[C@@H]1CCC[NH2+]1	5.010	4.496	0.514
5t2m	Cn1nc(-c2cnc(N)c(-c3ccc(C(N)=O)cc3)n2)nc1C1(c2ccccc2)CC1	9.200	7.835	1.365
2imd	[NH3+][C@@H](CCC(=O)NCC(=O)NCC(=O)[O-])C(=O)[O-]	8.300	4.339	3.961
2c6c	O=C(O)CCC(CP(=O)(O)Cc1ccc(I)cc1)C(=O)O	7.520	7.542	0.022
4yv2	O=C(/C=C\S)Nc1ccccc1	7.290	5.019	2.271
3fej	CCO[C@@H](Cc1ccc(OCc2csc(-c3ccc(Cl)cc3)n2)cc1C)C(=O)[O-]	6.130	6.062	0.068
5t4h	CC#CCn1c(N2CCC[C@@H]([NH3+])C2)nc2c1c(=O)n(Cc1ccccc1C#N)c1nccn21	8.030	8.299	0.269
6rmf	O=C(CC1CCCCC1)N[C@H]1Cc2cccc(C(=O)[O-])c2O[B-]1([OH2+])[OH2+]	8.000	5.301	2.699
3az8	O=C(CC(=O)C(F)(F)F)c1ccc([N+](=O)[O-])cc1	6.000	5.037	0.963
5du8	CCc1ccc([C@H]2C[C@@H](C(F)(F)F)n3ncc(C(=O)NCc4ccc(F)cn4)c3N2)cc1	5.720	6.554	0.834
2ooz	O/N=C/c1ccc(O)cc1	5.150	4.758	0.392
5qax	O=C([O-])c1cccc(-c2ccc3ncccc3c2)c1	3.800	5.043	1.243
2gmx	CCOc1nc(NC(=O)Cc2cc(OC)c(Br)cc2OC)cc(N)c1C#N	7.110	7.540	0.430
6dl9	O=C([O-])C(=O)CC(=O)c1c(Cl)cccc1Cl	6.000	4.316	1.684
2aeb	[NH3+][C@@H](CCCCB(O)O)C(=O)[O-]	8.300	5.133	3.167
3o9v	Cc1ccc(-c2c(C[NH3+])c(CC(C)C)nc(C)c2C(=O)[O-])cc1	7.740	5.323	2.417
5v5d	O=C([O-])c1ccc(NC(=O)c2cccc(CC3CCCCC3)n2)c(Nc2ccccc2)c1	5.270	7.219	1.949
6agt	O=C(NCC1CCCCC1)c1cc(=O)c2ccccc2o1	8.400	5.611	2.789
6b1c	Cn1ccc2ccc(-c3cn(-c4ccc(O)c(F)c4)nn3)nc2c1=O	6.950	5.097	1.853
6nyh	COc1cc2c(cn1)N(C)C(=O)[C@@H](NC(=O)c1nc3n(n1)[C@H](c1ccccc1)CC3)CC2	7.680	8.182	0.502
4e1n	Cc1nc2ccccc2c(-c2cc(F)c3c(c2C)CCCO3)c1[C@H](OC(C)(C)C)C(=O)[O-]	7.170	7.956	0.786
3v04	O=C(NOCCO)c1ccc2n[nH]cc2c1Nc1ccc(I)cc1F	7.890	7.807	0.083
4wmy	CCCO[C@@H]1O[C@@H]([C@H](O)CO)[C@H](O)[C@H]1O	7.070	5.547	1.523
6nyw	C[C@@H]1C[NH2+]CCN1c1nc(Nc2cc(C(C)(C)C)n[nH]2)c2cccc(F)c2n1	6.640	7.066	0.426
2ax6	CC(C)(O)C(=O)Nc1ccc([N+](=O)[O-])c(C(F)(F)F)c1	7.570	6.205	1.365
1ih0	COc1ccc(C(=O)N2CCCc3cc([C@H]4[NH2+]NC(=O)S[C@@H]4C)ccc32)cc1OC	5.000	5.924	0.924
3eq9	O=C([C@@H]1CCCN1C(=O)CCCN1C(=O)NC(c2ccccc2)(c2ccccc2)C1=O)N1CCCC1	7.390	8.087	0.697
2x7x	OC[C@H]1O[C@](O)(CO)[C@@H](O)[C@@H]1O	5.700	5.286	0.414
1zxc	CC#CCOc1ccc(S(=O)(=O)N2CCSC(C)(C)[C@@H]2C(=O)NO)cc1	8.100	6.357	1.743
4og7	NS(=O)(=O)c1ccc(OCCC[N@H+]2CC[C@H]([C@](O)(c3ccccn3)C3CCCC3)CC2)cc1	6.940	7.405	0.465
5v41	CCOC(=O)c1c(-c2ccccc2)oc2ccc(O)c(C[NH+]3CCOCC3)c12	6.150	5.627	0.523
5yls	COc1ccc(/C=C/C(=O)c2ccc(OC)c3c2OC(C)(C)CC3)cc1N	5.290	6.022	0.732
5v84	C=CCn1cc(C(=O)N(C)[C@H]2CC[N@H+]([C@@H](C)c3ccccc3)CC2)c2cc(C)[nH]c2c1=O	6.700	7.183	0.483
5nqe	NC(=O)c1cccc(NC(=O)CCC(=O)N2CCN(c3ccc(F)cc3)CC2)c1	6.150	6.235	0.085
4xjs	Cc1cc(NCc2c(Cl)ccc(Cl)c2Cl)c2cc(F)cc(C(N)=O)c2n1	7.120	6.584	0.536
1b9v	CCC(CC)Nc1cc(C(=O)[O-])ccc1N1C(=O)CCC1(CO)CO	3.650	5.942	2.292
3p2h	CCCCCCCC(=O)NC1=CC(=O)CCC1	5.440	6.752	1.312
2ica	CN1C(=O)N(c2cc(Cl)cc(Cl)c2)C(=O)[C@]12C[N@@H+](Cc1cc(C(=O)[O-])cs1)C[C@H]2c1ccc(C#N)cc1	7.700	7.839	0.139
2hny	Cc1ccnc2c1NC(=O)c1cccnc1N2C1CC1	5.930	7.182	1.252
1mcz	O=C([O-])[C@H](O)c1ccccc1	3.000	4.068	1.068
6e3n	Cc1ccccc1C1=CC(=O)C(O)C(C(=O)[O-])=N1	8.700	5.757	2.943
3lc3	COc1ccc(-c2ccc3sc(C(N)=[NH2+])cc3c2)cc1OC	5.230	6.947	1.717
1eve	COc1cc2c(cc1OC)C(=O)[C@H](C[C@H]1CC[N@H+](Cc3ccccc3)CC1)C2	8.240	6.601	1.639
3bl7	Nc1nc(N)c2c(OCC3CC[NH+](Cc4ccccc4F)CC3)cccc2n1	8.400	8.074	0.326
3dy6	O=C(Nc1ccccc1C(=O)[O-])c1cccc(S(=O)(=O)N2CCc3ccccc3C2)c1	6.900	6.847	0.053
3wax	Oc1nc(N2CC[NH+](Cc3cccc(B([OH2+])[OH2+])c3)CC2)sc1Cc1ccc(Cl)c(Cl)c1	7.890	6.923	0.967
1pun	Nc1nc2c([nH]c(=O)n2C2CC(O)C(COP(=O)(O)O)O2)c(=O)[nH]1	7.280	5.697	1.583
6ocz	Cc1cc(C(=O)N[C@@H](CC(=O)N2CCC[C@@H]2c2ccccc2)C(=O)N[C@@H](C)C(=O)NCc2ccc(F)cc2F)no1	8.520	6.703	1.817
1vcj	CCC(CC)Nc1cc(C(=O)[O-])ccc1N1C(=O)CC[C@@]1(C[NH3+])CO	4.590	6.194	1.604
3g9e	CO[C@@H](Cc1ccc(OCCc2nc(-c3ccccc3)oc2C)c2ccsc12)C(=O)[O-]	7.720	6.662	1.058
5idn	Cc1n[nH]c2ncc(C(=O)N3CCC[C@H]3c3ccc(Cl)cc3)cc12	8.590	6.078	2.512
2pt9	C[S@@+](CCC[NH3+])C[C@H]1O[C@@H](n2cnc3c(N)ncnc32)[C@H](O)[C@@H]1O	4.460	6.395	1.935
3oaw	Cc1nc(N)nc2c1nc(-c1cn[nH]c1)c(=O)n2C(C)C	8.150	5.202	2.948
5f0h	N#Cc1ccc(N2CCC(CCC(=O)NCc3ccc(N4CCCCC4)cc3)CC2)cc1	4.480	6.509	2.029
6gmx	O=C1CCSc2ccc(Cl)cc21	2.170	5.027	2.857
4kjv	C[NH2+][C@@H](C)C(=O)N[C@@H]1C(=O)N(Cc2c(OC)ccc3cc(C(=O)[O-])ccc23)c2ccccc2OC12CCOCC2	7.740	8.080	0.340
6oir	O=C(NNS(=O)(=O)c1ccccc1)c1cc(-c2ccccc2)ccc1F	7.770	6.586	1.184
5nb7	NC(=O)c1nn(CC(=O)N2[C@H](C(=O)Nc3cccc(Br)n3)C[C@H]3C[C@H]32)c2ccccc12	8.220	5.875	2.345
6hb7	Cn1c(=O)ccn([C@@H]2O[C@H](COS(=O)(=O)NC(=O)[C@@H]([NH3+])Cc3ccc(O)cc3)[C@@H](O)[C@H]2O)c1=O	6.830	7.952	1.122
2xel	Oc1c(Cl)cc(Cl)cc1-c1[nH]c(Cl)c(Cl)c1Cl	3.900	5.486	1.586
2rjp	CC(C)C(=O)c1ccc(OCc2ccc(-c3ccc(S(=O)(=O)N[C@@H](C(=O)[O-])C(C)C)cc3)cc2)cc1	7.000	7.407	0.407
2ew6	O=C(/C=C/c1ccc(O)c(O)c1)NCCc1ccc(O)cc1	4.970	5.275	0.305
6oio	O=C(NNS(=O)(=O)c1ccccc1)c1cccc(-c2ccccc2)c1	6.540	5.991	0.549
4o0v	COCCNc1nc2ccc(C#CC3(O)CCCCC3)cc2n1-c1ccnc(N)n1	8.480	7.796	0.684
3pkc	CO[C@@H](C(=O)NC[C@@H]1CCCN(C(=O)C2CC2)C1)[C@H](O)[C@@H](O)[C@H](O)/C=C/C(C)(C)C	6.020	6.185	0.165
5g1p	NC(=O)OP(=O)(O)O	5.200	4.585	0.615
4bbg	CCc1cccc([C@](SCC[NH3+])(c2ccccc2)c2cccc(O)c2)c1	8.320	5.767	2.553
1oiq	CC(=O)Nc1nccc(-c2c(C)[nH]c3cccc[n+]23)n1	5.540	5.968	0.428
3g42	C#CCOc1ccc(S(=O)(=O)N[C@H](Cc2c[nH]c3ccc(C)cc23)C(=O)[O-])cc1	6.850	6.701	0.149
3i6m	COc1ccc2c3c1O[C@H]1C[C@@H](O)C=C[C@@]31CC[N@@H+](CCC[NH+]1CCCCC1)C2	6.460	7.353	0.893
3kai	Cn1nc(-c2ccccc2)cc1C(=O)N[C@H](Cc1ccc2ccccc2c1)C(=O)[O-]	5.410	6.313	0.903
5tbp	CC1=C(CC(=O)[O-])c2cc(F)ccc2/C1=C\c1ccc(C(C)C)cc1	5.180	6.503	1.323
4yat	COc1ccc(S(=O)(=O)Nc2ccc3c(c2)n(C)c(=O)n3C)cc1	5.030	5.785	0.755
5wg8	OC[C@H]1[C@@H]2CC[C@@H](O2)[C@H]1CO	5.740	4.815	0.925
5wb3	COc1cc2c(cc1OC)CC(NC(=O)c1nc([C@@H]3CCCN3C(=O)CSc3ccccc3Cl)[nH]c(=O)c1O)C2	7.220	7.617	0.397
4qnu	[NH2+]=c1[nH]cnc2c1ncn2[C@@H]1O[C@H](C[S@+](CC[C@H]([NH3+])C(=O)[O-])CC(=O)[O-])[C@@H](O)[C@H]1O	6.400	6.512	0.112
3ksq	Cn1cncc1[C@H](O)C1=Cc2cccnc2[C@@H]([NH+]2CCN(C(=O)OC(C)(C)C)CC2)c2ccc(Cl)cc21	9.420	7.784	1.636
6pml	O=C([O-])Cc1coc2cc(OCc3ccccc3)ccc12	3.090	5.950	2.860
6nze	CNC(=O)c1cnc(Nc2ccc(F)cn2)cc1Nc1ccccc1C(N)=O	8.890	6.075	2.815
5yto	Oc1ccc([C@@H](O)C[NH2+]Cc2ccc3ccccc3c2)cc1O	4.480	5.811	1.331
3tdc	CCNC(=O)Nc1sc2ccccc2c1C(=O)N1CCC([N+]2CCC[C@@]3(C2)CC(C)(C)OC3=O)CC1	8.270	7.945	0.325
4mvx	O=C(NCCC[NH2+]Cc1cc(Cl)cc(Cl)c1)Nc1ccccc1	7.240	6.188	1.052
1gqs	C[C@@H](c1cccc(O)c1)[NH+](C)C	6.300	5.040	1.260
1hqg	[NH3+]CCC[C@H]([NH3+])C(=O)[O-]	3.000	4.210	1.210
4fmu	CCC[NH2+][C@@H](CC[C@H]([NH3+])C(=O)[O-])C[C@H]1O[C@@H](n2cnc3c(N)ncnc32)[C@H](O)[C@@H]1O	6.440	6.638	0.198
3vws	Cc1oc2ccc(NS(=O)(=O)c3ccc(Cl)cc3)cc2c1C(=O)[O-]	3.650	5.737	2.087
5c85	O=C1CNc2cc(Br)ccc2N1	3.980	5.105	1.125
4i11	CC1(C)Cc2ccccc2C(N[C@@H](Cc2ccccc2)C(=O)[O-])=N1	4.570	6.468	1.898
3jzi	NC(=O)c1cc(N)c2c(c1)nc(NCc1ccccc1Cl)n2C[C@@H]1CCCCC[C@@H]1O	5.300	7.357	2.057
4hxm	CCCC(=O)Nc1cc(NS(=O)(=O)c2cccs2)cc(-c2csc(=O)[nH]2)c1	6.100	6.077	0.023
3f35	CCc1cccc(CC)c1O	3.160	4.338	1.178
5sxk	Cc1c(N)cccc1N	4.700	3.960	0.740
3k39	CCC(CC)[C@H](NC(C)=O)[C@@H]1[C@H](O)[C@@H](C(=O)[O-])C[C@H]1NC(N)=[NH2+]	8.080	5.836	2.244
3hac	[NH3+][C@H]1Cn2c(nc3cnccc32)C[C@@H]1c1cc(F)c(F)cc1F	8.170	6.847	1.323
4ee0	O=C(NCC[N+]1CCOCC1)c1ccc(-c2nccc3ccccc23)cc1	8.630	6.799	1.831
2h03	CCOC(=O)C(CCNC(=O)OC(C)(C)C)(Cc1ccc(NS(=O)(=O)[O-])cc1)C(=O)OCC	7.050	5.826	1.224
1dtt	CCOc1ccnc(CCNC(=S)Nc2ccc(Cl)cn2)c1F	8.300	6.259	2.041
6j0k	C/C(=C\COP(=O)(O)OP(=O)(O)O)CO	5.640	4.741	0.899
3ew2	O=C([O-])CCCC[C@@H]1SC[C@@H]2NC(=O)N[C@H]12	6.670	8.296	1.626
5twz	COc1cc(-c2cn[nH]c2)ccc1C(=O)Nc1ccc2c(c1)CC[NH2+]CC2	7.870	6.828	1.042
5k51	O=c1nc[nH]c2c1ncn2CCCCCP(=O)(O)O	4.800	6.625	1.825
3hqw	COc1ccc(-c2nc(-c3cccs3)[nH]c2-c2ccc(OC)cc2)cc1	7.460	6.787	0.673
4b6f	[NH3+]Cc1ccc(Oc2ccccc2)cc1	3.300	4.265	0.965
6eb1	CC(C)(C)O[C@H](C(=O)[O-])c1c(-c2ccc3c(c2)CCCO3)nc(-c2ccccc2)c2ccccc12	5.330	7.706	2.376
4f9v	COc1ccc(NC(=S)NCCCn2ccnc2)cc1OC	6.030	6.454	0.424
1yc5	NC(=O)c1cccnc1	3.000	4.367	1.367
6nzp	CNC(=O)c1nnc(NC(=O)C2CC2)cc1Nc1cccc(-c2ncn(C)n2)c1OC	9.700	7.580	2.120
1a5h	NC(=[NH2+])c1ccc(C[C@@H]2CCCC[C@@H](Cc3ccc(C(N)=[NH2+])cc3)C2=O)cc1	6.300	5.022	1.278
5idp	Nc1n[nH]c2ccc(C(=O)N3CCCC[C@H]3c3ccc(F)cc3)cc12	7.350	6.188	1.162
6oah	Cc1ccc(-c2cc3c(NC(Cc4ccccc4)P(=O)(O)O)ncnc3s2)cc1Cl	5.820	6.230	0.410
5hh5	O=C(O)c1cccc(CP(=O)(O)O)n1	6.300	5.708	0.592
2ima	O=C(/C=C/c1ccc(Cl)cc1Cl)NO	6.520	5.023	1.497
1jtq	Nc1nc2[nH]cc(CCc3ccc(C(=O)N[C@@H](CCc4nnn[nH]4)C(=O)[O-])cc3)c2c(=O)[nH]1	8.070	6.573	1.497
2jdh	CC(=O)N[C@@H]1[C@@H](O)[C@H](O[C@@H]2O[C@@H](C)[C@@H](O)[C@@H](O)[C@@H]2O)[C@@H](CO)O[C@H]1n1cc(CO)nn1	6.510	5.685	0.825
2xp8	O=C([O-])c1[nH]c(-c2ccccc2)nc1C(=O)N1CCOCC1	4.820	5.784	0.964
2ay9	O=C([O-])CCCCc1ccccc1	2.160	5.373	3.213
4anx	CC(C)c1ccc(-c2nccnc2N2CCN(S(=O)(=O)c3cccc(-c4cnc(N)nc4)c3)CC2)cc1	7.740	7.283	0.457
5d7x	CC(=O)n1cc(C2=C(C)N=NC2=O)c2ccccc21	4.820	6.054	1.234
4kbi	CNC(=O)c1c(-c2ccc(F)cc2)oc2cc(N(Cc3cc(F)c4c(c3)COB4[OH2+])S(C)(=O)=O)c(C3C=C3)cc12	7.490	8.436	0.946
2xg5	O=C([O-])[C@@H]1[C@@H](c2ccccc2)Sc2c(C3CC3)c(Cc3cccc4ccccc34)cc(=O)n21	4.660	7.288	2.628
6jno	Cc1cc2c(cc1-c1cc3cc(C(=O)[O-])c(=O)oc3cc1O)C(C)(C)CCC2(C)C	6.630	5.376	1.254
2yiu	C/C=C(C)/C=C/C=C/[C@H](OC)[C@@H](C)[C@@H](OC)[C@@H](C)CCc1oc2c(O)c(OC)cc(OC)c2c(=O)c1C	6.890	7.457	0.567
5ovg	COc1cc2nc(C)nc(N[C@H](C)c3ccc(-c4cnc5n4CCC5)s3)c2cc1OC	6.400	6.113	0.287
1jlq	Cc1cc(C)cc(S(=O)(=O)c2cccc(N)c2C#N)c1	8.150	5.934	2.216
2ha7	CCCC(=O)SCC[N+](C)(C)C	3.360	5.322	1.962
6oxp	CC[C@H](C)CN(C[C@@H](O)[C@H](Cc1ccccc1)NC(=O)O[C@H]1CO[C@H]2OCC[C@@H]12)S(=O)(=O)c1ccc(CO)cc1	11.000	11.257	0.257
4yoi	O=C(Nc1ccc(N(Cc2ccsc2)C(=O)Cn2nnc3ccccc32)cc1)c1cccs1	6.480	6.307	0.173
6ckc	Nc1ncnc2c1ccn2[C@@H]1O[C@H]([C@H](O)c2ccccc2)[C@@H](O)[C@H]1O	8.220	6.775	1.445
2ael	CC(C)=CCC[N@@H+](C)[C@H]1CC=C(C)CC1	6.290	5.214	1.076
3dz2	Cc1nc2c(N)ncnc2n1[C@@H]1O[C@H](C[N@@H+](C)CCC[NH3+])[C@@H](O)[C@H]1O	4.150	6.498	2.348
6e2m	Cn1cnnc1-c1cccc(NC(=O)c2ccccn2)c1	5.660	5.777	0.117
2a2g	C=C(C)[C@@H]1CC[C@]2(C)O[C@@H]2C1	7.000	4.772	2.228
1i80	O=c1[nH]cnc2cc[nH]c12	6.410	4.753	1.657
4cgj	[NH3+]CCCCCC(=O)N[C@H]1Cc2ccccc2[C@@H]1Cc1ccc2c(c1C(=O)[O-])OCO2	2.840	5.822	2.982
3kac	O=C([O-])CCc1nc2ccccc2[nH]1	3.130	5.205	2.075
4tyo	O=C(N[C@H](Cc1nc2ccc(F)cc2[nH]1)C(=O)[O-])c1ccc2ccccc2c1	7.100	5.899	1.201
4y6r	CN(O)C(=O)CC(CP(=O)(O)O)c1ccccc1	5.480	5.195	0.285
3bqn	O=C(/C=C/c1ccc(Sc2ccccc2OCc2cccnc2)c(C(F)(F)F)c1C(F)(F)F)N1CCOCC1	8.600	8.005	0.595
5hkb	CC(C)c1cc(Oc2c(Br)cc(NC(=O)CC(=O)[O-])cc2Br)ccc1O	5.590	6.306	0.716
1npv	O=C(N[C@@H](Cc1ccccc1)[C@@H](O)C[C@]1(Cc2ccccc2)NC=C([C@@H]2CNC(=O)c3ccccc32)C1=O)O[C@H]1CCOC1	8.240	9.108	0.868
2csm	[NH3+][C@@H](Cc1ccc(O)cc1)C(=O)[O-]	4.300	4.732	0.432
2bmz	CO[C@H]1O[C@H](CO)[C@@H](O)[C@H](O[C@@H]2OC[C@@H](O)[C@H](O)[C@H]2O)[C@@H]1O	3.700	5.497	1.797
5u8f	Cn1cc([C@H]2C[N@H+]([C@H]3CCc4cccc(F)c43)C[C@@H]2[NH+](C)C)c2ccccc21	7.960	6.261	1.699
5edi	Cc1cc(Cl)c(C)n2nc(CCc3nc(N4CCCC4)nn3C)nc12	9.520	6.248	3.272
5y0f	COc1ccc(S(=O)(=O)Nc2ccc(F)c(C(=O)[O-])c2)c2ccccc12	6.680	6.123	0.557
1b42	C[n+]1cnc2[nH]cnc2c1N	4.010	5.336	1.326
6hx8	COc1cc2c(cc1OS(N)(=O)=O)CC[N@@H+](Cc1cc(Br)c(OC)c(OC)c1)C2	5.890	6.468	0.578
6cn6	Cc1c(NC(=O)c2cccc(C#N)c2)ccc2c1c(C1CCN(C(=O)C3CCCC3)CC1)cn2C	8.300	7.868	0.432
1g3m	Oc1c(Cl)cc(-c2cc(Cl)c(O)c(Cl)c2)cc1Cl	10.000	4.333	5.667
3mag	C[n+]1cnc(N)c2nc[nH]c21	4.070	5.690	1.620
6q74	COc1ncc(C2=CCOCC2)cc1NS(=O)(=O)c1cn(Cc2ccccc2)c(C)n1	8.200	7.222	0.978
2z4b	Oc1ccc([C@@H]2Oc3ccc(O)cc3[C@@H]3CC(F)(F)C[C@@H]32)cc1	9.360	6.417	2.943
2bjm	Oc1c2ccccc2cc2ccccc12	3.700	4.777	1.077
4ciz	C=C(C)/C=C/[C@H]1[C@@H](C)CCCC1(C)C	7.290	6.827	0.463
3l7g	CC(C)NP(=O)(O)NC(C)C	3.300	4.745	1.445
1c9d	O=P(O)(O)CCCCSc1cc(F)ccc1O	6.300	5.866	0.434
5ura	O=C([O-])[C@H]1[C@H](c2ccccc2)[C@H](C(=O)Oc2cccc3ccccc23)[C@H]1c1ccccc1	6.400	5.816	0.584
1ws5	CO[C@H]1O[C@H](CO)[C@@H](O)[C@H](O)[C@@H]1O	3.030	4.474	1.444
4lq9	O=S(=O)([O-])c1cccc2c(S(=O)(=O)[O-])cccc12	4.850	4.373	0.477
5qb0	O=C([O-])c1cccc(-c2ccccn2)c1	3.800	4.470	0.670
4lys	COc1cc2c(c(OC)c1OC)C1=CCC(=O)C(=O)C=C1[C@@H](NC(C)=O)CC2	4.340	6.586	2.246
5ali	COc1ccc(NC(=O)Nc2cccc(-c3ncn(C[C@@H]4CCCO4)c3-c3nc4c(N)ncnc4s3)c2)cc1	7.070	9.698	2.628
3d5m	CC(C)(C)[C@H]1C(O)=C(C2=NS(=O)(=O)c3c(CNS(C)(=O)=O)cccc32)C(=O)N1Cc1ccc(F)c(Cl)c1	8.000	8.235	0.235
6duh	Cc1cc(/C=C/C#N)cc(C)c1Oc1nc(N[C@H]2CC[N@H+](Cc3ccc(S(N)(=O)=O)cc3)CC2)nc2ccsc12	7.420	7.680	0.260
3g76	C[NH2+][C@@H](C)C(=O)N[C@H](C(=O)N1CCC[C@H]1Cn1nnnc1Sc1ccccc1)[C@@H](C)OC	6.640	6.985	0.345
3qcj	COc1ccc(S(=O)(=O)NC(=O)c2sccc2SCc2ccc(Cl)c(Cl)c2)cc1C(=O)[O-]	6.300	7.133	0.833
3ig1	CC(C)C1=CC(=O)C(=O)C(O)C=C1	6.140	5.316	0.824
2f01	O=C([O-])CCCC[C@@H]1SC[C@@H]2NC(=O)N[C@H]12	13.000	8.172	4.828
5iv4	Nc1nc(Cl)cc(N(Cc2cccs2)C2CC2)n1	5.480	6.075	0.595
5ar7	CC(C)(C)c1cc(NC(=O)Nc2ccc(Oc3ccncc3)cc2)no1	6.490	5.774	0.716
4ohk	CC#C[C@H]1CN(S(=O)(=O)c2ccc(N)nc2)CCN1c1ccc([C@](O)(CCCC)C(F)(F)F)cc1	8.300	8.392	0.092
4pl6	C[N+](C)(C)CCCC[C@H]([NH3+])C(=O)[O-]	3.100	4.729	1.629
4ye3	COc1ccc(S(=O)(=O)N(CC(C)C)C[C@@H](O)[C@H](Cc2ccccc2)NC(=O)O[C@H]2CO[C@H]3OC[C@H](OC)[C@@H]23)cc1	8.370	10.114	1.744
5fb7	CCCCC/C=C\C/C=C\C/C=C\C/C=C\CCCC(=O)[O-]	7.890	5.335	2.555
3nif	CCc1nn2c(=O)cc(N3CC[NH2+]CC3)nc2s1	5.100	6.269	1.169
4gui	O=C([O-])[C@]1(O)C[C@@H](O)[C@@H](O)[C@H](O)C1	3.640	4.924	1.284
4iti	COc1ccc2c(c1)C1=NN(C(=O)CO)[C@H](c3ccc(OC(F)(F)F)c(F)c3)[C@@H]1CC2	6.360	6.737	0.377
1r5n	Nc1nc2c(ncn2C2OC(COP(=O)(O)OP(=O)(O)O)C(O)C2O)c(=O)[nH]1	5.420	5.363	0.057
4kql	COc1cc(C(=O)Nc2ccc(NC(=O)c3ccccn3)cc2)cc(-c2c[nH]c(=O)[nH]c2=O)c1	8.770	7.901	0.869
4x6k	CC(=O)N[C@H]1[NH2+]C[C@H](C(=O)[O-])[C@H](O)[C@@H]1O	5.310	5.351	0.041
4wz8	CC(C)n1ncc2c1C(=O)CC1(CCN(C(=O)c3ccc4n[nH]cc4c3)CC1)C2	7.210	6.887	0.323
5xqx	CNC(=O)c1cc(-c2ccncc2)c[nH]1	6.390	5.871	0.519
3o8h	O=C(Cn1cc(CNS(=O)(=O)c2ccc(I)cc2)nn1)N1CCC(c2nc(-c3cccs3)no2)CC1	6.240	8.796	2.556
4ark	NC(=O)c1c(Nc2ccc(I)cc2F)cc(F)cc1OCC[C@@H](O)CO	7.200	7.477	0.277
4ifh	Cc1ccc(C(=O)NCc2cn([C@@H](CC(=O)NO)Cc3ccc4ccccc4c3)nn2)cc1	5.210	6.685	1.475
5ien	C=C1CC[C@H](O)C/C1=C/C=C1\CCC[C@@]2(C)[C@H]1CC[C@@H]2[C@H](C)CCCC(C)(C)O	6.520	7.796	1.276
5wfz	O=C(NCCS(=O)(=O)c1ccccc1)c1nc([C@@H]2CCCN2C(=O)c2c(Cl)cncc2Cl)[nH]c(=O)c1O	8.000	7.618	0.382
3orn	O=C(NOCCO)c1cc(CN2OCCCC2=O)c(F)c(F)c1Nc1ccc(I)cc1F	9.620	7.191	2.429
4hwr	C[C@@H](O)[C@H]([NH3+])C(=O)NS(=O)(=O)c1cccc(-c2ccc3[nH]ncc3c2)c1	6.740	6.184	0.556
4h4m	N#C/C=C/c1cc(Cl)cc(Oc2ccc(Cl)cc2OCCn2ccc(=O)[nH]c2=O)c1	8.520	7.713	0.807
6h7d	OC[C@H]1O[C@@H](O)[C@H](O)[C@@H](O)[C@@H]1O	5.490	4.061	1.429
4lnf	NC(=O)CC[C@H]([NH3+])C(=O)[O-]	2.620	4.004	1.384
3nsq	O=C1c2cccc(O)c2C(=O)c2c(O)cccc21	5.210	4.960	0.250
2j7w	O=P(O)(O)OP(=O)(O)OP(=O)(O)O	6.660	4.148	2.512
3omm	O=C([O-])c1ccc(NC(=O)[C@H](C2CCCCC2)n2c(-c3ccc(Cl)cc3)nc3cc(F)c(F)cc32)c(F)c1	7.430	7.071	0.359
2fvc	CC(C)CCn1c(=O)c(C2=Nc3ccccc3S(=O)(=O)N2)c(O)c2ccccc21	7.490	6.389	1.101
1sqq	CO/C=C(/C(=O)OC)c1ccccc1/C=C/c1ccccc1	7.820	5.194	2.626
3dxm	O=C1CS[C@@H](c2cccc(Br)c2)N1c1cc(Cl)ccc1O	6.000	5.868	0.132
3o64	CNc1nc([C@H]2CCCN2C(=O)[C@H](O)[C@@H](O)C(=O)N[C@H](C)c2ccc(-n3cccn3)cc2)c(S(C)(=O)=O)s1	9.400	7.521	1.879
5kgw	Cn1c([C@H](OC(C)(C)C)C(=O)[O-])c(-c2ccc3c(c2)CCCO3)c2ccccc21	4.790	7.624	2.834
1c8v	O=P(O)(O)CCCCSc1ccccc1O	6.330	5.047	1.283
1sri	Cc1cc(/N=N/c2ccccc2C(=O)[O-])cc(C)c1O	6.080	5.408	0.672
4lnw	[NH3+][C@@H](Cc1cc(I)c(Oc2ccc(O)c(I)c2)c(I)c1)C(=O)[O-]	7.040	7.321	0.281
5fpp	NC(=O)C1=CCN(COCN2C=CC=C/C2=C\N=O)C=C1	4.000	5.499	1.499
5ue4	COc1ccccc1Nc1nc(-c2sc(NC(C)=O)nc2C)cs1	6.360	5.650	0.710
5ukm	O=C(NCc1cc[nH]n1)c1cc([C@@H]2CC[NH2+]C[C@H]2COc2ccc3c(c2)OCO3)ccc1F	7.520	7.185	0.335
2jbl	C/C=C(C)/C=C/C=C/[C@H](OC)[C@@H](C)[C@@H](OC)[C@@H](C)CCc1oc2c(O)c(OC)cc(OC)c2c(=O)c1C	5.890	7.523	1.633
2gg9	COC(=O)[C@@H](CC(C)C)NC(=O)[C@H](C)NC(=O)[C@@H](O)[C@H]([NH3+])c1ccc(C(C)C)cc1	5.460	6.201	0.741
3tyv	Cc1cc2c([C@@H]3C=CC=NC3=O)c(C(=O)NS(=O)(=O)C3CC3)n(Cc3cc(F)ccc3F)c2cc1F	8.100	8.614	0.514
4nrl	CC(=O)N[C@@H]1[C@@H](O)C[C@H](C(=O)[O-])O[C@H]1[C@H](O)[C@H](O)CO	8.620	4.787	3.833
1qon	Ic1cccc(CNc2c3c(nc4ccccc24)CCCC3)c1	8.960	7.121	1.839
3gwx	CC/C=C\C/C=C\C/C=C\C/C=C\C/C=C\CCCC(=O)[O-]	5.400	5.484	0.084
6poq	COc1ccc(Nc2ccc3c(CC(=O)[O-])coc3c2)cc1	2.570	5.930	3.360
6i0p	O=C([O-])C1=NC(=S)C=C[C@H]1C(=O)[O-]	4.400	5.496	1.096
1t49	CCc1oc2cc(S(=O)(=O)Nc3ccc(S(N)(=O)=O)cc3)ccc2c1C(=O)c1cc(Br)c(O)c(Br)c1	4.660	5.486	0.826
5lsy	CC(C)C[NH2+][C@@H](CC[C@@H]([NH3+])C(=O)[O-])C[C@H]1O[C@@H](n2cnc3c(N)ncnc32)[C@H](O)[C@@H]1O	6.540	6.695	0.155
4jvq	COc1ccc(C(=O)Nc2ccc(Oc3ccc(N(C(=O)[C@H]4CC[C@H](C)CC4)C(C)C)c(C(=O)[O-])c3)cc2)cc1	6.200	6.609	0.409
4yk5	Cc1ccccc1-c1ccc(-c2ccc3c(c2)c(C)c(CC(C)(C)C(=O)[O-])n3Cc2ccc(Cl)cc2)cc1F	7.640	7.392	0.248
3drs	N=Cc1cc(Cl)cc(Oc2cc(OCc3[nH]nc4ncccc34)ccc2Cl)c1	9.300	6.959	2.341
6qyn	CCc1sc2ncnc(O[C@H](Cc3ccccc3)C(=O)[O-])c2c1-c1ccc(O)c(Cl)c1C	7.620	7.306	0.314
5qag	COC(=O)c1ccccc1-c1cccc(C(=O)[O-])c1	3.700	5.224	1.524
5o0b	O=C([O-])c1ccc2[nH]nc(Br)c2c1	4.180	5.459	1.279
1ikw	O=C1Nc2ccc(Cl)cc2[C@@](C#CC2CC2)(C(F)(F)F)O1	8.600	6.671	1.929
5duf	CCc1ccc([C@H]2C[C@@H](C(F)(F)F)n3ncc(C(=O)[O-])c3N2)cc1	5.740	5.858	0.118
3vw9	COCCCn1ccc2cc(-c3cc(-c4ccccc4)cc(=O)n3O)cnc21	7.960	6.101	1.859
3m2u	CC(OP(=O)(O)O)C(NC(=O)CCCCCS)C(=O)O	7.000	6.444	0.556
2cbs	CC(/C=C/C=C(\C)c1ccc2c(c1)C(C)(C)CCC2(C)C)=C\C(=O)[O-]	8.220	5.024	3.196
6me3	COc1ccc2[nH]c(-c3ccccc3)c(CCNC(C)=O)c2c1	9.380	5.602	3.778
1o6h	C=CC[N@@H+](C)CCCCCCOc1ccc2c(-c3ccc(Br)cc3)nccc2c1	6.730	6.770	0.040
4nan	Oc1c(Br)cccc1-c1[nH]c(Br)c(Br)c1Br	4.720	4.990	0.270
6pm9	CCNC1=N[C@H]2[C@H](O[C@H](C(F)F)[C@@H](O)[C@@H]2O)S1	8.100	5.509	2.591
6g1v	CCC1=C[C@@H]2Cc3c(c(N)c4ccc(Cl)cc4[n+]3C)[C@H](C1)C2	7.230	6.604	0.626
4auy	OCC#Cc1ccc(O[C@H]2O[C@H](CO)[C@@H](O)[C@H](O)[C@@H]2O)cc1	7.740	6.103	1.637
5q0e	COC(=O)Nc1ccc2c(c1)NC(=O)C[C@@H](C)CCC[C@H](NC(=O)/C=C/c1cc(Cl)ccc1-n1cnnn1)c1nc-2c[nH]1	9.160	8.242	0.918
6rna	CC(C)(C)S(=O)(=O)c1cc2c(Nc3ccc4scnc4c3)ncnc2cc1OCCO	8.300	7.199	1.101
2i5j	COc1ccc2ccccc2c1C/N=N/C(=O)c1ccc(O)c(O)c1	6.300	6.348	0.048
4dpu	O=C(O)CC(O)(CF)CCOP(=O)(O)OP(=O)(O)O	7.300	6.014	1.286
4hy5	CCO[C@@H]1C[C@@H]2CN(C(=O)[C@@H](NC(=O)[C@H](C)[NH2+]C)C3CCC(F)(F)CC3)[C@H](C(=O)N[C@@H]3CCOc4ccccc43)C[N@H+]2C1	8.890	8.476	0.414
6es0	CNC(=O)c1cc(Oc2ccc(NC(=O)Nc3ccc(SCC(=O)[O-])c(F)c3)c(F)c2)ccn1	5.650	8.054	2.404
4e5i	Cn1cnc(-c2nc(=O)c(O)c(C(=O)[O-])[nH]2)c1	5.300	5.975	0.675
2wxm	CC(C)n1nc(C#Cc2cccnc2)c2c(N)ncnc21	7.400	7.387	0.013
3hdn	O=C([O-])Cc1ccc(-c2c[nH]c3ncc(-c4ccc5ccccc5c4)cc23)cc1	7.200	6.308	0.892
6qyk	CCc1sc2ncnc(O[C@H](C)C(=O)[O-])c2c1-c1ccc2[nH]ccc2c1	5.550	6.213	0.663
4o43	CC[C@@H](C)N1C(=O)/C(=C\c2ccc(O)cc2)SC1=S	4.300	5.515	1.215
4x8t	O=C1NCCc2ccc(Cl)cc21	2.050	5.000	2.950
4c1g	C[C@H](CS)C(=O)N1CCC[C@@H]1C(=O)[O-]	5.140	5.229	0.089
4iks	Cc1nc(-c2ccccn2)nc(NCCNc2cccc(C(F)(F)F)n2)c1Cl	5.140	6.530	1.390
6fg6	CN1CC(C(=O)NCC[NH3+])CCC1=O	3.400	5.393	1.993
3r8i	CCCCCCCN(CCc1ccc(OC(C)(C)C(=O)[O-])cc1)c1nc2ccccc2o1	5.350	6.714	1.364
1fax	CC(=[NH2+])N1CC[C@H](Oc2ccc([C@H](Cc3ccc4ccc(C(N)=[NH2+])cc4c3)C(=O)[O-])cc2)C1	7.390	7.546	0.156
5u8a	Cn1cc([C@H]2C[N@H+](Cc3c(F)cccc3Br)C[C@@H]2[NH+](C)C)c2ccccc21	7.890	5.713	2.177
1o4h	N#Cc1ccc2cccc(OP(=O)(O)O)c2n1	2.440	5.732	3.292
6n3n	Nc1ncc(C#Cc2c(F)ccc(NS(=O)(=O)c3cc(Cl)cc(CO)c3Cl)c2F)cn1	8.740	7.738	1.002
4oo9	COC(=O)N1CC[C@@H]2[C@H]1CCC[C@@]2(O)C#Cc1cccc(C)c1	9.070	5.731	3.339
5uor	CC(C)n1cnnc1-c1cccc(N2Cc3ccc(OC[C@@H]4C[N@H+](C)CCO4)cc3C2=O)n1	8.200	7.467	0.733
1apb	C[C@H]1O[C@@H](O)[C@H](O)[C@@H](O)[C@H]1O	5.820	4.288	1.532
5cte	Cc1cc(C(=O)N2CCC3(CC2)CCN(C(=O)OCC(C)(C)C)[C@H]3C)cc2cn[nH]c12	7.800	7.398	0.402
6b7d	COc1nnc(-c2ccc(Cl)cc2)c(C)c1C	4.280	6.441	2.161
4w9s	O=c1nc(-c2ccc(-c3nnn[nH]3)cc2)[nH]cc1O	6.820	5.204	1.616
3dst	CC(C)=CCC/C(C)=C/CC/C(C)=C/CC/C(C)=C/COP(=O)(O)OP(=O)(O)O	9.080	4.939	4.141
3dx0	CS[C@@H]1[C@@H]([NH3+])[C@@H](O)[C@@H](O)[C@H]1O	7.440	4.969	2.471
2qcm	O=c1cc(CO)n(C2OC(COP(=O)(O)O)C(O)C2O)c(=O)[nH]1	3.350	4.902	1.552
3iny	[NH2+]=c1[nH]c(=O)c2cc[nH]c2[nH]1	3.660	4.635	0.975
6gi6	Cc1c(-c2cccc3ncccc23)ccc2c1C(=O)NCN2	6.710	6.310	0.400
1tl1	CCCc1c([S@](=O)C2CCCCC2)c2cc(Cl)ccc2[nH]c1=O	6.420	6.286	0.134
5xms	Cc1n[nH]c2c1[C@](c1cc(-c3ccccc3F)cc(C(F)(F)F)c1)(C(C)C)C(C#N)=C(N)O2	8.140	6.423	1.717
3v1r	CC(C)[C@@H]1CC[C@@H](O)[C@H](O)[C@H](O)C1	7.680	4.829	2.851
1h35	C=CC[N@H+](C)Cc1ccc(-c2ccc(C(=O)c3ccc(Br)cc3)cc2)cc1	7.540	5.337	2.203
3uzc	Nc1nnc(-c2ccc(O)c(Cl)c2)c(-c2ccccc2)n1	9.610	6.363	3.247
4xkb	CC1=C/C2=C/C3=N/C(=C\C4=N/C(=C\C5=N/C(=C\C1=N2)C(C)=C5CCC(=O)[O-])C(CCC(=O)[O-])=C4C)C=C3C	6.100	5.307	0.793
2gg0	COC(=O)CNC(=O)[C@H](C)NC(=O)[C@@H](O)[C@H]([NH3+])c1ccc(C(F)(F)F)cc1	5.770	6.014	0.244
4mw9	C#Cc1cccc(C[NH2+]CCCNC(=O)Nc2ccsc2)c1	7.020	5.998	1.022
4u5v	NC(=O)[C@H](CCCC[NH3+])[NH2+]Cc1ccc(-c2cccnc2)s1	3.050	5.643	2.593
5a0a	CC(=O)C1=C(C)N(c2cccc(C(F)(F)F)c2)C(=O)N[C@@H]1c1ccc(C#N)nc1	7.700	7.238	0.462
4dgb	CC(C)C[C@H](NC(=O)[C@@H]1CCCN1C(=O)CNC(=O)[C@@H]1CCC[NH2+]1)C(=O)N1CCC[C@H]1C(=O)N[C@@H](C)C(=O)[O-]	3.890	6.301	2.411
3gz9	C=CCOc1cc(COc2ccc(C(F)(F)F)cc2)ccc1Sc1ccc(OCC(=O)[O-])c(C)c1C	8.400	7.252	1.148
6oxq	CCC(CC)CN(C[C@@H](O)[C@H](Cc1ccccc1)NC(=O)O[C@H]1CO[C@H]2OCC[C@@H]12)S(=O)(=O)c1ccc(CO)cc1	11.300	10.816	0.484
2qcf	O=c1[nH]c(=O)n(C2OC(COP(=O)(O)O)C(O)C2O)cc1F	3.490	5.024	1.534
5w7u	O=C(NC1Cc2ccccc2C1)c1nc([C@@H]2CCCN2C(=O)c2c(Cl)cncc2Cl)[nH]c(=O)c1O	8.050	6.991	1.059
1d1p	O=S(=O)(O)CC[N@H+]1CC[N@H+](CCO)CC1	3.600	4.776	1.176
2qe5	O=C(COc1ccc(Cl)cc1)Nc1ccccc1C(=O)[O-]	5.790	5.258	0.532
4zh2	O/N=C(\Nc1ccccc1)c1cccc(C(F)(F)F)c1	5.000	5.357	0.357
2w54	Nc1nc2ncc(CO)nc2c(=O)[nH]1	6.980	4.937	2.043
4oyb	CCOC(=O)COc1cccc(C(=O)c2nonc2N)c1	5.800	5.528	0.272
1x9d	CO[C@H]1O[C@H](CO)[C@@H](O)[C@H](O)[C@@H]1S[C@H]1O[C@H](CO)[C@@H](O)[C@H](O)[C@@H]1O	3.960	4.590	0.630
3u7m	CCCC[C@H](CN(O)C=O)C(=O)[C@@H](NC(=O)Nc1ccccc1F)C(C)C	7.450	7.597	0.147
1tv6	Cc1nc2cnccc2n1-c1ccc(Cn2c(=O)sc3ccccc32)cc1	5.400	7.302	1.902
4bib	N#Cc1c[nH]c2c(C(N)=O)ccc(OC3CC[NH2+]CC3)c12	6.600	6.689	0.089
5eie	N=NNCCNc1c2c(nc3ccccc13)CCCC2	7.640	5.795	1.845
1xuo	CNC(=O)[C@H](Cc1ccc2ccccc2c1)N1CCC(=O)N(Cc2cnc3ccccc3c2)[C@@H](CC(C)C)C1=O	7.160	7.210	0.050
4ynd	O=C1COc2c(cccc2[C@@H](O)C[NH2+]CCN(C(=O)CC[NH2+]CCc2ccc(Cl)c(Cl)c2)C2CCCCC2)N1	8.550	8.848	0.298
4ikr	Cc1nc(-c2ccccn2)nc(N2CC[NH+](CCO)CC2)c1Cl	6.230	6.579	0.349
5aes	Cc1ncc(CCP(=O)(O)O)c(CO)c1O	2.890	4.794	1.904
1gzv	O=C(O)C(O)C(O)C(O)COP(=O)(O)O	6.570	5.586	0.984
6irt	[NH3+][C@@]1(C(=O)[O-])C[C@@H]2C=C[C@H]1C2	3.810	5.706	1.896
2gc8	Cc1cc(S(=O)(=O)N2CCC[C@H]2C(=O)[O-])c(N)cc1Cl	5.510	6.306	0.796
4hiq	Cc1n[nH]c(C)c1CCCOc1cc(C(=O)[O-])ccc1F	8.210	6.242	1.968
5fi6	O=C(Cc1ccccc1)Nc1nnc(N[C@H]2CCN(c3nnc(NC(=O)Cc4ccccc4)s3)C2)s1	7.520	5.569	1.951
5d1u	CCCN([C@H](C)C(=O)NO)S(=O)(=O)c1ccc(F)c(C)c1	5.960	7.261	1.301
4d1a	O=C1NC(=O)[C@H](Cc2c[nH]c3ccccc23)N1	4.720	5.603	0.883
5vsc	CCCN(C)c1nc(N[C@H]2CC[N@H+](C)CC2)c2cc(OC)c(OC)cc2n1	6.290	5.842	0.448
2poq	O=C1O[C@H]([C@H](O)CO)[C@H](O)[C@H]1O	4.420	5.745	1.325
3bi0	[NH3+]C(CCP(=O)(O)CC(CCC(=O)O)C(=O)O)C(=O)O	7.850	7.167	0.683
3irx	COc1c(C)cc(/C(=C\CCCc2nnc(C)o2)c2cc(C)c3oc(=O)n(C)c3c2)cc1C(=O)SC	9.000	6.853	2.147
5ka3	O=C([O-])C(=O)Nc1sc2c(c1C(=O)[O-])CC[NH2+]C2	4.590	5.254	0.664
5may	C[C@@H]1O[C@H](CNS(=O)(=O)c2cccs2)[C@@H](O)[C@H](O)[C@@H]1O	6.480	5.135	1.345
4f6s	Cc1ccc(-n2nc(C(C)(C)C)cc2NC(N)=O)cc1	5.490	5.516	0.026
6jut	COc1[nH]nc2ncc(-c3cn(-c4c(F)ccc(NS(=O)(=O)c5cccc(Br)c5)c4F)nn3)cc12	8.680	6.483	2.197
3eml	Nc1nc(NCCc2ccc(O)cc2)nc2nc(-c3ccco3)nn12	8.740	7.342	1.398
3qk0	CC(=O)Nc1nc2ccc(-c3cnc(Cl)c(NS(=O)(=O)c4ccc(F)cc4)c3)cc2s1	8.700	6.488	2.212
1jut	CC(C)[C@H](NC(=O)c1ccc(CCc2c[nH]c3nc(N)[nH]c(=O)c23)cc1)C(=O)[O-]	7.320	6.639	0.681
4rse	CC1=C(COc2cccc([C@H](O)CC[NH3+])c2)C(C)(C)CCC1	6.400	5.119	1.281
2aqb	C=C/C=C/[C@@]1(C)SC(=O)C(C)=C1O	3.300	4.260	0.960
4ju6	CC(C)N(c1ccc(Oc2ccccc2)cc1C(=O)[O-])C(=O)[C@H]1CC[C@H](C)CC1	6.170	5.640	0.530
5vil	COc1ccc(S(N)(=O)=O)cc1C(=O)Nc1cccc(-c2nncn2C(C)C)n1	8.820	6.278	2.542
2p1c	C[NH+](CCCCc1ccccc1)CCC(O)(P(=O)(O)O)P(=O)(O)O	7.680	5.994	1.686
2vcg	COC(=O)[C@H](Cc1ccc(Br)cc1)NC(=O)CCCCCCC(=O)NO	5.770	5.925	0.155
4k43	COc1ccc([C@H]2OC[C@H](C)[C@@H]([C@@H](C)[C@@H](OC)[C@@H](C)CCC(=O)[C@H](C)[C@@H](C/C=C/N(C)C=O)OC)O2)cc1	6.880	8.652	1.772
4wpn	CC(C)CCn1c(C[N@H+]2CC[C@@H](C(N)=O)CC2)nc2c1c(=O)n(C)c(=O)n2C	6.680	7.049	0.369
5qaq	CC(=O)Nc1ccc(-c2cccc(C(=O)[O-])c2)cc1	3.540	4.594	1.054
3ldw	O=P(O)(O)C(O)(Cn1ccnc1)P(=O)(O)O	7.970	5.897	2.073
4gj9	C[C@@H](O)C[NH+]1CC2=C(C1)c1ccccc1Nc1ccccc12	3.300	5.395	2.095
5kjk	O=C(NCCC[NH+]1CCCC1)c1ccnc(-c2ccccc2O[C@H]2C[N@@H+](CCc3ccc(Cl)c(Cl)c3)C2)c1	7.920	8.063	0.143
2cn8	[NH2+]=C1NC(=O)/C(=C2\CCNC(=O)c3[nH]ccc32)N1	5.460	5.016	0.444
3d28	CC(C)[C@H]1C(O)=C(C2=NS(=O)(=O)c3ccccc32)C(=O)N1Cc1ccccc1	5.850	7.065	1.215
2w87	O=C([O-])[C@H]1O[C@H](O)[C@H](O)[C@@H](O)[C@@H]1O	4.650	3.825	0.825
3mww	O=C([O-])c1ccc2c(C3CCCCC3)c(-c3ccoc3)n(CC(=O)N3CCC(C(=O)[O-])CC3)c2c1	7.240	6.956	0.284
5vrp	CCc1cccc(-c2c(F)cccc2[C@](O)(CCCNC(=O)OC)[C@@H]2CCCN(C(=O)C[C@H](O)C[NH3+])C2)c1	8.890	7.332	1.558
3g6z	Cc1cc(Cl)c(OCCOc2ccc(C3=C(C(=O)N(Cc4cccc(C)c4C)C4CC4)[C@H]4C[NH2+]C[C@@H](C3)[NH2+]4)cc2)c(Cl)c1	9.700	8.909	0.791
2vex	O=C1C[C@@H](c2ccc(C[C@H](NS(=O)(=O)c3cccc(F)c3)C3=N[C@H](CCc4ccccc4)CN3)cc2)S(=O)(=O)N1	6.740	8.230	1.490
6eb2	CC(C)(C)O[C@H](C(=O)[O-])c1c(-c2ccc3c(c2)CCCO3)nc(-c2cnn(Cc3ccccc3)c2)c2ccccc12	6.320	8.165	1.845
4dwb	CCCCC[NH2+]CC(P(=O)(O)O)P(=O)(O)O	5.740	6.708	0.968
5afx	CCCCCCCCC[n+]1ccn(CC(O)(P(=O)(O)O)P(=O)(O)O)c1	5.920	6.207	0.287
4ega	COc1c(Br)cc(Br)cc1C[NH2+]CCC/N=C1\CC(=O)c2ccccc2N1	7.190	6.295	0.895
3v66	COc1cccc([C@H]2O[C@H](CC(=O)N3CCC(CC(=O)[O-])CC3)c3cccn3-c3ccc(Cl)cc32)c1OC	8.890	7.006	1.884
3eka	O=C1O[C@H]([C@@H](O)CO)C(O)=C1O	3.000	5.514	2.514
5zyj	CCCCCc1ccc(-c2ccc(S(=O)(=O)CCO)cc2)cc1[C@H]1C[C@H]1c1ccccn1	7.210	7.642	0.432
5qav	O=C([O-])c1cccc(-c2ccc(-c3nnn[nH]3)cc2)c1	4.150	4.892	0.742
5eue	COc1cc(C)c(C[NH2+]C[C@@H](NC(=O)c2cc(C)on2)c2ccccc2)cc1C	6.770	6.451	0.319
2ovx	O=C1NC(=O)C(c2ccc(Oc3ccccc3)cc2)([NH+]2CCN(c3ncccn3)CC2)C(=O)N1	8.700	6.518	2.182
5kjm	O=C(NCCC[NH+]1CCCC1)c1cc(-c2ccccc2N2CC[NH+](CCc3ccc(Cl)c(Cl)c3)CC2)nc2n[nH]cc12	7.190	8.320	1.130
5c2e	Cc1nc(C)c(CNc2nc(OCCc3ccccn3)nc(Cl)c2C)s1	8.700	6.442	2.258
4ez5	C[NH+](C)C1CCN(c2ccc3[nH]c(C(=O)c4ccnc(-c5cncc6ccccc56)c4)nc3n2)CC1	6.520	6.782	0.262
4ql8	CO[C@@H]1C(c2ccc(C#N)c(Cl)c2C)=NN2CC[C@H](O)[C@@H]12	9.150	7.063	2.087
1nhg	Oc1cc(Cl)ccc1Oc1ccc(Cl)cc1Cl	7.300	4.821	2.479
6hcw	O=C(NCC1(O)CCC(F)(F)CC1)c1cc(=O)c2cc(F)ccc2o1	6.890	5.932	0.958
5sz9	Cc1ccc(C(=O)N2CCCCCC2)c(NCc2ccco2)n1	4.420	6.445	2.025
5qj3	Nc1cc(OCc2cc(-c3cccc(F)c3)ccc2Cl)c2[nH]nnc2n1	7.620	8.058	0.438
3o9c	CC[C@H](C)CN(C[C@@H](O)[C@H](Cc1ccccc1)NC(=O)O[C@H]1CO[C@H]2OCC[C@@H]12)S(=O)(=O)c1ccc2c(c1)OCO2	12.050	10.179	1.871
5ubt	CC(=O)N1CCN(c2cccc(-c3cc(-c4ccnn4C4CCOCC4)c4c(N)ncnn34)c2)CC1	8.620	8.978	0.358
5jmx	O=C([O-])/C(S)=C/c1ccc(F)cc1	5.090	5.317	0.227
6ez6	COC(=O)c1cc(-c2cc(-c3ncc(C[N@H+]4CC[N@H+](C(C)C)CC4)o3)c3c[nH]nc3c2)cnc1OC	7.400	8.311	0.911
3zj8	OC[C@@H]1[C@@H](O)[C@H](O)[C@@H](O)[C@@H]1[NH2+]Cc1ccc(Br)cc1	3.900	5.405	1.505
1i33	COc1cc(OC)cc(C(=O)N[C@@H]2[C@H](O)[C@@H](CO)O[C@H]2n2cnc3c(N[C@@H]4CCCc5ccccc54)ncnc32)c1	4.120	7.584	3.464
4pov	Cc1ncc(Cc2csc(CO)c2C)c(N)n1	8.280	6.120	2.160
5ntw	CCS(=O)(=O)c1ccc(CNC(=O)c2cnc3c(c2)C[N@H+](C[C@H]2CC[C@H](C(F)(F)F)CC2)[C@H]3C(C)C)nc1	9.220	8.268	0.952
5ypp	CC(C)[C@H]([NH3+])C(=O)[O-]	4.640	4.431	0.209
1ing	CC(=O)Nc1ccc(C(=O)[O-])cc1NC(=O)CO	2.000	4.776	2.776
4ac3	COc1cc(OC)c(S(=O)(=O)NCc2ccccc2N2CCCCC2)cc1NC(C)=O	3.960	7.404	3.444
3oc0	CCCC[C@H]1C[N+]2CCc3cc(OC)c(OC)cc3[C@@H]2C[C@@H]1[NH3+]	6.280	7.146	0.866
5wdc	O=C(NCCc1ccccc1)c1nc([C@@H]2CCCN2C(=O)COc2ccccc2Cl)[nH]c(=O)c1O	6.400	6.953	0.553
5kew	C[C@H](CCC(=O)NCCS(=O)(=O)[O-])[C@H]1CC[C@H]2[C@@H]3CC[C@@H]4C[C@H](O)CC[C@]4(C)[C@H]3C[C@H](O)[C@@]21C	6.500	7.908	1.408
1tsv	O=c1ccn(C2CC(O)C(COP(=O)(O)O)O2)c(=O)[nH]1	4.800	5.136	0.336
1n9m	O=C([O-])CCCC[C@@H]1SC[C@@H]2NC(=O)N[C@H]12	10.960	8.212	2.748
5k48	O=C([O-])c1ccc(-c2ccccc2)cc1CS	6.600	6.130	0.470
6dzy	CC[C@H]1C[C@@H]2C[C@H]3c4[nH]c5ccc(OC)cc5c4CC[N@@H+](C2)[C@@H]13	5.520	7.133	1.613
2who	O=C1c2cccc3c(NCCO)ccc(c23)C(=O)N1c1cccc(Br)c1	7.700	6.438	1.262
1w70	O=C([O-])C(F)(F)F	3.700	4.161	0.461
5ukl	O=C(Cc1cc([C@@H]2CC[NH2+]C[C@H]2COc2ccc3c(c2)OCO3)ccc1F)NCCc1cn[nH]c1	6.200	7.323	1.123
2jg8	[NH3+]C(C=O)COP(=O)(O)O	6.300	5.110	1.190
1inh	CC(=O)Nc1ccc(C(=O)[O-])cc1NC(=O)C[NH3+]	2.300	4.689	2.389
6fi1	Nc1ccc(NC(=O)C[NH3+])cc1	2.150	4.571	2.421
5dxu	CC(C)n1ncnc1-c1cn2c(n1)-c1ccc(O[C@@H](C)C(N)=O)cc1OCC2	8.400	7.529	0.871
4ijl	O=C([O-])CSc1nnc(-c2sc3ccccc3c2Cl)n1-c1ccccc1	3.870	7.824	3.954
5zxk	C/C(=C\COP(=O)(O)OP(=O)(O)O)CO	5.480	4.743	0.737
6msa	COc1cc2nnc3n[nH]c(C)c3c2cc1OC	7.080	5.270	1.810
3uf9	CCOP(=S)(OCC)Oc1ccc([S@@+](C)O)cc1	2.110	4.772	2.662
6r0u	Nc1cccc2c1C(=O)N([C@H]1CC(=O)NC1=O)C2=O	4.400	5.683	1.283
6r8p	Cc1ccccc1OCC(=O)Nc1cccnc1	4.480	4.992	0.512
4gj8	O[C@@H](CC1c2ccccc2Sc2ccccc21)C[NH+]1CCCC1	3.300	5.269	1.969
5gn9	CCCCc1cc(=O)oc2c(O)c(O)ccc12	7.050	5.688	1.362
5xaf	COc1ccc([C@H]2[C@H](C)C(=O)N2c2cc(OC)c(OC)c(OC)c2)cc1O	5.770	6.663	0.893
5ifu	COc1ccc(Cl)cc1C(=O)NCCc1ccc(S(=O)(=O)NC(=O)NC2CCCCC2)cc1	4.470	8.419	3.949
3h59	CCC(C)(C)[C@H]1C(O)=C(C2=CS(=O)(=O)c3cc(NS(C)(=O)=O)ccc3N2)C(=O)N1Cc1ccc(F)c(C)c1	7.890	7.378	0.512
2wva	Cc1ncc(Cn2nnc(CCOP(=O)(O)OP(=O)(O)O)c2C)c(N)n1	10.700	6.256	4.444
1e00	CC[C@H](C)CCCC(C)(C)O	6.100	6.487	0.387
5t2y	CNc1nc(CCc2ccccc2)nc2sc(C(=O)[O-])c(C)c12	5.660	5.764	0.104
4y2p	C[NH2+]Cc1cccc(-c2cccnc2)c1	2.660	5.166	2.506
1rs2	Cn1c(=O)c2[nH]c(=[NH2+])[nH]c2n(C)c1=O	4.300	5.492	1.192
1tc1	O=c1[nH]cnc2cn[nH]c12	2.700	5.397	2.697
3sgx	O=C(Nc1cccc(Oc2ccc(C(=O)[O-])c(C(=O)[O-])c2)c1)c1ccc(-c2ccccc2)cc1	5.490	6.003	0.513
6dyo	[NH3+]CCc1ccc(O)c(O)c1	4.490	4.293	0.197
3qcf	O=C([O-])c1sccc1SCc1ccc(Cl)c(Cl)c1	5.600	5.557	0.043
1lhv	C#C[C@]1(O)CC[C@H]2[C@@H]3CCC4=CC(=O)CC[C@@H]4[C@H]3CC[C@@]21CC	8.910	6.111	2.799
2ay8	O=C([O-])CCCc1cccs1	2.240	4.750	2.510
5wys	[B+2]c1ccc([C@H](O)CCc2ccc(O)c(C(=O)[O-])c2)cc1	6.700	6.678	0.022
4yfi	CNS(=O)(=O)c1cccc(Nc2ncnc3[nH]cnc23)c1	6.300	6.080	0.220
2i1r	CCc1ccc(/C=C2\S/C(=N\[C@@H](c3ccc(F)cc3)c3nnn[nH]3)NC2=O)o1	5.010	7.084	2.074
5mob	CC(=C/C(=O)[O-])/C=C/[C@@]1(O)[C@@H](C)CC(=O)CC1(C)C	4.050	5.847	1.797
1oit	NS(=O)(=O)c1ccc(Nc2nccc(-c3c[nH]c4cccc[n+]34)n2)cc1	8.520	7.148	1.372
5a0b	CC1=C(C#N)[C@@H](c2ccc(C#N)cc2)N(CC(=O)N2CC[NH+](C(C)C)CC2)C(=O)N1c1cccc(C(F)(F)F)c1	8.300	7.059	1.241
1a0t	OC[C@H]1O[C@H](O[C@]2(CO)O[C@H](CO)[C@@H](O)[C@@H]2O)[C@H](O)[C@@H](O)[C@@H]1O	1.300	5.779	4.479
5f91	COc1ccc(S(=O)(=O)N2CCCCCC2)cc1NC(=O)C[C@H]1N=NC(=O)c2ccccc21	5.200	7.088	1.888
4pda	[NH2+]=c1ccn([C@@H]2O[C@H](CO)[C@@H](O)[C@H]2O)c(=O)[nH]1	4.210	4.372	0.162
1pq3	[NH3+][C@@H](CSCC[B-](O)(O)O)C(=O)[O-]	7.520	4.706	2.814
5q0d	COC(=O)Nc1ccc2c(c1)NC(=O)CCCC[C@H](NC(=O)/C=C/c1cc(Cl)ccc1-n1cnnn1)c1nc-2c[nH]1	9.000	8.183	0.817
4ty9	Nc1ccc(C(F)(F)F)cn1	2.050	4.870	2.820
5k8n	Nc1ccc([N+](=O)[O-])cc1C(=O)[O-]	6.320	4.846	1.474
2azb	CC(C)[C@H](NC(=O)[C@H](C)NC(=O)OCc1ccccc1)C(=O)N[C@H](CO)Cc1ccccc1	7.190	6.813	0.377
5em3	Oc1cccc2ncccc12	3.700	4.850	1.150
6ps4	Cc1ccc(OC[C@@H](O)[C@H](C)[NH2+]C(C)C)c2c1CCC2	9.890	6.202	3.688
4bid	[NH3+]C[C@H](Oc1cnc(-c2ccoc2)c(-c2c[nH]c3ncccc23)c1)c1ccccc1	8.100	7.551	0.549
6msc	COc1cc(F)cc2c1nnc1c2c(-c2ccncc2C)nn1C	7.680	7.014	0.666
4anw	CNC(=O)c1nc(-c2ccc(Cl)c(S(=O)(=O)Nc3cccc(F)c3F)c2)cnc1N	7.740	8.124	0.384
6g97	COCCN1Cc2ccc(-c3nc(NC4CCOCC4)ncc3Cl)cc2C1=O	8.380	7.982	0.398
2ycr	C/C(=N\N=C1/N=CCN1)c1ccc(NC(=O)Nc2ccc(/C(C)=N/N[C@H]3N=CC[NH2+]3)cc2)cc1	7.160	8.104	0.944
3dp1	COc1ccc(C(=O)/N=N\Cc2cc(Br)c(O)c(Br)c2O)cc1	5.000	6.786	1.786
4aua	O=C(c1ccc[nH]1)c1nc2ccccc2[nH]1	5.140	5.421	0.281
5kdf	CN(C)c1nc(-c2cccn2-c2ccccc2)nc(N(C)C)n1	3.270	6.069	2.799
5k0i	Cc1cccc2ccc(N3CC[C@H](C(=O)N[C@H]4CCO[C@H](CO)C4)C(C)(C)C3)nc12	8.700	6.853	1.847
5qab	COc1cccc(-c2cccc(C(=O)[O-])c2)c1	3.650	4.726	1.076
5lqq	Cc1c(Sc2cccc(C(=O)[O-])c2)c2ccc(Cl)cc2n1-c1ccccc1	7.090	6.454	0.636
6dgy	CC[C@H](C)CN(C[C@@H](O)[C@H](Cc1ccccc1)NC(=O)O[C@H]1CO[C@H]2OCC[C@@H]12)S(=O)(=O)c1ccc(N)cc1	11.300	10.308	0.992
4og5	N#Cc1ccc(OCCC[N@H+]2CC[C@H]([C@](O)(c3ccccn3)C3CCCC3)CC2)cc1	6.520	7.682	1.162
1yy4	Oc1ccc(-c2ccc3c(Cl)c(O)ccc3c2)cc1	8.600	6.369	2.231
3aig	CC(C)C[C@H](NC(=O)c1ccco1)C(=O)N1Cc2[nH]c3ccccc3c2C[C@H]1C(=O)[O-]	6.000	6.276	0.276
6duf	Cc1cc(/C=C/C#N)cc(C)c1Oc1nc(N[C@H]2CC[N@H+](Cc3ccc(S(N)(=O)=O)cc3)CC2)nc2ccsc12	8.140	7.652	0.488
5e5g	[NH3+][C@H](Cc1c[nH]c2ccccc12)C(=O)[O-]	3.150	4.523	1.373
4jr5	O=S(=O)(c1ccc(NC(=S)NCc2cccnc2)cc1)N1CCCCC1	8.150	5.651	2.499
6aa5	COc1c(O)cc2oc3cc4c(c(O)c3c(=O)c2c1CCC(C)C)CCC(C)(C)O4	7.280	6.634	0.646
4du8	O=C(O)C1CCCN1C(=O)COP(=O)(O)OP(=O)(O)O	5.370	5.384	0.014
5akl	O=C(NCCC(c1ccccc1)c1ccccc1)n1cccc1	7.070	5.185	1.885
5am2	Cc1ccc2cc[nH]c(=O)c2c1	5.010	4.216	0.794
6bxy	Cc1c(C[N@H+]2CC[C@H](Nc3ncnc4sc(CC(F)(F)F)cc34)CC2)ccc2c1cc(C#N)n2C[C@@H]1CNC(=O)CO1	8.050	7.837	0.213
3btj	CC1=CC([NH3+])c2ccccc2N1CCCCCCCCCCN1c2ccccc2C(N)=CC1C	5.620	6.936	1.316
3vrt	C=C1[C@H](O)CC(=C/C=C2\CCC[C@@]3(C)[C@H]2CC[C@@H]3[C@H](C)CCCO)C[C@H]1O	8.570	7.070	1.500
4msu	O=S(=O)(c1cccs1)N1CCN(c2ccc(C(O)(C(F)(F)F)C(F)(F)F)cc2)CC1	5.850	6.678	0.828
4ge4	COc1ccc2cc(NCc3c(COP(=O)(O)O)cnc(C)c3O)c(=O)n(O)c2c1	8.110	6.496	1.614
5wbz	C[C@]1(O)CCN(c2nc(N3C[C@H](O)[C@@H](O)C3)cc(C(F)(F)F)c2C#N)C1	6.410	6.062	0.348
5x9p	O=C([O-])CCNc1cc(Nc2ccc3[nH]c(=O)[nH]c3c2)c(Cl)cc1[N+](=O)[O-]	6.890	6.180	0.710
1ctr	CN1C=CN(CCCN2c3ccccc3Sc3ccc(C(F)(F)F)cc32)C=C1	6.000	6.209	0.209
2y77	O=C([O-])[C@@]1(O)C[C@@H](O)[C@H](O)C(OCc2cc3ccccc3s2)=C1Cc1cccs1	6.600	6.657	0.057
5ggl	CC(=O)N[C@H]1[C@@H](Oc2ccc([N+](=O)[O-])cc2)O[C@H](CO)[C@@H](O)[C@@H]1O	1.780	5.578	3.798
6fu5	CCCS(=O)(=O)Nc1cc(-c2cc(-c3ccc(N4CC[NH2+]CC4)cc3)cnc2N)ccc1OC	7.500	7.443	0.057
6en6	C[C@H]([NH2+][C@H](C(=O)[O-])[C@@H]1CCCN1C(=O)[C@@H]([NH3+])CC(=O)[O-])C(=O)N1CCC[C@H]1C(=O)[O-]	7.940	5.638	2.302
4wag	COc1ccc(-c2c(C)nc3c(N)cc(Cl)nn23)cc1OC	7.080	6.025	1.055
2jbj	O=C(O)CCC(CP(=O)(O)O)C(=O)O	9.700	6.593	3.107
3vjl	O=C([C@@H]1C[C@H]([N@H+]2CC[C@H](c3cc(C(F)(F)F)nn3-c3ccccc3)CC2)C[NH2+]1)N1CCSC1	8.250	8.747	0.497
3sdg	O=C(CCC(F)(F)F)N1CCC(c2nc(-c3nccs3)no2)CC1	5.550	7.771	2.221
2qft	O=C(O)C[NH2+]CP(=O)(O)O	5.260	5.008	0.252
3khj	O=C(Cn1c(-c2nccs2)nc2ccccc21)Nc1ccc(Br)cc1	7.550	7.591	0.041
6q7v	Nc1cc(NCc2ccc(F)cc2)cc(C(F)(F)F)n1	5.590	5.450	0.140
4j3j	[NH3+][C@@H](CCNC(=O)N1CCn2c(ccc2C(F)(F)F)C1)Cc1cc(F)c(F)cc1F	7.510	7.248	0.262
6djd	O=C([O-])c1cnc2ccccc2c1O	2.140	4.590	2.450
4gs8	CNC(=O)[C@H](Cc1cnc[nH]1)NC(=O)C[N@H+](CCCc1ccccc1)CC(=O)[O-]	7.000	7.262	0.262
4gja	Cc1ccc(S(=O)(=O)N[C@H]2C[NH2+]C[C@@H](C(=O)NCC(c3ccccc3)c3ccccc3)C2)cc1	5.920	6.357	0.437
5myl	O=C(Cc1ccc(F)cc1)Nc1nc(-c2ccccn2)cs1	5.000	5.292	0.292
5owf	NC(=O)CC[C@H]([NH3+])C(=O)[O-]	5.800	3.972	1.828
6a6k	CC(C)[NH+]1CCN(c2ccc(/C(=C(/CCCO)c3ccccc3)c3cccc(O)c3)cc2)CC1	7.460	6.080	1.380
6drg	CC(C)(Sc1ccc(CCN(CCCCC2CCCCC2)C(=O)NC2CCCCC2)cc1)C(=O)[O-]	6.920	7.351	0.431
2c4w	O=c1c2ccccc2oc2ccc(S(=O)(=O)Nc3nnn[nH]3)cc12	4.700	5.275	0.575
5vfd	CC1=C[C@@H](C(N)=O)N2C[C@@H]1N(OS(=O)(=O)[O-])C2=O	6.440	5.403	1.037
3oob	O=C(O[C@@H]1Cc2c(O)cc(O)cc2O[C@@H]1c1cc(O)c(O)c(O)c1)c1cc(O)c(O)c(O)c1	4.670	6.034	1.364
4m5g	Nc1nc2nc(SCC(=O)c3ccccc3)[nH]c2c(=O)[nH]1	5.010	5.515	0.505
4mm4	Fc1ccc([C@@H]2CC[NH2+]C[C@H]2COc2ccc3c(c2)OCO3)cc1	6.370	6.376	0.006
5nfh	O=c1[nH]c(NCCC[NH2+]Cc2cc3c(Cl)cc(Cl)cc3[nH]2)nc2ccccc12	7.740	7.866	0.126
2w6o	CC1(C)CC(=O)c2c(N)ncnc2C1	4.220	5.353	1.133
4lwc	O=C([O-])c1ccc(-c2ccc(C(=S)NCc3ccc(-c4ccnn4-c4ccc(Cl)c(Cl)c4)cc3)c(Cl)c2)o1	6.720	6.707	0.013
5l2m	Cc1oc2cc3oc(=O)c(CCC(=O)N4CCCCC4)c(C)c3cc2c1C	6.890	6.321	0.569
4ff8	COc1ccccc1CNc1ncc(C(=O)NCCCN2CCCC2=O)c(NC2CCCC2)n1	6.400	6.737	0.337
4ycl	CC(=O)C1C(=O)[C@@H]2[C@H]3c4c[nH]c5cccc(c45)C[C@H]3C(C)(C)[N@@H+]2[C@@H]1O	8.150	5.991	2.159
6rj3	C[C@@H](NC(=O)c1cc(-c2ccccc2)nn1C)c1ccc(C(=O)[O-])cc1	6.400	6.093	0.307
1u3q	Oc1ccc(-c2noc3cc(O)ccc23)c(O)c1	8.460	5.289	3.171
5gn5	COc1ccc(N2CCN(/C=C3\CC(=O)Oc4c3ccc(O)c4O)CC2)cc1	6.980	5.947	1.033
2o5d	CCc1ccc(/C=C2\SC(N[C@H](C(=O)NS(=O)(=O)c3ccc([N+](=O)[O-])cc3)c3ccc(F)cc3)=NC2=O)o1	5.150	7.984	2.834
4e5j	CC(=O)Nc1cccc(-c2nc(=O)c(O)c(C(=O)[O-])[nH]2)c1	4.730	5.071	0.341
5jga	C[NH+]1CCN(C(=O)c2ccc(NC(=O)c3csc4c(=O)[nH]cnc34)c(-c3ccccc3)c2)CC1	8.640	7.854	0.786
6awn	Fc1ccc([C@@H]2CC[NH2+]C[C@H]2COc2ccc3c(c2)OCO3)cc1	9.200	6.285	2.915
3d2t	O=C([O-])c1cc(-c2ccc(F)cc2F)ccc1O	7.120	5.739	1.381
6ode	Cc1cc(C(=O)N[C@@H](CC(=O)N2C=CC[C@@H]2c2ccccc2)C(=O)N[C@@H](C)c2nc(-c3ccccc3F)c[nH]2)no1	8.100	8.262	0.162
4dpy	O=C(O)C1CCCN1C(=O)COP(=O)(O)OP(=O)(O)O	5.370	5.384	0.014
6saf	COc1ccc(CC[C@@H](OC(=O)[C@@H]2CCCCN2C(=O)[C@@H]2CCC(=O)[C@@H]3CCCC[C@H]32)c2cccc(OCC[NH+]3CCOCC3)c2)cc1OC	6.640	7.671	1.031
3q7j	[NH3+][C@@H](Cc1ccccc1)C(=O)N[C@@H](CCCCNC(=O)OCc1ccccc1)C(=O)N=O	4.520	6.855	2.335
4d2d	C[C@H]([NH3+])C(=O)N[C@@H](C)C(=O)N[C@@H](C)C(=O)[O-]	3.470	4.595	1.125
4obv	[NH3+][C@](CF)(Cc1c[nH]c2ccccc12)C(=O)[O-]	0.750	4.994	4.244
5mw2	CNC(=O)COc1cc2cc(Nc3nc(N4C[C@@H](C)C[C@@H](C)C4)ncc3Cl)ccc2n(C)c1=O	8.520	6.551	1.969
3ara	O=C1CCN(CCCS(=O)(=O)N2CCC[C@@H]2C(O)(c2ccccc2)c2ccccc2)C(=O)N1	6.490	8.470	1.980
6g6y	CC(=O)NC1[NH2+]N(C(C)=O)[C@](C)(c2ccccc2)S1	6.660	5.597	1.063
2xm8	Oc1ccccc1-c1nc(N[C@H]2CC[NH2+]C2)c2ccccc2n1	6.800	6.721	0.079
3q6k	[NH3+]CCc1c[nH]c2ccc(O)cc12	8.370	5.026	3.344
3otf	Nc1ncnc2c1ncn2C1OC2COP(=O)(O)OC2C1O	6.080	5.635	0.445
5am5	CCCc1cc(C2CCCCC2)c[nH]c1=O	5.740	6.235	0.495
3jzb	OC(O)C[C@H]1C[C@H](I)[C@H](O[C@@H]2C=C(I)C(O)CC2)[C@H](I)C1	9.010	6.100	2.910
6hcu	O=C(NCC1(O)CCC(F)(F)CC1)c1cc(=O)c2cc(F)ccc2o1	7.820	5.898	1.922
3v01	O=C(NOC[C@H](O)CO)c1oc2ccncc2c1Nc1ccc(I)cc1F	7.600	7.746	0.146
5y0z	CCC(C)(C)c1ccc(OC[C@H](O)C[N@@H+]2C[C@@H]3C[C@H](C2)c2cccc(=O)n2C3)c(C(C)(C)CC)c1	6.340	8.434	2.094
4ith	CN1C(=O)N[C@H](Cc2c[nH]c3c(Cl)cccc23)C1=O	6.500	5.890	0.610
4ncg	Cn1c(Cn2ccc(C(F)(F)F)c(Oc3cc(Cl)cc(C#N)c3)c2=O)n[nH]c1=O	7.960	7.755	0.205
2gz7	Cc1cc(S(=O)(=O)c2c([N+](=O)[O-])cc(C(F)(F)F)cc2[N+](=O)[O-])c(Cl)cc1Cl	6.520	6.711	0.191
6dh3	CC(C)CN(C[C@@H](O)[C@H](Cc1ccccc1)NC(=O)O[C@H]1CO[C@H]2OCC[C@@H]12)S(=O)(=O)c1ccc(N)cc1	11.300	9.784	1.516
6awp	COCCCC/C(=N\OCC[NH3+])c1ccc(C(F)(F)F)cc1	7.160	6.308	0.852
4ph4	Nc1ncc(-c2ccnc(Nc3ccncc3)n2)c(CC2CC2)n1	7.740	6.607	1.133
4oq5	Cc1ccc(-c2ccc(C(=O)[O-])c(NS(=O)(=O)c3ccc(Oc4ccccc4)cc3)c2)c2ccccc12	6.300	6.469	0.169
6eox	COc1ccc(-c2ccc(S(=O)(=O)c3ccccc3CC(=O)[O-])cc2)cc1	6.850	5.894	0.956
5am0	Cn1cccc1-c1cc(F)c2c(c1)C(C)(C)C(=O)N2	5.880	5.712	0.168
5wzv	Cc1c(C(=O)C(N)=O)c2c(OCC(=O)[O-])cccc2n1Cc1ccccc1-c1ccccc1	6.680	6.733	0.053
5mts	Cc1nc(-c2cnccn2)sc1C(=O)c1cnc(N[C@H]2O[C@H](CO)[C@@H](O)[C@H](O)[C@@H]2O)s1	7.150	6.773	0.377
4uwk	C[C@@H]1COC[C@@H](C)[N+]1=C1CC(=O)N2CC[C@@H](C(F)(F)F)N(Cc3ccc(Cl)s3)C2=[NH+]1	9.000	6.461	2.539
4rxa	O=C(Nc1cccc(C2=NCCN2)c1)c1ccc(-c2ccc(C(=O)Nc3cccc(C4=NCCN4)c3)cc2)cc1	5.740	5.609	0.131
4nrb	CNC(=O)c1ccccc1OC1CCOCC1	4.420	5.674	1.254
5ek0	CC[N@H+]1C[C@H](n2nccc2-c2cc(C(F)(F)F)ccc2Oc2ccc(S(=O)(=O)Nc3ncns3)cc2C#N)C1	7.680	8.378	0.698
3t03	COc1ccc(Br)cc1CC1SC(=O)N(Cc2ccc(C)cc2)C1=O	6.800	5.375	1.425
2w6m	Nc1ncc(C(=O)c2cccc(Br)c2)o1	4.670	4.973	0.303
4zt4	FC(F)(CNc1nc2ncccc2[nH]1)C[NH2+]Cc1cc(Cl)cc(Cl)c1	8.000	6.048	1.952
1gt1	Nc1cccc2cc3ccccc3cc12	6.000	5.016	0.984
4zt5	C[C@H](CNc1nc2cccnc2[nH]1)C[NH2+]Cc1cc(Cl)cc(Cl)c1	8.000	7.803	0.197
4anv	COc1ccc(-c2cccc(S(=O)(=O)N3CCN(c4nccnc4-c4ccc(OC)cc4)CC3)c2)cc1	6.360	7.387	1.027
3hhk	CC(C)CCn1c(=O)c(C2=NS(=O)(=O)c3cc(OCC(N)=O)ccc3N2)c(O)c2ccccc21	8.220	8.287	0.067
3mj5	C[C@H](c1cccc2ccccc12)[N+]1CCC(C(=O)NCc2ccc3c(c2)OCO3)CC1	6.490	5.688	0.802
3q0z	O=C([O-])/C=C/c1ccc(NC(=O)C2(NC(=O)c3ccc4c(C5CCCCC5)c5n(c4c3)CC(=O)Nc3ccccc3-5)CCCC2)cc1	7.700	7.519	0.181
4dk5	COc1ccc(Nc2ncc(C[N+]3CCN(S(C)(=O)=O)CC3)cc2-c2nc(C)nc(N)n2)cn1	8.400	8.038	0.362
2br6	[NH3+][C@H]1CCOC1=O	2.960	5.470	2.510
4fcd	COc1cc(OC)c2nnc3c(C)nc(-c4ccccc4Cl)n3c2c1	9.550	6.715	2.835
5wep	O=c1[nH]n2cc(-c3n[nH]c(-c4cnc5c(Br)c(=O)[nH]n5c4)c3[N+](=O)[O-])cnc2c1Br	6.360	5.315	1.045
6o1g	Cc1cc(N)nc(C)c1CNC(=O)c1cnn(Cc2ccc(Cn3cccn3)cc2)c1	9.000	7.021	1.979
4a4h	CN(C)C(=[NH2+])NCCC[C@H]([NH3+])C(=O)[O-]	2.770	4.871	2.101
1bzf	COc1cc(NCc2ccc3nc(N)nc(N)c3c2C)cc(OC)c1OC	8.300	6.684	1.616
3r7n	CC(=O)N[C@@H](CC(=O)[O-])C(=O)N[C@H](C(=O)N[C@@H](C)C(=O)N[C@@H](CC(=O)[O-])C(=O)[O-])C(C)C	6.150	6.218	0.068
3way	O=C1N=C(N2CC[NH+](Cc3ccc(B(O)O)cc3)CC2)S/C1=C\c1ccc(Cl)c(Cl)c1	7.660	7.239	0.421
6me5	COc1ccc2cccc(CCNC(C)=O)c2c1	8.780	5.449	3.331
5n55	O=C(N[C@@H](Cc1c[nH]c2ccccc12)C(=O)[O-])c1nc(Cl)c2ccccc2c1O	5.990	5.733	0.257
5myr	Fc1ccc2nc(Nc3nc(-c4ccccn4)cs3)sc2c1	4.660	6.494	1.834
3kqy	Nc1nc2c(O)cccc2[nH]1	4.820	4.263	0.557
5w8i	O=C([O-])c1csc(-n2nc(-c3ccc(F)c(F)c3)cc2O)n1	6.820	6.030	0.790
2uvm	O=P(O)(O)Oc1ccc(OP(=O)(O)O)c(OP(=O)(O)O)c1OP(=O)(O)O	7.100	4.548	2.552
6f6s	C[N@H+]1[C@H]2CC[C@@H]1C[C@H](OC(c1ccccc1)c1ccccc1)C2	2.890	5.812	2.922
6p3u	O=C(C[n+]1ccn2cccc2c1-c1ccc(F)cc1)c1ccc(F)cc1	7.020	5.488	1.532
5lm4	COc1ccc([C@H]2C3=C(C[C@H](c4cccc5ccccc45)CC3=O)OC(=N)[C@@H]2C#N)cc1	3.880	7.168	3.288
4ryg	COCCCOc1cc(C(=O)N(C[C@@H]2C[NH2+]C[C@H]2NS(=O)(=O)Cc2ccccc2)C(C)C)ccc1OC	8.100	7.946	0.154
6qae	CCCC[N@H+](C)[C@@H](Cc1c[nH]c2ccccc12)C[N@H+](C)CCC1CCCCCC1	8.520	7.346	1.174
1al7	CCCCCC(CCCCC)Sc1[nH]nnc1C(=O)[O-]	7.800	6.257	1.543
2g1r	CCc1nc(N)nc(N)c1-c1ccc2c(c1)N(CCNC(C)=O)C(=O)C(C)(C)O2	7.700	6.223	1.477
1tsm	O=C1OC(c2ccc(O)cc2)(c2ccc(O)cc2)c2ccc([N+](=O)[O-])c3cccc1c23	6.000	6.773	0.773
6hs4	NC(=O)[C@H]1CC[N@@H+](CCOc2ccc(-c3n[nH]cc3-c3ccccc3)c(O)c2)CC1	5.510	5.846	0.336
3wkb	O=C1CN(Cc2ccccc2)c2ccccc2N1	4.210	5.498	1.288
4po0	COc1ccc2cc([C@H](C)C(=O)[O-])ccc2c1	6.920	5.429	1.491
6fo9	C=C1/C(=C\C=C(/CCC)c2cccc(CCCCCC(C)(C)O)c2)C[C@@H](O)C[C@@H]1O	7.750	7.643	0.107
6ic7	C[NH+]1CCN(S(=O)(=O)c2ccc(-c3ccc([C@H]4C[C@@]4(C#N)NC(=O)C4([NH3+])CCCCC4)cc3)cc2)CC1	7.110	7.323	0.213
1u32	C=C1[C@@H]([C@@H](O)C[C@H](C)[C@H]2O[C@@]3(CCCCO3)CC[C@H]2C)O[C@@H]2CC[C@@]3(CC[C@H](/C=C/[C@@H](C)[C@@H]4CC(C)=C[C@@]5(O[C@H](C[C@@](C)(O)C(=O)[O-])CC[C@H]5O)O4)O3)O[C@H]2[C@@H]1O	7.010	9.796	2.786
4kxl	O=P(O)(O)OCC1OC(n2cnc3c(NC4CCCC4)ncnc32)C(O)C1O	6.220	5.444	0.776
6au2	Cc1nnc2n1-c1ccccc1COC2	2.300	5.047	2.747
1cx9	Nc1ccccc1SCCCCP(=O)(O)O	6.750	5.420	1.330
2ckm	c1ccc2c(NCCCCCCCNc3c4c(nc5ccccc35)CCCC4)c3c(nc2c1)CCCC3	8.820	5.756	3.064
6byz	Cc1cccc(-c2ccc([C@@H]3[C@@H](CO)[N@@H+]4CCCCN(S(=O)(=O)c5ccccc5C(F)(F)F)C[C@@H]34)cc2)c1C	8.370	7.494	0.876
1h61	C[C@]12CC(=O)[C@H]3[C@@H](CCC4=CC(=O)C=C[C@@]43C)[C@@H]1CC[C@]2(O)[C@@H](O)C=O	4.890	6.478	1.588
6au9	O=C([O-])/C(O)=C/C(=O)c1ccc2c(c1)OCCO2	5.960	5.432	0.528
6f5h	C[C@H](CC(=O)N1CCC(O)(Cn2cnc(NCC[NH+]3CCCC3)cc2=O)CC1)c1ccccc1	7.050	7.302	0.252
5v7t	c1ccc(C(O[C@H]2CC[N@@H+](CCCCNc3ccc4nncn4n3)CC2)c2ccccc2)cc1	6.210	7.376	1.166
6h7f	C[C@H]1OC(c2cccc(O)c2O)=N[C@@H]1C(=O)N(O)CCc1cnc[nH]1	6.120	6.144	0.024
1jje	O=C([O-])[C@@H](Cc1ccccc1)[C@H](Cc1ccc2c(c1)OCO2)C(=O)[O-]	8.430	4.738	3.692
1c3i	COC(=O)[C@@H](NC(=O)CNC(=O)[C@H](CS)[NH2+]Cc1ccc(-c2ccccc2)cc1)C(C)C	5.800	6.660	0.860
5icp	Cc1ncc2sc(C(=O)N3CCC[C@H]3c3ccc(Cl)cc3)nn12	8.420	5.643	2.777
1gnj	CCCCC/C=C\C/C=C\C/C=C\C/C=C\CCCC(=O)[O-]	7.040	5.350	1.690
5zwi	C=C1[C@H](O)CC(=C/C=C2\CCC[C@@]3(C)[C@H]2CC[C@@H]3[C@H](C)C(=O)/C=C/C=C/C)C[C@H]1O	8.640	6.570	2.070
4od0	CCC(=O)N1CCC(NC(=O)Nc2ccc(OC(F)(F)F)cc2)CC1	9.040	6.461	2.579
1iyl	Cc1c(C(=O)c2nccn2C)oc2cccc(OCCC[NH2+]Cc3cccnc3)c12	9.000	7.068	1.932
1i00	Cc1nc2ccc(CN(C)c3ccc(C(=O)N[C@@H](CCC(=O)[O-])C(=O)[O-])s3)cc2c(=O)[nH]1	6.340	6.848	0.508
5he3	CC1=NC(=O)N[C@@H](c2ccc(F)c(C(=O)NCCc3c(C)cccc3C)c2)C1C(=O)Nc1ccc2n[nH]cc2c1	6.550	7.160	0.610
5w4v	COc1nc2ccc([C@@](O)(c3ccc(C(F)(F)F)nc3)c3cncn3C)cc2c(Cl)c1Cc1ccc(-n2cccn2)cc1	7.150	8.505	1.355
6jib	O=C([O-])c1ccc(C(=O)N2CCc3c(c(=O)oc4ccccc34)C2)cc1	5.800	4.935	0.865
5afk	O=C(Nc1ccc(F)cc1F)N1CCCC1	3.880	5.359	1.479
5jcb	COc1cc([C@@H]2c3cc4c(cc3[C@H](Sc3ncn[nH]3)[C@@H]3COC(=O)[C@@H]32)OCO4)cc(OC)c1OC	4.210	6.422	2.212
2r6w	C[C@H]1CC[N@H+](CCOc2ccc(C(=O)c3c(-c4ccc(O)cc4)sc4cc(O)ccc34)cc2)CC1	9.360	6.719	2.641
3lxg	CCCc1[nH]c(C)c2c(C)nc3ccc(OC)nc3[n+]12	8.140	6.058	2.082
6ke0	Cc1cc(C)n2nc(CC(=O)N3c4nc5ccccc5n4C[C@@H]3C)nc2n1	7.550	6.620	0.930
5iu4	Nc1nc(NCCc2ccc(O)cc2)nc2[nH]c(-c3ccco3)n[n+]12	9.280	6.346	2.934
4hzz	CCC(CC)Oc1cc(C(=O)[O-])cc(N)c1NC(C)=O	8.080	5.285	2.795
3wt7	C=C1[C@H](O)CC(=C/C=C2\CCC[C@@]3(C)[C@H]2CC[C@@H]3[C@H](C)[C@H](CCCC)CC(O)(CC)CC)C[C@H]1O	8.750	8.071	0.679
5dk4	CNC1=NC(=O)[C@H]([C@H](C)c2c[nH]c3ccccc23)O1	8.700	5.783	2.917
1rt2	CC(C)c1c(Cc2ccccc2)n(COCc2ccccc2)c(=O)[nH]c1=O	8.220	6.589	1.631
2hvx	O=C(Nc1ccc2ccccc2c1)C(c1csc2ccc(Cl)cc12)P(=O)(O)O	7.540	7.569	0.029
2zas	CC(C)(c1ccccc1)c1ccc(O)cc1	7.860	5.014	2.846
1v2h	[NH2+]=c1[nH]c(=O)c2[nH]cnc2[nH]1	5.300	4.807	0.493
2q2z	CC(=O)C1N=[N+](c2cc(C)ccc2F)C[C@@]1(CCC[NH+]1CCN(C(C)=O)CC1)c1ccccc1	8.700	7.481	1.219
2q8s	Cc1oc(-c2ccccc2)nc1CCCc1ccc(C[C@@H](C(=O)[O-])n2cccc2)cc1	6.730	7.381	0.651
3qai	CSc1ccccc1Nc1nc(N2CC3(C[NH2+]C3)C2)nc2c(NCC3CC3)ncnc12	8.100	7.433	0.667
4ucs	NC(=O)n1nc(-c2ccco2)nc1N	4.210	5.054	0.844
4lrh	[NH2+]=c1[nH]c(=O)c2nc(CNc3ccc(C(=O)N[C@@H](CCC(=O)[O-])C(=O)[O-])cc3)cnc2[nH]1	9.720	6.223	3.497
4g31	Cn1cc(-c2ccc3c(ccn3C(=O)Cc3cccc(C(F)(F)F)c3)c2)c2c(N)ncnc21	9.400	7.543	1.857
4myh	[NH3+][C@@H](CCC(=O)N[C@@H](CS)C(=O)NCC(=O)[O-])C(=O)[O-]	4.640	4.715	0.075
5u6d	Cc1cccc(F)c1C[N@H+]1C[C@H](c2ccc(-c3cnn(CC(N)=O)c3)cc2)[C@@H]([NH+](C)C)C1	8.590	6.381	2.209
5ah2	CC(=O)N(C)[C@H](C(=O)N1C[C@H](C)C[C@H]1C(=O)N(C)[C@@H]1C(=O)N[C@@H](CC(C)C)C(=O)N2C[C@H](C)C[C@H]2C(=O)N[C@@H](CC(C)C)C(=O)N(C)[C@@H](C(C)C)C(=O)N2CCC[C@H]2C(=O)N(C)[C@H](CC(C)C)C(=O)NCC2(O)OC1(C)O2)C(C)C	10.080	8.548	1.532
5m1z	OC[C@@H]1O[C@@H](OC[C@@H]2O[C@@H]([NH2+]O)[C@H](O)[C@H]2O)[C@H](O)[C@H]1O	4.180	6.062	1.882
6e3s	CS(=O)(=O)c1ccc(Oc2cc(F)cc(C#N)c2)c2c1[C@H](O)C(F)(F)C2	6.780	7.383	0.603
5e3d	O=c1[nH]c(=S)[nH]c2[nH]c(S)nc12	4.020	3.986	0.034
5eif	Cc1ccc(C(=O)[O-])c(N)c1	2.550	4.613	2.063
4ah9	c1ccc(-c2nsc(N3CCC[NH2+]CC3)n2)cc1	2.460	5.298	2.838
3p4w	FC(F)O[C@@H](F)C(F)(F)F	4.570	5.355	0.785
2hb9	Cc1ccccc1-c1nnc(S)n1N	4.820	5.306	0.486
5wj6	O=C(Cc1ccccc1)Nc1nnc(NC2CCN(c3nnc(NC(=O)Cc4ccccc4)s3)CC2)s1	7.570	5.698	1.872
5drq	CC(C)([NH3+])[C@H](NC(=O)c1ccc(C#CC#Cc2ccc(N)cc2)cc1)C(=O)NO	10.920	7.534	3.386
5qa6	O=C([O-])c1cccc(-c2ccccc2O)c1	3.760	4.838	1.078
6ajg	CC(C)=CCC/C(C)=C/C[NH2+]CC[NH2+][C@H]1[C@@H]2C[C@H]3C[C@@H](C2)C[C@@H]1C3	5.780	6.242	0.462
4b0j	OCc1cc(-c2cccs2)on1	2.150	4.661	2.511
6e3o	CCc1ccccc1C1=CC(=O)C(O)C(C(=O)[O-])=N1	8.700	5.772	2.928
4oq6	CCCc1ccc(-c2ccc(O)c(C(=O)[O-])c2)cc1	5.480	5.734	0.254
6oxx	CC(C)CN(C[C@@H](O)[C@H](CC1CCCCC1)NC(=O)O[C@H]1CO[C@H]2OCC[C@@H]12)S(=O)(=O)c1ccc([C@@H](O)CO)cc1	10.010	10.258	0.248
3dp2	O=C(/N=N\Cc1cc(Br)c(O)c(Br)c1O)c1ccc(Br)cc1	5.820	6.180	0.360
4o1b	O=C(/C=C/c1cccnc1)NCCCCC1CCN(C(=O)c2ccccc2)CC1	6.410	6.549	0.139
5awj	C=C1[C@H](O)CC(=C/C=C2\CCC[C@@]3(C)[C@H]2CC[C@@H]3[C@H](C)[C@H](CCO)CCCCCC)C[C@H]1O	9.680	8.376	1.304
2g8r	O=c1ccn([C@@H]2O[C@H](CO)[C@@H]([N@H+]3CC[C@@H](C(=O)[O-])CC3)[C@@H]2O)c(=O)[nH]1	3.990	4.790	0.800
3e9b	[NH3+][C@@H](CSCC[B-](O)([OH2+])[OH2+])C(=O)[O-]	5.350	4.941	0.409
4pkv	Cc1cc(S(=O)(=O)N(Cc2ccc(C[NH3+])cc2)[C@H](C)C(=O)NO)ccc1F	5.250	7.135	1.885
4c70	C=C/C(C)=C/[C@@]1(C)SC(=O)C(CCC)=C1O	3.520	6.010	2.490
5he1	CC1=C(C(=O)Nc2ccc3n[nH]cc3c2)[C@H](c2ccc(F)c(C(=O)NCc3nccc4ccccc34)c2)NC(=O)N1	6.550	7.534	0.984
1rry	CCOC(=O)c1cnc(N)[nH]c1=O	4.100	4.205	0.105
5vse	COc1cc2nc(N(C)C3CCCC3)nc(N[C@H]3CC[N@H+](C)CC3)c2cc1OC	5.970	5.901	0.069
3v49	CN1C(=O)N(c2ccc(C=N)c(C(F)(F)F)c2)C(=O)[C@@]1(C)c1ccc(O)cc1	8.020	6.907	1.113
1ni1	Cn1cncc1[C@H](OCc1nc(Cl)c(C#N)cc1-c1cccc(Cl)c1)c1ccc(C#N)cc1	9.050	9.040	0.010
3ril	O[C@H]1C[NH2+]C[C@H](O)[C@@H](O)[C@@H]1O	3.840	4.521	0.681
2qfu	O=C(O)C[NH2+]CP(=O)(O)O	4.180	5.027	0.847
5jbi	COc1ccc(CCCC(CC(=O)N(C)O)CP(=O)(O)O)cc1	6.920	7.328	0.408
4dho	COc1cccc(NC(=O)COc2ccccc2P(=O)(O)O)c1	3.930	5.525	1.595
2x5o	O=C([O-])CC[C@@H](NC(=O)c1cccc(CNc2ccc(/C=C3\SC(=O)NC3=O)cc2)c1)C(=O)[O-]	4.070	6.424	2.354
1tog	O=C([O-])CCc1ccccc1	3.220	4.461	1.241
1xnx	C[C@@]12C=CC[C@H]1[C@@H]1CC[C@H]3C[C@H](O)CC[C@]3(C)[C@H]1CC2	6.380	5.118	1.262
6esm	COc1ccc(-c2ccc(Sc3ccccc3[C@H](CCC(=O)[O-])C(=O)[O-])cc2)cc1	5.530	6.518	0.988
4p7s	COc1ccc(-c2cc(Oc3cc(C)cc(OC)c3)cc(C)n2)cc1	7.420	5.976	1.444
6gmq	OCc1ccc(-n2cccc2)cc1	2.300	5.259	2.959
4x6y	O=C(N[C@H]1C[C@@H]1c1ccccc1)N1CCC(Oc2ccccc2)CC1	7.720	6.124	1.596
3ws8	Cc1ccc2c(c1)nc(CCc1nc(C)c3ncccn13)n2-c1ccccc1	6.680	7.575	0.895
5tpg	CS(=O)(=O)c1cccc(-c2cc(Cl)ccc2[C@@H](Oc2cc(N3CCC4(CC3)C[NH2+][C@H](C(=O)[O-])C4)nc(N)n2)C(F)(F)F)c1	7.850	9.173	1.323
1h39	C=CC[N@@H+](C)CCCCCCOc1ccc2c(-c3ccc(Br)cc3)nn(C)c2c1	6.540	7.187	0.647
2k2g	CC(C)[C@H](NS(=O)(=O)c1ccc2c(c1)sc1ccccc12)C(=O)[O-]	8.120	7.040	1.080
1oq5	Cc1ccc(-c2cc(C(F)(F)F)nn2-c2ccc(S(N)(=O)=O)cc2)cc1	7.680	6.380	1.300
3vtb	C=C1[C@H](O)CC(=C/C=C2\CCC[C@@]3(C)[C@H]2CC[C@@H]3[C@H](C)CC#C[C@@H](O)[C@]23C[C@H]4C[C@H](C[C@H](C4)C2)C3)C[C@H]1O	9.300	7.678	1.622
3rx8	OC[C@H]1O[C@@H](O[C@H]2[C@H](O)C[NH2+]C[C@@H]2CO)[C@H](O)[C@@H](O)[C@@H]1O	6.210	5.517	0.693
5ypw	CC(C)[C@H]([NH3+])C(=O)[O-]	4.640	4.431	0.209
5t2g	Cn1nc(-c2cnc(N)c(-c3cnn(C(N)=O)c3)n2)nc1C1(c2ccccc2)CC1	8.100	7.433	0.667
2ony	O=S(=O)(Nc1ccc(Cl)cc1)c1ccc2c(c1)C[NH2+]CC2	6.680	5.930	0.750
3zxe	CSC1OC(CO)C(O)C(NC(=O)c2ccc(C)cc2)C1OP(=O)(O)OCc1ccccc1	3.350	6.152	2.802
3vye	CC(C)CCNC(=O)[C@@H]1C[NH2+]C[C@H]([N+]2CC(=O)N(c3ccccc3Cl)CC2(C)C)C1	8.110	6.563	1.547
4hso	[NH3+][C@@H](Cc1ccc(O)cc1)C(=O)[O-]	4.660	4.728	0.068
4mqp	Cc1ncc(COP(=O)(O)O)c(C/N=N/c2nc3ccccc3s2)c1O	4.980	5.958	0.978
4jv8	c1ccc([C@@H]2Nc3ccccc3-c3nc4ccccc4n32)nc1	5.850	6.449	0.599
4ju7	CC(C)N(c1ccc(Oc2ccccc2)cc1C(=O)[O-])C(=O)[C@H]1CC[C@H](C)CC1	6.170	5.640	0.530
6s88	COc1ccc(S(=O)(=O)N2CCc3ccccc3CC2)cc1NC(=O)Cc1n[nH]c(=O)c2ccccc12	6.170	6.613	0.443
1fo3	O=C1N[C@@H]2[C@@H](O)[C@@H](O)[C@H](O)[C@@H](CO)N2C1=O	6.700	6.227	0.473
6ety	CC(C)C[C@@H](NC(=O)O[C@@H](CCC(=O)[O-])C(=O)[O-])C(=O)[O-]	8.050	4.890	3.160
6oac	C[C@H]1COCCN1c1nc(-c2cnc(N)cc2C(F)F)nc(N2CCOCC2)n1	7.950	6.661	1.289
2gtk	CCO[C@@H](Cc1ccc2c(ccn2Cc2nc(-c3ccccc3Cl)oc2C)c1)C(=O)[O-]	6.600	6.488	0.112
5w4r	COc1nc2ccc([C@@](O)(c3cncn3C)C3CCN(C(C)=O)CC3)cc2c(Cl)c1Cc1ccc(-n2cccn2)cc1	7.480	8.631	1.151
4alg	COc1cc2c(cc1-c1c(C)noc1C)ncc1[nH]c(=O)n([C@H](C)c3ccccn3)c12	6.300	6.734	0.434
4b83	CC[NH+](CC)CCNS(=O)(=O)c1cccc(OC)c1	5.150	5.240	0.090
6hkx	CON(C)C(=O)N1[NH2+][C@H](c2cc(F)ccc2F)S[C@@]1(CCC[NH3+])c1ccccc1	9.340	7.666	1.674
5wef	O=C(NCCc1ccccc1)c1nc([C@@H]2CCCN2C(=O)c2c(Cl)cccc2Cl)[nH]c(=O)c1O	6.440	6.916	0.476
5gic	C=C1/C(=C/C=C2/CCC[C@@]3(C)[C@H]2CC[C@@H]3[C@H](C)C[C@H]2C[C@@](C)(O)C(=O)N2CCc2ccccc2)C[C@@H](O)C[C@@H]1O	6.480	7.873	1.393
5myg	COc1cc(C#N)ccc1S(=O)(=O)Nc1ccc2c(c1)cc(C)c(=O)n2C	7.510	5.992	1.518
4azp	CCCCCCCCCCCCCCCCCCCC(=O)NCCO	5.900	5.633	0.267
5urj	Cc1cc2c(cc1N1Cc3cn(Cc4ccccc4)c(=O)cc3NC1=O)O[C@@H](c1ncccc1F)CC2	5.280	7.241	1.961
4b85	CC[NH+](CC)CCNS(=O)(=O)c1ccc(Cl)cc1	4.060	4.874	0.814
2gfj	O=C([O-])c1c(-c2ccccc2)nn(-c2ccccc2)c1C(=O)[O-]	3.820	6.235	2.415
1sbr	Cc1ncc(C[n+]2csc(CCO)c2C)c(N)n1	5.000	5.707	0.707
3tfv	CCCCCCCCOc1cccc(CSc2ccc(Br)cc2C(=O)[O-])c1	7.100	6.355	0.745
6c2y	COCc1noc(CNC(=O)c2cc([C@@H]3NC(=O)N[C@@H](C)[C@H]3C(=O)Nc3ccc4n[nH]cc4c3)ccc2F)n1	6.600	8.977	2.377
1ugy	OC[C@H]1O[C@H](OC[C@H]2O[C@@H](O)[C@H](O)[C@@H](O)[C@@H]2O)[C@H](O)[C@@H](O)[C@H]1O	3.720	4.417	0.697
2ilp	O=C(/C=C/c1ccc(Cl)cc1)NO	4.820	4.653	0.167
2c1q	O=C([O-])CCCC[C@@H]1SC[C@@H]2NC(=O)N[C@H]12	13.000	8.172	4.828
2f6y	CNC(=O)[C@H]1Cc2ccc(NS(=O)(=O)[O-])cc2CN1C(=O)OC(C)(C)C	3.870	6.047	2.177
5epr	C[C@@H]1Nc2ccccc2NC1=O	4.040	5.224	1.184
6nao	O=C(N[C@H]1CCCC[C@H]1C(=O)[O-])c1cnn2c(O)cc(-c3ccccc3)nc12	6.700	5.636	1.064
1gym	[NH3+][C@H]1[C@@H](O[C@@H]2[C@@H](O)[C@H](O)[C@@H](O)[C@@H](O)[C@H]2O)O[C@H](CO)[C@@H](O)[C@@H]1O	2.700	5.206	2.506
6qmt	[NH3+]Cc1cccc(-c2cccc(C(=O)Nc3ccccc3CC(=O)[O-])c2)c1	6.920	5.227	1.693
4glx	NC(=O)c1cc2cc(Br)c(C(F)(F)F)nc2nc1N	7.800	5.742	2.058
4qfs	N#Cc1c(O)c2c(-c3ccc(Br)cc3)c(Br)sc2[nH]c1=O	6.050	5.530	0.520
3pz1	COc1ccc(S(=O)(=O)N2Cc3cc(C#N)ccc3N(Cc3cncn3C)C[C@H]2Cc2ccccc2)cc1	6.140	8.156	2.016
4yv0	CN(C(=O)[C@@H]1COc2ccccc2O1)c1ccccc1	3.280	4.515	1.235
3pwh	Nc1nc(NCCc2ccc(O)cc2)nc2nc(-c3ccco3)nn12	8.720	7.343	1.377
1g6s	O=C(O)C1=CC(OP(=O)(O)O)C(O)C(O)C1	5.150	5.960	0.810
3rz3	COCC(=O)N[C@@H](Cc1ccc(-c2cc(Cl)cc(Cl)c2)cc1)[C@H](O)[C@@H](O)C(=O)[O-]	5.760	7.631	1.871
3phe	C[NH+]1CCN(c2cc3c(cc2F)c(=O)c(C(=O)OCc2ccc(Cl)cc2)cn3Cc2ccc(S(C)(=O)=O)cc2)CC1	7.800	6.714	1.086
2x24	CC(C)(C)OC(=O)NC[C@H]1CC[C@H](CNC(=O)c2cc(-c3ccc(C[NH3+])cc3)nc3ccccc23)CC1	6.480	6.434	0.046
4d2v	COc1cc(-c2cn[nH]c2)ccc1C(=O)Nc1ccc2c(c1)CC[NH2+]CC2	7.430	6.850	0.580
4tn2	O=C([O-])c1sc(-c2ccccc2)cc1N1C(=O)CC[C@@H]1C1CCCCC1	6.920	6.425	0.495
5f3z	COc1ccc(CC(=O)[O-])cc1-c1cccs1	4.540	4.699	0.159
2xct	O=C([O-])c1c[n+](C2CC2)c2cc(N3CC[NH2+]CC3)c(F)cc2c1O	4.510	6.684	2.174
5vqr	C=CC(=O)N(C)c1cc(Oc2ccccc2OCCn2ccc(=O)[nH]c2=O)c(C)c2cc(C#N)ccc12	5.920	7.676	1.756
2an5	[NH3+][C@H]1CCc2ccccc2[C@@H]1O	5.680	4.480	1.200
1q1m	COC(=O)c1c(O)cccc1OC/C=C/c1ccc(F)c(-c2cc(C(=O)[O-])no2)c1	5.160	5.222	0.062
5mym	O=C(C1CCN(c2nnc(-n3cccc3)s2)CC1)N1CCC(Cc2ccccc2)CC1	5.410	6.270	0.860
4f7n	Cc1ccc(-n2nc(C(C)(C)C)cc2NC(=O)NCCCCCO)cc1	7.100	6.704	0.396
6mbp	COc1cc2c(cc1OCCCN1C=CCC1)N[C@@H](C1CCCCC1)C[NH2+][C@@H]2[NH2+][C@H]1CC[N@H+](C(C)C)CC1	5.950	8.587	2.637
2gz8	O=C(Sc1nnc(C(F)(F)F)[nH]1)c1ccc(C#Cc2ccccc2)o1	5.520	7.229	1.709
2ieh	CC1=C(C(=O)c2ccccc2)[C@@H](c2cccc(O)c2)NC(=S)N1C	6.960	6.427	0.533
5ugd	CCCCCCCCNC(=O)[C@H](Cc1ccc(OCc2ccncc2)cc1)NC(=O)[C@H]1CC[C@H](C[NH3+])CC1	6.620	7.300	0.680
4kqr	CCN1CCN(C(=O)N[C@@H](C(=O)N[C@H](C(=O)[O-])[C@H]2[NH2+][C@@H](C(=O)[O-])C(C)(C)S2)c2ccccc2)C(=O)C1=O	3.900	6.056	2.156
3dpf	N=C1C(=O)C(=O)[C@H]1[N@@H+]1CCc2ccc(CNC(=O)c3nc4sc5c(c4c(=O)[nH]3)CCS(=O)(=O)C5)cc2C1	7.240	7.698	0.458
6cck	Cc1cc(=O)n2nc(N[C@H](CC#N)c3cccc(Cl)c3)nc2[nH]1	7.430	6.821	0.609
5jq9	Cc1noc(NS(=O)(=O)c2ccc(NCc3cnc4nc(N)[nH]c(=O)c4n3)cc2)c1C	4.650	6.569	1.919
1nnu	Oc1ccc2cc(Oc3ccc(Cl)cc3O)ccc2c1	6.820	6.051	0.769
4flk	CO[C@@H](C(=O)NC1Cc2ccccc2C1)[C@H](O)[C@@H](O)[C@H](O)CCC(C)(C)C	5.250	6.154	0.904
5eiw	Nc1ccc(C(F)(F)F)cc1N	2.050	5.070	3.020
1ezf	CC(C)(C)CN1C(=O)[C@@H](CC(=O)N[C@@H](CC(=O)[O-])C(=O)[O-])O[C@H](c2cccc3ccccc23)c2cc(Cl)ccc21	7.250	6.750	0.500
6cb5	O=C([O-])c1cc(-c2cn[nH]c2)ccc1Oc1ccc2ccccc2c1	5.370	5.715	0.345
5nar	NC(=O)n1cc(NC(=O)N2CCC[C@H]2C(=O)Nc2cccc(OC(F)(F)F)c2)c2ccccc21	6.300	6.813	0.513
4pf3	Cc1nn(CC(F)(F)CO)c(-c2ccc(F)cc2)c1-c1ccc2c(c1)NC(=O)CO2	7.290	6.420	0.870
5t37	CC(C)(C)C(=O)NCc1ccc(Cl)c(C(=O)Nc2ncc[nH]2)c1	6.620	6.604	0.016
2h02	COC(=O)C(Cc1ccccc1)(Cc1ccc(NS(=O)(=O)[O-])cc1)C(=O)OC	6.490	6.467	0.023
3lgp	O=C(NCc1ccc(Cn2c(C(F)(F)F)nc3ccccc32)s1)[C@H](O)[C@@H](O)C(=O)N1CCC[C@@H]1c1cccc(Cl)c1	8.700	8.022	0.678
5y0x	COc1ccc(S(=O)(=O)Nc2cccc(C(=O)[O-])c2F)c2ccccc12	5.110	5.873	0.763
3lpt	O=C([O-])Cc1c(-c2ccccc2)c2cc(Cl)ccc2[nH]c1=O	4.910	5.850	0.940
5f41	COc1ccc(CC(=O)[O-])cc1-c1ccsc1	4.170	5.255	1.085
6rz6	O=C([O-])CCCN1C[C@@H](C(=O)[O-])Oc2c(NC(=O)c3ccc(OCCCCc4cc(F)ccc4Cl)cc3)cccc21	8.540	8.626	0.086
2xgm	O=C1NC(=O)C(=O)C(=O)N1	3.000	5.345	2.345
3tyq	CCc1ccc2c(c1)c(-c1ccc[nH]c1=O)c(C(=O)[O-])n2Cc1cccc([N+](=O)[O-])c1	8.300	6.957	1.343
5hgq	C[C@H]1CCC[C@H](C[C@H]2Cc3cc(O)cc(O)c3C(=O)O2)O1	7.340	5.718	1.622
1ppx	Nc1nc2c([nH]c(=O)n2C2CC(O)C(COP(=O)(O)O)O2)c(=O)[nH]1	7.280	5.697	1.583
4k5z	O=C1NCc2ccc(Cl)cc21	3.000	4.939	1.939
5dro	C[C@@H](O)[C@H](NC(=O)c1ccc(C#CC#Cc2ccc(N)cc2)cc1)C(=O)NO	10.590	6.426	4.164
1n2v	CCCCc1nc2c(=O)[nH][nH]c(=O)c2[nH]1	4.080	6.416	2.336
5mat	COc1ccc(Cn2cnc3sc4c(c3c2=O)CC[C@@H]([NH2+]Cc2c(C)noc2C)C4)c2ccccc12	6.240	6.708	0.468
4zud	CCCc1nc(C(C)(C)O)c(C(=O)[O-])n1Cc1ccc(-c2ccccc2-c2nnn[nH]2)cc1	8.160	7.602	0.558
4c73	C=C/C(C)=C/[C@@]1(C)SC(=O)C(C(=O)C(F)(F)F)=C1O	4.920	4.951	0.031
3neg	O=S(=O)(NCc1ccccn1)c1ccc(Br)c2ccccc12	5.940	5.949	0.009
3sni	COc1ccc2nc(C)c3c(C)nc(-c4cnccc4C)n3c2n1	7.960	6.272	1.688
5mwa	O=C([O-])c1cccc(-c2nc(-c3ccc(Cl)c(Cl)c3)c(-c3ccccc3)o2)c1	6.820	6.172	0.648
4oar	CC(=O)O[C@]1(C(C)=O)CC[C@H]2[C@@H]3CCC4=CC(=O)CCC4=C3[C@@H](c3ccc(N(C)C)cc3)C[C@@]21C	10.420	5.047	5.373
1r4w	[NH3+][C@@H](CCC(=O)N[C@@H](CS)C(=O)NCC(=O)[O-])C(=O)[O-]	4.050	4.724	0.674
5lbq	CNc1nc(NCCC[NH+](C)C)nc2cc(OC)c(OC)cc12	5.110	5.817	0.707
3wk8	Nc1nc2ccc(C(F)(F)F)cc2s1	4.310	5.001	0.691
2psj	O=C(Cc1ccc(O)cc1)Nc1ncc(-c2ccc(O)cc2)nc1Cc1ccccc1	7.700	6.172	1.528
3tl5	Cc1c(C[N+]2CCN(C(=O)[C@H](C)O)CC2)sc2c(N3CCOCC3)nc(-c3cnc(N)nc3)nc12	7.850	7.588	0.262
1sqc	CCCCCCCCCCCC[N+](C)(C)O	6.850	4.408	2.442
6oxw	CCC(CC)CN(C[C@@H](O)[C@H](CC1CCCCC1)NC(=O)O[C@H]1CO[C@H]2OCC[C@@H]12)S(=O)(=O)C1CCC([C@@H](C)O)CC1	10.550	9.214	1.336
4x2i	Cc1nnc2n1-c1ccccc1N(c1ccc(Cl)cc1)C[C@H]2C	6.460	5.804	0.656
3pkb	CO[C@@H](C(=O)NCC(N)=O)[C@H](O)[C@@H](O)[C@H](O)/C=C/C(C)(C)C	6.210	5.101	1.109
6qab	CCCC[N+](C)(C)[C@@H](Cc1c[nH]c2ccccc12)C(=O)NCCC1CCCCCC1	8.210	6.788	1.422
5jao	Cc1ccc(N)cc1-c1ccccc1Cl	4.000	5.513	1.513
4bfy	N#Cc1ccc(-c2ccc(OCC(=O)[O-])cc2C[NH+]2CCN(c3ccccn3)CC2)cc1	6.920	6.943	0.023
1rwq	COc1cc(OC)cc(-c2nc(N)c(C[NH3+])c(-c3ccc(Cl)cc3Cl)n2)c1	10.000	7.252	2.748
4zjc	Cc1nc(C(=O)N2CCC[C@H]2Cc2nnc(-c3ccccc3)o2)c(-c2ccccc2F)s1	8.960	7.587	1.373
5el2	CC[C@@H](C)OC(=O)N1CCCC[C@H]1CCO	4.470	5.414	0.944
1nl4	Cn1cncc1CN(Cc1cccc(C#N)c1)c1ccc(C#N)c(-c2cccc3ccccc23)c1	9.410	7.179	2.231
1kz8	CCOc1cc2ncnc(Nc3cccc(-c4csc(CO)n4)c3)c2cc1OCC	6.080	6.306	0.226
5o5h	Cc1nc(C)c(C(=O)Nc2ccc(Oc3ccc(Cl)cc3)nc2)o1	4.120	6.517	2.397
6nnr	O=C1CCN(C2CC(O)C(COP(=O)(O)O)O2)C(=O)N1	5.070	5.449	0.379
2g70	O=[N+]([O-])c1ccc2c(c1)C[NH2+][C@@H](CO)C2	7.770	6.201	1.569
6oin	O=C(NNS(=O)(=O)c1ccc2ccccc2c1)c1ccccc1F	6.000	6.575	0.575
3h5u	CC(C)(C)[C@H]1C(O)=C(C2=NS(=O)(=O)c3c(CNS(C)(=O)=O)cccc32)C(=O)N1Cc1ccc(F)cc1	8.520	7.293	1.227
5joh	N#Cc1ccc([C@H]2[C@@H](O)CCCc3cncn32)c(-c2ccccc2Cl)c1	5.960	6.801	0.841
4f1q	NC(=O)c1cccc(NC(=O)CCC(=O)[O-])c1	4.950	4.566	0.384
3l9h	C[NH+](C)CCNC(=O)NC[C@H]1CC[C@@H]2[C@H](O1)c1cc(C(F)(F)F)ccc1N[C@H]2c1ccccc1	8.100	6.810	1.290
3bhx	O=C(O)CCC(CP(=O)(O)CCC(=O)O)C(=O)O	9.150	7.130	2.020
5yhl	C[C@@H](C(=O)Nc1cc(C#N)ccc1CCCC(=O)[O-])c1ccc(Br)c2ccccc12	7.740	7.592	0.148
5ts0	COC[C@H](NC(=O)[C@H](CC(=O)N1CCCC1)NC(=O)CCc1ccccc1)C(=O)NCc1cccc2ccccc12	7.800	6.790	1.010
6gfy	CC(=O)N[C@H](C(=O)N1C[C@H](O)[C@H](F)[C@H]1C(=O)NCc1ccc(-c2scnc2C)cc1)C(C)(C)C	6.610	6.251	0.359
5hx6	CN1C(=O)[C@@H](NC(=O)c2cc(Cc3ccccc3)on2)COc2ccccc21	8.000	6.832	1.168
3p76	C[C@@H](O)[C@H](NC(=O)N1CCC(c2ccc(C#Cc3ccccc3)cc2)CC1)C(=O)NO	8.680	6.870	1.810
2xcg	c1ccc2oc(C3=NCCN3)cc2c1	8.050	5.514	2.536
6mju	O=C(CO)n1ccc2nc3c(Cl)c(Cl)cc(-c4cn[nH]c4)c3c-2c1	7.560	5.767	1.793
6ffh	CN1CC(=O)[NH+]=C1NC(=O)Nc1cccc(Cl)c1	6.340	5.565	0.775
4kiw	O=C([O-])c1cc(NCc2cccc([N+](=O)[O-])c2)cc(C(=O)[O-])c1	5.120	5.032	0.088
1noi	OC[C@@H]1[C@@H](O)[C@H](O)[C@@H](O)c2nnnn21	3.150	4.938	1.788
7abp	C[C@H]1O[C@H](O)[C@H](O)[C@@H](O)[C@H]1O	6.460	4.280	2.180
5wip	O=C([O-])c1ccnc(-c2ccco2)c1	4.710	4.416	0.294
4ay5	O=c1ccn(C2OC(COP(=O)(O)OP(=O)(O)O)C(O)C2O)c(=O)[nH]1	6.270	4.634	1.636
3kqm	Brc1cnc[nH]1	3.770	4.043	0.273
2vtd	N#Cc1ccc(COc2ccc3cc(S(=O)(=O)N[C@H](CCC(=O)[O-])C(=O)[O-])ccc3c2)c(F)c1	4.070	7.177	3.107
4mma	C[NH+](C)CCCN1c2ccccc2CCc2ccc(Cl)cc21	6.040	4.364	1.676
1inf	CC(=O)Nc1ccc(C(=O)[O-])cc1NC(N)=[NH2+]	5.000	4.527	0.473
4kc1	O=C(NC[C@H]1O[C@@H](n2ccc(=O)[nH]c2=O)[C@H](O)[C@@H]1O)c1cccc(CO)n1	2.910	5.587	2.677
2wpa	CC(C)CC(=O)Nc1n[nH]c2c1CN(C(=O)C1CC[N+](C)CC1)C2(C)C	8.100	5.766	2.334
5khh	O=c1[nH]cnc2c1ncn2C1OC2COP(=O)(O)OC2C1O	4.310	5.840	1.530
6p3p	COC(=O)[C@@H](Cc1ccccc1)NC(=O)c1cc(C)c(S(=O)(=O)Nc2cc(C(F)(F)F)ccc2Cl)s1	6.840	7.605	0.765
2c6n	[NH3+]CCCC[C@H]([NH2+][C@@H](CCc1ccccc1)C(=O)[O-])C(=O)N1CC=C[C@H]1C(=O)[O-]	6.880	6.336	0.544
5u5k	COc1cccc(C[C@H]2CCC[NH2+]C2)c1	4.020	5.735	1.715
6e2o	O=C(Nc1cccc(-c2nncn2C2CC2)c1)c1cc(-n2cnc(C3C=C3)c2)ccn1	8.540	6.574	1.966
1tou	O=C(CSc1nc(C(F)(F)F)cc(=O)[nH]1)N1CCCCC1	6.000	5.438	0.562
6ccl	c1ccc(Cn2cnc3ncccc32)cc1	3.560	5.377	1.817
3drr	N#Cc1cc(Cl)cc(Oc2cc(OCc3[nH]nc4nc(N)ccc34)ccc2Cl)c1	9.400	8.099	1.301
5nzq	Nc1cccc(-c2cnco2)c1	2.030	5.093	3.063
4fll	CO[C@@H](C(=O)NCC[C@H](c1ccccc1)c1ccco1)[C@H](O)[C@@H](O)[C@H](O)/C=C/C(C)(C)C	5.290	5.884	0.594
5kbr	O=C(c1ccc(Cl)cc1)c1c[nH]c2ncc(-c3cnn(C4CC[NH2+]CC4)c3)cc12	6.590	6.610	0.020
6n69	N#Cc1cnc2ccccc2c1	4.300	5.480	1.180
6ibl	COc1ccc(C[C@@H](C)[NH2+]C[C@H](O)c2ccc(O)c(NC=O)c2)cc1	9.310	7.204	2.106
4y2s	Oc1cnn(-c2cccc(C(F)(F)F)c2)c1	4.280	5.151	0.871
3zrc	Cc1cc(CC(=O)N2C[C@H](O)C[C@H]2C(=O)NCc2ccc(-c3cnco3)cc2)on1	5.270	5.867	0.597
5xpp	C=C1[C@H](O)CC(=C/C=C2\CCC[C@@]3(C)[C@H]2CC[C@@H]3[C@H](C)CCC[C@@H](O)c2ccc(O)cc2)C[C@H]1O	7.440	7.814	0.374
5t2i	Cn1nc(-c2cnc(N)c(-n3cc(C(N)=O)cn3)n2)nc1C1(c2ccccc2)CC1	8.700	7.282	1.418
5tuq	CC(C)c1c(CC2CCCCC2)n(COCc2ccccc2)c(=O)n(O)c1=O	6.350	7.435	1.085
2veu	O=C1C[C@@H](c2ccc(C[C@H](NS(=O)(=O)c3cccc(C(F)(F)F)c3)c3nc(-c4ccccc4)c[nH]3)cc2)S(=O)(=O)N1	7.000	8.443	1.443
1njb	O=c1ccn(C2CC(O)C(COP(=O)(O)O)O2)c(=O)[nH]1	5.800	5.126	0.674
2vey	O=C1C[C@@H](c2ccc(C[C@H](NS(=O)(=O)c3cccc(F)c3)c3ncc(CCCc4ccccc4)[nH]3)cc2)S(=O)(=O)N1	7.370	8.935	1.565
4gjb	O=C(NCC1c2ccccc2Oc2ccccc21)[C@H]1CCC[NH2+]C1	4.000	5.628	1.628
3zlw	C[C@@]1(O)CCN2C(=O)CCc3cccc1c32	3.700	4.561	0.861
6ccs	Oc1cccc2nc(C(F)(F)F)[nH]c12	3.640	5.899	2.259
5ji6	Cc1cnccc1-c1cc(C(F)(F)F)cc2[nH]ncc12	7.960	6.508	1.452
2w70	Nc1nccc(-c2csc(N)n2)n1	4.920	4.510	0.410
4wwo	C[C@H](Nc1ncnc2nc[nH]c12)c1cc2cccc(Cl)c2nc1-c1cccc(F)c1	7.420	7.287	0.133
4lsj	CC/C(=C1\c2ccccc2OCc2cccc(OC)c21)c1cccc(NS(C)(=O)=O)c1	9.570	6.976	2.594
1w0y	COc1cc(CNc2ccc(C(N)=[NH2+])cc2)c(NS(C)(=O)=O)cc1OCc1ccccc1	6.420	7.086	0.666
6afr	Oc1ccc(Cn2cnc(F)c2)c2cccnc12	7.150	5.393	1.757
2qtb	CN(C)C(=O)[C@@H]([C@H]1CC[C@H](c2ccc3ncnn3c2)CC1)[C@H]([NH3+])C(=O)N1CCC(F)(F)C1	8.320	8.651	0.331
6clv	Cc1noc(NS(=O)(=O)c2ccc(NCc3cnc4[nH]c(=[NH2+])[nH]c(=O)c4n3)cc2)c1C	4.880	6.637	1.757
6h7n	O=C(NCC[NH2+]C[C@H](O)COc1ccc(O)cc1)N1CCOCC1	8.460	8.137	0.323
4xnv	CC(C)(C)c1ccccc1Oc1ncccc1NC(=O)Nc1ccc(OC(F)(F)F)cc1	6.790	6.674	0.116
4kzb	C[C@@H](C(=O)[O-])N(c1ccccc1)S(C)(=O)=O	2.890	4.885	1.995
4mm6	C[NH2+]CC[C@H](Oc1cccc2ccccc12)c1cccs1	6.690	6.073	0.617
3p8h	O=C(c1cncc(Br)c1)N1CCC([N+]2CCCC2)CC1	5.300	5.169	0.131
6ew3	O=C([O-])/C(S)=C/c1c(Cl)ccc(Cl)c1Cl	7.400	5.851	1.549
5k13	CC(C)(C)c1cccc(-c2cc(-c3ccc(C(=O)[O-])cc3)nn2-c2ccc(S(C)(=O)=O)cc2)c1	8.740	6.891	1.849
6fo8	C=C1/C(=C\C=C(/CCCCCC)c2cccc(CCCCCC(C)(C)O)c2)C[C@@H](O)C[C@@H]1O	7.740	8.446	0.706
4kww	O=C([O-])c1ccccc1C(=O)[O-]	5.550	4.174	1.376
3sgv	Cc1ccc(Oc2cccc(NC(=O)c3cc([N+](=O)[O-])ccc3C(=O)[O-])c2)cc1C	4.460	5.665	1.205
4m3d	O=C(NCCC(F)(F)F)c1ccc(C#CCNS(=O)(=O)c2ccccc2)cc1	5.410	6.404	0.994
5enh	COc1cccc(OC)c1CNC(C)=O	3.720	5.141	1.421
4oyi	Nc1nonc1C(=O)c1ccccc1	4.720	5.008	0.288
3u4r	CS(=O)(=O)Nc1cccc(S(=O)(=O)NC(=O)c2c(C3=CCC=NC3=O)c3cc(Cl)ccc3n2Cc2ccnc(N)c2)c1	7.410	8.320	0.910
2vi5	CCC(=O)N[C@@H]1C(=O)NC(=O)N=C1NC[C@H](O)[C@H](O)[C@H](O)CO	3.960	6.914	2.954
5ea6	O=C1C2=C(C[NH2+]CC2)[C@]2(c3ccc(Cl)cc3)N1CCN2C(=O)c1cccnc1	7.410	7.399	0.011
1e06	Cc1ccc(C(C)C)c(O)c1	5.600	4.517	1.083
3ia6	Cc1oc(-c2ccccc2)nc1CCCc1ccc(C[C@@H](C(=O)[O-])n2nccn2)cc1	8.520	7.749	0.771
1rev	CC(C)=CC[N@H+]1Cc2cc(Cl)cc3[nH]c(=S)n(c23)C[C@@H]1C	7.480	6.507	0.973
2oyl	OC[C@H]1O[C@@H](O[C@H]2[C@H](O)[C@@H](O)c3nccn3[C@@H]2CO)[C@H](O)[C@@H](O)[C@@H]1O	6.300	5.149	1.151
4qhc	O=C([O-])[C@@H]1CS[C@H]([C@H]2C[C@@H]3CCSC[N@H+]3[NH2+]2)[C@@H](CO)C[NH2+]1	6.700	6.789	0.089
6n3o	COc1ncc(Cl)cc1S(=O)(=O)Nc1ccc(F)c(C#Cc2cnc(N)nc2)c1F	8.620	8.156	0.464
4mpc	O=S(=O)(c1ccc(O)cc1O)n1cc2ccccc2c1	6.150	5.176	0.974
6r5f	Cc1nnc(N2CCC(C(=O)N3[NH2+]CC[C@H]3c3cc(F)cc(F)c3)CC2)o1	7.700	5.744	1.956
5lhi	CCOCc1cccc(NC(=O)c2cc3sccc3n2C)c1COc1ccc(OC[C@@H]2CC[NH2+]C2)cc1	8.110	7.564	0.546
5lhg	Cn1c(C(=O)Nc2ccc(COc3ccc(O[C@H]4CC[N@H+](C)CC4)cc3)cc2)cc2sccc21	5.600	6.852	1.252
1n95	Cn1cncc1C[C@H]([NH2+]Cc1ccc(C#N)cc1)C(=O)N1CCC(C#N)=C(c2cccc3ccccc23)C1	8.920	8.596	0.324
4kot	CO/N=C(\C(=O)N[C@@H]1C(=O)N2C(C(=O)[O-])=C(COC(C)=O)CS[C@H]12)c1csc(N)n1	5.460	5.849	0.389
5oxn	C[C@H](NC(=O)[C@@H]([NH3+])Cc1ccccc1)C(=O)[O-]	1.960	4.960	3.000
5vkf	c1ccc2ccccc2c1	4.770	4.123	0.647
5ecv	Cc1c(/C(O)=C/[C@H](O)C(=O)[O-])ccc2[nH]ccc12	6.770	4.902	1.868
6ekn	COc1ccc(-c2ccc(S(=O)(=O)c3ccccc3[C@H](CCC(=O)[O-])C(=O)[O-])cc2)cc1	6.290	6.905	0.615
5yg3	Cc1n[nH]c2c1[C@]1(C(C#N)=C(N)O2)c2cc(-c3ccncc3)cc(F)c2CC1(C)C	7.850	7.258	0.592
5d1s	Cc1cc(S(=O)(=O)N(C)[C@H](C)C(=O)NO)ccc1F	5.020	6.576	1.556
2o9j	CC(=O)C1=C(O)N2[C@H](C1=O)[C@H]1c3c[nH]c4cccc(c34)C[C@H]1C2(C)C	6.920	6.830	0.090
3rv6	O=C([O-])/C(=C\c1ccccc1)Oc1cccc(C(=O)[O-])c1O	4.680	5.409	0.729
3f36	CC(C)c1ccccc1O	2.890	4.672	1.782
6dlx	COc1cc(Br)c(OC)cc1N	3.320	5.417	2.097
4civ	O=C([O-])[C@]1(O)C=C(CO)[C@@H](O)[C@H](O)C1	4.950	4.345	0.605
1sqi	COc1ccc(-c2c(S(C)(=O)=O)ccc(C(=O)C3C=NN(C(C)(C)C)C3=O)c2C)cc1	7.700	7.526	0.174
6prc	CCNc1nc(Cl)nc(N[C@](C)(C#N)CC)n1	4.770	5.869	1.099
4mu7	CC[C@H]([NH2+]C)C(=O)N[C@H](C(=O)N1C[C@@H]2Cc3ccccc3N2C[C@H]1C(=O)N[C@@H]1CCOc2ccccc21)C1CCCCC1	8.850	8.052	0.798
3zlk	N=C1[C@@H](NS(=O)(=O)c2ccccc2)C(=O)NC(=O)N1Cc1ccccc1	5.880	6.591	0.711
2wxj	CC(=O)Nc1nc2ccc(-c3nn(Cc4cc5ccccc5nc4N4CC[N+](C)CC4)c4ncnc(N)c34)cc2s1	9.000	8.817	0.183
1d8f	COc1ccc(S(=O)(=O)N2CCN(C(=O)OCc3ccccc3)C[C@@H]2C(=O)NO)cc1	7.740	6.496	1.244
1mzs	O=C([O-])CCCCCn1c(C(=O)[O-])cc2cc(OCc3c(Cl)cccc3Cl)ccc21	5.150	5.916	0.766
5qaa	COc1ccccc1-c1cccc(C(=O)[O-])c1	3.910	5.516	1.606
3qce	O=C([O-])c1sccc1SCc1ccc(Cl)c(Cl)c1	5.600	5.557	0.043
6ffi	COc1cccc(C#Cc2cccc(C)n2)c1	8.100	6.880	1.220
4dwk	COC(=O)[C@H](Cc1c[nH]cn1)NC(=O)C[N@H+](CCCc1ccccc1)CC(=O)[O-]	6.220	7.445	1.225
5dri	O=C([O-])C(=O)CC(=O)c1ccc2[nH]ccc2c1	7.700	4.395	3.305
4e28	O=C(C[C@@H]1S/C(=N\N=C\c2ccccc2O)NC1=O)Nc1cccc(C(F)(F)F)c1	5.890	6.705	0.815
4wn1	Cn1cc(-c2ccc(=O)n(C)c2)c(COc2ccc(-c3ccc4ccccc4n3)cc2)n1	8.290	7.795	0.495
4fqo	NC(=[NH2+])c1ccc(OCCCCCCCOc2ccc(C(N)=[NH2+])cc2)cc1	5.160	5.580	0.420
6qgk	CCCCN(CCCC)C(=O)c1cc(C)n(-c2ccccc2C(=O)N2Cc3ccccc3C[C@H]2C[NH3+])n1	6.700	5.911	0.789
4ok5	C#Cc1cccc(Cn2cc(CC(=O)[O-])c3ccccc32)c1	4.510	5.210	0.700
6a93	Cc1nc2n(c(=O)c1CC[N@H+]1CC[C@H](c3noc4cc(F)ccc43)CC1)CCCC2	8.160	7.240	0.920
4fli	CO[C@@H](C(=O)NCC(N)=O)[C@H](O)[C@@H](O)[C@H](O)CCC(C)(C)C	5.440	5.120	0.320
6b7f	C=Cc1cncn1[C@@H]1c2ccccc2C(=O)OC1(C)C	3.870	6.938	3.068
6rln	O=C(N[C@H]1CCc2cc(F)cc(F)c2NC1=O)c1nc(Cc2ccccc2)n[nH]1	8.200	7.768	0.432
4bdh	Cc1n[nH]c(N)c1-c1cccs1	4.110	4.690	0.580
3fal	CCCCN(Cc1cc(Cl)c(OC)c(OC)c1)c1ccc(C(O)(C(F)(F)F)C(F)(F)F)cc1	6.780	8.868	2.088
4iqu	O=C(C/C=C1\C=C(C(=O)c2ccc(F)cc2)C=N1)C[C@@H](O)C(=O)[O-]	6.240	6.400	0.160
4us4	[NH3+][C@@H](Cc1c[nH]c2ccccc12)C(=O)[O-]	5.320	4.498	0.822
5u69	COc1ccccc1C[N@H+]1C[C@H](c2cn(C)c3ccccc23)[C@@H]([NH+](C)C)C1	6.220	5.832	0.388
2ozr	Cn1c(=O)n(Cc2ccc(C(=O)[O-])cc2)c(=O)c2cc(C#CCc3ccccc3)ccc21	9.170	5.789	3.381
2wyi	O[C@@H]1[C@H](O)C[N+]2CCC[C@@H](O)[C@H]12	4.740	4.514	0.226
4pul	CNc1nc2cc3c(=O)[nH]c(=[NH2+])[nH]c3cc2[nH]1	6.840	6.345	0.495
1tys	Cc1cn(C2CC(O)C(COP(=O)(O)O)O2)c(=O)[nH]c1=O	5.490	5.000	0.490
6iby	Cn1ccc2ccc(-c3cc(Nc4cnccc4C(=O)N[C@H]4CC[N@H+](C)C4)cc4nccnc34)cc21	7.820	8.149	0.329
6cj5	NC(=O)c1cccn2c(-c3cccnc3)cnc12	5.190	4.914	0.276
2f89	[NH3+]CCC(O)(P(=O)(O)O)P(=O)(O)O	6.480	4.964	1.516
5h15	COc1ccccc1C[N@H+]1C[C@H](c2cn(C)c3ccccc23)[C@@H]([NH+](C)C)C1	5.800	5.848	0.048
3dxh	O=c1ccn(C2OC(COP(=O)(O)OP(=O)(O)O)C(O)C2O)c(=O)[nH]1	3.190	4.654	1.464
4g0k	CC1=C(SC[C@H](NC(=O)CC[C@H]([NH3+])C(=O)[O-])[C@H](O)[NH2+]CC(=O)[O-])C(=O)c2ccccc2C1=O	5.370	6.557	1.187
5ye7	CC(=O)Nc1ccc(S(=O)(=O)Nc2ccc(Oc3ccc4ccccc4c3)cc2)cc1	5.460	5.107	0.353
2hdq	O=C([O-])c1cccs1	1.400	4.131	2.731
1b6m	CC[C@H](C)[C@@H]1NC(=O)[C@@H]([NH2+]C[C@@H](O)[C@H](Cc2ccccc2)NC(=O)OC(C)(C)C)Cc2ccc(cc2)OCCCNC1=O	8.400	9.149	0.749
3qj9	CCn1c(=O)n([C@H]2CCCN(c3nccc(-c4cc5ccccc5o4)n3)C2)c2ccccc21	7.000	9.169	2.169
4yw6	[NH3+]CCCC[C@H](NC(=O)c1ccc(O[C@@H]2O[C@H](CO)[C@H](O)[C@H](O)[C@H]2O)cc1)C(=O)N1CCCC1	7.080	6.674	0.406
6mo5	CC(C)([C@H](NC(=O)c1ccc(C#CC#CCCO)cc1)C(=O)N=O)S(=O)(=O)CC1COC1	9.520	7.190	2.330
4zz0	[NH2+]=c1[nH]c(=O)c2cc(CCCCCCCC(=O)N[C@@H](CCC(=O)[O-])C(=O)[O-])[nH]c2[nH]1	7.000	6.395	0.605
6fap	Nc1ccc(NC(=O)C[NH3+])cc1	2.150	4.571	2.421
6c8x	CC(C)CN(C[C@@H](O)[C@H](Cc1ccccc1)NC(=O)O[C@H]1CO[C@H]2OCC[C@@H]12)S(=O)(=O)c1ccc(B(O)O)cc1	12.300	10.621	1.679
1jiz	COc1ccc(S(=O)(=O)N(Cc2cccnc2)[C@@H](C(=O)N=O)C(C)C)cc1	8.700	7.751	0.949
5a5v	O=C(NCCCCCCNC(=O)c1cccc(O)c1O)c1cccc(O)c1O	7.480	4.800	2.680
5l13	CCCc1c(C)c2cc3c(C)c(C)oc3cc2oc1=O	6.960	6.080	0.880
1bim	C[C@@H](c1ccccc1)N(C)C(=O)C[C@@H](Cc1csc(N)n1)C(=O)N[C@@H](CC1CCCCC1)[C@@H](O)[C@@H]1CC(C)(C)N(C)C1=O	8.920	8.366	0.554
4op1	C[C@](O)(c1cnc(-c2ccc(S(=O)(=O)c3ccc(N)nc3)s2)c(Cl)c1)C(F)(F)F	6.890	7.453	0.563
5o3q	Nc1ncnc2c1ncn2C1OC2COP(=O)(O)OC2C1O	5.680	5.644	0.036
1t48	CCc1oc2cc(S(=O)(=O)N(C)C)ccc2c1C(=O)c1cc(Br)c(O)c(Br)c1	3.460	5.376	1.916
1p5e	Brc1c(Br)c(Br)c2[nH]nnc2c1Br	4.810	5.465	0.655
4egi	Cc1nc(=N)[nH]c(=S)[nH]1	3.820	4.378	0.558
3so9	CC(C)CN(C[C@@H](O)[C@H](Cc1ccccc1)NC(=O)O[C@H]1CO[C@H]2OCC[C@@H]12)S(=O)(=O)c1ccc(N)cc1	8.560	9.816	1.256
4crj	COc1ccc(C(=O)CSc2nc3nc(N)[nH]c(=O)c3[nH]2)cc1	5.960	5.992	0.032
4wkc	CCCCSC[C@H]1C[N@@H+](Cc2c[nH]c3c(N)ncnc23)C[C@@H]1O	12.680	9.066	3.614
5wzu	Cc1c(C(=O)C(N)=O)c2c(OCC(=O)[O-])cccc2n1Cc1ccccc1C(F)(F)F	7.000	6.723	0.277
6gbx	Cn1cnnc1C1CCN(c2ncccc2-c2ccc(F)nc2)CC1	7.700	6.659	1.041
3pke	CO[C@@H](C(=O)NC1Cc2ccccc2C1)[C@H](O)[C@@H](O)[C@H](O)/C=C/C(C)(C)C	3.600	6.121	2.521
3ie3	O=[N+]([O-])c1ccc(SCCCCCCO)c2nonc12	6.680	5.261	1.419
6i0k	O=C([O-])c1ccc(S)cc1C(=O)[O-]	4.890	4.762	0.128
4f7l	Cc1ccc(-n2nc(C(C)(C)C)cc2NC(=O)NCCCNC(=O)OC(C)(C)C)cc1	8.000	6.518	1.482
4y2t	OCCCc1ccc(OCc2ccccc2)cc1	3.820	6.298	2.478
5ai9	CC(C)(C)c1cc(Br)c(O)c(C[NH2+]CCCc2ccccc2)c1	6.610	6.435	0.175
6n82	Cc1ccc(-c2cc3c(NC(Cc4cccc(F)c4)P(=O)(O)O)ncnc3s2)cc1Cl	5.960	6.806	0.846
3d04	COc1cc(O)c2c(c1)O[C@H](c1ccc(O)cc1)CC2=O	6.050	7.087	1.037
2ew5	CC(=O)Oc1ccc(/C=C/C(=O)NCCc2ccccc2)cc1OC(C)=O	5.900	5.445	0.455
5aix	COc1cccc(-c2ccc(C(=O)N[C@H]3CC[N@H+](CC(F)(F)F)CC3)cn2)c1	7.920	6.945	0.975
2evm	O=C([O-])c1ccc(-c2cc(Cl)ccc2Cl)o1	6.160	4.445	1.715
2jc0	CC(C)C[C@@]1(C(=O)[O-])C[C@H](C(=O)[O-])[C@H](c2cccs2)N1C(=O)c1ccc(C(F)(F)F)cc1	4.700	5.791	1.091
6qrg	COC(=O)COc1cccc(COC(=O)c2cn[nH]c2)c1	5.000	4.864	0.136
4yl3	Fc1cccc(Cl)c1-c1nc(-c2ccc(C#Cc3ccc(C(F)(F)F)cc3)nc2)c(Br)[nH]1	8.150	7.005	1.145
5axq	COc1cn(-c2ccc3c(c2F)C(C)(C)C(=O)N3CC2CC2)nc(-c2ccnn2-c2ccccc2)c1=O	10.100	9.544	0.556
4tpk	COCCN(C[C@@H]1CCC[N@H+](C2Cc3ccccc3C2)C1)C(=O)c1ccc2ccccc2c1	8.570	7.469	1.101
6naf	[NH3+][C@]12C[C@H]3C[C@H](C[C@H](C3)C1)C2	4.260	4.625	0.365
5hex	Cc1oc(S(=O)(=O)NC[C@H]2O[C@H](O)[C@H](NC(=O)c3cccc(Br)c3)[C@@H](O)[C@@H]2O)cc1C(=O)[O-]	8.000	6.080	1.920
5muc	OC[C@H]1OC[C@@H](O)[C@@H](O)[C@@H]1O	6.040	4.486	1.554
5t8q	NC(=O)c1cccn1Cc1ccccc1Cl	4.160	4.278	0.118
2uuo	CCCCCOc1ccc2cc(S(=O)(=O)N[C@H](CCC(=O)[O-])C(=O)[O-])ccc2c1	3.770	6.666	2.896
6qzh	Cc1ccc([C@H](NC2=NS(=O)(=O)N=C2Nc2ccc(C)c(C(=O)N(C)C)c2O)C(C)(C)C)o1	8.520	7.199	1.321
4ie2	[NH3+][C@@](CCCO)(CCCCB(~[OH-])([OH2+])[OH2+])C(=O)[O-]	5.350	5.391	0.041
4h4d	C/C(=C\COP(=O)(O)OP(=O)(O)O)C[NH3+]	6.820	4.681	2.139
6bmv	O=C([O-])c1ccc(O)c(-c2nnc3n(Cc4ccccc4Cl)c(=O)c4ccccc4n23)c1	4.680	6.113	1.433
5jnn	CC(=C/C(=O)[O-])/C=C/[C@]1(O)[C@@]2(C)CO[C@]1(C)CC(=O)C2	5.350	5.369	0.019
3kdu	Cc1ccc(OC(=O)N(CC(=O)[O-])Cc2cccc(OCc3nc(-c4ccc(Cl)cc4)oc3C)c2)cc1	6.460	6.070	0.390
6fnt	O=C([O-])[C@H](Cc1cnc[nH]1)[NH+]1CCCC1	4.680	5.230	0.550
4j4n	CCc1ccccc1NC(=O)CSc1nc2cccnc2[nH]1	6.880	5.671	1.209
1swn	O=C([O-])CCCC[C@@H]1SC[C@@H]2NC(=O)N[C@H]12	12.000	8.192	3.808
6qz7	CCc1sc2ncnc(N[C@H](Cc3ccccc3)C(=O)[O-])c2c1-c1cccc2[nH]ccc12	6.490	6.916	0.426
6os5	[NH3+][C@@H](Cc1c[nH]c2ccccc12)C(=O)[O-]	5.360	4.497	0.863
6p12	CNC(=O)c1cccc(Nc2nc(N)n(C(=O)c3c(F)cccc3OC)n2)c1	5.950	7.516	1.566
2xo8	Oc1c(Cl)cc(Cl)cc1-c1[nH]c(Br)c(Br)c1Br	4.330	5.348	1.018
4uco	CC(C)(C)c1nc(-c2ccc[nH]2)c2cc(C(N)=O)c(N)nc2n1	7.000	5.523	1.477
3dkf	Cn1cc(-c2ccc3nnc(Sc4ccc5ncccc5c4)n3n2)cn1	8.570	6.706	1.864
4ycu	C[C@H]1CCC[C@H](C[C@H]2Cc3cc(O)cc(O)c3C(=O)O2)O1	5.480	5.770	0.290
5u6c	Cc1nn(CCO)c2c1-c1cnc(N)c(n1)O[C@H](C)c1c(ccc(F)c1Cl)C(=O)N(C)C2	10.300	8.576	1.724
3ho2	C=C1C[C@@]23C=CC(=O)C(C)(CCC(=O)NC4C(=O)CC=C(C(=O)[O-])C4=O)[C@H]2C[C@@H]1CC3	6.950	6.961	0.011
2ydf	CC[C@@H](Cc1c(I)cc(I)c(O)c1I)C(=O)[O-]	7.660	5.567	2.093
6pyr	Cc1ncc(-c2ccn3ncc(-c4ccc5c(c4)[C@](C)(Cc4ccccc4)C(=O)N5)c3n2)cn1	9.000	7.800	1.200
3doy	O=C(/N=N\Cc1cc(Br)c(O)c(Br)c1O)c1ccc(Cl)cc1	5.820	6.483	0.663
4njd	COc1nc(NCCc2c[nH]c3ccccc23)nc(Nc2ccc3n[nH]cc3c2)n1	4.840	6.697	1.857
3dkj	O=P(O)(O)OCC1OC(OP(=O)(O)OP(=O)(O)O)C(O)C1O	5.700	4.566	1.134
6pvy	COc1cccc(Oc2ccc3c(CC(=O)[O-])coc3c2)c1	3.190	4.947	1.757
1nok	OC[C@@H]1[C@@H](O)[C@H](O)[C@@H](O)c2nnnn21	3.150	4.938	1.788
2w0s	O=c1[nH]c(=O)n(C2CC(O)C(COP(=O)(O)O)O2)cc1CCBr	3.300	5.524	2.224
1h3b	C=CC[N@@H+](C)CCCCCCOc1ccc(-c2nsc3cc(Br)ccc23)cc1	6.850	7.147	0.297
6aa4	COc1c(O)cc2c(c1CCC(C)C)[C@@H](O)c1c(cc(O)c(CCC(C)C)c1O)O2	6.330	6.456	0.126
5l98	Cc1ncccc1N[C@@H](C)c1ccc2c(c1)OCCO2	3.310	5.335	2.025
5ncy	Cc1csc2cc([C@H](C)Nc3ncnc(N)c3C#N)c(-c3ccccc3)c(=O)n12	9.400	6.471	2.929
4cfx	Nc1nc(OCC2CCCCC2)c2[nH]c(-c3cccc(S(N)(=O)=O)c3)nc2n1	5.060	7.498	2.438
6a80	[NH3+][C@@H](CS)C(=O)[O-]	5.900	4.415	1.485
2qo1	O=C([O-])CCCCCCCCCCOC(=O)S	5.570	4.742	0.828
2y6c	O=C([O-])[C@H](Cc1c[nH]c2ccccc12)NS(=O)(=O)c1ccc(Cl)c(C(F)(F)F)c1	5.000	6.915	1.915
3mkn	Nc1ccc([C@@H]2[NH2+][C@H](CO)[C@@H](O)[C@H]2O)cc1N	4.120	6.684	2.564
5y0g	COc1ccc(S(=O)(=O)Nc2cc(C(=O)[O-])ccc2F)c2ccccc12	6.700	5.963	0.737
1vyq	O=c1ccn([C@H]2C[C@H](F)[C@@H](COC(c3ccccc3)(c3ccccc3)c3ccccc3)O2)c(=O)[nH]1	5.300	6.059	0.759
4waf	C[C@@H]1Cn2ncc(-c3ccc(S(=O)(=O)N(C)C)cc3)c2CN1c1ccnc2[nH]ccc12	5.000	7.609	2.609
6hkj	O=C([O-])CC[C@H](NC(=O)N[C@@H](CCCC(=O)Nc1ccc(F)nc1)C(=O)[O-])C(=O)[O-]	9.000	5.796	3.204
6f5m	CCCc1ccccc1NC(=O)[C@H](CC(C)C)NC(=O)c1ccc(C[C]2SC(=O)NC2O)cc1	6.300	6.403	0.103
1iup	CC(C)C(=O)[O-]	2.540	4.284	1.744
4re3	OC[C@@H]1[C@@H](O)[C@H](O)[C@@H](O)c2nccn21	8.570	5.328	3.242
2pjl	Cc1ccc(-n2cc(C[NH2+]CC3CCCCC3)c3ccccc32)cc1	6.720	5.851	0.869
5jc1	COc1cccc(CCCC(CC(=O)N(C)O)CP(=O)(O)O)c1	6.820	7.176	0.356
4obo	Nc1ncnc2ccc(-c3cccc(Cl)c3)cc12	7.110	5.764	1.346
4ks2	CCC(CC)O[C@@H]1C=C(C(=O)[O-])C[C@H](NC(N)=[NH2+])[C@H]1NC(C)=O	9.340	4.694	4.646
6cho	COc1ccc(Oc2cccc([C@@H](C)Nc3nc4[nH]c(C)cc(=O)n4n3)c2)cc1	6.780	6.242	0.538
4dds	O=C(Nc1cccc(-c2nn[nH]n2)c1)c1cccc(-c2ncccn2)c1	5.010	5.273	0.263
5ow8	NC(=O)c1cc2ccccc2n1-c1cccc(C(F)(F)F)c1	5.160	5.731	0.571
1b74	NC(=O)CC[C@@H]([NH3+])C(=O)[O-]	1.300	4.017	2.717
4x8g	CCn1c(-c2nc3cc(C(=O)N4CCC[C@@H]([NH3+])C4)cc(OC)c3n2C)cc2cccnc21	6.000	7.064	1.064
5i4o	CC(=O)N[C@@H]1[C@@H](O)[C@H](O)[C@@H](CO)O[C@H]1n1cc(CN([C@@H](C(=O)[O-])C(C)C)S(=O)(=O)c2ccc(-c3ccccc3)cc2)nn1	7.280	6.364	0.916
5ye9	CC(=O)Nc1ccc(S(=O)(=O)Nc2ccc(Oc3ccc4ccccc4c3)c(C#N)c2)cc1	6.450	6.200	0.250
4lk6	O=S(=O)([O-])c1ccccc1[C@H](c1ccc(O)c(Cl)c1)c1ccc(O[C@@H]2O[C@H](CO)[C@H](O)[C@H](O)[C@H]2O)c(Cl)c1	5.200	6.495	1.295
6n48	COc1ccc(Sc2ccc(S(=O)(=O)N(C)C(C)C)cc2C(=O)N[C@@H](CC(=O)NCC(=O)[O-])Cc2ccc(C(C)(C)C)cc2)cc1	5.920	8.479	2.559
3dnj	CC(C)C[C@H](NC(=O)[C@@H]([NH3+])Cc1ccc(O)cc1)C(=O)N[C@@H](C)C(=O)[O-]	6.820	5.486	1.334
5x33	CC(C)(c1ccc(O)cc1)c1ccc(OCc2cccc(COc3ccc(C(N)=[NH2+])cc3)c2)cc1	8.490	6.251	2.239
2eg7	O=C1NC(C(=O)[O-])=C[C@H](C(=O)[O-])N1	5.890	6.136	0.246
2nww	[NH3+][C@H](C(=O)[O-])[C@H](OCc1ccccc1)C(=O)[O-]	5.480	4.753	0.727
3wix	O=C([O-])c1ccc(-c2cccc3c(CCCOc4cccc5ccccc45)c(C(=O)[O-])nn23)cc1	6.270	7.310	1.040
5web	O=C(NCCS(=O)(=O)c1ccccc1)c1nc([C@@H]2CCCN2C(=O)CSc2ccccc2Cl)[nH]c(=O)c1O	8.000	7.638	0.362
6j8q	C[C@H](CS)C(=O)NCB([OH2+])[OH2+]	5.570	4.824	0.746
5hmy	O=C([O-])Cc1cc(CC(=O)[O-])cc(-c2ccc(C#CCO)s2)c1	6.300	5.296	1.004
6pf5	COc1ccc(CC(=O)[O-])c(NC(=O)c2ccc(Cc3c[nH]c4[nH]c(=[NH2+])[nH]c(=O)c34)cc2)c1	4.960	7.431	2.471
5jo0	Cc1cccc(CCCC(CC(=O)N(C)O)CP(=O)(O)O)c1	7.300	6.733	0.567
4whr	Oc1ccc(F)cc1O	4.120	4.396	0.276
4jnj	O=C([O-])CCCC[C@@H]1SC[C@@H]2NC(=O)N[C@H]12	9.070	8.249	0.821
4wmx	C=Cc1ccc(C(=O)[O-])c(NS(=O)(=O)c2ccccc2)c1	4.850	5.678	0.828
4k9g	CC(=O)C[C@@H]1CC(c2ccc(O)c(F)c2)=NO1	5.820	5.144	0.676
1biw	COCCN1CCCC[C@H](NC(=O)[C@H](CC(C)C)[C@H](CCCO)C(=O)NO)C1=O	6.980	6.856	0.124
2oz6	Nc1ncnc2c1ncn2C1OC2COP(=O)(O)OC2C1O	5.260	5.653	0.393
1evh	CC(=O)N[C@@H](Cc1ccccc1)C(=O)N1CCC[C@H]1C(=O)N1CCC[C@H]1C(=O)N1CCC[C@H]1C(=O)N1CCC[C@H]1C(=O)[O-]	3.220	5.360	2.140
2jsd	COc1ccc(S(=O)(=O)N(CC(=O)N=O)CC(C)C)cc1	7.770	6.808	0.962
3wk5	O=C(CC1CCCC1)Nc1nccs1	4.820	5.119	0.299
1ek2	CCCCCCCCCCNC(=O)NC1CCCCC1	8.200	6.327	1.873
2z4y	CCCCCCCCC(O)(P(=O)(O)O)P(=O)(O)O	6.150	5.623	0.527
4wke	O=C1NC(=O)[C@](CNC(=O)c2cc3cc(Cl)ccc3o2)(c2nccs2)N1	8.100	7.443	0.657
5tuy	COc1cc2nc(N3CCOCC3)nc(N[C@H]3CC[N@H+](C)CC3)c2cc1OC	6.350	6.341	0.009
4or0	COc1ccc2cc([C@H](C)C(=O)[O-])ccc2c1	7.460	5.419	2.041
6e3g	COc1ccc2c(n1)CCN(C(C)=O)[C@H]2C(=O)Nc1ccc(OCc2ccccc2OC)cc1	7.360	6.856	0.504
1oir	Cc1[nH]c2cccc[n+]2c1-c1ccnc(Nc2ccc(OC[C@@H](O)C[NH+](C)C)cc2)n1	7.490	7.119	0.371
3ik1	Cc1cccc2c1C(=O)N(c1ccc(C(=O)[O-])c(O)c1)C2=O	4.850	5.521	0.671
4qga	Cc1cn([C@H]2CCC[N@@H+](Cc3ccc(C(=O)[O-])c(Oc4cccc(Cl)c4)c3F)C2)c(=O)[nH]c1=O	7.920	9.060	1.140
3dp0	O=C(/N=N\Cc1cc(Br)c(O)c(Br)c1O)c1ccc2ccccc2c1	5.850	6.585	0.735
6oxy	CC(C)CN(C[C@@H](O)[C@H](Cc1ccccc1)NC(=O)O[C@H]1CO[C@H]2OCC[C@@H]12)S(=O)(=O)c1ccc([C@H](O)CO)cc1	9.550	10.568	1.018
5zjf	C[C@@H](Cc1ccc2c(c1)OCO2)[C@H](C)Cc1ccc2c(c1)OCO2	4.540	4.574	0.034
6ic0	Cn1ccc2ccc(-c3cc(Nc4cnccc4C(=O)Nc4cncnc4)cc4nccnc34)cc21	7.660	7.586	0.074
6f7c	COc1cc(C(=O)N/N=C/c2cccc3ccccc23)cc(OC)c1OC	5.900	6.349	0.449
4b7z	CC[NH+](CC)CCNS(=O)(=O)Cc1ccc(C)cc1	4.310	5.298	0.988
1x70	[NH3+][C@@H](CC(=O)N1CCn2c(nnc2C(F)(F)F)C1)Cc1cc(F)c(F)cc1F	7.740	7.190	0.550
3kad	O=C(CCc1ccccc1)N[C@H](Cc1nc2ccccc2[nH]1)C(=O)[O-]	5.120	5.952	0.832
6mod	COC1([C@H](NC(=O)c2ccc(C#CC#CCCO)cc2)C(=O)NO)CS(=O)(=O)C1	9.150	6.979	2.171
3drp	N#Cc1cc(Cl)cc(Oc2cc(OCc3[nH]nc4nc(N)ccc34)ccc2Cl)c1	9.700	8.085	1.615
5f27	C[NH2+]Cc1ccc(N2CCCCC2)cc1	4.000	5.451	1.451
5nge	O=C(C[C@@H](C(F)F)n1ccc(F)n1)N1CCC(O)(Cn2cnc3c(cnn3-c3ccc(F)cc3)c2=O)CC1	7.190	7.598	0.408
5t4b	CC#CCn1c(N2CCC[C@@H]([NH3+])C2)nc2c1c(=O)n(Cc1nc(C)c3ccccc3n1)c1nccn21	9.380	8.377	1.003
2ay4	Cc1ccc(CCC(=O)[O-])cc1	2.910	4.174	1.264
4ohp	CC#C[C@H]1CN(S(=O)(=O)c2ccc(N)nc2)CCN1c1ccc(S(=O)(=O)NC)cc1	7.460	7.126	0.334
5w73	O=C(NCCOc1ccccc1)c1nc([C@@H]2CCCN2C(=O)COc2ccccc2Cl)[nH]c(=O)c1O	6.300	6.967	0.667
4yih	O=c1[nH]c(=O)n(C2CC3OC(c4ccccc4)(P(=O)(O)O)OCC3O2)cc1/C=C/P(=O)(O)O	4.660	6.427	1.767
6nzh	CNC(=O)c1cnc(NC(=O)C2CC2)cc1Nc1ccccc1S(C)(=O)=O	8.800	6.010	2.790
4zyz	[NH2+]=c1[nH]c(=O)c2cc(CCCCCCC(=O)N[C@@H](CCC(=O)[O-])C(=O)[O-])[nH]c2[nH]1	7.170	6.391	0.779
2hds	CS(=O)(=O)Nc1ccc(C(=O)[O-])cc1	2.000	5.073	3.073
1hgj	CO[C@]1(C(=O)[O-])C[C@H](O)[C@@H](NC(C)=O)[C@H]([C@H](O)[C@H](O)C[NH3+])O1	1.660	5.326	3.666
4o44	Cc1cc(C)c(Nc2nc(Nc3ccc(C#N)cc3)nc(OCCC[NH+]3CCOCC3)n2)c(C)c1	7.850	7.079	0.771
4p7m	Cc1cc(Oc2cccc(O)c2)cc(-c2ccccc2)n1	7.410	5.848	1.562
5aic	Cc1ccc2c(c1)SCC(=O)N2	4.300	4.201	0.099
2hr6	O=c1ccn(C2CC(O)C(COP(=O)(O)OP(=O)(O)O)O2)c(=O)[nH]1	4.820	5.136	0.316
5di1	CS(=O)(=O)c1ccc(-c2cc(-c3ccc(O)cc3)cnc2N)cc1	7.680	6.322	1.358
6dnp	Cc1ccc(F)c(C(=O)C[C@H](O)C(=O)[O-])c1F	5.180	4.873	0.307
5j5t	Nc1ncc(-c2cnc(C3CC[NH2+]CC3)s2)cc1OCc1ccncc1	6.960	6.619	0.341
3lkh	CCCCN(C)C(=O)c1c(F)cccc1OCC(=O)N[C@H](CO)Cc1ccccc1	6.100	6.793	0.693
4nyi	Cc1ccc2[nH]cc(C[N@H+]3CC[C@@H](NC(=O)[C@@H]([NH3+])Cc4c[nH]c5ccccc45)CC3)c2c1	3.060	6.183	3.123
4cft	Nc1ccc2ccc(CC[NH2+]CCc3cccc(F)c3)cc2n1	4.950	6.654	1.704
6c0n	Cc1cc(/C=C/C#N)cc(C)c1Oc1nc(N[C@H]2CC[N@H+](Cc3ccc(S(N)(=O)=O)cc3)CC2)nc2ccsc12	8.370	7.643	0.727
5hk2	O=C(N[C@H]1CC[N@H+](Cc2ccccc2)CC1)c1ccc(I)cc1	8.590	7.282	1.308
5aip	O=C([O-])Cc1ccc(O)cc1	2.820	4.352	1.532
5etm	[NH2+]=c1[nH]c(=O)c2[nH]c(SCc3ccc(F)cc3)nc2[nH]1	5.410	5.473	0.063
4uwl	CC(C)C(=O)CN1C2=[N+]=C(N3CCOC[C@H]3C)CC(=O)N2CC[C@H]1C(F)(F)F	8.570	7.685	0.885
6cbh	O=C([O-])c1cc(-c2cn[nH]c2F)ccc1Oc1ccc2ccccc2c1	6.290	6.578	0.288
5try	COC[C@H](NC(=O)[C@H](CC(=O)N1CCCCC1)NC(=O)CCc1ccccc1)C(=O)NCc1cccc2ccccc12	7.800	6.890	0.910
3dz5	Cc1nc2c(N)ncnc2n1[C@@H]1O[C@H](C[N@@H+](C)CCO[NH3+])[C@@H](O)[C@H]1O	8.150	6.338	1.812
2oc4	O=c1[nH]cnc2c([C@@H]3[NH2+][C@H](CO)[C@@H](O)[C@H]3O)c[nH]c12	7.070	7.560	0.490
1ysg	O=C([O-])c1ccc(-c2ccc(F)cc2)cc1	3.520	4.788	1.268
6c42	C[C@H]1c2ccc(O)cc2O[C@@H](c2ccc(OCC[NH+]3CCCC3)cc2)[C@@H]1c1ccc(O)cc1	8.210	6.976	1.234
5i4v	CC(C)[C@@H]1CN(c2ccc(CO)c(S(C)(=O)=O)c2)CCN1c1ncc(CO)c(C(F)(F)F)n1	8.520	7.389	1.131
2onb	O=P(O)(O)CCCP(=O)(O)O	5.570	5.032	0.538
4mw4	O=C(NCCC[NH2+]Cc1cc(Cl)cc(I)c1O)Nc1ccsc1	6.500	6.721	0.221
6ccm	Cc1cc(=O)n2nc(NCc3cccc(Br)c3)nc2[nH]1	5.250	6.774	1.524
4nym	[NH3+][C@@H](Cc1c[nH]c2ccccc12)C(=O)N[C@H]1CC[N@@H+](Cc2c[nH]c3ccccc23)CC1	3.550	6.352	2.802
5y7j	CC(C)(C)OC[C@H]1C(=O)NCCN1C(=O)C[C@H]([NH3+])Cc1cc(F)c(F)cc1F	7.290	6.966	0.324
2e9a	O=P(O)(O)C(O)(Cc1cccc(-c2ccc(-c3ccccc3)cc2)c1)P(=O)(O)O	6.040	5.932	0.108
3ddu	O=C([C@@H]1CCC2C(Cl)=NC(OCc3ccc(F)cc3)C(=O)N21)N1CCCC1	7.400	6.905	0.495
3hjo	C=C(CC)C(=O)c1ccc(OCC(=O)[O-])c(Cl)c1Cl	6.520	5.372	1.148
5jan	CC(C)COc1cc(=O)n(C)c(=O)n1C	3.010	6.187	3.177
6kdz	Cc1cc(C)n2nc(CCc3cc(=O)n4[nH]c5ncccc5c4n3)nc2n1	8.540	6.373	2.167
5l2i	CC(=O)c1c(C)c2cnc(Nc3ccc(N4CC[NH2+]CC4)cn3)nc2n(C2CCCC2)c1=O	7.400	8.342	0.942
4s3e	C#CCOP(=O)(O)OP(=O)(O)O	6.110	5.230	0.880
6plg	Cn1c(C(=O)NC2(c3ccc([C@H](C(=O)[O-])c4cccnc4)cc3)COC2)cc2c(Cl)c(Cl)ccc21	7.820	7.283	0.537
5zo9	COc1ccc(C(SC[C@H]([NH3+])C(=O)[O-])(c2ccccc2)c2ccccc2)cc1	8.200	5.710	2.490
2y6d	O=CN(O)[C@@H](CCCc1ncccn1)CS(=O)(=O)N1CCN(c2ccc(Br)cn2)CC1	7.100	7.293	0.193
5tcc	O=C(Nc1cccc(Br)n1)[C@@H]1SCCN1C(=O)Cn1ncc2ccccc21	5.660	6.389	0.729
6bo6	CNc1ccc2c(n1)sc1c(N3CC[NH+]([C@@H]4O[C@H](C(=O)[O-])[C@@H](O)[C@H](O)[C@H]4O)CC3)nc(NC)nc12	7.100	5.677	1.423
3wqm	O=P(O)(O)C(O)(Cc1cccc(-c2cccc3c2oc2ccccc23)c1)P(=O)(O)O	6.250	6.533	0.283
5vsb	O=C(CCc1ccccc1)N1CCC(O)(Cn2cnc3cc(Cl)ccc3c2=O)CC1	5.120	6.643	1.523
6aao	[NH3+][C@@H](CCCCNC(=O)OC1CCCCCCC1)C(=O)[O-]	2.110	5.476	3.366
5zty	Cc1c(C(=O)N[C@]23C[C@H]4C[C@H](C[C@H](C4)C2)C3)nn(CCCCCO)c1-c1ccccc1	10.120	7.029	3.091
2yof	Cc1cn([C@H]2C[C@H](O)[C@@H](CNC(=S)Nc3ccc(Cl)c(C(F)(F)F)c3)O2)c(=O)[nH]c1=O	4.600	5.806	1.206
3ess	O=C1NC(=O)c2cccc3cccc1c23	6.390	5.325	1.065
5o9h	CCCCn1c(-c2ccccc2)nc(-c2ccccc2)c1C[NH+](Cc1ccc2c(c1)OCO2)Cc1ccc2c(c1)OCO2	6.620	7.684	1.064
5etq	N#Cc1ccc(CSc2nc3c(=O)[nH]c(N)nc3[nH]2)cc1	6.480	5.697	0.783
6ocw	Cc1cc(C(=O)N[C@@H](CC(=O)N2CCCC[C@@H]2C)C(=O)N[C@@H](C)C(=O)NCc2ccc(F)cc2F)no1	8.150	6.074	2.076
6pya	c1ccc(-c2[nH]c3ccccc3c2Cn2ccnc2)cc1	6.820	6.027	0.793
5lz9	CC1([C@@H]2CC(=O)N(CCOc3ccc(F)c(C#N)c3)C2)CCS(=O)(=O)CC1	6.920	6.930	0.010
4k2y	O=C1Cc2ccc(Cl)cc2N1	3.330	5.026	1.696
5w2p	CCCCS(=O)(=O)Nc1ccc2cnn(C)c2c1	6.880	6.357	0.523
4re9	O=C(C[C@@H](Cc1ccc2ccccc2c1)n1nncc1CNC(=O)c1ccc(F)cc1)NO	4.920	6.458	1.538
1hgi	CO[C@]1(C(=O)[O-])C[C@H](OC(C)=O)[C@@H](NC(C)=O)[C@H]([C@H](O)[C@H](O)CO)O1	2.680	5.722	3.042
6cvy	C=C[C@@H]1C[C@]1(NC(=O)[C@@H]1C[C@@H](Oc2nc3cc(OC)ccc3nc2Cl)CN1C(=O)[C@@H](NC(=O)OC1CCCC1)C(C)(C)C)C(=O)NS(=O)(=O)C1(C)CC1	8.410	7.814	0.596
6g91	Clc1cnc(NC2CCOCC2)nc1	5.490	5.192	0.298
4nq6	O=C([O-])[C@H]1CS[C@@H]2CS[C@@H](CS)[N@H+]12	4.280	5.474	1.194
6fam	[NH3+][C@@H]1C[NH2+][C@H](CO)[C@@H](O)[C@@H]1O[C@H]1O[C@H](CO)[C@@H](O)[C@H](O)[C@@H]1O	4.010	5.378	1.368
4wri	C=C1[C@@H]([C@@H](O)C[C@H](C)[C@H]2O[C@@]3(CCCCO3)CC[C@H]2C)O[C@@H]2CC[C@@]3(CC[C@H](/C=C/[C@@H](C)[C@@H]4CC(C)=C[C@@]5(O[C@H](C[C@@](C)(O)C(=O)[O-])CC[C@H]5O)O4)O3)O[C@H]2[C@@H]1O	9.010	9.624	0.614
6nzq	CNC(=O)c1cnc(Nc2cc(C)c(F)cn2)cc1Nc1cccc(C(=O)NCc2ccccn2)c1OC	9.520	7.099	2.421
5cuq	Cc1cc(N)c2cc(NC(=O)Nc3ccc4nc(C)cc(N)c4c3)ccc2n1	5.920	6.572	0.652
4y2j	Cn1ccc(C[NH2+]CCc2ccccc2)n1	3.100	5.530	2.430
4lbp	O=C1C=C(O)C(=O)C=C1O	4.940	3.865	1.075
1ocn	OC[C@H]1O[C@@H](O[C@H]2[C@H](O)C[NH2+]C[C@@H]2CO)[C@H](O)[C@@H](O)[C@@H]1O	6.390	5.512	0.878
4jze	COc1ccc(-c2ccc(C(=O)N[C@H](CO)C(C)(C)C)cc2C(=O)[O-])c(C(=O)Nc2ccc3c(N)nccc3c2)n1	8.150	6.950	1.200
2c4f	CC(C)CNC(=O)c1ccc(Oc2nc(Oc3cccc(C(N)=[NH2+])c3)c(F)c(N(C(C)C)C(C)C)c2F)c(C(=O)[O-])c1	7.700	7.482	0.218
6cms	CC1([NH3+])CCN(c2cnc(-c3cccc(Cl)c3Cl)c(N)n2)CC1	5.820	6.221	0.401
5knt	O=c1[nH]cnc2c1ncn2CC[NH+](CCP(=O)(O)O)CC(O)CO	4.430	6.430	2.000
2pgj	O=c1c2ncn3c2ncn1C1OC(COP(=O)(O)OP(=O)(O)OCC2=C(O)C(O)C3O2)C(O)C1O	3.590	5.700	2.110
2gm1	Cc1ccc(C(=O)N(CCC[NH3+])[C@@H](c2nn3ccc(Cl)c3c(=O)n2Cc2ccccc2)C2CC2)cc1	7.000	7.874	0.874
3kbz	Nc1nc2c(s1)Cc1cccc(OCP(=O)(O)O)c1-2	6.910	6.068	0.842
5ni0	CC(=O)SCC(CCCCc1ccccc1)P(=O)(O)O	5.740	6.153	0.413
3jzc	O=C([O-])Cc1cc(I)c(Oc2ccc(O)c(I)c2)c(I)c1	8.530	6.828	1.702
3feg	C[N+](C)(CCOP(=O)(O)O)CC(=O)c1ccc(-c2ccc(C3(O)C[N+](C)(C)CCO3)cc2)cc1	4.350	7.638	3.288
